,restraunt_id,Market Segment,Price Group,Room Type,latitude,longitude,auth_conversion_rate,auth_orders,avg_product_count,conversion_rate,open_auth_count,orders,revenue,sessions,system_identification_only_showed,tap_email_count,tap_sms_count
0,74020442,Moscow,0,3,55.7245371,37.625444019985025,0.010001062294272252,10.631578947368421,3.0638766307834424,0.762990692746153,0.0,815.1447368421053,386807.2236842105,1067.407894736842,0.0,0.0,0.0
1,74020449,Izhevsk,0,3,56.866557,53.2094166,0.005469048213816643,2.901639344262295,3.2310352904460995,0.667476758288838,1.180327868852459,375.8360655737705,169626.0163934426,564.9180327868852,7.688524590163935,0.18032786885245902,4.672131147540983
2,74020450,Saint Petersburg,4,0,59.9606739,30.1586551,0.009411126600443952,2.513157894736842,2.8477858119323085,0.7138535208733191,0.0,192.53947368421052,81628.98666666666,269.5263157894737,0.0,0.0,0.0
3,74020451,Saint Petersburg,4,1,59.9606739,30.1586551,0.014384972075070857,7.7894736842105265,3.0233945460267058,0.7139562882331825,0.0,391.0263157894737,171707.47368421053,549.328947368421,0.0,0.0,0.0
4,74020454,Barnaul,0,3,53.3475493,83.7788448,0.007640024966746703,2.5,3.3257688105286034,0.7691143279341471,0.0,265.6842105263158,143354.6052631579,342.9736842105263,0.0,0.0,0.0
5,74020460,Moscow,0,4,55.7245371,37.625444019985025,0.014114253836807733,1.5657894736842106,4.045388312033102,0.771921874551854,0.0,83.82894736842105,48153.77631578947,108.26315789473684,0.0,0.0,0.0
6,74020461,Nizhny Novgorod,4,3,56.3264816,44.0051395,0.012177307613442401,5.171052631578948,2.6912644996545776,0.7755439747201079,0.0,333.9868421052632,118701.51315789473,431.61842105263156,0.0,0.0,0.0
7,74020468,Ufa,0,3,54.7261409,55.947499,0.017185904048275163,6.355263157894737,2.986042219253636,0.7390453489462998,0.0,274.2763157894737,119203.52631578948,369.9736842105263,0.0,0.0,0.0
8,74020469,Ufa,0,3,54.7261409,55.947499,0.009446269473969019,4.434210526315789,3.6796523603801363,0.6918793592723215,0.0,325.6578947368421,172784.5,473.0394736842105,0.0,0.0,0.0
9,74020474,Saint Petersburg,4,0,59.9606739,30.1586551,0.012267209589837144,4.802631578947368,2.9101404468403076,0.7013092218019724,0.0,282.0921052631579,120978.97368421052,401.4605263157895,0.0,0.0,0.0
10,74020477,Moscow,5,3,55.7245371,37.625444019985025,0.006839193837310592,12.039473684210526,2.849600936169003,0.6948730533877603,0.0,1231.2105263157894,547820.3157894737,1772.2236842105262,0.0,0.0,0.0
11,74020481,Rostov-na-Donu,4,3,47.2216548,39.7096061,0.011621855582318305,1.605263157894737,4.105819604654156,0.7775247121849265,0.0,104.9342105263158,65479.93421052631,134.1315789473684,0.0,0.0,0.0
12,74020478,Saint Petersburg,4,2,59.9606739,30.1586551,0.010620178063403797,4.25,3.6315345365540104,0.7151435132276651,0.0,288.2631578947368,149631.47368421053,404.17105263157896,0.0,0.0,0.0
13,74020471,Korolyov,0,2,55.9133755,37.84640767607998,0.020858718149668155,4.302631578947368,3.8819825997870216,0.732912477457074,0.0,150.6315789473684,86912.19736842105,206.6184210526316,0.0,0.0,0.0
14,74020494,Naberejnye Tchelny,0,3,55.7419774,52.399207,0.0010599513878289855,0.868421052631579,3.2782260893119832,0.18268527634423049,0.0,125.46052631578948,63189.22368421053,831.8157894736842,0.0,0.0,0.0
15,74020498,Penza,0,3,53.1937836,45.006741250609664,0.006901002607025131,3.236842105263158,3.0190274744874266,0.692834385569833,0.0,343.32894736842104,142768.72368421053,494.0394736842105,0.0,0.0,0.0
16,74020470,Penza,0,3,53.1937836,45.006741250609664,0.010373096574776784,3.5,2.93624672699887,0.6568987460071534,0.0,237.51388888888889,104429.98550724638,340.97222222222223,0.0,0.0,0.0
17,74020503,Ufa,0,3,54.7261409,55.947499,0.011530370538214573,3.960526315789474,3.0753683544858355,0.6829726768010179,0.0,249.22368421052633,106029.52631578948,364.1842105263158,0.0,0.0,0.0
18,74020504,Sterlitamak,0,3,53.632374,55.952259,0.012887986247419303,5.368421052631579,3.4589862757363363,0.6977640454356058,0.0,291.9342105263158,149217.11842105264,418.2631578947368,0.0,0.0,0.0
19,74020505,Barnaul,0,3,53.3475493,83.7788448,0.009145402442313433,3.3421052631578947,3.2437770116510136,0.8069493617469637,0.0,311.0263157894737,156315.98684210525,384.19736842105266,0.0,0.0,0.0
20,74020511,Rostov-na-Donu,4,3,47.2216548,39.7096061,0.024043604741379298,7.935483870967742,4.0670775713004375,0.6713514792309416,0.0,223.51612903225808,134352.0357142857,289.83870967741933,0.0,0.0,0.0
21,74020520,Chelyabinsk,9,0,55.1598408,61.4025547,0.00669174761831288,3.1315789473684212,3.5343724702785027,0.6101179053935846,0.0,298.2894736842105,164596.6447368421,487.7894736842105,0.0,0.0,0.0
22,74020521,Saint Petersburg,4,3,59.9606739,30.1586551,0.017816243671445364,6.7368421052631575,2.8087697504652183,0.7912342418786071,0.0,302.0657894736842,121166.25,379.3157894736842,0.0,0.0,0.0
23,74020522,Saint Petersburg,4,4,59.9606739,30.1586551,0.011709191529879304,3.066666666666667,3.5537824459958927,0.7869495353699191,0.0,208.78666666666666,110451.08108108108,263.0,0.0,0.0,0.0
24,74020523,Saint Petersburg,4,0,59.9606739,30.1586551,0.013416390648188057,4.839285714285714,3.022097241842387,0.7244212186661672,0.0,263.89285714285717,115501.69642857143,363.51785714285717,0.0,0.0,0.0
25,74020524,Saint Petersburg,4,2,59.9606739,30.1586551,0.015441234540014814,10.0,3.1409814860440193,0.7758174613762948,0.0,500.86842105263156,223029.15789473685,647.2631578947369,0.0,0.0,0.0
26,74020541,Nizhny Novgorod,4,0,56.3264816,44.0051395,0.008183855985378442,1.6973684210526316,3.0490576857126057,0.7323376261298847,0.0,150.0,61451.38157894737,205.53947368421052,0.0,0.0,0.0
27,74020542,Gatchina,4,3,59.5706273,30.1305083,0.008686803714379883,2.588235294117647,3.4060286374547424,0.7946501231662131,0.0,236.83823529411765,120165.86764705883,296.77941176470586,0.0,0.0,0.0
28,74020543,Saint Petersburg,4,0,59.9606739,30.1586551,0.008241823804748671,3.4473684210526314,3.292400328219932,0.7180358225239293,0.0,302.94736842105266,160764.94736842104,416.11842105263156,0.0,0.0,0.0
29,74020551,Orenburg,4,3,51.7671248,55.0978517,0.01146865582487106,3.6973684210526314,3.437607415365703,0.7216030555662464,0.0,236.28947368421052,115648.22368421052,328.9736842105263,0.0,0.0,0.0
30,74020555,Ufa,0,3,54.7261409,55.947499,0.010065310168821947,4.434210526315789,3.4751483974022452,0.7259400064241192,0.0,335.3157894736842,172764.01315789475,462.55263157894734,0.0,0.0,0.0
31,74020558,Kaluga,0,3,-2.4534465,17.8588846,0.011034683627334134,4.802631578947368,3.1979613022239413,0.5791712225196625,0.0,255.39473684210526,113132.8552631579,447.2236842105263,0.0,0.0,0.0
32,74020566,Moscow,0,0,55.7245371,37.625444019985025,0.01225148927742418,2.8289473684210527,2.7418982957928,0.790743336939015,0.0,184.0,71848.81578947368,231.96052631578948,0.0,0.0,0.0
33,74020575,Rostov-na-Donu,4,3,47.2216548,39.7096061,0.016991202470941054,4.828947368421052,4.042099258287354,0.7629006133157482,0.0,234.46052631578948,148686.6,308.5,0.0,0.0,0.0
34,74020582,Kirov,0,3,58.6035661,49.6666241,0.012275353194424793,3.5789473684210527,3.0163794614494495,0.7082565822852328,0.0,213.71052631578948,89601.8947368421,303.57894736842104,0.0,0.0,0.0
35,74020581,Izhevsk,0,3,56.866557,53.2094166,0.006044374250112309,1.368421052631579,3.196259287858762,0.7279351902149834,0.0,169.06578947368422,75985.68421052632,234.42105263157896,0.0,0.0,0.0
36,74020588,Moscow,0,3,55.7245371,37.625444019985025,0.009864776325487596,11.526315789473685,2.5846360431527287,0.828732919989572,0.0,988.4078947368421,383995.2631578947,1188.4473684210527,0.0,0.0,0.0
37,74020592,Moscow,0,3,55.7245371,37.625444019985025,0.011978714063746839,7.7105263157894735,3.0921452623583425,0.75068836432658,0.0,484.89473684210526,212344.44736842104,646.3157894736842,0.0,0.0,0.0
38,74020591,Belgorod,4,3,50.5955595,36.5873394,0.014345629262921936,4.7631578947368425,3.31346924375808,0.7183338634386149,0.0,235.5,116406.36842105263,331.0921052631579,0.0,0.0,0.0
39,74020593,Magnitogorsk,0,3,53.42568665,59.050732193093054,0.009297774591710788,2.723684210526316,3.520932474236858,0.7279687129809084,0.0,225.01315789473685,119036.22368421052,308.39473684210526,0.0,0.0,0.0
40,74020611,Moscow,0,0,55.7245371,37.625444019985025,0.009527586694009053,4.0394736842105265,3.346876305736185,0.8692361457712735,0.0,373.0921052631579,191871.40789473685,428.60526315789474,0.0,0.0,0.0
41,74020605,Kazan,9,3,55.7823547,49.1242266,0.015342214344510757,5.907894736842105,2.926627478501422,0.8286283163436942,0.0,321.42105263157896,149369.92105263157,387.05263157894734,0.0,0.0,0.0
42,74020606,Saint Petersburg,4,3,59.9606739,30.1586551,0.013719430673511595,5.302631578947368,2.995827497058078,0.8285990826239167,0.0,328.7631578947368,147487.94736842104,397.14473684210526,0.0,0.0,0.0
43,74020616,Velikiy Novgorod,9,3,58.5209862,31.2757862,0.010082914552208421,2.6973684210526314,3.4719468548473564,0.8309367882465194,0.0,222.77631578947367,113449.96052631579,267.42105263157896,0.0,0.0,0.0
44,74020619,Saint Petersburg,4,0,59.9606739,30.1586551,0.012037493988592897,7.881578947368421,3.1480652773691102,0.723748965955437,0.0,455.9868421052632,201417.22368421053,625.3421052631579,0.0,0.0,0.0
45,74020618,Saint Petersburg,4,0,59.9606739,30.1586551,0.012743639459472753,3.276315789473684,3.058866518728036,0.77704555250613,0.0,212.68421052631578,96948.94736842105,269.5,0.0,0.0,0.0
47,74020615,Saint Petersburg,4,4,59.9606739,30.1586551,0.014617916539043216,7.0,3.028891137026058,0.7542552991216316,0.0,363.5131578947368,155784.59210526315,482.4078947368421,0.0,0.0,0.0
48,74020621,Belgorod,4,0,50.5955595,36.5873394,0.01016190315381844,3.8421052631578947,3.7110839966079077,0.7458470214300373,0.0,281.1578947368421,153281.36842105264,369.75,0.0,0.0,0.0
49,74020624,Saratov,0,2,51.530018,46.034683,0.016511909921751767,7.0131578947368425,3.522113722621292,0.7325910955442417,0.0,312.0394736842105,160194.41333333333,421.2236842105263,0.0,0.0,0.0
50,74020644,Vologda,4,4,60.0391461,43.1215213,0.013611932791598431,3.857142857142857,3.672827193905198,0.6467852050101005,0.0,177.6,106792.78125,243.71428571428572,0.0,0.0,0.0
51,74020646,Sosnovy Bor,9,3,59.8968655,29.0765628,0.006985578227841392,1.6973684210526316,3.0574983081719354,0.7827896378786925,0.0,190.94736842105263,87247.92105263157,243.19736842105263,0.0,0.0,0.0
52,74020647,Saint Petersburg,4,0,59.9606739,30.1586551,0.014107351194185524,2.8947368421052633,2.8007650488188003,0.7740343539705984,0.0,160.8684210526316,63496.90789473684,207.0,0.0,0.0,0.0
53,74020648,Saint Petersburg,4,0,59.9606739,30.1586551,0.010756185472849938,4.657894736842105,2.8211509829798813,0.7749587029128373,0.0,345.5,144773.27631578947,443.9605263157895,0.0,0.0,0.0
54,74020634,Petrozavodsk,5,0,61.7900426,34.390007,0.0041369697798061865,0.6842105263157895,3.3104174321579714,0.8309217889436887,0.0,149.9078947368421,80355.51315789473,177.44736842105263,0.0,0.0,0.0
55,74020651,Nizhny Novgorod,4,0,56.3264816,44.0051395,0.007581330267720398,1.6575342465753424,3.2341734833861513,0.76323086355656,0.0,178.0958904109589,79356.86301369863,232.0,0.0,0.0,0.0
56,74020642,Izhevsk,0,3,56.866557,53.2094166,0.006806683993512675,3.210526315789474,2.795694651330753,0.7475955197186321,0.0,365.2105263157895,134572.84210526315,488.5263157894737,0.0,0.0,0.0
57,74020657,Stupino,0,0,54.886598,38.0772589,0.010123561349576671,3.0921052631578947,3.3112823077410187,0.7407496727406144,0.0,237.6184210526316,109030.66216216216,310.5263157894737,0.0,0.0,0.0
58,74020675,Moscow,0,0,55.7245371,37.625444019985025,0.008613364756571028,3.88,3.382681909005364,0.8659267065746925,0.0,390.2133333333333,190101.97333333333,449.08,0.0,0.0,0.0
59,74020676,Moscow,4,0,55.7245371,37.625444019985025,0.014228527960538242,3.1315789473684212,3.150074821433695,0.8004187649866807,0.0,175.44736842105263,82175.71052631579,218.8684210526316,0.0,0.0,0.0
60,74020677,Moscow,4,0,55.7245371,37.625444019985025,0.011890720781392297,6.1066666666666665,3.623784264235062,0.738262878549834,0.0,399.0,207738.8,538.3733333333333,0.0,0.0,0.0
61,74020678,Moscow,0,3,55.7245371,37.625444019985025,0.014846361862664342,4.342105263157895,3.0828855195907647,0.8080624276519316,0.0,242.22368421052633,109894.97368421052,299.6842105263158,0.0,0.0,0.0
62,74020660,Moscow,0,0,55.7245371,37.625444019985025,0.014022140779891903,1.8157894736842106,3.172015410679147,0.7297667113695736,0.11842105263157894,93.5657894736842,44352.18421052631,129.85526315789474,0.881578947368421,0.05263157894736842,0.40789473684210525
63,74020655,Moscow,4,3,55.7245371,37.625444019985025,0.01484650643168275,5.605263157894737,2.733480212202442,0.7645703772291332,0.0,292.7236842105263,113264.23684210527,381.2105263157895,0.0,0.0,0.0
64,74020652,Chelyabinsk,9,3,55.1598408,61.4025547,0.011943266664049823,4.131578947368421,3.172310864634149,0.6941988894701446,0.0,246.98684210526315,121762.31578947368,356.5394736842105,0.0,0.0,0.0
65,74020653,Chelyabinsk,9,0,55.1598408,61.4025547,0.00845637800716912,1.894736842105263,3.0411443563870186,0.6290482069754798,0.0,147.28947368421052,72594.3552631579,233.1184210526316,0.0,0.0,0.0
66,74020658,Kemerovo,0,4,55.3550907,86.0871213,0.012120561019620665,4.776315789473684,3.6085200894413787,0.7363109338598476,0.0,303.5657894736842,182792.97368421053,412.17105263157896,0.0,0.0,0.0
67,74020654,Barnaul,0,0,53.3475493,83.7788448,0.0075891546853437105,0.8266666666666667,3.599488728461439,0.7908640685583933,0.0,99.93333333333334,60048.653333333335,122.37333333333333,0.0,0.0,0.0
68,74020661,Zelenodolsk,9,3,55.8477605,48.5097031,0.011068136473834046,3.3066666666666666,3.327050748070015,0.7681530230224825,0.0,233.48,122245.97333333333,303.24,0.0,0.0,0.0
69,74020662,Petrozavodsk,5,4,61.7900426,34.390007,0.01051210791777737,2.8289473684210527,2.924077940181475,0.8010674559418065,0.0,224.17105263157896,102571.32894736843,279.13157894736844,0.0,0.0,0.0
70,74020663,Saint Petersburg,4,3,59.9606739,30.1586551,0.012973630605900462,3.276315789473684,3.4030803663964586,0.7682283414561508,0.0,191.8421052631579,92624.59210526316,247.0921052631579,0.0,0.0,0.0
71,74020664,Velikiy Novgorod,9,2,58.5209862,31.2757862,0.012288416094358321,2.3835616438356166,3.649336111427,0.7882411381626664,0.0,155.76712328767124,82875.67123287672,197.0958904109589,0.0,0.0,0.0
72,74020665,Saint Petersburg,4,2,59.9606739,30.1586551,0.007494641892678327,0.7236842105263158,3.1636285835210765,0.7359550742691435,0.0,72.5,37253.14473684211,98.09210526315789,0.0,0.0,0.0
73,74020666,Saint Petersburg,4,2,59.9606739,30.1586551,0.007549619818739198,1.1973684210526316,3.049590001759135,0.6878375741160927,0.0,112.28947368421052,52314.88157894737,163.48684210526315,0.0,0.0,0.0
74,74020667,Petrozavodsk,5,4,61.7900426,34.390007,0.009128870061257663,1.7894736842105263,3.6801759430415375,0.8139238089519283,0.0,167.02631578947367,106478.63157894737,204.56578947368422,0.0,0.0,0.0
75,74020668,Pskov,4,2,57.8173923,28.3343465,0.004791128289488543,0.9473684210526315,3.8445532510193594,0.7648408767093908,0.0,147.81578947368422,83991.69736842105,193.60526315789474,0.0,0.0,0.0
76,74020669,Nizhny Novgorod,4,0,56.3264816,44.0051395,0.009272990003222632,2.3947368421052633,3.379243839371378,0.6814212992720602,0.0,175.77631578947367,88547.28947368421,256.57894736842104,0.0,0.0,0.0
77,74020670,Moscow,4,4,55.7245371,37.625444019985025,0.01282039681628931,3.1710526315789473,3.510957722333839,0.7610628560935885,0.0,194.51315789473685,96717.93421052632,255.72368421052633,0.0,0.0,0.0
78,74020671,Rostov-na-Donu,4,3,47.2216548,39.7096061,0.010026138308113674,2.763157894736842,3.319892348263508,0.6832835534175389,0.0,189.9078947368421,94716.38157894737,288.55263157894734,0.0,0.0,0.0
79,74020672,Cherkessk,4,3,44.22538305,42.06819662981461,0.014293243866657796,5.506666666666667,5.109568343176588,0.6902286040807426,0.0,267.36,198823.12,388.62666666666667,0.0,0.0,0.0
80,74020682,Moscow,0,0,55.7245371,37.625444019985025,0.01257597066606169,9.93421052631579,3.590024715626767,0.8283284775380835,0.0,670.4078947368421,343299.4868421053,801.4736842105264,0.0,0.0,0.0
81,74020681,Moscow,0,0,55.7245371,37.625444019985025,0.013763844001106178,5.75,2.9291532669217326,0.7589840417789582,0.0,330.7236842105263,149638.27631578947,430.57894736842104,0.0,0.0,0.0
82,74020684,Kaluga,0,0,-2.4534465,17.8588846,0.009210307231599034,2.276315789473684,3.4774058378818617,0.7032423756732262,0.0,171.8421052631579,90500.13157894737,241.48684210526315,0.0,0.0,0.0
83,74020693,Pskov,4,3,57.8173923,28.3343465,0.004684806548985909,1.5263157894736843,3.5565845782152836,0.716407901490688,0.0,243.06578947368422,124541.6447368421,343.0263157894737,0.0,0.0,0.0
84,74020692,Kirishi,4,4,59.450325,32.010578,0.004964175843741521,1.3026315789473684,4.06585583936696,0.8281459557347125,0.0,229.32894736842104,124794.55263157895,275.6842105263158,0.0,0.0,0.0
85,74020694,Novy Urengoy,0,0,66.085196,76.6799167,0.008804144967205343,0.8289473684210527,4.33176128043694,0.7064596291071645,0.0,74.63157894736842,63854.40277777778,98.11842105263158,0.0,0.0,0.0
86,74020698,Kirov,0,3,58.6035661,49.6666241,0.013463733859412024,3.026315789473684,3.3702041039902597,0.6988131214137738,0.0,161.3684210526316,82480.82894736843,232.96052631578948,0.0,0.0,0.0
87,74020696,Moscow,4,3,55.7245371,37.625444019985025,0.01999413568039958,4.2105263157894735,3.153389440213827,0.7641504187346442,0.0,161.8815789473684,76386.86842105263,212.80263157894737,0.0,0.0,0.0
88,74020695,Tver,0,3,56.8596713,35.89524161906262,0.005861824690233979,3.763157894736842,2.809438639402052,0.7138026488104243,0.0,458.5394736842105,172437.17105263157,641.3684210526316,0.0,0.0,0.0
89,74020701,Moscow,4,0,55.7245371,37.625444019985025,0.009365150510576084,2.039473684210526,3.262126517015181,0.6613381392689027,0.0,142.8421052631579,68389.22666666667,216.9078947368421,0.0,0.0,0.0
90,74020699,Moscow,4,3,55.7245371,37.625444019985025,0.012754944328163464,2.6578947368421053,3.25040821862766,0.6635737279526123,0.0,140.19736842105263,68425.89333333333,208.72368421052633,0.0,0.0,0.0
91,74020702,Ufa,0,3,54.7261409,55.947499,0.01160070080342824,6.2,3.378538757101309,0.6553618347719872,0.0,363.3466666666667,173406.82432432432,546.2266666666667,0.0,0.0,0.0
92,74020712,Moscow,4,3,55.7245371,37.625444019985025,0.014747054853209433,11.0,3.04716831398156,0.785943336563264,0.0,586.3947368421053,253979.44736842104,746.3815789473684,0.0,0.0,0.0
93,74020717,Penza,0,4,53.1937836,45.006741250609664,0.008613310714496804,2.3026315789473686,3.505174497691086,0.7012483366775019,0.0,196.3815789473684,95778.90789473684,281.7236842105263,0.0,0.0,0.0
94,74020719,Nizhny Novgorod,4,0,56.3264816,44.0051395,0.011341072626673134,2.5789473684210527,3.703750785548467,0.7155111306080469,0.0,176.35526315789474,100205.63157894737,242.53947368421052,0.0,0.0,0.0
95,74020721,Naberejnye Tchelny,0,4,55.7419774,52.399207,0.00988077923882884,2.3157894736842106,4.291777480679288,0.7333274606180321,0.0,172.80263157894737,120376.30263157895,237.18421052631578,0.0,0.0,0.0
96,74020740,Moscow,4,0,55.7245371,37.625444019985025,0.011722388754226532,6.613333333333333,2.86356149244545,0.7393292606364246,0.0,418.97333333333336,171583.8,559.3466666666667,0.0,0.0,0.0
97,74020743,Moscow,0,3,55.7245371,37.625444019985025,0.011162489283237074,6.2631578947368425,2.8406988404025255,0.726101827846978,0.0,412.92105263157896,177474.26315789475,567.6973684210526,0.0,0.0,0.0
98,74020733,Tver,0,0,56.8596713,35.89524161906262,0.007637790408243541,1.9342105263157894,3.302320285506656,0.7621708963443945,0.0,196.5,90937.43421052632,258.0,0.0,0.0,0.0
99,74020734,Tver,0,0,56.8596713,35.89524161906262,0.008259732851010943,3.0657894736842106,3.6163886698785253,0.6525183485208224,0.0,245.8421052631579,129078.11842105263,380.17105263157896,0.0,0.0,0.0
100,74020741,Kemerovo,0,3,55.3550907,86.0871213,0.007863989997384196,2.526315789473684,3.465330454893053,0.7288071195224974,0.0,238.3815789473684,136423.27631578947,326.44736842105266,0.0,0.0,0.0
101,74020746,Moscow,4,3,55.7245371,37.625444019985025,0.007010805080742904,3.263157894736842,2.9304454864380034,0.7030928658778844,0.0,326.82894736842104,139384.75,468.2631578947368,0.0,0.0,0.0
102,74020757,Moscow,4,3,55.7245371,37.625444019985025,0.013519264072089907,3.960526315789474,3.092375956723698,0.7572451504761902,0.0,217.03947368421052,98138.76315789473,285.2631578947368,0.0,0.0,0.0
103,74020758,Moscow,0,0,55.7245371,37.625444019985025,0.010003499407662833,1.131578947368421,2.791122269763258,0.7062813230824342,0.0,79.23684210526316,32036.592105263157,113.39473684210526,0.0,0.0,0.0
104,74020763,Moscow,4,0,55.7245371,37.625444019985025,0.013917504521142966,2.723684210526316,3.007878346609396,0.7679674354151084,0.0,151.8421052631579,64750.60526315789,198.30263157894737,0.0,0.0,0.0
105,74020777,Elektrostal,4,0,55.7903785,38.4405711,0.014230809505214735,2.776315789473684,3.2665596659256066,0.7453687133826415,0.0,146.42105263157896,72056.03947368421,196.05263157894737,0.0,0.0,0.0
106,74020776,Moscow,4,3,55.7245371,37.625444019985025,0.010048187353658686,1.881578947368421,3.258318708413654,0.7007554507469052,0.0,131.42105263157896,62347.73333333333,185.35526315789474,0.0,0.0,0.0
107,74020764,Moscow,4,3,55.7245371,37.625444019985025,0.01311632307147701,8.763157894736842,3.129909341942985,0.7445195423991905,0.0,499.44736842105266,228233.67105263157,673.6578947368421,0.0,0.0,0.0
108,74020782,Pyatigorsk,4,3,44.039775,43.0706669,0.005621490885340113,1.394736842105263,3.8764555711253164,0.7083996911466833,0.0,173.01315789473685,99246.61842105263,243.28947368421052,0.0,0.0,0.0
109,74020784,Saint Petersburg,4,3,59.9606739,30.1586551,0.013711486717983504,9.710526315789474,2.7880623756731113,0.7991727422171575,0.0,568.0394736842105,241764.57894736843,711.25,0.0,0.0,0.0
110,74020789,Moscow,4,3,55.7245371,37.625444019985025,0.013555433282225126,9.789473684210526,3.1852431014447022,0.7705529046613624,0.0,551.9078947368421,248065.9605263158,716.5,0.0,0.0,0.0
111,74020793,Moscow,4,3,55.7245371,37.625444019985025,0.012649897791680709,5.276315789473684,3.044769107709898,0.757463282513565,0.0,313.30263157894734,143249.34210526315,415.2894736842105,0.0,0.0,0.0
112,74020795,Moscow,4,3,55.7245371,37.625444019985025,0.014711392507485595,10.960526315789474,2.8270525460129585,0.7600597231181109,0.0,560.0921052631579,232714.84210526315,734.921052631579,0.0,0.0,0.0
113,74020798,Orehovo-Zuevo,0,3,55.8083278,38.9790038,0.00922267978523329,3.8684210526315788,3.106015866451302,0.5388504073361317,0.0,220.5921052631579,94258.84,434.32894736842104,0.0,0.0,0.0
114,74020799,Moscow,4,4,55.7245371,37.625444019985025,0.017192390162308713,2.0,3.3451765075815647,0.7378622475778134,0.0,89.88157894736842,43711.21052631579,122.28947368421052,0.0,0.0,0.0
115,74020802,Moscow,4,3,55.7245371,37.625444019985025,0.012542061752988724,3.0657894736842106,3.0977073114492577,0.7174840056488456,0.0,179.27631578947367,79561.8947368421,252.81578947368422,0.0,0.0,0.0
116,74020808,Lyubertsy,0,0,55.6783142,37.89377,0.012645143411089008,2.1315789473684212,3.432293179804924,0.6406332835549076,0.0,114.48684210526316,58927.44,178.53947368421052,0.0,0.0,0.0
117,74020809,Barnaul,0,3,53.3475493,83.7788448,0.006055370563182464,2.0921052631578947,2.872471995772534,0.829166068468518,0.0,299.61842105263156,136170.27631578947,361.9342105263158,0.0,0.0,0.0
118,74020810,Nizhny Novgorod,4,2,56.3264816,44.0051395,0.014607103478176333,4.368421052631579,3.657032926860141,0.7488434983258844,0.0,222.89473684210526,119255.11842105263,298.3157894736842,0.0,0.0,0.0
119,74020814,Tula,0,3,54.1930321,37.61754,0.014194183614350413,4.842105263157895,3.1292571081977587,0.7589452434988355,0.0,259.57894736842104,118388.53947368421,340.13157894736844,0.0,0.0,0.0
120,74020815,Saint Petersburg,4,0,59.9606739,30.1586551,0.011716653817618166,5.092105263157895,3.209221175323768,0.7496585986039982,0.0,335.92105263157896,155502.01315789475,444.10526315789474,0.0,0.0,0.0
121,74020816,Saint Petersburg,0,3,59.9606739,30.1586551,0.01203940266870162,9.105263157894736,2.6009158211834027,0.783129813199806,0.0,593.6315789473684,220896.23684210525,759.7631578947369,0.0,0.0,0.0
122,74020817,Kazan,9,0,55.7823547,49.1242266,0.007197676722113452,2.52,3.0043710940341732,0.8094055387076331,0.0,289.52,129496.32,355.0,0.0,0.0,0.0
123,74020828,Moscow,0,3,55.7245371,37.625444019985025,0.013661313342413951,5.828947368421052,3.1237698849617503,0.8301843535471513,0.7368421052631579,347.63157894736844,154094.06578947368,422.57894736842104,2.763157894736842,0.07894736842105263,1.986842105263158
124,74020836,Moscow,0,3,55.7245371,37.625444019985025,0.013957177741142216,3.736842105263158,2.859392789508597,0.8267429579554525,0.0,225.8815789473684,90526.75,273.7236842105263,0.0,0.0,0.0
125,74020837,Moscow,0,3,55.7245371,37.625444019985025,0.013405328158967444,5.118421052631579,3.27122333175098,0.8612863160312275,0.0,332.38157894736844,159278.68421052632,385.11842105263156,0.0,0.0,0.0
126,74020849,Saratov,0,0,51.530018,46.034683,0.007800428836826773,4.25,3.431516756661685,0.7228515668604162,0.0,398.7894736842105,189994.13157894736,547.1315789473684,0.0,0.0,0.0
127,74020851,Orenburg,4,3,51.7671248,55.0978517,0.011003165543495346,5.9605263157894735,3.3294031563931616,1.0503533003481498,0.013157894736842105,427.0131578947368,201363.31578947368,555.1184210526316,0.23684210526315788,0.0,0.13157894736842105
128,74020852,Moscow,4,3,55.7245371,37.625444019985025,0.013030750050954243,10.052631578947368,2.850728069734556,0.7090348561448896,0.0,550.3421052631579,226880.2894736842,777.6184210526316,0.0,0.0,0.0
129,74020861,Saint Petersburg,4,4,59.9606739,30.1586551,0.009010835263786364,2.986842105263158,3.5351964614047726,0.8067411468757633,0.0,269.42105263157896,135540.45333333334,329.35526315789474,0.0,0.0,0.0
131,74020865,Kemerovo,0,3,55.3550907,86.0871213,0.008495996357479009,3.1447368421052633,3.136793944401989,0.7217623703129543,0.0,275.42105263157896,141765.17105263157,381.2894736842105,0.0,0.0,0.0
132,74020871,Moscow,0,3,55.7245371,37.625444019985025,0.014516399652372284,2.506666666666667,3.161951209591003,0.777960277107095,0.29333333333333333,132.85333333333332,63545.026666666665,172.48,1.2933333333333332,0.04,0.6666666666666666
133,74020877,Saint Petersburg,0,3,59.9606739,30.1586551,0.011971330696246799,4.065789473684211,2.7644481089119055,0.7879136372730328,0.0,266.7105263157895,110555.43421052632,339.0921052631579,0.0,0.0,0.0
134,74020879,Saint Petersburg,4,4,59.9606739,30.1586551,0.003671258044313738,2.8552631578947367,3.104389726952283,0.2871629930643632,0.0,227.42105263157896,105372.25,861.1184210526316,0.0,0.0,0.0
135,74020880,Moscow,4,3,55.7245371,37.625444019985025,0.016849998388866673,4.184210526315789,3.1135959516540592,0.7412427606765579,0.0,185.39473684210526,87929.80263157895,250.06578947368422,0.0,0.0,0.0
136,74020881,Saint Petersburg,4,3,59.9606739,30.1586551,0.014262798891198513,3.513157894736842,3.0508265637970493,0.8274715632912472,0.0,204.3815789473684,95181.34210526316,247.51315789473685,0.0,0.0,0.0
137,74020882,Saint Petersburg,4,3,59.9606739,30.1586551,0.012681244036205871,8.5,2.916566132081117,0.7329623835354533,0.0,490.67105263157896,209779.57894736843,666.6052631578947,0.0,0.0,0.0
138,74020883,Saint Petersburg,4,4,59.9606739,30.1586551,0.013120648462792211,2.4210526315789473,3.273194626979618,0.7841080469618112,0.0,149.35526315789474,72241.6447368421,190.72368421052633,0.0,0.0,0.0
139,74020885,Nalchik,4,3,43.4769604,43.5966578,0.004710753905664314,1.5921052631578947,5.192548184663264,0.8400843608119344,0.0,297.92105263157896,221102.2105263158,350.2236842105263,0.0,0.0,0.0
140,74020892,Kazan,9,0,55.7823547,49.1242266,0.007242010239364098,2.9342105263157894,3.050449925876508,0.7014202336900336,0.0,293.60526315789474,141017.59210526315,408.60526315789474,0.0,0.0,0.0
141,74020896,Ufa,0,2,54.7261409,55.947499,0.012257968642088056,3.5,3.476520240484068,0.7236053687710381,0.34210526315789475,200.1315789473684,103557.06578947368,280.44736842105266,2.1184210526315788,0.02631578947368421,1.2236842105263157
142,74020897,Moscow,4,3,55.7245371,37.625444019985025,0.008654374589724049,1.2666666666666666,3.1754312574523054,0.7681612698280456,0.0,112.22666666666667,53136.986666666664,146.36,0.0,0.0,0.0
143,74020898,Moscow,4,3,55.7245371,37.625444019985025,0.01808654032494368,12.118421052631579,2.7914236889129658,0.7651880559424843,0.0,513.2368421052631,216784.31578947368,670.2763157894736,0.0,0.0,0.0
144,74020918,Moscow,4,3,55.7245371,37.625444019985025,0.019862664476405407,8.43421052631579,2.8058513989194513,0.7412508937988765,0.0,313.19736842105266,136940.7105263158,422.7894736842105,0.0,0.0,0.0
145,74020919,Moscow,4,3,55.7245371,37.625444019985025,0.011600275501438545,4.9605263157894735,3.169049828098046,0.765985735024111,0.0,328.39473684210526,149886.22368421053,431.5657894736842,0.0,0.0,0.0
146,74020920,Saint Petersburg,4,3,59.9606739,30.1586551,0.011384811431891845,5.855263157894737,2.7852230789152244,0.7349490954349642,0.0,378.88157894736844,159380.1447368421,518.8421052631579,0.0,0.0,0.0
147,74020921,Kazan,9,4,55.7823547,49.1242266,0.010492722479395786,3.9473684210526314,2.8628379256047447,0.7549677367102563,0.0,294.42105263157896,128666.6052631579,391.69736842105266,0.0,0.0,0.0
148,74020943,Makhachkala,4,3,42.9830241,47.5048717,0.004685606477124968,1.5263157894736843,4.940081704910093,0.6598376661100119,0.0,223.05263157894737,146596.56578947368,338.55263157894734,0.0,0.0,0.0
149,74020944,Vladikavkaz,4,3,43.024593,44.68211,0.005533345102296688,0.9736842105263158,4.30868253770679,0.6748048078462076,0.0,130.8421052631579,77595.97368421052,189.23684210526315,0.0,0.0,0.0
150,74020950,Nizhny Novgorod,4,0,56.3264816,44.0051395,0.008927137453532569,3.4342105263157894,3.0986005435870543,0.7609932779073969,0.0,299.0,135178.23684210525,388.2368421052632,0.0,0.0,0.0
151,74020952,Izhevsk,0,3,56.866557,53.2094166,0.007160290999184031,1.236842105263158,3.2246678891410143,0.8018016359229253,0.0,143.69736842105263,63151.88157894737,178.81578947368422,0.0,0.0,0.0
152,74020960,Vladivostok,0,3,43.1150678,131.8855768,0.013181524202569893,6.328947368421052,3.4527254455728023,0.7151374256734229,0.0,350.3421052631579,183928.42105263157,493.86842105263156,0.0,0.0,0.0
153,74020961,Vladivostok,0,3,43.1150678,131.8855768,0.006897132496311229,1.5526315789473684,4.175935022620908,0.715037375299091,0.0,164.4078947368421,111893.30263157895,228.23684210526315,0.0,0.0,0.0
154,74020968,Tula,0,3,54.1930321,37.61754,0.014319170869799738,4.7631578947368425,3.127499328000836,0.7052510333617128,0.0,228.47368421052633,102872.6447368421,327.5,0.0,0.0,0.0
155,74020967,Tula,0,3,54.1930321,37.61754,0.017507928247549622,5.671052631578948,3.204765537310499,0.6852311329545873,0.0,224.02631578947367,105672.75,326.0263157894737,0.0,0.0,0.0
156,74020973,Moscow,4,3,55.7245371,37.625444019985025,0.011661674199117273,3.473684210526316,3.1316211112002192,0.7699180313439303,0.0,226.10526315789474,103101.18421052632,295.4078947368421,0.0,0.0,0.0
157,74020976,Moscow,4,3,55.7245371,37.625444019985025,0.011666404629019689,4.026315789473684,3.1009443244422075,0.8071898545727634,0.0,277.9868421052632,123711.8552631579,343.5394736842105,0.0,0.0,0.0
158,74020979,Barnaul,0,3,53.3475493,83.7788448,0.012879375647202203,1.5263157894736843,3.0792307170785667,0.7476239198159366,0.0,95.1842105263158,48611.59210526316,125.96052631578948,0.0,0.0,0.0
159,74020981,Moscow,4,3,55.7245371,37.625444019985025,0.012581854925979631,3.6315789473684212,3.112282436342536,0.743081068452434,0.0,216.71052631578948,95427.22368421052,291.1842105263158,0.0,0.0,0.0
160,74020983,Moscow,4,0,55.7245371,37.625444019985025,0.011093284137239147,5.026315789473684,3.0586243552646484,0.7690099687055048,0.0,348.86842105263156,155908.92105263157,452.80263157894734,0.0,0.0,0.0
161,74020987,Saint Petersburg,4,3,59.9606739,30.1586551,0.018663208354794684,3.486842105263158,3.045563529211006,0.7316542674193386,0.0,130.92105263157896,60894.933333333334,175.76315789473685,0.0,0.0,0.0
162,74020989,Moscow,0,3,55.7245371,37.625444019985025,0.007276068041676866,3.6578947368421053,3.03305896601812,0.7824101201372237,0.0,398.63157894736844,186867.25,508.2894736842105,0.0,0.0,0.0
163,74021003,Moscow,0,3,55.7245371,37.625444019985025,0.010250948822248905,3.3421052631578947,3.238813669557354,0.835072606036884,0.4605263157894737,275.94736842105266,125709.73684210527,333.05263157894734,2.5,0.14473684210526316,1.5921052631578947
164,74021005,Saint Petersburg,0,3,59.9606739,30.1586551,0.008872033664257355,5.026315789473684,2.6544893429561403,0.8076072089615882,0.0,460.35526315789474,176282.76315789475,570.4605263157895,0.0,0.0,0.0
165,74021008,Moscow,0,3,55.7245371,37.625444019985025,0.010716464581151653,10.06578947368421,3.0358324502500365,0.8254377508224761,0.0,783.3421052631579,335809.1710526316,951.4473684210526,0.0,0.0,0.0
166,74021010,Moscow,4,3,55.7245371,37.625444019985025,0.014631823970084045,14.723684210526315,2.6937559135404388,0.7981151610778153,0.0,805.5526315789474,299441.9342105263,1005.1447368421053,0.0,0.0,0.0
167,74021012,Moscow,4,3,55.7245371,37.625444019985025,0.014195605987016824,6.815789473684211,2.909323457850745,0.7827321672211628,0.0,372.85526315789474,153167.69736842104,475.9868421052632,0.0,0.0,0.0
168,74021015,Domodedovo airport,10,3,55.40912105,37.904166212415895,0.004130978368203149,3.0,3.2509220618361194,0.5801371635326305,0.0,422.2894736842105,307266.88157894736,728.5921052631579,0.0,0.0,0.0
169,74021017,Sarapul,0,3,56.477334,53.8192957,0.0054795931448943565,1.1973684210526316,3.54725196161197,0.7330229796663534,0.0,162.56578947368422,78638.82894736843,221.57894736842104,0.0,0.0,0.0
170,74021025,Penza,0,4,53.1937836,45.006741250609664,0.010241624046363938,3.013333333333333,3.449428051966517,0.7335541208581262,0.0,220.18666666666667,108493.21333333333,300.70666666666665,0.0,0.0,0.0
171,74021026,Orenburg,4,3,51.7671248,55.0978517,0.011039371580813072,3.3947368421052633,3.406888815921282,0.7026484694616686,0.0,230.05263157894737,119408.46052631579,324.5657894736842,0.0,0.0,0.0
172,74021028,Saint Petersburg,4,3,59.9606739,30.1586551,0.012051122923074455,3.8815789473684212,2.694466509297735,0.8300795577968457,0.0,270.10526315789474,107383.48684210527,325.10526315789474,0.0,0.0,0.0
173,74021029,Saint Petersburg,4,4,59.9606739,30.1586551,0.011299774248908379,3.289473684210526,3.300608449694874,0.7750283122106155,0.0,224.8421052631579,111634.78947368421,290.2236842105263,0.0,0.0,0.0
174,74021030,Kazan,9,1,55.7823547,49.1242266,0.009817409165637876,2.5866666666666664,2.9390131252888057,0.7923149236099125,0.0,212.49333333333334,101974.10666666667,267.84,0.0,0.0,0.0
175,74021049,Moscow,0,3,55.7245371,37.625444019985025,0.011059975764064126,3.4342105263157894,2.7826937000068965,0.8145350738932858,0.0,256.80263157894734,98151.80263157895,316.92105263157896,0.0,0.0,0.0
176,74021051,Saint Petersburg,4,3,59.9606739,30.1586551,0.009791657512232885,2.0657894736842106,3.201177143829215,0.7722526988422127,0.0,158.25,76888.1052631579,204.25,0.0,0.0,0.0
177,74021052,Saint Petersburg,4,0,59.9606739,30.1586551,0.010936877315450257,5.605263157894737,3.3058924111446464,0.7773702965415933,0.0,420.8157894736842,211349.81578947368,534.4868421052631,0.0,0.0,0.0
178,74021053,Moscow,4,4,55.7245371,37.625444019985025,0.008719319512692988,0.75,3.4884718826475183,0.5837887817340636,0.0,47.76315789473684,25348.12162162162,80.48684210526316,0.0,0.0,0.0
179,74021054,Moscow,4,4,55.7245371,37.625444019985025,0.012114671888181876,2.6973684210526314,3.816289459049387,0.6812077906881107,0.0,152.46052631578948,89012.77631578948,224.51315789473685,0.0,0.0,0.0
180,74021060,Makhachkala,4,3,42.9830241,47.5048717,0.0040095781468715164,1.0,4.516273204511024,0.6935475926297404,0.0,180.76315789473685,104518.3552631579,260.9605263157895,0.0,0.0,0.0
181,74021061,Stavropol,4,0,44.8632577,43.4406913,0.012029952835100539,4.4605263157894735,4.12811831518271,0.7923417849019231,0.0,294.67105263157896,176509.01315789475,368.0394736842105,0.0,0.0,0.0
182,74021062,Izhevsk,0,2,56.866557,53.2094166,0.007096207177916289,1.8026315789473684,3.389332708248853,0.732435700502283,0.0,193.32894736842104,92211.43421052632,266.2894736842105,0.0,0.0,0.0
183,74021063,Saint Petersburg,4,4,59.9606739,30.1586551,0.012842894618123957,1.44,3.0450348348557967,0.6362055139505229,0.0,72.61333333333333,33822.61643835616,116.33333333333333,0.0,0.0,0.0
184,74021066,Perm,0,2,58.014965,56.246723,0.013786710490855678,5.197368421052632,3.157080567882436,0.7386118953902405,0.0,283.7105263157895,130303.61842105263,386.2763157894737,0.0,0.0,0.0
185,74021068,Stavropol,4,2,44.8632577,43.4406913,0.010546419242402938,2.8421052631578947,4.143991320493136,0.7943586226826426,0.0,210.18421052631578,128454.13157894737,263.92105263157896,0.0,0.0,0.0
186,74021069,Moscow,4,3,55.7245371,37.625444019985025,0.010145075926227647,5.618421052631579,2.9236395618059854,0.7409852835951319,0.0,412.61842105263156,172400.05263157896,556.7105263157895,0.0,0.0,0.0
187,74021070,Moscow,4,3,55.7245371,37.625444019985025,0.007731914809327509,2.723684210526316,2.9721571694378954,0.7231334869764204,0.0,260.60526315789474,109860.11842105263,358.75,0.0,0.0,0.0
189,74021083,Moscow,4,3,55.7245371,37.625444019985025,0.014275697976497944,10.723684210526315,2.9123489000700813,0.7752937624734672,0.0,585.8552631578947,241668.92105263157,754.3026315789474,0.0,0.0,0.0
190,74021089,Saint Petersburg,4,3,59.9606739,30.1586551,0.012389768933377404,7.144736842105263,2.8042469579795486,0.759989033375244,0.0,438.92105263157896,174860.6447368421,579.4473684210526,0.0,0.0,0.0
191,74021090,Kazan,9,3,55.7823547,49.1242266,0.007846028540665186,3.0526315789473686,2.861581318344222,0.6691404218706817,0.0,267.13157894736844,124263.36842105263,397.07894736842104,0.0,0.0,0.0
192,74021091,Nizhny Novgorod,4,0,56.3264816,44.0051395,0.0074963243936542814,3.3815789473684212,3.0033604757348145,0.8136483707607,0.0,378.2368421052632,163103.51315789475,460.6842105263158,0.0,0.0,0.0
193,74021092,Barnaul,0,0,53.3475493,83.7788448,0.007162099755857376,2.1842105263157894,3.1667304427399148,0.7700377094347161,0.0,245.10526315789474,129194.36842105263,312.10526315789474,0.0,0.0,0.0
194,74021095,Moscow,0,3,55.7245371,37.625444019985025,0.00894335008007043,16.539473684210527,2.620274609693858,0.7195621255415565,0.0,1329.1184210526317,519720.19736842107,1852.842105263158,0.0,0.0,0.0
195,74021098,Moscow,4,3,55.7245371,37.625444019985025,0.009111662315573197,7.9868421052631575,3.083412986502465,0.5529639334902868,0.0,484.0131578947368,212119.2105263158,899.3157894736842,0.0,0.0,0.0
196,74021099,Moscow,0,3,55.7245371,37.625444019985025,0.013274674496866642,2.526315789473684,3.821889093097844,0.770745298582384,0.0,147.80263157894737,81420.21052631579,189.51315789473685,0.0,0.0,0.0
197,74021100,Armavir,7,0,44.9993585,41.1294061,0.003776914870243772,0.6973684210526315,4.2174877542602545,0.7001827170404068,0.0,137.4078947368421,115616.375,186.02631578947367,0.0,0.0,0.0
198,74021101,Krasnodar,4,3,45.0351532,38.9772396,0.009050341274193682,2.8157894736842106,3.0643074348670667,0.7542396116082122,0.0,243.8815789473684,106298.01315789473,324.05263157894734,0.0,0.0,0.0
199,74021102,Krasnodar,4,3,45.0351532,38.9772396,0.008172926342997202,1.605263157894737,3.4400344971401977,0.7652978598507629,0.0,156.1578947368421,75856.22368421052,202.8684210526316,0.0,0.0,0.0
200,74021103,Krasnodar,4,3,45.0351532,38.9772396,0.010109383338908375,3.8552631578947367,3.2014648281709244,0.7482324513764949,0.0,291.4605263157895,125087.27631578948,390.5,0.0,0.0,0.0
201,74021104,Krasnodar,4,3,45.0351532,38.9772396,0.006922867737164137,4.592105263157895,3.2833605121732803,0.7749471946531612,0.0,515.3026315789474,238609.36842105264,663.5657894736842,0.0,0.0,0.0
202,74021105,Krymsk,5,4,44.9295889,37.9880177,0.007879213416814839,1.0921052631578947,4.065238876420114,0.691238440626293,0.0,100.60526315789474,69259.17333333334,146.22368421052633,0.0,0.0,0.0
203,74021106,Krasnodar,4,4,45.0351532,38.9772396,0.0059803345248534345,2.026315789473684,3.8408038235543422,0.7385274207191493,0.0,262.7894736842105,151452.0394736842,355.5,0.0,0.0,0.0
204,74021107,Temryuk,7,3,45.2751663,37.3905481,0.004203170037646837,0.9605263157894737,3.8719481167218333,0.7777398153439053,0.0,193.28947368421052,124771.94736842105,246.28947368421052,0.0,0.0,0.0
205,74021108,Slavyansk-na-Kubani,7,3,45.2590875,38.1244609,0.003454327572308875,1.0657894736842106,4.133796282940633,0.8068226703665274,0.0,249.30263157894737,171577.65789473685,308.2368421052632,0.0,0.0,0.0
206,74021109,Sochi,7,3,43.5854823,39.723109,0.010134232089066891,4.144736842105263,4.023754247673497,0.7464311513647421,0.0,305.05263157894734,212219.90789473685,407.05263157894734,0.0,0.0,0.0
207,74021111,Krasnodar,4,3,45.0351532,38.9772396,0.005612888609596414,0.9868421052631579,3.457583737112668,0.7935891867837165,0.0,141.89473684210526,69439.25,178.92105263157896,0.0,0.0,0.0
208,74021112,Krasnodar,4,4,45.0351532,38.9772396,0.008667335202826598,2.4078947368421053,3.3770872691152087,0.7398771126413134,0.0,208.69736842105263,105446.48,283.0657894736842,0.0,0.0,0.0
209,74021113,Krasnodar,4,0,45.0351532,38.9772396,0.003898583161576162,1.605263157894737,4.388255605033911,0.8059161233118153,0.0,355.3157894736842,239967.3552631579,436.11842105263156,0.0,0.0,0.0
210,74021114,Krasnodar,4,3,45.0351532,38.9772396,0.008477175743920857,4.7105263157894735,3.2750182663664575,0.83535884889733,0.0,466.88157894736844,212000.48684210525,557.8552631578947,0.0,0.0,0.0
211,74021115,Krasnodar,4,0,45.0351532,38.9772396,0.006571351728301341,2.6184210526315788,3.610103652471164,0.7234822050866015,0.0,292.1578947368421,157285.1052631579,400.4736842105263,0.0,0.0,0.0
212,74021116,Krasnodar,4,3,45.0351532,38.9772396,0.0059778918849226195,1.4605263157894737,3.3033229933792247,0.795709952626215,0.0,195.27631578947367,91533.32894736843,245.80263157894737,0.0,0.0,0.0
213,74021117,Krasnodar,4,0,45.0351532,38.9772396,0.005648718810279532,2.789473684210526,3.8228161687531976,0.7244030638805189,0.0,359.92105263157896,223411.19736842104,490.9605263157895,0.0,0.0,0.0
214,74021118,Krasnodar,4,0,45.0351532,38.9772396,0.006867857532416556,4.802631578947368,3.168244209433643,0.8100886905946294,0.0,584.6184210526316,259761.01315789475,716.6052631578947,0.0,0.0,0.0
215,74021119,Krasnodar,4,3,45.0351532,38.9772396,0.008358083318040329,6.026315789473684,3.2838871987807505,0.7753163822847837,0.0,563.2236842105264,256849.8947368421,730.6447368421053,0.0,0.0,0.0
216,74021120,Krasnodar,4,0,45.0351532,38.9772396,0.007139843385514119,3.25,3.5245803230178723,0.777973291100614,0.0,369.9342105263158,182346.09210526315,469.1578947368421,0.0,0.0,0.0
217,74021121,Krasnodar,4,0,45.0351532,38.9772396,0.004682185362052886,2.223684210526316,3.8869176909270067,0.8223812415947772,0.0,398.9078947368421,222630.23684210525,481.2763157894737,0.0,0.0,0.0
218,74021125,Sterlitamak,0,3,53.632374,55.952259,0.011199388750460637,3.6315789473684212,3.631105376724321,0.7229585048675398,0.0,240.53947368421052,131861.72368421053,331.85526315789474,0.0,0.0,0.0
219,74021126,Stavropol,4,3,44.8632577,43.4406913,0.007398397906288861,2.3289473684210527,3.575530059552334,0.8311217301327658,0.0,278.11842105263156,136929.25333333333,329.7631578947368,0.0,0.0,0.0
220,74021127,Ufa,0,3,54.7261409,55.947499,0.010865144042322191,7.302631578947368,2.7060244343260687,0.7242409336072224,0.0,494.6842105263158,181466.52631578947,681.0921052631579,0.0,0.0,0.0
221,74021130,Saint Petersburg,4,4,59.9606739,30.1586551,0.0074910060524208955,1.7894736842105263,3.1365510356658564,0.8108383738082092,0.0,197.05263157894737,92451.3552631579,242.81578947368422,0.0,0.0,0.0
222,74021132,Moscow,0,3,55.7245371,37.625444019985025,0.014061476327011624,11.986842105263158,2.9836999281326215,0.713518186394181,0.0,610.828947368421,262499.0657894737,861.6052631578947,0.0,0.0,0.0
223,74021147,Izhevsk,0,3,56.866557,53.2094166,0.009248453396475445,2.263157894736842,3.283643418845665,0.7452730081454974,0.0,193.5921052631579,89080.3552631579,259.9605263157895,0.0,0.0,0.0
224,74021148,Saint Petersburg,4,3,59.9606739,30.1586551,0.011248025892246698,5.276315789473684,2.867615851064948,0.8115259760339582,0.0,382.1842105263158,155255.1447368421,471.4078947368421,0.0,0.0,0.0
225,74021150,Saint Petersburg,4,2,59.9606739,30.1586551,0.014424504752386637,2.8026315789473686,3.328609431385203,0.7320268993041581,0.0,142.71052631578948,75298.57894736843,195.25,0.0,0.0,0.0
226,74021151,Saint Petersburg,4,4,59.9606739,30.1586551,0.0070890686074912175,0.39473684210526316,3.062886901714679,0.7655005850371887,0.0,43.23684210526316,19350.552631578947,56.5,0.0,0.0,0.0
227,74021152,Saratov,0,2,51.530018,46.034683,0.010100617468566636,4.786666666666667,2.9498185704947093,0.7282796767956825,0.0,365.18666666666667,147435.13333333333,502.02666666666664,0.0,0.0,0.0
228,74021157,Khimki,0,2,55.8917293,37.4396994,0.009257193340866563,0.9342105263157895,3.159311686771484,0.783796979994619,0.0,81.0,38294.38157894737,103.40789473684211,0.0,0.0,0.0
229,74021159,Makhachkala,4,3,42.9830241,47.5048717,0.00291857953666045,0.9078947368421053,5.042607692151751,0.5672269537659002,0.0,186.5,123637.40789473684,331.36842105263156,0.0,0.0,0.0
230,74021160,Moscow,0,3,55.7245371,37.625444019985025,0.01478363473504418,6.063492063492063,3.115835622083545,0.7650834017418686,0.0,318.73015873015873,144840.82539682538,411.04761904761904,0.0,0.0,0.0
231,74021162,Rostov-na-Donu,4,3,47.2216548,39.7096061,0.009373708121695879,2.6184210526315788,3.9585002357470587,0.7935638192212933,0.0,227.8815789473684,132079.77631578947,281.7236842105263,0.0,0.0,0.0
232,74021163,Taganrog,4,3,47.2392184,38.87550310009352,0.011937022566950357,3.5657894736842106,4.01632102376789,0.7778638148767049,0.0,228.98684210526315,135881.9605263158,292.64473684210526,0.0,0.0,0.0
233,74021165,Armavir,7,3,44.9993585,41.1294061,0.0024961859166719265,0.8157894736842105,2.994539800121923,0.7809102656465238,0.0,255.96052631578948,130659.45333333334,323.7763157894737,0.0,0.0,0.0
234,74021166,Leninsk-Kuznetsky,0,3,54.665443,86.166115,0.006398579146159017,0.9605263157894737,3.6481871088607227,0.6283909381690819,0.0,108.78947368421052,65833.19736842105,174.52631578947367,0.0,0.0,0.0
235,74021169,Sergiev-Posad,0,3,56.3153284,38.1359898,0.008124575381322977,2.460526315789474,2.979404261632683,0.810560876013808,0.0,248.82894736842104,96500.67105263157,306.2631578947368,0.0,0.0,0.0
236,74021168,Kirovsk,2,3,59.8813954,30.9855331,0.004804752174908392,1.3157894736842106,3.5508301734899463,0.7187457371474263,0.0,187.82894736842104,94841.44,259.4605263157895,0.0,0.0,0.0
237,74021171,Moscow,0,0,55.7245371,37.625444019985025,0.010746680892177318,4.578947368421052,2.9769534643560562,0.847030087246862,0.0,360.4605263157895,145399.06578947368,424.4342105263158,0.0,0.0,0.0
238,74021179,Rzhavki,0,2,56.0129462,37.2243412,0.007333159854886976,0.4666666666666667,3.818987696470833,0.4075359208919134,0.0,25.48,21781.5625,40.946666666666665,0.0,0.0,0.0
239,74021180,Naberejnye Tchelny,0,0,55.7419774,52.399207,0.006178080786847041,0.9342105263157895,3.3696388207734556,0.7801936047634047,0.0,128.80263157894737,67638.80263157895,163.07894736842104,0.0,0.0,0.0
240,74021181,Engels,0,0,51.5013775,46.1233093,0.006030756143253734,1.9342105263157894,3.5015345501256347,0.7584778203948581,0.0,253.75,120429.69736842105,332.7763157894737,0.0,0.0,0.0
241,74021182,Saint Petersburg,4,0,59.9606739,30.1586551,0.00963975463460781,2.9210526315789473,3.143101554916696,0.7716221767258308,0.0,235.46052631578948,112777.25,300.3157894736842,0.0,0.0,0.0
242,74021183,Saint Petersburg,4,2,59.9606739,30.1586551,0.016554780243592776,4.4868421052631575,3.2127935724618752,0.7710372852248003,0.0,212.1184210526316,100879.90789473684,275.36842105263156,0.0,0.0,0.0
243,74021184,Moscow,0,3,55.7245371,37.625444019985025,0.010321318894906615,11.157894736842104,3.7381732448802385,0.7345205023019851,0.0,820.078947368421,473523.3947368421,1108.8026315789473,0.0,0.0,0.0
244,74021204,Oryol,0,0,52.968017149999994,36.09949941816104,0.0074281281596776955,1.5263157894736843,3.1671668409597125,0.7315928881486005,0.0,165.53947368421052,76715.63157894737,221.48684210526315,0.0,0.0,0.0
245,74021205,Rostov-na-Donu,4,0,47.2216548,39.7096061,0.008969974346479379,2.8421052631578947,4.411053409066706,0.8399355603182991,0.0,275.0131578947368,187707.32894736843,319.44736842105266,0.0,0.0,0.0
246,74021206,Khabarovsk,0,3,51.6312684,136.121524,0.012897067871535578,7.947368421052632,3.615847386026823,0.7443973964558718,0.0,472.32894736842104,252129.7894736842,636.0,0.0,0.0,0.0
247,74221207,Likino,0,2,55.7043101,38.9569091,0.018553185325100256,3.5921052631578947,4.4886784093886805,0.780277722319659,0.0,152.60526315789474,104782.48684210527,195.26315789473685,0.0,0.0,0.0
248,74021208,Moscow,4,3,55.7245371,37.625444019985025,0.009176020137354551,8.802631578947368,2.5472955188001825,0.7579976571537194,0.0,748.2631578947369,280641.6052631579,983.6447368421053,0.0,0.0,0.0
249,74021209,Ivanovo,4,0,56.9984452,40.9737394,0.007397001569775928,2.710526315789474,3.2025865988453397,0.7396585727397877,0.0,286.82894736842104,137230.52631578947,384.80263157894734,0.0,0.0,0.0
250,74021211,Makhachkala,4,2,42.9830241,47.5048717,0.002370387667088438,0.40789473684210525,5.3413828107663495,0.5703083168066896,0.0,96.11842105263158,73283.54166666667,167.72368421052633,0.0,0.0,0.0
251,74021214,Ufa,0,0,54.7261409,55.947499,0.009394224537317607,4.7631578947368425,2.7836160099716607,0.7471657730418383,0.0,375.44736842105266,149282.01315789475,501.75,0.0,0.0,0.0
252,74021215,Neftekamsk,0,3,56.0884031,54.2478094,0.007691316479760293,4.368421052631579,3.3061953109137243,0.7076257022627389,0.0,424.61842105263156,193045.06578947368,598.0921052631579,0.0,0.0,0.0
253,74021216,Ufa,0,3,54.7261409,55.947499,0.011921106231561188,6.7105263157894735,2.961884446279594,0.7000144760683046,0.0,404.9736842105263,161890.8552631579,578.4605263157895,0.0,0.0,0.0
254,74021218,Tver,0,3,56.8596713,35.89524161906262,0.008578819636775826,2.6184210526315788,2.940512677631314,0.7771325087846787,0.0,239.27631578947367,96515.82894736843,308.63157894736844,0.0,0.0,0.0
255,74220840,Churilkovo,4,2,55.4953336,37.8301044,0.015468695319491542,1.868421052631579,3.4973899091796583,0.6719623418253758,0.0,82.17105263157895,42495.02631578947,123.96052631578948,0.0,0.0,0.0
256,74221156,Aprelevka,4,2,55.5454306,37.0730417,0.01925338176108986,4.197368421052632,4.030597466116116,0.7985730625794788,0.0,174.93421052631578,99960.84210526316,220.18421052631578,0.0,0.0,0.0
257,74221164,Pushkino,4,0,56.0104274,37.8461892,0.012897753267931718,6.144736842105263,3.590399920170314,0.7739366077375722,0.0,385.39473684210526,198029.44736842104,491.82894736842104,0.0,0.0,0.0
258,74021219,Moscow,4,3,55.7245371,37.625444019985025,0.01923039291164383,3.763157894736842,3.3225589980692867,0.7375456405845857,0.0,143.60526315789474,72149.43421052632,194.5921052631579,0.0,0.0,0.0
259,74021221,Moscow,4,3,55.7245371,37.625444019985025,0.013711479872457764,4.7894736842105265,3.169329155024904,0.7709321735709924,0.0,277.14473684210526,117002.11842105263,359.2763157894737,0.0,0.0,0.0
260,74021223,Noyabrsk,0,4,63.2002917,75.4475807,0.01078945040905683,3.289473684210526,3.8363337372807145,0.6054889988970464,0.0,193.82894736842104,133304.65789473685,325.7368421052632,0.0,0.0,0.0
261,74221226,Moscow,4,2,55.7245371,37.625444019985025,0.012126271870298544,1.8289473684210527,3.8325420714983154,0.8210000585518645,0.0,124.63157894736842,69863.27631578948,152.89473684210526,0.0,0.0,0.0
262,74021234,Vladimir,4,3,56.1288899,40.4075203,0.009936413017116267,3.8552631578947367,2.8713143531946814,0.7484040823741267,0.0,296.9736842105263,112144.46052631579,394.7236842105263,0.0,0.0,0.0
263,74021235,Smolensk,0,3,54.77897005,32.04718121915615,0.010295190979101764,3.4078947368421053,3.532788597202943,0.7286652919579473,0.0,245.81578947368422,126801.48684210527,336.64473684210526,0.0,0.0,0.0
264,74021236,Sheremetyevo airport,10,3,55.97608755,37.4238008194297,0.004095170639315859,6.434210526315789,2.9130514396578455,0.6859328143805357,0.0,1064.2368421052631,692111.1710526316,1556.7368421052631,0.0,0.0,0.0
265,74021237,Ryazan,0,0,54.6295687,39.7425039,0.00978650777108943,3.526315789473684,3.3236592948988464,0.7424018352693483,0.0,281.82894736842104,138758.7105263158,371.6578947368421,0.0,0.0,0.0
266,74021238,Vladivostok,0,3,43.1150678,131.8855768,0.008278928512885373,4.657894736842105,3.2714268086286467,0.7428922875091486,0.0,431.57894736842104,212665.1052631579,580.9078947368421,0.0,0.0,0.0
267,74021239,Nakhodka,0,4,42.8246489,132.8926,0.008386707624830389,3.289473684210526,3.9194723428791356,0.7238764804793041,0.0,288.0394736842105,179428.7894736842,391.2368421052632,0.0,0.0,0.0
268,74021241,Vladivostok,0,3,43.1150678,131.8855768,0.010018141736441699,6.0394736842105265,3.255036431521835,0.7460370054186919,0.0,454.67105263157896,221169.38157894736,604.0263157894736,0.0,0.0,0.0
269,74021242,Moscow,4,3,55.7245371,37.625444019985025,0.011164641451492418,4.315789473684211,3.014697491013165,0.7543251629615896,0.0,309.30263157894734,132264.93421052632,408.7105263157895,0.0,0.0,0.0
270,74021243,Biysk,0,3,52.5394905,85.2148673,0.008486418457124856,1.9605263157894737,3.6195244037312846,0.6109252446023351,0.0,145.23684210526315,90658.07894736843,249.17105263157896,0.0,0.0,0.0
271,74021244,Chelyabinsk,9,3,55.1598408,61.4025547,0.011593699906184552,4.644736842105263,3.353530467420955,0.7153135704398759,0.0,281.92105263157896,141092.23684210525,392.69736842105266,0.0,0.0,0.0
272,74021245,Moscow,0,3,55.7245371,37.625444019985025,0.004365687482193691,2.3421052631578947,2.9396103188232545,0.7885791006319379,0.0,421.69736842105266,183241.7894736842,534.2105263157895,0.0,0.0,0.0
273,74021246,Tula,0,0,54.1930321,37.61754,0.015324890916714918,3.1232876712328768,3.692200165717764,0.7954836815876904,0.0,172.54794520547946,108367.98591549296,207.34246575342465,0.0,0.0,0.0
274,74021247,Saint Petersburg,4,3,59.9606739,30.1586551,0.008390878356784353,4.947368421052632,2.83782842468151,0.8293333443060846,0.0,489.6842105263158,187798.43421052632,590.0394736842105,0.0,0.0,0.0
275,74021248,Murmansk,5,0,68.970665,33.07497,0.004872104907986586,2.013157894736842,3.3641466759667997,0.7495271644040683,0.0,311.30263157894734,192602.59210526315,411.0263157894737,0.0,0.0,0.0
276,74021251,Moscow,4,0,55.7245371,37.625444019985025,0.013168333553609473,2.5526315789473686,2.926857608658389,0.7159433335145622,0.0,136.14473684210526,58042.10526315789,191.1184210526316,0.0,0.0,0.0
277,74021252,Smolensk,0,3,54.77897005,32.04718121915615,0.01208588223945948,5.815789473684211,3.013754840865868,0.6500908650051107,0.0,316.63157894736844,139014.98684210525,490.82894736842104,0.0,0.0,0.0
278,74021253,Moscow,4,3,55.7245371,37.625444019985025,0.013906373714426507,3.776315789473684,3.0874076415571654,0.7770852202550902,0.0,212.1315789473684,94254.47368421052,273.1578947368421,0.0,0.0,0.0
279,74021259,Moscow,4,3,55.7245371,37.625444019985025,0.011039811909604092,5.026315789473684,3.01953955057497,0.7511297374867031,0.0,347.5394736842105,153573.7105263158,463.88157894736844,0.0,0.0,0.0
280,74021262,Perm,0,3,58.014965,56.246723,0.014848415077189822,3.1710526315789473,2.9488524898963626,0.7283534398552322,0.0,160.1184210526316,68836.09210526316,222.03947368421052,0.0,0.0,0.0
281,74021261,Oryol,0,3,52.968017149999994,36.09949941816104,0.007543540699825565,1.605263157894737,3.029871525980009,0.8042381857552298,0.0,173.0,72072.8552631579,214.92105263157896,0.0,0.0,0.0
282,74021263,Nizhnekamsk,0,3,55.6412879,51.8160376,0.009990149654387666,1.8421052631578947,3.2852448208915703,0.718281781968821,0.0,139.1315789473684,65651.13157894737,193.8815789473684,0.0,0.0,0.0
283,74021264,Saratov,0,3,51.530018,46.034683,0.006462321792637534,4.741935483870968,3.227877559284932,0.7376192863761027,0.0,560.016129032258,244211.61290322582,755.1129032258065,0.0,0.0,0.0
284,74021265,Saratov,0,2,51.530018,46.034683,0.011391999703969872,3.1973684210526314,3.414005333241551,0.7421958450785333,0.0,205.23684210526315,95872.78947368421,275.2368421052632,0.0,0.0,0.0
285,74021266,Moscow,4,3,55.7245371,37.625444019985025,0.019123849340947328,3.3684210526315788,3.479495219879284,0.7199385009550121,0.0,127.6842105263158,66178.40789473684,176.23684210526315,0.0,0.0,0.0
286,74021269,Saint Petersburg,4,4,59.9606739,30.1586551,0.009485138934792385,1.3289473684210527,2.9320276301025885,0.7931362641149174,0.0,107.07894736842105,46408.75,135.21052631578948,0.0,0.0,0.0
287,74021271,Arkhangelsk,5,0,64.543022,40.537121,0.012178285725087322,4.565789473684211,2.836532372249111,0.7185867004133684,0.0,282.7763157894737,135088.2105263158,390.8421052631579,0.0,0.0,0.0
288,74021274,Saint Petersburg,4,3,59.9606739,30.1586551,0.012698616667859616,7.302631578947368,2.8266511839909505,0.707629214994068,0.0,412.05263157894734,184717.86842105264,591.421052631579,0.0,0.0,0.0
289,74021275,Saint Petersburg,4,4,59.9606739,30.1586551,0.01190204713783439,6.644736842105263,3.009498155709114,0.79152750215592,0.0,442.69736842105266,196253.72368421053,560.4736842105264,0.0,0.0,0.0
290,74021276,Ufa,0,4,54.7261409,55.947499,0.013954474338636868,4.631578947368421,3.1287942696662854,0.7042327038603424,0.0,234.98684210526315,107482.0,333.89473684210526,0.0,0.0,0.0
291,74021282,Bryansk,0,0,53.27896405,34.36589361201107,0.010462579498233392,3.026315789473684,3.581510827973634,0.746825247782441,0.0,226.55263157894737,127047.54054054055,289.5,0.0,0.0,0.0
292,74021299,Krasnodar,4,3,45.0351532,38.9772396,0.007218179120429369,2.026315789473684,3.3714362971401273,0.8166454962498912,0.0,230.01315789473685,110644.22368421052,282.07894736842104,0.0,0.0,0.0
293,74021302,Cheboksary,4,0,56.1307195,47.2449597,0.011308358879949711,3.546666666666667,3.128090114784105,0.7697558248399687,0.06666666666666667,231.54666666666665,113631.2027027027,303.64,0.8666666666666667,0.04,0.64
294,74021304,Nevinnomyssk,4,2,44.6245814,41.9475941,0.00960420857544924,2.1973684210526314,4.715280610559222,0.7596488935528365,0.0,180.17105263157896,126514.31578947368,235.4078947368421,0.0,0.0,0.0
295,74021305,Makhachkala,4,2,42.9830241,47.5048717,0.004054744007136738,0.8157894736842105,4.9032022610450205,0.6230364183945175,0.0,134.1315789473684,90049.28947368421,211.32894736842104,0.0,0.0,0.0
296,74021306,Bataysk,4,2,47.138527,39.742348,0.01899132857789874,3.0533333333333332,4.2869444502124185,0.7036234424230192,0.0,110.93333333333334,72520.69863013699,154.38666666666666,0.0,0.0,0.0
297,74021307,Moscow,4,3,55.7245371,37.625444019985025,0.01079840771668563,2.8421052631578947,3.4454209974565337,0.8083072133684794,0.0,213.8421052631579,103175.38157894737,263.42105263157896,0.0,0.0,0.0
298,74021308,Moscow,4,3,55.7245371,37.625444019985025,0.01222210620434094,5.5131578947368425,2.9399518887615574,0.7706714146540639,0.0,346.0,145617.2894736842,448.5921052631579,0.0,0.0,0.0
299,74221311,Novosibirsk,1,2,55.0288307,82.9226887,0.009837717382009377,2.0921052631578947,3.4194779098614134,0.7260279364816474,0.0,163.25,84585.81578947368,225.44736842105263,0.0,0.0,0.0
300,74021315,Astrakhan,4,0,46.3498308,48.0326203,0.004581944042171418,2.4473684210526314,3.493590531146047,0.7576054912644271,0.0,411.86842105263156,196110.90789473685,540.4473684210526,0.0,0.0,0.0
301,74021316,Ryazan,0,0,54.6295687,39.7425039,0.00960834326713135,1.7894736842105263,3.8337634721022362,0.7724002029267998,0.0,153.55263157894737,82493.21052631579,194.71052631578948,0.0,0.0,0.0
302,74021319,Chaykovsky,0,3,56.7787468,54.1500704,0.003467586465820696,0.8421052631578947,3.1821279398829234,0.6399992452457418,0.0,155.64473684210526,68341.6447368421,245.06578947368422,0.0,0.0,0.0
303,74021321,Moscow,4,3,55.7245371,37.625444019985025,0.012495934353487627,2.9210526315789473,3.000229476891937,0.6226758265476706,0.0,150.03947368421052,66244.23684210527,243.19736842105263,0.0,0.0,0.0
304,74021325,Saint Petersburg,4,3,59.9606739,30.1586551,0.014196640102104351,4.368421052631579,2.947240784195914,0.8040347446443609,0.0,251.23684210526315,110910.31578947368,312.7236842105263,0.0,0.0,0.0
305,74021327,Moscow,0,3,55.7245371,37.625444019985025,0.013150905297983666,3.526315789473684,3.0979301439636813,0.79256425035244,0.0,210.14473684210526,100002.40789473684,265.7236842105263,0.0,0.0,0.0
306,74021329,Moscow,0,3,55.7245371,37.625444019985025,0.015381096352721925,2.236842105263158,3.2795116784644467,0.7610501956518843,0.2631578947368421,109.97368421052632,53020.75,145.18421052631578,1.4078947368421053,0.07894736842105263,0.7763157894736842
307,74021333,Kingisepp,9,2,59.3743982,28.5981591,0.006603465107636385,1.6578947368421053,3.3489095339010855,0.734228933472037,0.0,193.26315789473685,102706.53947368421,261.85526315789474,0.0,0.0,0.0
308,74021334,Krasnodar,4,3,45.0351532,38.9772396,0.006950382716426129,3.1447368421052633,3.257677170963059,0.7001176998056929,0.0,316.2368421052632,142474.15789473685,464.7368421052632,0.0,0.0,0.0
309,74021335,Severodvinsk,5,4,64.563385,39.823769,0.011560634141366329,3.3947368421052633,3.102378201195929,0.8214634822637592,0.0,247.96052631578948,121969.21052631579,300.57894736842104,0.0,0.0,0.0
310,74021336,Krasnodar,4,4,45.0351532,38.9772396,0.004574472614771886,1.2105263157894737,3.8764565314256547,0.8195363149667938,0.0,221.46052631578948,134880.41333333333,267.2105263157895,0.0,0.0,0.0
311,74021337,Moscow,4,3,55.7245371,37.625444019985025,0.01396535527490673,5.328947368421052,3.095080953842556,0.7693474279898448,0.0,299.5263157894737,126106.32894736843,388.6842105263158,0.0,0.0,0.0
312,74021338,Moscow,0,0,55.7245371,37.625444019985025,0.010098931280333562,2.9473684210526314,2.934355576137131,0.8002858351762571,0.0,231.69736842105263,99472.75,290.44736842105266,0.0,0.0,0.0
313,74021341,Perm,0,3,58.014965,56.246723,0.012928348260159053,2.026315789473684,2.9075755444359914,0.7684387116044672,0.0,122.4342105263158,51720.17105263158,159.5,0.0,0.0,0.0
314,74021343,Kemerovo,0,0,55.3550907,86.0871213,0.00629201867487238,1.894736842105263,3.277351085828995,0.6718805379485724,0.0,209.69736842105263,108571.5,313.39473684210526,0.0,0.0,0.0
315,74021345,Krasnodar,4,3,45.0351532,38.9772396,0.008593909365797174,3.3421052631578947,3.6371563332651697,0.7544467265240328,0.0,296.80263157894734,167160.98684210525,393.5131578947368,0.0,0.0,0.0
316,74021346,Kemerovo,0,3,55.3550907,86.0871213,0.007260503043707855,2.25,3.550256630008094,0.7820784347238068,0.0,255.73684210526315,151402.82894736843,325.6842105263158,0.0,0.0,0.0
317,74021347,Moscow,4,3,55.7245371,37.625444019985025,0.014461480967699905,3.4342105263157894,3.1211874674689755,0.7921949391633094,0.0,191.46052631578948,86349.36842105263,242.10526315789474,0.0,0.0,0.0
318,74021350,Moscow,4,3,55.7245371,37.625444019985025,0.014846542235461061,6.328947368421052,2.9791086092094026,0.7067735816480053,0.0,300.7631578947368,129269.92105263157,426.57894736842104,0.0,0.0,0.0
319,74221348,Moscow Region,4,2,45.0262016,38.9713665,0.018457845681203414,4.684210526315789,4.032249634413764,0.8144479086378318,0.0,204.69736842105263,122721.3552631579,251.3815789473684,0.0,0.0,0.0
320,74021351,Oryol,0,3,52.968017149999994,36.09949941816104,0.00913528516580086,2.3289473684210527,3.0787287232157676,0.8238100393447885,0.0,213.18421052631578,86977.52631578948,257.86842105263156,0.0,0.0,0.0
321,74021352,Belgorod,4,2,50.5955595,36.5873394,0.026334355551707097,7.671052631578948,3.471778327500199,0.6925494005677157,0.0,205.53947368421052,108366.43421052632,295.1842105263158,0.0,0.0,0.0
322,74021353,Moscow,0,3,55.7245371,37.625444019985025,0.010915346913364496,9.31578947368421,2.888929683255957,0.7884913224699343,0.0,676.7631578947369,288230.9342105263,856.3421052631579,0.0,0.0,0.0
323,74021358,Kaliningrad,0,3,54.710128,20.5105838,0.01970021953054943,6.565789473684211,3.1494914843074002,0.6914607378189135,0.0,247.39473684210526,146725.57894736843,357.89473684210526,0.0,0.0,0.0
324,74021359,Moscow,4,0,55.7245371,37.625444019985025,0.012384048755825949,3.1184210526315788,3.2670781503296453,0.7679943943200943,0.0,194.53947368421052,86021.55263157895,252.30263157894737,0.0,0.0,0.0
325,74021360,Ulyanovsk,0,0,54.3150278,48.403373,0.00565369677910669,1.2105263157894737,3.3314877937805694,0.7507244862739003,0.0,175.64473684210526,90145.23684210527,232.3815789473684,0.0,0.0,0.0
326,74021361,Ulyanovsk,0,3,54.3150278,48.403373,0.008040312966382336,1.881578947368421,3.5905788747028695,0.7928444323704914,0.0,189.93421052631578,97139.6447368421,238.52631578947367,0.0,0.0,0.0
327,74021363,Moscow,4,3,55.7245371,37.625444019985025,0.00663711393488262,2.75,2.9217224816399336,0.8177884246679066,0.0,339.57894736842104,140001.23684210525,415.94736842105266,0.0,0.0,0.0
328,74021368,Vladivostok,0,0,43.1150678,131.8855768,0.009615861675300303,7.7631578947368425,3.4996730169443175,0.79095822803563,0.0,667.9868421052631,360046.3947368421,835.5657894736842,0.0,0.0,0.0
329,74021369,Khabarovsk,0,3,51.6312684,136.121524,0.011979842526118742,6.0131578947368425,4.0229870690556275,0.7361449592356658,0.0,382.5131578947368,238253.72368421053,523.0526315789474,0.0,0.0,0.0
330,74021370,Astrakhan,4,0,46.3498308,48.0326203,0.0040723820493935884,1.355263157894737,3.8099709127999173,0.8062593584661628,0.0,278.57894736842104,142719.42105263157,343.7105263157895,0.0,0.0,0.0
331,74021371,Kostroma,4,4,57.79648535,40.96933053522937,0.01173089813298148,4.315789473684211,3.3059445820934776,0.7984942345446611,0.0,305.7763157894737,142226.80263157896,382.55263157894734,0.0,0.0,0.0
332,74021374,Kazan,9,4,55.7823547,49.1242266,0.013100710954076753,2.6,3.2558401355424644,0.7537017309357682,0.0,155.4,81064.30666666667,205.48,0.0,0.0,0.0
333,74021375,Moscow,4,0,55.7245371,37.625444019985025,0.01259667267831837,7.25,2.7810963660562966,0.7791058228525558,0.0,451.94736842105266,182840.9605263158,577.7236842105264,0.0,0.0,0.0
334,74021377,Saint Petersburg,4,3,59.9606739,30.1586551,0.009382642334209722,2.9342105263157894,2.9921911615476886,0.7750845934932085,0.0,245.44736842105263,109262.40789473684,315.67105263157896,0.0,0.0,0.0
335,74021378,Saint Petersburg,4,3,59.9606739,30.1586551,0.013473304357178762,4.618421052631579,3.0713533670250794,0.7616611164772158,0.0,259.5657894736842,122077.57894736843,341.88157894736844,0.0,0.0,0.0
336,74021379,Saint Petersburg,4,2,59.9606739,30.1586551,0.010841402736277435,1.4605263157894737,3.8731736774166614,0.7612298596786631,0.0,105.76315789473684,59200.0,138.1578947368421,0.0,0.0,0.0
337,74021380,Saint Petersburg,4,3,59.9606739,30.1586551,0.013496933123220903,6.0,2.6864577668427283,0.8161788667972558,0.0,368.84722222222223,146692.55555555556,450.1666666666667,0.0,0.0,0.0
338,74021381,Saint Petersburg,4,3,59.9606739,30.1586551,0.011159317727335067,5.552631578947368,2.6948053491463253,0.8265047722576773,0.0,415.7894736842105,157018.75,502.89473684210526,0.0,0.0,0.0
339,74021382,Nizhny Novgorod,4,3,56.3264816,44.0051395,0.007413239403392342,5.342105263157895,2.873070751038732,0.7355183516257245,0.0,542.4736842105264,203127.93421052632,742.421052631579,0.0,0.0,0.0
340,74021383,Krasnodar,4,3,45.0351532,38.9772396,0.008393255664429711,1.105263157894737,3.2086782321234053,0.8250366947481527,0.0,108.02631578947368,50126.25,130.77631578947367,0.0,0.0,0.0
341,74021384,Korenovsk,7,3,45.4635863,39.4487565,0.005914373177387835,1.3421052631578947,3.6534133171330034,0.7529302827459837,0.0,182.51315789473685,117724.21052631579,242.69736842105263,0.0,0.0,0.0
342,74021385,Krasnodar,4,4,45.0351532,38.9772396,0.007438714303291034,5.434210526315789,3.5453329532635864,0.6371742793912227,0.0,468.82894736842104,234880.75,743.3026315789474,0.0,0.0,0.0
343,74021389,Kaluga,0,3,-2.4534465,17.8588846,0.014149248924278785,5.75,3.0735928044813976,0.753184819872415,0.0,308.94736842105266,128041.75,410.2105263157895,0.0,0.0,0.0
344,74021391,Irkutsk,6,0,56.6370122,104.719221,0.005509532247863965,2.5526315789473686,3.660136379962801,0.6268349016339289,0.0,303.7368421052632,190932.11842105264,488.9605263157895,0.0,0.0,0.0
345,74021392,Irkutsk,6,0,56.6370122,104.719221,0.007616320749544112,4.302631578947368,3.0233174200918222,0.7335090573155901,0.0,436.6842105263158,214085.3947368421,591.2894736842105,0.0,0.0,0.0
346,74021393,Irkutsk,6,0,56.6370122,104.719221,0.007561620267219731,4.368421052631579,3.659325482099811,0.6682500345242618,0.0,402.19736842105266,258083.18421052632,596.578947368421,0.0,0.0,0.0
347,74021394,Irkutsk,6,2,56.6370122,104.719221,0.008026458992108701,3.289473684210526,4.414025474594486,0.7195941724870774,0.0,298.2105263157895,224831.25,415.05263157894734,0.0,0.0,0.0
348,74021395,Angarsk,6,0,52.5443167,103.8882138,0.003942012002871495,1.8157894736842106,3.51579736339666,0.6067780415259122,0.0,287.89473684210526,174753.75,470.5,0.0,0.0,0.0
349,74021396,Irkutsk,6,0,56.6370122,104.719221,0.005610242042211752,1.868421052631579,3.1940984350053325,0.6686348238407585,0.0,225.4078947368421,127583.93421052632,339.5263157894737,0.0,0.0,0.0
350,74021397,Irkutsk,6,3,56.6370122,104.719221,0.006060091482561524,3.263157894736842,3.268320822260707,0.7384863909585616,0.0,406.38157894736844,213914.88157894736,549.1447368421053,0.0,0.0,0.0
351,74021398,Irkutsk,6,2,56.6370122,104.719221,0.006575157342458026,2.039473684210526,4.269653559456025,0.7495568837702903,0.0,250.6315789473684,198668.61842105264,333.9736842105263,0.0,0.0,0.0
352,74021399,Irkutsk,6,0,56.6370122,104.719221,0.009070792199746994,4.552631578947368,3.157646946896848,0.7070619198184362,0.0,331.9078947368421,174696.67105263157,462.85526315789474,0.0,0.0,0.0
353,74021400,Irkutsk,6,0,56.6370122,104.719221,0.007981737710913952,4.2631578947368425,3.2030577774366185,0.654512381865391,0.0,348.30263157894734,190002.32894736843,545.9473684210526,0.0,0.0,0.0
354,74021401,Irkutsk,6,3,56.6370122,104.719221,0.007452149625636901,2.460526315789474,2.8057754077718395,0.7127424437270758,0.0,243.8421052631579,115655.25,342.3421052631579,0.0,0.0,0.0
355,74021408,Blagoveshchensk,0,3,50.2600417,127.5337378,0.005114032503915963,3.973684210526316,3.913476119595211,0.7123695204870281,0.0,559.7236842105264,335511.7894736842,792.2763157894736,0.0,0.0,0.0
356,74021410,Vladimir,4,3,56.1288899,40.4075203,0.01015182885369956,2.763157894736842,3.2257666825813365,0.7105401100261318,0.0,202.77631578947367,87207.72368421052,284.64473684210526,0.0,0.0,0.0
357,74221414,Ekaterinburg,0,0,56.839104,60.60825,0.008926532500652277,2.539473684210526,2.675190477626424,0.7696989556932131,0.0,220.43421052631578,89582.48684210527,285.7105263157895,0.0,0.0,0.0
358,74221421,Ostrovtsy,4,2,55.5875047,38.0055483,0.021065420317785254,5.065789473684211,3.634597976559095,0.6387198171365369,0.0,152.80263157894737,84831.53947368421,239.75,0.0,0.0,0.0
359,74021424,Ivanovo,4,3,56.9984452,40.9737394,0.012897361277528352,6.355263157894737,3.0964867351584475,0.755075645527097,0.0,373.39473684210526,160860.01315789475,494.11842105263156,0.0,0.0,0.0
360,74221426,Istra,4,3,55.9145993,36.8595482,0.0058492540253567695,2.210526315789474,3.5449669864026903,0.8165817418935698,0.0,314.3157894736842,150826.47368421053,383.9342105263158,0.0,0.0,0.0
361,74021427,Penza,0,3,53.1937836,45.006741250609664,0.006629742124308946,2.1842105263157894,3.994233242269119,0.7255741444635282,0.0,244.53947368421052,134886.55263157896,335.4868421052632,0.0,0.0,0.0
362,74021428,Moscow,0,3,55.7245371,37.625444019985025,0.012130406696774378,5.5,3.019364339548133,0.7106335703968277,0.0,328.9736842105263,152583.11842105264,462.88157894736844,0.0,0.0,0.0
363,74021429,Makhachkala,4,3,42.9830241,47.5048717,0.0037751328647766267,0.9342105263157895,4.848441469825377,0.7048483861557782,0.0,181.96052631578948,116980.1447368421,257.0263157894737,0.0,0.0,0.0
364,74021432,Moscow,0,3,55.7245371,37.625444019985025,0.001297171381601538,1.513157894736842,2.7461968352895205,0.7234081738707924,0.0,844.6973684210526,357236.6081081081,1132.342105263158,0.0,0.0,0.0
365,74021433,Izhevsk,0,2,56.866557,53.2094166,0.007587744742035715,3.236842105263158,2.879578195470618,0.7380889851777347,0.631578947368421,312.63157894736844,119668.23684210527,427.2236842105263,4.381578947368421,0.10526315789473684,2.6184210526315788
366,74021434,Izhevsk,0,0,56.866557,53.2094166,0.004779713987444921,1.1578947368421053,3.4266518805961845,0.6981218567830423,0.0,176.77631578947367,86089.48684210527,254.64473684210526,0.0,0.0,0.0
367,74021435,Blagoveshchensk,0,2,50.2600417,127.5337378,0.007410696750045916,3.0657894736842106,4.567568410412239,0.6740175326496235,0.0,290.69736842105266,222551.05263157896,433.75,0.0,0.0,0.0
368,74021437,Yakutsk,8,0,62.0274078,129.7319787,0.004580252424098464,4.881578947368421,3.1485467593726084,0.38222477474820904,0.0,405.9736842105263,305494.7763157895,1136.6973684210527,0.0,0.0,0.0
369,74221439,Ekaterinburg,0,2,56.839104,60.60825,0.01593623566039348,2.8157894736842106,3.461285680278713,0.7478730933834941,0.0,130.73684210526315,74519.52631578948,173.1315789473684,0.0,0.0,0.0
370,74221440,Moscow,5,0,55.7245371,37.625444019985025,0.006738273243342692,3.1578947368421053,3.1652408286222635,0.6503597343271167,0.0,309.7894736842105,140664.25,477.14473684210526,0.0,0.0,0.0
371,74021443,Kropotkin,7,3,45.4344413,40.5750274,0.0037499828944287223,1.1842105263157894,3.943846101625117,0.6672495685053396,0.0,224.57894736842104,150773.07894736843,335.3421052631579,0.0,0.0,0.0
372,74221447,Krasnoyarsk,0,2,56.0090968,92.8725147,0.014337457579350513,4.618421052631579,3.465034652372051,0.7819802760161134,0.0,255.44736842105263,155085.19736842104,326.1842105263158,0.0,0.0,0.0
373,74221450,Ekaterinburg,0,3,56.839104,60.60825,0.015468606222943434,7.093333333333334,2.8248362744378346,0.7481624870672883,0.0,343.1333333333333,150066.09333333332,458.85333333333335,0.0,0.0,0.0
374,74021452,Moscow,4,3,55.7245371,37.625444019985025,0.009842772140537095,3.0,2.9648666034001185,0.7741019436565364,0.0,236.6578947368421,97974.47368421052,305.3421052631579,0.0,0.0,0.0
375,74021453,Smolensk,0,3,54.77897005,32.04718121915615,0.013427291373503453,4.7894736842105265,2.742571501044425,0.7678429229125504,0.0,281.7894736842105,102380.22368421052,366.2368421052632,0.0,0.0,0.0
376,74021457,Penza,0,0,53.1937836,45.006741250609664,0.005712654796541137,2.6578947368421053,3.5182807697801044,0.7385256719264748,0.0,352.30263157894734,171191.42105263157,470.9868421052632,0.0,0.0,0.0
377,74021458,Izhevsk,0,2,56.866557,53.2094166,0.005980242592694853,1.5657894736842106,3.301191610999059,0.7594037640946918,0.0,207.17105263157896,95749.25,274.4605263157895,0.0,0.0,0.0
378,74021460,Perm,0,3,58.014965,56.246723,0.010195574212103448,3.789473684210526,2.7345077574608347,0.6965076721404203,0.0,263.5263157894737,99722.0,382.7236842105263,0.0,0.0,0.0
379,74021461,Kostroma,4,0,57.79648535,40.96933053522937,0.009055348247486371,3.3815789473684212,3.29409846711024,0.7472482750276116,0.0,292.9736842105263,131466.51315789475,387.67105263157896,0.0,0.0,0.0
380,74021462,Bryansk,0,2,53.27896405,34.36589361201107,0.012081695696270758,1.7027027027027026,3.466275520228942,0.7033110479511061,0.0,94.0,48455.78378378379,133.16216216216216,0.0,0.0,0.0
381,74021463,Nizhny Novgorod,4,3,56.3264816,44.0051395,0.010016854575625645,3.0,3.329139559315378,0.7397300173203961,0.0,223.8684210526316,105139.34210526316,301.2368421052632,0.0,0.0,0.0
382,74021464,Kazan,9,3,55.7823547,49.1242266,0.010679841929265804,1.4736842105263157,2.7636933743968437,0.7805860148295762,0.0,108.0657894736842,47189.47368421053,138.39473684210526,0.0,0.0,0.0
383,74021465,Vyborg,9,3,60.709217,28.744051,0.006659597474152151,3.3157894736842106,2.9874131327974554,0.819437477317226,0.0,420.2631578947368,185393.27631578947,511.4868421052632,0.0,0.0,0.0
384,74021466,Maykop,7,3,44.6062079,40.104053,0.004114785892190556,1.1842105263157894,3.7486179598572047,0.753273687432519,0.0,215.96052631578948,143637.88157894736,286.60526315789474,0.0,0.0,0.0
385,74021469,Moscow,4,0,55.7245371,37.625444019985025,0.01042491832259173,5.135135135135135,2.9549526677287905,0.779630288506225,0.0,391.47297297297297,165358.7837837838,499.94594594594594,0.0,0.0,0.0
386,74021467,Arkhangelsk,5,3,64.543022,40.537121,0.00984889728571679,2.4078947368421053,3.015295938622639,0.8139556589197102,0.0,199.67105263157896,90232.97368421052,244.60526315789474,0.0,0.0,0.0
387,74021468,Moscow,4,0,55.7245371,37.625444019985025,0.015602776813288,1.6842105263157894,3.2667256600101555,0.7809386315298955,0.0,86.39473684210526,40190.67105263158,110.10526315789474,0.0,0.0,0.0
388,74021471,Moscow,4,3,55.7245371,37.625444019985025,0.005292277502221321,2.460526315789474,2.948559791031395,0.4532321444636915,0.0,208.27631578947367,85921.96052631579,469.69736842105266,0.0,0.0,0.0
389,74221474,Krasnoyarsk,0,2,56.0090968,92.8725147,0.015757379558976797,6.0131578947368425,3.0239630388605026,0.7109398867139435,0.0,268.7105263157895,133571.8947368421,376.75,0.0,0.0,0.0
390,74021480,Ukhta,5,3,63.5623797,53.6842376,0.005143323990995704,1.7763157894736843,3.479923392800798,0.7682204306519651,0.0,277.05263157894734,146590.6447368421,358.5394736842105,0.0,0.0,0.0
391,74021481,Syktyvkar,5,0,61.6685237,50.8352024,0.004230889986935083,1.263157894736842,2.9305461205498737,0.7454430393809087,0.0,231.6578947368421,95972.01333333334,310.85526315789474,0.0,0.0,0.0
392,74021483,Saratov,0,3,51.530018,46.034683,0.008608643359352476,3.1315789473684212,3.423451314330324,0.6386138603445667,0.0,244.02631578947367,115418.3552631579,381.1842105263158,0.0,0.0,0.0
393,74021484,Orenburg,4,3,51.7671248,55.0978517,0.008727508341834776,2.236842105263158,3.317221093571317,0.6711430238720757,0.0,173.72368421052633,83747.77333333333,252.82894736842104,0.0,0.0,0.0
394,74021485,Salavat,0,3,53.361687,55.924641,0.010369515234907542,5.605263157894737,3.8548092480502842,0.7310070953876762,0.0,404.13157894736844,224808.13157894736,550.2105263157895,0.0,0.0,0.0
395,74021487,Saratov,0,3,51.530018,46.034683,0.011978313702814054,4.368421052631579,2.9041789113637635,0.7300119654827268,0.0,269.35526315789474,107601.82894736843,369.9605263157895,0.0,0.0,0.0
396,74021491,Moscow,4,3,55.7245371,37.625444019985025,0.011474179479951522,2.710526315789474,3.232034818266344,0.7829180046996912,0.0,188.5,85302.09210526316,240.69736842105263,0.0,0.0,0.0
397,74021492,Saint Petersburg,4,0,59.9606739,30.1586551,0.011002664920828381,5.894736842105263,2.893773190629292,0.7484090987072531,0.0,416.11842105263156,177855.61842105264,551.6578947368421,0.0,0.0,0.0
398,74021493,Goryachy Klyuch,5,4,52.27615,104.908379,0.006571794422711722,1.7236842105263157,4.188473110230507,0.758121071495208,0.0,217.6578947368421,151523.17105263157,285.7368421052632,0.0,0.0,0.0
399,74021494,Saint Petersburg,0,3,59.9606739,30.1586551,0.010632012384583257,5.407894736842105,2.7744458082375196,0.7894588953179281,0.0,404.11842105263156,162104.57894736843,512.421052631579,0.0,0.0,0.0
400,74021495,Murmansk,5,0,68.970665,33.07497,0.0082552505252964,2.236842105263158,3.371294575277723,0.5360890252549533,0.0,144.82894736842104,88807.9054054054,267.8421052631579,0.0,0.0,0.0
401,74221499,Krasnoyarsk,0,3,56.0090968,92.8725147,0.016846933303251276,5.355263157894737,3.1506991835800844,0.7589106567182555,0.0,241.89473684210526,126394.38157894737,318.57894736842104,0.0,0.0,0.0
402,74021503,Moscow,4,3,55.7245371,37.625444019985025,0.010837921002639743,4.657894736842105,2.993103335869588,0.7630051026566863,0.0,328.5263157894737,142194.26315789475,429.8157894736842,0.0,0.0,0.0
403,74021505,Moscow,4,0,55.7245371,37.625444019985025,0.007981315169923878,3.6973684210526314,3.23214557153883,0.7557611045839361,0.0,348.9342105263158,163017.05263157896,461.9605263157895,0.0,0.0,0.0
404,74021506,Moscow,4,0,55.7245371,37.625444019985025,0.015794815970661052,2.6184210526315788,3.222783308662539,0.8266776508668551,0.0,138.9078947368421,67121.27631578948,168.06578947368422,0.0,0.0,0.0
405,74021508,Moscow,4,0,55.7245371,37.625444019985025,0.01574811989953344,7.118421052631579,2.944820813760159,0.7674058207273169,0.0,346.7105263157895,151074.17105263157,451.4342105263158,0.0,0.0,0.0
406,74021511,Elektrougli,0,3,55.7184467,38.2228192,0.013233456721932798,2.0789473684210527,3.727091105746031,0.7879297749488907,0.0,125.36842105263158,63110.38157894737,158.8815789473684,0.0,0.0,0.0
407,74021512,Kurovskoye,0,3,55.5771391,38.9225824,0.01065130501521253,2.8421052631578947,3.4583388552939804,0.7415327238165189,0.0,197.89473684210526,87049.71052631579,267.7763157894737,0.0,0.0,0.0
408,74021517,Tuchkovo,0,3,55.6014428,36.4662973,0.01570391852775178,2.8421052631578947,3.8553818820203456,0.7617325507096844,0.0,138.85526315789474,73759.81578947368,182.42105263157896,0.0,0.0,0.0
409,74021520,Pushchino,0,3,54.8347213,37.6139685,0.008299459735407988,1.6842105263157894,3.4890081023481785,0.6163202046381699,0.0,128.10526315789474,61624.52631578947,210.35526315789474,0.0,0.0,0.0
410,74021521,Sverdlovskiy,0,3,55.9016773,38.1397082,0.01394812556653506,3.513157894736842,3.5139323359575223,0.7190229614385848,0.0,183.75,90108.18421052632,254.96052631578948,0.0,0.0,0.0
411,74021526,Nahabino,0,3,55.8394789,37.1770987,0.011091596945242666,3.0789473684210527,3.4889605293689137,0.7418810775024278,0.0,206.32894736842104,101040.38157894737,277.7763157894737,0.0,0.0,0.0
412,74021527,Moscow,4,3,55.7245371,37.625444019985025,0.014507264206040394,9.157894736842104,3.2887450276019465,0.7648838654900816,0.0,491.14473684210526,230298.84210526315,641.171052631579,0.0,0.0,0.0
413,74021529,Rastunovo,0,3,55.2689235,37.8333619,0.011340153741792713,2.039473684210526,3.578934169139399,0.7179344476613402,0.0,127.40789473684211,67587.01315789473,177.23684210526315,0.0,0.0,0.0
414,74021531,Snegiri,0,3,55.8852215,37.0391707,0.012030455606277237,1.0921052631578947,3.6445534954102574,0.7358282764515495,0.0,65.71052631578948,34902.92092105263,89.25,0.0,0.0,0.0
415,74021532,Skolkovo,0,3,53.3193964,50.7457846,0.011548798104283975,1.8421052631578947,2.883281269245734,0.7683182713334789,0.0,120.78947368421052,48030.13157894737,155.93421052631578,0.0,0.0,0.0
416,74021533,Khimki,0,3,55.8917293,37.4396994,0.0143438246545882,1.644736842105263,3.484477715994356,0.6438685453819246,0.0,71.90789473684211,37096.04054054054,107.76315789473684,0.0,0.0,0.0
417,74021534,Balashikha,0,3,55.7997662,37.9373707,0.013242300502382962,3.026315789473684,3.2954783349569783,0.7295054416324559,0.0,168.3815789473684,74007.52631578948,231.1184210526316,0.0,0.0,0.0
418,74021535,Kaluga,0,4,-2.4534465,17.8588846,0.01709713869386757,3.513157894736842,3.731019407024096,0.7218424826873184,0.0,151.8684210526316,83630.67105263157,211.01315789473685,0.0,0.0,0.0
419,74021536,Pushkino,4,3,56.0104274,37.8461892,0.011282328458708581,4.157894736842105,3.51197093905195,0.8450556692552545,0.0,320.1842105263158,150330.13157894736,377.9605263157895,0.0,0.0,0.0
420,74021538,Pushkino,4,3,56.0104274,37.8461892,0.010440280473301677,6.881578947368421,3.2010706407353444,0.7504444691740211,0.0,500.25,216983.88157894736,668.3026315789474,0.0,0.0,0.0
421,74021543,Moscow,4,3,55.7245371,37.625444019985025,0.009346121940900235,4.0131578947368425,3.2789443795360014,0.7140709728928919,0.0,305.9605263157895,144080.32894736843,429.4605263157895,0.0,0.0,0.0
422,74021545,Saint Petersburg,4,3,59.9606739,30.1586551,0.014575170732944846,3.3289473684210527,3.1401707089475663,0.7728493544866167,0.0,175.94736842105263,87723.78947368421,227.48684210526315,0.0,0.0,0.0
423,74021540,Perm,0,0,58.014965,56.246723,0.009780582290131276,3.8157894736842106,2.839995229939331,0.7082400745676299,0.0,278.60526315789474,118304.51315789473,394.11842105263156,0.0,0.0,0.0
424,74021541,Moscow,4,3,55.7245371,37.625444019985025,0.010157265926717595,2.210526315789474,2.831094288234045,0.7574268084831154,0.0,160.30263157894737,63415.84210526316,210.68421052631578,0.0,0.0,0.0
425,74021542,Moscow,4,3,55.7245371,37.625444019985025,0.013593051125254154,2.223684210526316,3.105691427613309,0.7627707901120878,0.0,124.48684210526316,55342.27631578947,163.22368421052633,0.0,0.0,0.0
426,74021553,Vladimir,4,3,56.1288899,40.4075203,0.01035373683130044,4.197368421052632,3.1606604779384555,0.789462974569262,0.0,327.14473684210526,132782.30263157896,413.9342105263158,0.0,0.0,0.0
427,74021554,Ryazan,0,3,54.6295687,39.7425039,0.009711866426765798,3.9078947368421053,2.6447132042120374,0.7916883720707393,0.0,325.5263157894737,112751.15789473684,410.6842105263158,0.0,0.0,0.0
428,74021555,Ivanovo,4,3,56.9984452,40.9737394,0.006797692234592557,3.0526315789473686,3.5478162307439978,0.5223247480430896,0.0,240.1578947368421,121437.75,458.63157894736844,0.0,0.0,0.0
429,74021556,Tambov,0,0,52.7216164,41.4523988,0.008786805256858267,1.105263157894737,3.2290788850828394,0.7004372678024802,0.0,90.76315789473684,43129.96052631579,129.39473684210526,0.0,0.0,0.0
430,74021557,Aleksandrov,9,3,56.3962287,38.7111103,0.011259740262774143,4.026315789473684,3.8128472399562203,0.7563009359921442,0.0,278.7763157894737,151900.92105263157,368.5657894736842,0.0,0.0,0.0
431,74021558,Khabarovsk,0,0,51.6312684,136.121524,0.008173153396008015,5.171052631578948,3.721519738656368,0.7436124113877934,0.0,490.2894736842105,286655.7894736842,648.25,0.0,0.0,0.0
432,74021559,Vladivostok,0,3,43.1150678,131.8855768,0.01798314858933119,13.710526315789474,2.8484397268412875,0.7789000940734891,0.0,601.1447368421053,243537.1052631579,768.671052631579,0.0,0.0,0.0
433,74021560,Moscow,4,3,55.7245371,37.625444019985025,0.01388608385312043,3.4342105263157894,3.150333989702596,0.7195919121801508,0.0,177.71052631578948,78871.65789473684,254.22368421052633,0.0,0.0,0.0
434,74221563,Novosibirsk,1,3,55.0288307,82.9226887,0.006059353381378286,1.6973684210526316,3.4979749446177917,0.667227895516752,0.0,191.43421052631578,101378.72368421052,289.2763157894737,0.0,0.0,0.0
435,74221565,Omsk,9,3,54.991375,73.371529,0.011209067912122747,3.6973684210526314,3.490769932979657,0.7803840016930536,0.0,260.64473684210526,137666.94736842104,332.05263157894734,0.0,0.0,0.0
436,74021567,Chelyabinsk,9,0,55.1598408,61.4025547,0.007791520163745284,3.1052631578947367,2.957007297467765,0.6080198885418927,0.0,239.8421052631579,106962.92105263157,393.9736842105263,0.0,0.0,0.0
437,74021568,Yudino,0,3,55.8195479,48.897472,0.010527039382947167,1.5921052631578947,3.1212894690027078,0.7505664880522508,0.0,119.97368421052632,57165.38157894737,159.9078947368421,0.0,0.0,0.0
438,74321569,Tyumen,9,0,57.153534,65.542274,0.010757350863206816,3.4210526315789473,3.151420138961717,0.7431487379148853,0.0,243.10526315789474,117457.88157894737,325.14473684210526,0.0,0.0,0.0
439,74021571,Moscow,0,3,55.7245371,37.625444019985025,0.013376389726373762,2.460526315789474,3.3839694010136614,0.7440519490059482,0.0,140.6184210526316,65513.31578947369,189.68421052631578,0.0,0.0,0.0
440,74021572,Moscow,4,3,55.7245371,37.625444019985025,0.00833200732834188,5.894736842105263,2.535490504466626,0.8372114227577613,0.0,595.8421052631579,205437.90789473685,709.3552631578947,0.0,0.0,0.0
441,74021573,Moscow,4,2,55.7245371,37.625444019985025,0.014446866503730619,2.0657894736842106,3.319924838795048,0.7619137008241137,0.0,107.34210526315789,52601.81578947369,141.32894736842104,0.0,0.0,0.0
442,74021576,Gorki-10,0,3,55.704495,37.0239744,0.009607761094716626,1.144736842105263,3.5028153659130883,0.705801223667689,0.0,88.42105263157895,39911.73684210526,125.82894736842105,0.0,0.0,0.0
443,74021577,Mikhnevo,0,3,55.1212335,37.9584994,0.011871922785257383,1.618421052631579,3.4065476417754317,0.7318469206263774,0.0,102.21052631578948,47348.96052631579,139.51315789473685,0.0,0.0,0.0
444,74021580,Kovrov,4,3,56.374603,41.311676,0.010350056343786903,1.894736842105263,3.3380935221567882,0.7488076751402105,0.0,136.6315789473684,66672.97368421052,181.9078947368421,0.0,0.0,0.0
445,74021582,Perm,0,3,58.014965,56.246723,0.00782218543490957,1.9736842105263157,2.979726893208997,0.7515105522963005,0.0,200.3684210526316,85752.01315789473,267.5394736842105,0.0,0.0,0.0
446,74021583,Perm,0,3,58.014965,56.246723,0.012839986794244284,4.7368421052631575,2.9328192624592,0.7601972180833432,0.0,285.13157894736844,122538.23684210527,377.5131578947368,0.0,0.0,0.0
447,74021585,Vladikavkaz,4,2,43.024593,44.68211,0.00439697574192602,0.52,5.178012574753923,0.47284563409069164,0.0,55.86666666666667,46086.388059701494,117.52,0.0,0.0,0.0
448,74021588,Perm,0,2,58.014965,56.246723,0.0092779964324496,1.1842105263157894,3.8452401231094853,0.7440226602932865,0.0,95.21052631578948,59002.27631578947,128.93421052631578,0.0,0.0,0.0
449,74021591,Saint Petersburg,4,3,59.9606739,30.1586551,0.013534075296613247,5.776315789473684,2.855182457289395,0.7998845080383502,0.0,346.19736842105266,148286.88157894736,433.61842105263156,0.0,0.0,0.0
450,74021592,Yoshkar-Ola,4,3,56.6326996,47.8975847,0.01141008592186327,3.3289473684210527,3.3898142469317363,0.8052768638159463,0.0,244.3684210526316,117818.43421052632,302.14473684210526,0.0,0.0,0.0
451,74021593,Saint Petersburg,4,3,59.9606739,30.1586551,0.014416700396635208,4.868421052631579,2.7984735881118574,0.8337539226080568,0.0,287.5394736842105,107682.59210526316,346.86842105263156,0.0,0.0,0.0
452,74021594,Tikhvin,4,3,59.644323,33.5418624,0.005897197002744199,1.3289473684210527,3.7064829593037296,0.8156964052960426,0.0,192.28947368421052,100885.22368421052,235.10526315789474,0.0,0.0,0.0
453,74021595,Kazan,9,3,55.7823547,49.1242266,0.010001500466896062,3.6184210526315788,2.9344053798951237,0.8105525066966793,0.0,301.3421052631579,138690.09210526315,368.61842105263156,0.0,0.0,0.0
454,74021600,Artyom,0,3,43.3570377,132.1853629,0.0072952779412639055,5.118421052631579,3.951182982081222,0.7004960794668641,0.0,508.3157894736842,303534.69736842107,725.7894736842105,0.0,0.0,0.0
455,74021601,Khabarovsk,0,4,51.6312684,136.121524,0.011782053194957886,7.618421052631579,4.14589603659529,0.7301582391599983,0.0,476.7105263157895,318462.2631578947,650.0263157894736,0.0,0.0,0.0
456,74021604,Moscow,0,0,55.7245371,37.625444019985025,0.016124065877736227,8.644736842105264,3.159117319800862,0.7388827630170658,0.0,405.0394736842105,193806.43421052632,539.6184210526316,0.0,0.0,0.0
457,74021605,Moscow,0,3,55.7245371,37.625444019985025,0.016978772332082705,1.868421052631579,3.521849325655907,0.6868658585781018,0.0,75.63157894736842,40850.881447368425,110.53947368421052,0.0,0.0,0.0
458,74021607,Domodedovo,0,3,55.4368213,37.7680693,0.013208746571965904,1.1710526315789473,3.4352611288317787,0.7324100360072766,0.0,66.73684210526316,34150.55263157895,91.36842105263158,0.0,0.0,0.0
459,74021608,Purshevo,0,3,56.769699,28.677,0.013325191118577426,1.8289473684210527,3.564651396913926,0.7722572979324789,0.0,107.44736842105263,55771.03947368421,138.98684210526315,0.0,0.0,0.0
460,74021611,Moscow,0,0,55.7245371,37.625444019985025,0.00854108477583471,2.6710526315789473,3.118029417906424,0.8086637012238959,0.0,259.7894736842105,124208.13157894737,319.7894736842105,0.0,0.0,0.0
461,74021614,Astrakhan,4,4,46.3498308,48.0326203,0.008711982394896256,2.789473684210526,3.2911224272578155,0.7145031183183095,0.0,230.05263157894737,102622.40789473684,322.60526315789474,0.0,0.0,0.0
462,74021615,Astrakhan,4,3,46.3498308,48.0326203,0.005486687601376607,2.1842105263157894,2.911442186692362,0.7857119376790673,0.0,316.0,119201.84210526316,400.8421052631579,0.0,0.0,0.0
463,74021616,Astrakhan,4,0,46.3498308,48.0326203,0.00452796252339945,2.013157894736842,3.709031300904239,0.7996458496091087,0.0,366.35526315789474,175630.76315789475,456.3157894736842,0.0,0.0,0.0
464,74021617,Petushki,0,2,55.9310313,39.4599489,0.013502760001960337,1.6578947368421053,3.872262301043755,0.6928169887856728,0.0,87.01315789473684,52475.98052631579,125.03947368421052,0.0,0.0,0.0
465,74021618,Tambov,0,3,52.7216164,41.4523988,0.011797024474197412,2.9210526315789473,3.1067166558282393,0.7036358435439936,0.0,184.05263157894737,84356.28947368421,260.9868421052632,0.0,0.0,0.0
466,74021619,Ulyanovsk,0,3,54.3150278,48.403373,0.0055788834337966,1.0666666666666667,2.8319345332835395,0.7170173408323698,0.0,133.36,54611.746666666666,185.18666666666667,0.0,0.0,0.0
467,74021620,Ulyanovsk,0,3,54.3150278,48.403373,0.00957108448482357,1.2432432432432432,3.4575531035409726,0.6840585007444392,0.0,89.14864864864865,45073.24324324324,131.83783783783784,0.0,0.0,0.0
468,74021621,Stary Oskol,4,0,51.298038,37.833202,0.009025008656229403,2.539473684210526,3.469250200010374,0.6917575182243697,0.0,213.51315789473685,110203.98684210527,307.5394736842105,0.0,0.0,0.0
469,74021624,Gorno-Altaysk,0,0,51.92989145,85.97886806711134,0.0027232995202559093,0.6973684210526315,3.12891099163475,0.7209685709048003,0.0,187.68421052631578,116674.46052631579,259.80263157894734,0.0,0.0,0.0
470,74321626,Kurgan,9,0,55.41284775,65.38521650075313,0.0038412744501834183,1.236842105263158,3.319936323781016,0.7125216257649947,0.0,234.43421052631578,116160.76315789473,323.57894736842104,0.0,0.0,0.0
471,74321627,Omsk,9,3,54.991375,73.371529,0.010668190190434612,4.7894736842105265,2.8883928121593043,0.6973788285171154,0.0,326.88157894736844,131747.72368421053,469.4342105263158,0.0,0.0,0.0
472,74021627,Moscow,4,3,55.7245371,37.625444019985025,0.01368999543547652,1.855263157894737,3.362795954707976,0.7749587457611488,0.0,102.76315789473684,49702.84210526316,132.92105263157896,0.0,0.0,0.0
473,74321628,Lobnya,4,4,56.0104473,37.4670831,0.011657940670283688,2.0789473684210527,3.907943581763601,0.753814111549781,0.0,138.07894736842104,78939.47368421052,183.0921052631579,0.0,0.0,0.0
474,74321629,Shchyolkovo,4,4,55.9206499,37.9915576,0.017851361705066394,6.7105263157894735,3.5126854223362285,0.7582035938752174,0.0,291.5657894736842,140923.80263157896,384.19736842105266,0.0,0.0,0.0
475,74021634,Moscow,0,3,55.7245371,37.625444019985025,0.008347169895207956,4.026315789473684,2.53441189424976,0.8436964765610713,0.0,408.75,145206.84210526315,483.42105263157896,0.0,0.0,0.0
476,74021635,Yakutsk,8,2,62.0274078,129.7319787,0.011025538009580888,5.631578947368421,3.979155605381671,0.6530028447136325,0.0,341.5,350460.5394736842,525.2894736842105,0.0,0.0,0.0
477,74021636,Moscow,4,4,55.7245371,37.625444019985025,0.008996693312687112,0.8421052631578947,3.4380570212896604,0.7633443366558681,0.0,75.69736842105263,37914.93421052631,98.78947368421052,0.0,0.0,0.0
478,74021637,Krasnodar,4,4,45.0351532,38.9772396,0.008105352495063346,2.8157894736842106,3.386928699989759,0.7257204704021187,0.0,265.69736842105266,128495.47368421052,370.60526315789474,0.0,0.0,0.0
479,74021638,Saint Petersburg,4,3,59.9606739,30.1586551,0.013919482869634394,4.947368421052632,3.2734332972843174,0.823656409859125,0.0,303.60526315789474,145499.2894736842,368.4605263157895,0.0,0.0,0.0
480,74021639,Cheboksary,4,3,56.1307195,47.2449597,0.013838519947881692,4.216216216216216,3.1949490448378204,0.7158448102188207,0.2972972972972973,229.74324324324326,111223.21621621621,321.8783783783784,1.837837837837838,0.02702702702702703,1.054054054054054
481,74021640,Saint Petersburg,4,3,59.9606739,30.1586551,0.022210248763174557,10.31578947368421,3.073755157552054,0.8633066397393204,0.0,398.9868421052632,175313.8947368421,461.4078947368421,0.0,0.0,0.0
482,74009310,Saint Petersburg,0,3,59.9606739,30.1586551,0.01071406302438161,8.342105263157896,2.8024099620727267,0.7513279555510244,0.0,588.6973684210526,236561.75,781.578947368421,0.0,0.0,0.0
483,74011239,Saint Petersburg,4,3,59.9606739,30.1586551,0.014950261063916209,12.56578947368421,2.790139390601139,0.7346342453992428,0.0,620.5263157894736,245502.05263157896,850.078947368421,0.0,0.0,0.0
484,74011885,Moscow,4,0,55.7245371,37.625444019985025,0.009865356177276975,3.3289473684210527,3.834390192526435,0.6142062800262562,0.0,207.5921052631579,116767.78947368421,341.25,0.0,0.0,0.0
485,74012019,Saint Petersburg,4,0,59.9606739,30.1586551,0.011357812163040635,2.8684210526315788,2.9428343374282133,0.7785353341688629,0.0,198.3815789473684,85965.25,254.32894736842104,0.0,0.0,0.0
486,74012022,Saint Petersburg,4,0,59.9606739,30.1586551,0.00774849161202059,4.328947368421052,2.8956959232595723,0.759580306602043,0.0,421.42105263157896,175197.8947368421,553.4078947368421,0.0,0.0,0.0
487,74012107,Saint Petersburg,4,3,59.9606739,30.1586551,0.01304135083340789,17.013157894736842,2.6978211763788327,0.752868523434567,0.0,990.1842105263158,371445.7368421053,1315.5526315789473,0.0,0.0,0.0
488,74012184,Saint Petersburg,4,0,59.9606739,30.1586551,0.009949792959274117,3.1973684210526314,2.9473769544418196,0.7652772081452418,0.0,255.72368421052633,110934.59210526316,333.0657894736842,0.0,0.0,0.0
489,74012185,Saint Petersburg,4,0,59.9606739,30.1586551,0.008105055682551841,4.605263157894737,2.9652283372322428,0.8443291542025934,0.0,484.57894736842104,214388.0394736842,572.6578947368421,0.0,0.0,0.0
490,74012833,Saint Petersburg,4,0,59.9606739,30.1586551,0.012031439424780879,3.3026315789473686,2.775188957927037,0.8232174004762529,0.0,226.4078947368421,87006.57894736843,274.67105263157896,0.0,0.0,0.0
491,74012966,Saint Petersburg,4,2,59.9606739,30.1586551,0.010668799954273481,4.2631578947368425,3.333111158098697,0.7390143763460909,0.0,295.9736842105263,149707.97368421053,400.13157894736844,0.0,0.0,0.0
492,74013222,Saint Petersburg,4,0,59.9606739,30.1586551,0.007799390660748057,4.118421052631579,3.1542409273463266,0.7429031200811661,0.0,411.4342105263158,174985.27631578947,550.25,0.0,0.0,0.0
493,74020414,Moscow,4,0,55.7245371,37.625444019985025,0.01418169527677171,7.644736842105263,3.276004309098114,0.7381848708467432,0.0,394.7631578947368,188893.97368421053,534.5,0.0,0.0,0.0
494,74020404,Kazan,9,0,55.7823547,49.1242266,0.005877138263244074,1.8421052631578947,3.200932677574113,0.6233102990272745,0.0,201.48684210526315,105288.17105263157,322.7631578947368,0.0,0.0,0.0
495,74013315,Moscow,4,3,55.7245371,37.625444019985025,0.012317038832338742,4.9605263157894735,3.0029615462827532,0.7520734803311554,0.0,312.11842105263156,144431.19736842104,414.10526315789474,0.0,0.0,0.0
496,74013316,Moscow,4,0,55.7245371,37.625444019985025,0.011373317477427666,1.9473684210526316,2.8165936879465363,0.7865992679230839,0.0,139.72368421052633,59733.11842105263,179.3815789473684,0.0,0.0,0.0
497,74013317,Moscow,4,0,55.7245371,37.625444019985025,0.01302583339531109,6.026315789473684,2.811389879378241,0.7537404116463432,0.0,349.17105263157896,147155.81578947368,464.89473684210526,0.0,0.0,0.0
498,74013318,Moscow,4,3,55.7245371,37.625444019985025,0.01686271857196251,8.539473684210526,2.8170574593385522,0.7488154852598736,0.0,383.4736842105263,155288.90789473685,514.4473684210526,0.0,0.0,0.0
499,74013320,Moscow,4,0,55.7245371,37.625444019985025,0.007018809500516141,1.0921052631578947,2.822305167625395,0.7320423338662212,0.0,107.4342105263158,43619.42105263158,145.69736842105263,0.0,0.0,0.0
500,74013323,Moscow,4,3,55.7245371,37.625444019985025,0.01005540507655793,7.355263157894737,2.874916434032551,0.7917262546959335,0.0,583.4078947368421,233486.30263157896,734.2763157894736,0.0,0.0,0.0
501,74013324,Khimki,4,3,55.8917293,37.4396994,0.014012348771232367,2.6052631578947367,3.3983641637305944,0.7594872278393797,0.0,139.73684210526315,69410.84210526316,183.73684210526315,0.0,0.0,0.0
502,74013325,Moscow,4,0,55.7245371,37.625444019985025,0.009456532807933673,0.8421052631578947,3.5975518515182974,0.7139037690470023,0.0,75.5657894736842,38660.23684210526,104.15789473684211,0.0,0.0,0.0
503,74013336,Kaluga,0,3,-2.4534465,17.8588846,0.015219832889452944,6.434210526315789,3.342224868034919,0.6998766646747873,0.0,299.61842105263156,142061.86842105264,426.86842105263156,0.0,0.0,0.0
504,74013406,Saint Petersburg,4,0,59.9606739,30.1586551,0.013648269401084498,2.8026315789473686,2.9549199911053186,0.7219263233482633,0.0,150.1578947368421,65470.15789473684,206.64473684210526,0.0,0.0,0.0
505,74013410,Moscow,4,0,55.7245371,37.625444019985025,0.013732570318841581,2.263157894736842,2.9929462160583444,0.7284845654952221,0.0,118.52631578947368,54624.94666666666,161.55263157894737,0.0,0.0,0.0
506,74013411,Moscow,4,0,55.7245371,37.625444019985025,0.009319440276821696,1.5263157894736843,3.220592520756095,0.6995145018785405,0.0,112.97368421052632,54196.605633802814,151.75,0.0,0.0,0.0
507,74013412,Moscow Region,0,3,45.0262016,38.9713665,0.007207891927619466,2.7733333333333334,3.840265828731908,0.8583704941946984,0.0,341.82666666666665,199385.9476,396.6533333333333,0.0,0.0,0.0
508,74013415,Moscow,4,0,55.7245371,37.625444019985025,0.00938652503485805,4.631578947368421,3.194957224106246,0.6918660634980504,0.0,351.7368421052632,166478.42105263157,512.3157894736842,0.0,0.0,0.0
509,74020424,Moscow,0,3,55.7245371,37.625444019985025,0.011245441188777242,4.684210526315789,2.3905881960133915,0.7859026816612343,0.0,330.7105263157895,116387.92105263157,419.5657894736842,0.0,0.0,0.0
510,74013755,Saint Petersburg,4,0,59.9606739,30.1586551,0.012458222715382635,4.2368421052631575,2.8983802539690906,0.7244257306863591,0.0,257.0263157894737,107976.98684210527,358.2368421052632,0.0,0.0,0.0
511,74013948,Saint Petersburg,4,0,59.9606739,30.1586551,0.008099905610514204,2.5789473684210527,3.2809455950092077,0.7237810525641969,0.0,239.94736842105263,113425.6052631579,326.9342105263158,0.0,0.0,0.0
512,74015252,Izhevsk,0,3,56.866557,53.2094166,0.006609648922831307,1.605263157894737,2.962280235961052,0.7317706679254063,0.0,181.71052631578948,72381.86842105263,248.48684210526315,0.0,0.0,0.0
513,74014085,Moscow,0,0,55.7245371,37.625444019985025,0.012261453317375218,2.8157894736842106,3.088867566081722,0.7454924671926392,0.0,169.02631578947367,76064.02631578948,226.6315789473684,0.0,0.0,0.0
514,74014122,Moscow,4,0,55.7245371,37.625444019985025,0.010375751790547585,2.986842105263158,2.6242495457602537,0.7507882116205229,0.0,207.73684210526315,75221.5,276.25,0.0,0.0,0.0
515,74014457,Aksay,4,0,47.268696,39.861362,0.01191073368368546,3.0789473684210527,4.287476747003819,0.6404952901587337,0.0,157.35526315789474,106696.44,248.93421052631578,0.0,0.0,0.0
516,74014706,Saint Petersburg,4,3,59.9606739,30.1586551,0.013679455247029374,6.578947368421052,3.082025545991043,0.8128046824462261,0.0,395.4605263157895,187654.72368421053,486.44736842105266,0.0,0.0,0.0
517,74014946,Saint Petersburg,4,2,59.9606739,30.1586551,0.011922095052483017,3.5526315789473686,3.453271469532466,0.7396945424259702,0.0,216.67105263157896,109808.0,293.61842105263156,0.0,0.0,0.0
518,74014994,Saint Petersburg,4,0,59.9606739,30.1586551,0.010259896988320178,3.6578947368421053,2.781465080973129,0.7099155019150757,0.0,250.80263157894737,98929.69736842105,351.4605263157895,0.0,0.0,0.0
519,74015173,Ufa,0,3,54.7261409,55.947499,0.010247280559574697,3.75,2.575885199491811,0.7067704163033687,0.0,267.13157894736844,95804.32894736843,376.5131578947368,0.0,0.0,0.0
520,74015174,Stavropol,4,3,44.8632577,43.4406913,0.009279977628734544,2.486842105263158,3.5321203104138186,0.7968059926221932,0.0,217.72368421052633,108610.75,268.7631578947368,0.0,0.0,0.0
521,74013982,Izhevsk,0,3,56.866557,53.2094166,0.008589116579216455,1.5,2.8316675250545273,0.8423444526596056,0.0,151.71621621621622,58276.55405405405,179.40540540540542,0.0,0.0,0.0
522,74015266,Saint Petersburg,4,0,59.9606739,30.1586551,0.00937149203807504,1.894736842105263,3.003323607803562,0.7466764950152558,0.0,154.6184210526316,65428.0,205.19736842105263,0.0,0.0,0.0
523,74015477,Moscow,0,0,55.7245371,37.625444019985025,0.010511771434150788,3.513157894736842,3.2248395140342923,0.7410628526532685,0.0,249.8421052631579,119735.6447368421,336.7631578947368,0.0,0.0,0.0
524,74015705,Ufa,0,0,54.7261409,55.947499,0.009706495512049055,3.210526315789474,2.975419185469002,0.749924300997559,0.0,252.75,107087.42105263157,335.5394736842105,0.0,0.0,0.0
525,74015748,Saint Petersburg,4,0,59.9606739,30.1586551,0.01215320667982518,5.144736842105263,3.129217292377243,0.7909627806176737,0.0,339.35526315789474,156093.13157894736,424.63157894736844,0.0,0.0,0.0
526,74015749,Saint Petersburg,4,0,59.9606739,30.1586551,0.004896776043209678,0.6197183098591549,2.733033096517443,0.6932785229665147,0.0,87.69014084507042,36607.84848484849,112.64788732394366,0.0,0.0,0.0
527,74015796,Saratov,0,3,51.530018,46.034683,0.012700762313598133,6.881578947368421,2.822605362387985,0.7487358489664009,0.0,410.80263157894734,159892.93421052632,545.6842105263158,0.0,0.0,0.0
528,74015983,Elektrostal,4,0,55.7903785,38.4405711,0.01215916294529288,1.3066666666666666,3.636267778959494,0.7851633436044331,0.0,103.34666666666666,53901.76,127.14666666666666,0.0,0.0,0.0
529,74016068,Saint Petersburg,4,3,59.9606739,30.1586551,0.013416117788963521,6.96,2.946421611599792,0.7870589114003136,0.0,412.14666666666665,179115.41333333333,522.2666666666667,0.0,0.0,0.0
530,74016847,Saint Petersburg,4,3,59.9606739,30.1586551,0.013133740042168012,11.618421052631579,2.6774493953793397,0.7326995295791925,0.0,649.9605263157895,261322.1052631579,888.4736842105264,0.0,0.0,0.0
531,74017259,Rostov-na-Donu,4,3,47.2216548,39.7096061,0.012185990986847124,8.213333333333333,3.0640752501438078,0.7239902051111611,0.0,487.68,214521.4,678.8933333333333,0.0,0.0,0.0
532,74019201,Izhevsk,0,0,56.866557,53.2094166,0.006370227326340436,1.2903225806451613,2.88845181015798,0.7161972762643505,0.0,141.61290322580646,57897.24590163935,194.1451612903226,0.0,0.0,0.0
533,74019904,Moscow,0,0,55.7245371,37.625444019985025,0.012890217450705307,3.6052631578947367,2.9566527181549715,0.7714549418615831,0.0,217.46052631578948,90960.94736842105,282.55263157894734,0.0,0.0,0.0
534,74020322,Saint Petersburg,0,0,59.9606739,30.1586551,0.00756290245266821,9.855263157894736,3.0017607354114237,0.819211775437903,0.0,1091.2894736842106,453384.94736842107,1326.75,0.0,0.0,0.0
535,74020323,Saratov,0,0,51.530018,46.034683,0.007162485585413347,4.526315789473684,3.0201307618659374,0.7283187097995588,0.0,478.5131578947368,194905.31578947368,655.1447368421053,0.0,0.0,0.0
536,74020379,Saint Petersburg,4,0,59.9606739,30.1586551,0.01003149637877275,3.986842105263158,3.1337971193445116,0.7807579375432155,0.0,330.92105263157896,156227.57894736843,414.17105263157896,0.0,0.0,0.0
537,74020392,Saint Petersburg,4,0,59.9606739,30.1586551,0.008921777791960454,2.9210526315789473,3.4169305843655624,0.7540241906120877,0.0,270.67105263157896,129332.48684210527,347.4736842105263,0.0,0.0,0.0
538,74020429,Khimki,4,3,55.8917293,37.4396994,0.009667034151029,6.605263157894737,2.989172656800526,0.7796869496592514,0.0,533.8421052631579,214812.07894736843,685.7105263157895,0.0,0.0,0.0
539,74020415,Moscow,4,2,55.7245371,37.625444019985025,0.01584436508388425,4.184210526315789,3.455629020048535,0.7445071058123183,0.0,194.71052631578948,95899.3552631579,261.9736842105263,0.0,0.0,0.0
540,74020431,Saint Petersburg,4,0,59.9606739,30.1586551,0.006101760656905311,1.6842105263157894,2.797684230448849,0.6372692062462285,0.0,176.14473684210526,75112.89333333333,275.2105263157895,0.0,0.0,0.0
541,74020432,Moscow,4,4,55.7245371,37.625444019985025,0.014686118868522008,2.7,3.4482882867441598,0.7619497212879394,0.0,143.775,71692.075,187.575,0.0,0.0,0.0
542,74020443,Kazan,9,3,55.7823547,49.1242266,0.009200805192980901,3.6842105263157894,2.800485047591005,0.7880943591688024,0.0,310.7894736842105,140147.23684210525,393.5394736842105,0.0,0.0,0.0
543,74020444,Moscow,4,0,55.7245371,37.625444019985025,0.009381991067022002,3.8421052631578947,3.193874955526103,0.7000331270683203,0.0,291.7368421052632,137331.34210526315,417.14473684210526,0.0,0.0,0.0
544,74020377,Saint Petersburg,4,0,59.9606739,30.1586551,0.010001849861658144,2.3552631578947367,2.5636378192913813,0.7589250996473565,0.0,178.02631578947367,68348.59210526316,234.5921052631579,0.0,0.0,0.0
545,74020376,Saint Petersburg,4,4,59.9606739,30.1586551,0.010689742932834576,3.3289473684210527,3.8690585454245694,0.7741829139884637,0.0,245.71052631578948,145480.77631578947,316.67105263157896,0.0,0.0,0.0
546,74020375,Moscow,4,0,55.7245371,37.625444019985025,0.012655207099183566,6.434210526315789,3.6439679919879278,0.6829601616344799,0.0,361.7763157894737,198763.72368421053,527.8421052631579,0.0,0.0,0.0
547,74020378,Ufa,0,0,54.7261409,55.947499,0.007873936924255061,4.5131578947368425,3.4395317220853836,0.6460542447638344,0.0,374.6578947368421,206717.88157894736,578.9605263157895,0.0,0.0,0.0
548,74020381,Moscow,4,0,55.7245371,37.625444019985025,0.009256330557614939,1.9078947368421053,2.7288150577514343,0.7221404488796697,0.0,148.30263157894737,63622.23684210526,205.3421052631579,0.0,0.0,0.0
549,74020385,Izhevsk,0,3,56.866557,53.2094166,0.004595362891370282,1.763157894736842,3.3141195814358926,0.6553850796613642,0.0,257.2763157894737,119761.56578947368,400.2236842105263,0.0,0.0,0.0
550,74020387,Saratov,0,0,51.530018,46.034683,0.007388623070791404,2.8289473684210527,3.9855487670939147,0.7034654151424291,0.0,285.5921052631579,160723.3947368421,397.5394736842105,0.0,0.0,0.0
551,74020391,Moscow,4,0,55.7245371,37.625444019985025,0.011226282531814721,2.6578947368421053,3.2011262812159877,0.7616960345843887,0.0,188.85526315789474,90817.76315789473,248.14473684210526,0.0,0.0,0.0
552,74020395,Ufa,0,3,54.7261409,55.947499,0.011783708877712842,8.486842105263158,2.9363464357038027,0.7145261203565066,0.0,512.9342105263158,209924.61842105264,718.1052631578947,0.0,0.0,0.0
553,74020398,Saint Petersburg,4,2,59.9606739,30.1586551,0.009371696493775682,1.7105263157894737,3.1291607621083144,0.7814845228432505,0.0,142.19736842105263,65306.31578947369,181.78947368421052,0.0,0.0,0.0
554,74020402,Nizhny Novgorod,4,0,56.3264816,44.0051395,0.00889014550713395,2.6315789473684212,3.318786701874945,0.8074789577910111,0.0,248.6315789473684,121267.93421052632,302.19736842105266,0.0,0.0,0.0
555,74020400,Magnitogorsk,9,3,53.42568665,59.050732193093054,0.0077761222181968945,1.75,3.550382595532126,0.7321804785314944,0.0,177.85526315789474,101010.82894736843,239.73684210526315,0.0,0.0,0.0
556,74020418,Khimki,0,2,55.8917293,37.4396994,0.012486889149689376,5.25,3.233124069160604,0.5146902581655951,0.0,211.60526315789474,98081.07894736843,461.14473684210526,0.0,0.0,0.0
557,74020419,Moscow Region,0,2,45.0262016,38.9713665,0.02242600628336537,4.7105263157894735,3.953706437109662,0.7414413971961837,0.0,157.8684210526316,94364.51315789473,210.21052631578948,0.0,0.0,0.0
558,74020463,Moscow,0,3,55.7245371,37.625444019985025,0.013397950688484931,14.526315789473685,3.425153941874435,0.5787928191794863,0.0,648.1052631578947,327825.5263157895,1142.3947368421052,0.0,0.0,0.0
559,74020473,Moscow,4,2,55.7245371,37.625444019985025,0.012608264136083727,6.095238095238095,3.845355560358651,0.41022400941851117,0.0,197.9047619047619,177518.0,327.0952380952381,0.0,0.0,0.0
560,74020487,Surgut,0,3,61.254032,73.3964,0.010491944355359396,5.276315789473684,3.576280906106173,0.7419838104228239,0.0,387.2631578947368,221092.11842105264,521.6315789473684,0.0,0.0,0.0
561,74020490,Balashikha,0,2,55.7997662,37.9373707,0.0165380804208614,3.4210526315789473,3.362169317328492,0.717141515295562,0.0,148.5,73488.3947368421,206.32894736842104,0.0,0.0,0.0
562,74020492,Moscow,0,0,55.7245371,37.625444019985025,0.011842719594296974,11.013157894736842,3.28450378212413,0.8135687153379049,0.0,779.6842105263158,374422.2631578947,953.578947368421,0.0,0.0,0.0
563,74020506,Lyubertsy,0,3,55.6783142,37.89377,0.014292859447781733,6.9605263157894735,3.243279356515261,0.7127937442922248,0.0,350.4078947368421,169286.97368421053,494.7105263157895,0.0,0.0,0.0
564,74020578,Moscow,0,0,55.7245371,37.625444019985025,0.013792939453164963,5.75,3.06303985274741,0.8033877495866042,0.0,339.42105263157896,151865.72368421053,422.4868421052632,0.0,0.0,0.0
565,74020587,Krasnoznamensk,0,2,55.59225895,37.0560380034087,0.021619090081833325,5.723684210526316,3.8492014662234624,0.7670807612626083,0.27631578947368424,203.27631578947367,114285.30263157895,264.25,2.986842105263158,0.13157894736842105,1.6842105263157894
566,74020597,Surgut,0,2,61.254032,73.3964,0.013375621778133997,5.526315789473684,3.7680036851350542,0.7222755297556679,0.0,305.57894736842104,194783.88157894736,419.13157894736844,0.0,0.0,0.0
567,74020608,Nizhnevartovsk,0,0,60.9391866,76.55117870683605,0.007779188817951848,3.6842105263157894,3.4817063275478395,0.7393556754163239,0.0,375.11842105263156,209613.65789473685,504.14473684210526,0.0,0.0,0.0
568,74020609,Nizhnevartovsk,0,3,60.9391866,76.55117870683605,0.015913735512238018,3.6710526315789473,4.297504196749519,0.7890700278053072,0.0,182.1315789473684,135188.52631578947,229.53947368421052,0.0,0.0,0.0
569,74020610,Nizhnevartovsk,0,3,60.9391866,76.55117870683605,0.013370456429659172,4.131578947368421,3.732354400892071,0.7225949060123636,0.0,230.72368421052633,140099.17105263157,316.82894736842104,0.0,0.0,0.0
570,74020631,Hanty-Mansiysk,0,3,61.8793428,68.6418156,0.01725959533799847,7.157894736842105,3.355574550093612,0.768024550871042,0.0,329.6842105263158,184440.57894736843,427.32894736842104,0.0,0.0,0.0
571,74020704,Surgut,0,2,61.254032,73.3964,0.010246476301610167,5.2105263157894735,4.064951490372198,0.6925025468899515,0.0,353.80263157894734,242179.57894736843,507.7105263157895,0.0,0.0,0.0
572,74020706,Moscow,0,0,55.7245371,37.625444019985025,0.016498422942751785,6.802631578947368,3.1230181791593816,0.7682885721779291,0.0,317.8157894736842,146041.72368421053,414.25,0.0,0.0,0.0
573,74020735,Nefteyugansk,0,3,61.0962043,72.6111908351568,0.01499097141798047,5.0,3.5552419157457447,0.6800656354070616,0.0,221.55263157894737,126232.82894736843,322.9342105263158,0.0,0.0,0.0
574,74020811,Nizhnevartovsk,0,0,60.9391866,76.55117870683605,0.012540491172949138,4.907894736842105,3.6967141381636597,0.7682137224484017,0.0,327.9868421052632,198488.44736842104,421.55263157894734,0.0,0.0,0.0
575,74020860,Pushkino,0,2,56.0104274,37.8461892,0.02231698962364332,4.565789473684211,4.322525772169774,0.7582456184444378,0.0,156.23684210526315,103436.11842105263,205.46052631578948,0.0,0.0,0.0
576,74020876,Moscow,0,0,55.7245371,37.625444019985025,0.012199402671669982,7.131578947368421,3.03812836527124,0.7398740697370005,0.0,433.3421052631579,193507.98684210525,584.7763157894736,0.0,0.0,0.0
577,74020906,Kogalym,0,0,62.26798,74.4889068,0.010458448787827866,4.7631578947368425,4.547972629171218,0.7255253885162539,0.0,351.13157894736844,255102.52631578947,477.67105263157896,0.0,0.0,0.0
578,74020908,Shakhovskaya,0,3,56.031464,35.5102036,0.008367439103276779,1.4210526315789473,4.153139301340334,0.7643172204005776,0.0,131.94736842105263,69748.0,171.4078947368421,0.0,0.0,0.0
579,74021058,Perm,0,3,58.014965,56.246723,0.009389909383761646,4.026315789473684,3.1165668180239736,0.7680810528079525,0.0,332.0394736842105,153109.38157894736,432.4736842105263,0.0,0.0,0.0
580,74021064,Kubinka,0,3,50.104990900000004,19.696623901004465,0.01045668186964436,3.723684210526316,3.68380448723699,0.7862760107112913,0.0,288.5657894736842,147461.8947368421,367.2236842105263,0.0,0.0,0.0
581,74021081,Moscow,0,0,55.7245371,37.625444019985025,0.018071384652979867,6.184210526315789,3.1271725211484727,0.779536067249745,0.0,279.55263157894734,130697.5,356.64473684210526,0.0,0.0,0.0
582,74021137,Lukhovitsy,0,3,54.9655573,39.0277188,0.00827400480167439,1.144736842105263,3.421534710883647,0.7778117353260946,0.0,107.55263157894737,47264.07894736842,138.60526315789474,0.0,0.0,0.0
583,74021140,Moscow,0,3,55.7245371,37.625444019985025,0.011918679746055214,4.901408450704225,3.0708804710514412,0.787963722663349,0.0,329.22535211267603,148430.5633802817,417.50704225352115,0.0,0.0,0.0
584,74021154,Nyagan,0,0,62.1445646,65.4349289,0.010760699841751473,2.526315789473684,3.108110021136575,0.6950415103429638,0.0,164.8684210526316,85755.96052631579,235.97368421052633,0.0,0.0,0.0
585,74220384,Samara,4,0,53.2194648,50.2039316,0.006885614644248703,3.8026315789473686,3.538465896902706,0.6406040867568755,0.0,360.11842105263156,190798.59210526315,567.8815789473684,0.0,0.0,0.0
586,74213287,Omsk,9,3,54.991375,73.371529,0.0073724844688647165,1.5833333333333333,3.394727024861468,0.5597676787121248,0.0,117.41666666666667,77208.5,165.0,0.0,0.0,0.0
587,74213288,Omsk,9,3,54.991375,73.371529,0.006803269101034906,3.1578947368421053,3.8854594690875555,0.7690331440728518,0.0,356.4736842105263,212857.97368421053,459.10526315789474,0.0,0.0,0.0
588,74213284,Novosibirsk,1,3,55.0288307,82.9226887,0.009337198196927816,6.828947368421052,2.9209003357047876,0.7289237791392761,0.0,551.6447368421053,244169.26315789475,759.5263157894736,0.0,0.0,0.0
589,74213285,Novosibirsk,1,3,55.0288307,82.9226887,0.009659981764081683,3.0789473684210527,3.361399256271274,0.7103445757009781,0.0,235.8421052631579,127232.13157894737,336.19736842105266,0.0,0.0,0.0
591,74213274,Odintsovo,4,3,55.678223,37.2668096,0.013152178376655195,5.157894736842105,3.4937545975429676,0.7330154944436654,0.0,276.7368421052632,162991.68421052632,354.4736842105263,0.0,0.0,0.0
592,74213275,Krasnogorsk,4,0,55.8217545,37.3400897,0.010863612869943782,3.253731343283582,2.9651506759536157,0.710424859565076,0.0,211.13432835820896,98318.01492537314,295.34328358208955,0.0,0.0,0.0
593,74213289,Omsk,9,0,54.991375,73.371529,0.008206280569199705,1.3421052631578947,4.214842138759046,0.7553583468632085,0.0,133.5,85799.47368421052,172.27631578947367,0.0,0.0,0.0
594,74213276,Lyubertsy,4,3,55.6783142,37.89377,0.011707291298548953,4.2894736842105265,3.4466761298585014,0.8051564097848207,0.0,296.2894736842105,146958.7105263158,367.5,0.0,0.0,0.0
595,74213277,Moscow,4,0,55.7245371,37.625444019985025,0.019100611317153772,4.0394736842105265,3.2564830356407213,0.7359101994650005,0.0,159.02631578947367,75741.21052631579,216.03947368421052,0.0,0.0,0.0
596,74213286,Novosibirsk,1,3,55.0288307,82.9226887,0.007155025000029848,2.9342105263157894,3.317183270222911,0.6546138956196734,0.0,275.5657894736842,139803.94736842104,425.2105263157895,0.0,0.0,0.0
597,74213282,Moscow,4,3,55.7245371,37.625444019985025,0.013712698318750757,9.644736842105264,3.58880269575411,0.702075073188017,0.0,491.9078947368421,271583.7368421053,712.3421052631579,0.0,0.0,0.0
598,74213291,Omsk,9,0,54.991375,73.371529,0.005382656673432982,0.6973684210526315,3.6009498871985506,0.5325884732202105,0.0,70.86842105263158,35843.19736842105,141.22368421052633,0.0,0.0,0.0
599,74213546,Moscow,4,0,55.7245371,37.625444019985025,0.015978128301115124,2.473684210526316,3.3410287746746516,0.7600510738831835,0.0,117.59210526315789,62349.68421052631,154.10526315789474,0.0,0.0,0.0
600,74220410,Moscow,4,3,55.7245371,37.625444019985025,0.010986791892599202,3.921875,3.052716176264315,0.715631390626617,0.0,255.671875,109163.296875,357.84375,0.0,0.0,0.0
601,74213461,Samara,4,0,53.2194648,50.2039316,0.00895322382363086,1.8289473684210527,2.8824225356015085,0.7685607709921828,0.0,161.48684210526315,67487.75,209.68421052631578,0.0,0.0,0.0
602,74213756,Ekaterinburg,9,0,56.839104,60.60825,0.009140105040018848,2.513157894736842,3.330084133885584,0.75331556985823,0.0,219.3421052631579,120106.52631578948,283.36842105263156,0.0,0.0,0.0
603,74214083,Novosibirsk,1,3,55.0288307,82.9226887,0.010372751082785571,6.815789473684211,2.722419846530208,0.6981927733377336,0.0,467.7631578947368,187070.7894736842,680.0921052631579,0.0,0.0,0.0
604,74214453,Novosibirsk,1,3,55.0288307,82.9226887,0.007046059961140535,4.921052631578948,3.421879764718281,0.7122034995655132,0.0,510.9078947368421,273977.05263157893,718.3157894736842,0.0,0.0,0.0
605,74214452,Novosibirsk,1,0,55.0288307,82.9226887,0.0067558997472870344,2.3289473684210527,3.6188717654605957,0.725724854187565,0.0,259.0394736842105,153463.36842105264,355.0131578947368,0.0,0.0,0.0
606,74214455,Novosibirsk,1,0,55.0288307,82.9226887,0.006982166832630811,2.973684210526316,3.3310381395534705,0.6466852468913242,0.0,292.9342105263158,151245.90789473685,451.88157894736844,0.0,0.0,0.0
607,74214878,Krasnoyarsk,0,0,56.0090968,92.8725147,0.005222999010266158,3.25,3.766152025178007,0.7541786630203081,0.0,457.3421052631579,277200.0,619.6447368421053,0.0,0.0,0.0
608,74214957,Samara,4,0,53.2194648,50.2039316,0.00735432470836391,4.644736842105263,3.3339915895690067,0.7775185681659371,0.0,501.14473684210526,241674.7105263158,643.1184210526316,0.0,0.0,0.0
609,74215106,Moscow,4,3,55.7245371,37.625444019985025,0.01078112106864268,8.381578947368421,2.7702679043064973,0.8136285671085022,1.5789473684210527,630.7763157894736,243306.97368421053,775.8815789473684,6.671052631578948,0.35526315789473684,4.184210526315789
610,74215253,Novosibirsk,1,0,55.0288307,82.9226887,0.005900510056761438,2.1710526315789473,3.433132650917956,0.7026563607172932,0.0,265.2894736842105,148470.77631578947,373.36842105263156,0.0,0.0,0.0
611,74215706,Omsk,9,3,54.991375,73.371529,0.009570615141496815,1.1842105263157894,3.773361505326315,0.6965490352922399,0.0,85.11842105263158,47449.75,123.1842105263158,0.0,0.0,0.0
612,74215951,Samara,4,3,53.2194648,50.2039316,0.0071256964171755735,5.407894736842105,3.1020194763811246,0.7414794726226223,0.0,572.1447368421053,241017.59210526315,773.1052631578947,0.0,0.0,0.0
613,74215982,Krasnoyarsk,0,3,56.0090968,92.8725147,0.011060782740302645,5.578947368421052,3.6085149785455988,0.5811641700576945,0.0,300.0263157894737,185655.25,529.0263157894736,0.0,0.0,0.0
615,74216264,Omsk,9,3,54.991375,73.371529,0.014988423802125783,5.7894736842105265,3.154724925323676,0.6989322457584638,0.0,286.25,134697.34210526315,411.69736842105266,0.0,0.0,0.0
616,74216325,Samara,4,3,53.2194648,50.2039316,0.009128553955500959,2.0921052631578947,3.1381024349873687,0.8021587786695312,0.0,185.21052631578948,79328.98684210527,230.1184210526316,0.0,0.0,0.0
617,74216833,Tyumen,9,3,57.153534,65.542274,0.01275620696178723,5.2105263157894735,2.9122896552843978,0.7657621339263135,0.0,321.7105263157895,138371.02631578947,417.9736842105263,0.0,0.0,0.0
618,74216848,Omsk,9,3,54.991375,73.371529,0.01089661296715569,5.855263157894737,3.8718311375300987,0.6558354438424646,0.0,363.36842105263156,212827.07894736843,562.6973684210526,0.0,0.0,0.0
619,74220417,Novosibirsk,1,0,55.0288307,82.9226887,0.008292593098628988,4.12962962962963,3.323686892625226,0.6943628968840232,0.0,367.64814814814815,199965.7037037037,513.4074074074074,0.0,0.0,0.0
620,74220422,Moscow,4,0,55.7245371,37.625444019985025,0.013341322773534213,3.4210526315789473,3.038821536357128,0.7300397550032226,0.0,190.14473684210526,85586.56578947368,260.64473684210526,0.0,0.0,0.0
621,74220425,Omsk,9,2,54.991375,73.371529,0.008740185824867727,2.013157894736842,4.093991198615008,0.7315304134498969,0.0,174.30263157894737,108229.25,236.82894736842104,0.0,0.0,0.0
622,74220426,Ekaterinburg,0,4,56.839104,60.60825,0.017782194861526813,9.855263157894736,3.518285238947526,0.7794940396956616,0.0,437.05263157894734,240277.0394736842,555.7631578947369,0.0,0.0,0.0
623,74220433,Ekaterinburg,0,3,56.839104,60.60825,0.014038162626433337,4.355263157894737,2.675398017448784,0.8348490479298305,0.0,264.44736842105266,108425.73684210527,315.3421052631579,0.0,0.0,0.0
624,74220434,Omsk,9,4,54.991375,73.371529,0.014335254972503542,4.791666666666667,3.308289292885177,0.5479021245112848,0.0,185.54166666666666,109307.90476190476,300.9583333333333,0.0,0.0,0.0
625,74220437,Bronnitsy,4,4,55.422,38.2591,0.011333408904874708,3.1052631578947367,3.7178889304038636,0.7749919120532559,0.0,219.26315789473685,118247.07894736843,282.82894736842104,0.0,0.0,0.0
626,74220438,Volgograd,4,0,48.7081906,44.5153353,0.005649173239463602,2.763157894736842,3.808223647965271,0.7885167154954895,0.0,389.64473684210526,236633.65789473685,493.42105263157896,0.0,0.0,0.0
627,74220439,Shcherbinka,0,2,55.5069136,37.5673544,0.013827105719358907,5.0394736842105265,4.028136222277063,0.7283685528913789,0.0,268.94736842105266,166084.02631578947,369.5131578947368,0.0,0.0,0.0
628,74220447,Volgograd,4,2,48.7081906,44.5153353,0.014716387716990742,3.3815789473684212,3.95659379588505,0.8024466561666815,0.0,185.19736842105263,110322.77631578948,229.89473684210526,0.0,0.0,0.0
629,74220456,Tyumen,9,3,57.153534,65.542274,0.005277944304732788,1.4210526315789473,2.9568612135911003,0.7669645355765328,0.0,213.14473684210526,91854.36842105263,277.0657894736842,0.0,0.0,0.0
630,74220458,Novosibirsk,1,3,55.0288307,82.9226887,0.010245452460746145,6.85,2.9332430006363017,0.5309304026734348,0.0,349.45,224335.5625,505.55,0.0,0.0,0.0
631,74220465,Moscow,4,3,55.7245371,37.625444019985025,0.010037665892382584,3.1447368421052633,3.416455089734885,0.7728591059114818,0.0,248.27631578947367,131371.80263157896,321.10526315789474,0.0,0.0,0.0
632,74220466,Moscow,4,3,55.7245371,37.625444019985025,0.01109227721489126,4.7631578947368425,3.368411440957868,0.7907249739034009,0.0,340.0921052631579,166814.15789473685,428.85526315789474,0.0,0.0,0.0
633,74220479,Novosibirsk,1,3,55.0288307,82.9226887,0.007890331616491395,2.6447368421052633,3.2760212843643983,0.8005805350989555,0.0,279.5921052631579,146309.80263157896,348.13157894736844,0.0,0.0,0.0
634,74220480,Krasnoyarsk,0,2,56.0090968,92.8725147,0.011040481153023059,3.8026315789473686,3.984995553439957,0.6907382828879933,0.0,240.0,173591.36842105264,348.0921052631579,0.0,0.0,0.0
635,74220484,Omsk,9,4,54.991375,73.371529,0.0166688871802914,5.644736842105263,3.4178805323979162,0.7152452580070539,0.0,243.76315789473685,129397.42105263157,340.4605263157895,0.0,0.0,0.0
636,74220409,Otradnoe,4,0,59.772663,30.802027,0.014643366361802591,3.8653846153846154,3.2803249845887485,0.6101228061497078,0.0,164.57692307692307,86960.36,255.3653846153846,0.0,0.0,0.0
637,74220486,Tyumen,9,3,57.153534,65.542274,0.009595248759352103,3.513157894736842,3.285314393823068,0.8111388766244687,0.0,310.42105263157896,153029.82894736843,382.85526315789474,0.0,0.0,0.0
638,74220488,Samara,4,3,53.2194648,50.2039316,0.0069913769482631075,3.8684210526315788,3.117683782529109,0.7339985569168064,0.0,414.4868421052632,183339.0,564.3947368421053,0.0,0.0,0.0
639,74220489,Samara,4,0,53.2194648,50.2039316,0.010663343437296312,4.7105263157894735,3.9529667890314357,0.7355205412080267,0.0,349.9342105263158,211246.8947368421,465.55263157894734,0.0,0.0,0.0
640,74220491,Reutov,4,3,55.7622453,37.856555,0.014585433626311586,2.8157894736842106,3.393442107407285,0.7883923771696875,0.0,152.92105263157896,78664.25,193.56578947368422,0.0,0.0,0.0
641,74220499,Anapa,7,4,44.894272,37.316887,0.007192193808517405,4.2105263157894735,3.500822244105277,0.6766357064490599,0.0,402.75,233825.90789473685,593.7894736842105,0.0,0.0,0.0
642,74220497,Sochi,7,3,43.5854823,39.723109,0.014788631421259258,3.8815789473684212,4.262691607079799,0.7160987811266849,0.0,191.46052631578948,142268.51315789475,266.64473684210526,0.0,0.0,0.0
643,74220512,Moscow,4,0,55.7245371,37.625444019985025,0.0096291377244886,3.1549295774647885,3.110072336984755,0.792077026767478,0.0,261.0,124638.95774647887,328.61971830985914,0.0,0.0,0.0
645,74220516,Samara,4,0,53.2194648,50.2039316,0.0062417079332902,2.6447368421052633,3.349891522519735,0.7310456092327182,0.0,325.4078947368421,148514.57894736843,440.88157894736844,0.0,0.0,0.0
646,74220517,Novosibirsk,1,0,55.0288307,82.9226887,0.006799762224929009,1.8289473684210527,3.3623852371424103,0.7103398341849785,0.0,200.0921052631579,104647.13157894737,280.86842105263156,0.0,0.0,0.0
647,74220526,Krasnogorsk,4,3,55.8217545,37.3400897,0.012399880738640193,6.144736842105263,3.317350928347986,0.7640915764447227,0.0,383.88157894736844,183483.38157894736,502.86842105263156,0.0,0.0,0.0
648,74220529,Moscow,4,0,55.7245371,37.625444019985025,0.011262900128938857,1.986842105263158,3.3244276524705967,0.7516313814107216,0.0,136.21052631578948,67614.25,179.06578947368422,0.0,0.0,0.0
649,74220530,Volgograd,4,0,48.7081906,44.5153353,0.007474999024678707,1.7763157894736843,3.377652669001275,0.7055032832166793,0.0,173.92105263157896,82184.22666666667,242.46052631578948,0.0,0.0,0.0
650,74220533,Sergiev-Posad,4,2,56.3153284,38.1359898,0.011651313945886324,4.4868421052631575,3.1325004500013263,0.7768425987892056,0.0,300.17105263157896,128051.6447368421,387.9868421052632,0.0,0.0,0.0
651,74220536,Volgograd,4,2,48.7081906,44.5153353,0.010821957374798621,2.4210526315789473,3.7160453700557823,0.718043948411117,0.0,157.77631578947367,83415.21052631579,218.47368421052633,0.0,0.0,0.0
652,74220534,Tomsk,9,0,58.6124279,82.0475315,0.005627398681258382,2.4473684210526314,3.521753134061929,0.8030357297163796,0.0,357.9342105263158,198242.61842105264,438.0394736842105,0.0,0.0,0.0
653,74220537,Tomsk,9,1,58.6124279,82.0475315,0.007649964743967546,3.5921052631578947,2.8738973776510877,0.8518058896537163,0.0,407.85526315789474,177407.1447368421,476.4736842105263,0.0,0.0,0.0
655,74220544,Krasnoyarsk,0,2,56.0090968,92.8725147,0.010467920944977407,2.539473684210526,3.915193947748566,0.6528544273515016,0.0,159.28947368421052,109203.78947368421,248.3815789473684,0.0,0.0,0.0
656,74220550,Ekaterinburg,0,0,56.839104,60.60825,0.009489328268123966,3.263157894736842,2.9005420957037513,0.7374570884798207,0.0,254.47368421052633,115826.84210526316,344.75,0.0,0.0,0.0
657,74220552,Serpukhov,4,4,54.9155247,37.4195533,0.014291269364832496,3.5789473684210527,3.9089321869239275,0.7909638414461352,0.0,202.48684210526315,115746.6447368421,255.14473684210526,0.0,0.0,0.0
658,74220553,Volgograd,4,3,48.7081906,44.5153353,0.006725087659383936,2.263157894736842,3.986944957265389,0.7098875160944715,0.0,251.05263157894737,146215.81578947368,345.36842105263156,0.0,0.0,0.0
659,74220556,Novokuznetsk,5,2,53.7575903,87.1358494,0.007485684190067171,3.5,3.3409560747274947,0.7692096929231308,0.0,368.13157894736844,195965.51315789475,477.94736842105266,0.0,0.0,0.0
660,74220576,Omsk,9,3,54.991375,73.371529,0.015198241164095452,7.157894736842105,4.347250817253867,0.7733054243852764,0.0,356.94736842105266,241660.2894736842,453.5263157894737,0.0,0.0,0.0
661,74220579,Sergiev-Posad,4,0,56.3153284,38.1359898,0.012003832051217628,2.5789473684210527,3.4940680207282937,0.765633832744033,0.0,170.03947368421052,84924.48684210527,218.73684210526315,0.0,0.0,0.0
662,74220598,Novokuznetsk,5,2,53.7575903,87.1358494,0.011287660177327255,3.3421052631578947,3.507533265823676,0.7783589091256746,0.0,231.80263157894737,132456.09210526315,296.4605263157895,0.0,0.0,0.0
663,74220603,Voskresensk,4,4,55.322518,38.6816824,0.017528466292991422,4.197368421052632,3.78258444292405,0.7699337935644673,0.0,188.22368421052633,98127.03947368421,243.71052631578948,0.0,0.0,0.0
664,74220601,Rzhavki,0,0,56.0129462,37.2243412,0.012039106862131471,6.434210526315789,3.6168670303962394,0.7513141684727591,0.0,426.9078947368421,215522.17105263157,563.0921052631579,0.0,0.0,0.0
665,74220607,Ekaterinburg,9,3,56.839104,60.60825,0.012585372516339968,4.644736842105263,2.8999729212593395,0.7690004804135658,0.0,282.32894736842104,123649.82894736843,367.3421052631579,0.0,0.0,0.0
666,74220613,Krasnoyarsk,6,0,56.0090968,92.8725147,0.00990434635171466,3.8157894736842106,3.246876027599201,0.660582534621399,0.0,264.64473684210526,146229.19736842104,402.63157894736844,0.0,0.0,0.0
667,74220627,Balashikha,0,2,55.7997662,37.9373707,0.0162378214213706,2.1184210526315788,3.8315426745279817,0.7543984082978216,0.0,99.46052631578948,57650.90789473684,132.05263157894737,0.0,0.0,0.0
668,74220630,Moscow,4,0,55.7245371,37.625444019985025,0.011538542081746738,1.986842105263158,3.020180809967002,0.762143250238945,0.0,134.60526315789474,58067.60526315789,176.81578947368422,0.0,0.0,0.0
669,74220628,Samara,4,0,53.2194648,50.2039316,0.009297007900452438,2.3947368421052633,3.222303615296523,0.767315070151676,0.0,201.6315789473684,95692.32894736843,260.05263157894734,0.0,0.0,0.0
670,74220633,Moscow,4,0,55.7245371,37.625444019985025,0.01159378067699548,4.657894736842105,3.347802121218764,0.7676084715865614,0.0,316.5,145186.55263157896,408.5131578947368,0.0,0.0,0.0
671,74220635,Tyumen,9,3,57.153534,65.542274,0.007212948271146077,2.6842105263157894,3.0865249932427203,0.7385922187777961,0.0,286.38157894736844,131333.48684210525,386.92105263157896,0.0,0.0,0.0
672,74220640,Novokuznetsk,5,3,53.7575903,87.1358494,0.010736944919773159,2.3552631578947367,3.535126332068046,0.7931819489836013,0.0,189.96052631578948,104561.8552631579,237.60526315789474,0.0,0.0,0.0
673,74220650,Tomsk,9,3,58.6124279,82.0475315,0.00933369897867251,2.1447368421052633,2.8818434731805276,0.7903353241237744,0.0,189.06578947368422,82178.65789473684,237.5921052631579,0.0,0.0,0.0
674,74220659,Domodedovo,4,0,55.4368213,37.7680693,0.010252516272629552,4.25,3.3028470311417193,0.7439495285887266,0.0,310.1578947368421,149284.67105263157,415.75,0.0,0.0,0.0
675,74220643,Odintsovo,4,0,55.678223,37.2668096,0.006325981965527223,1.3157894736842106,3.2233179651425434,0.704723736442148,0.0,152.19736842105263,67224.90789473684,216.32894736842104,0.0,0.0,0.0
676,74220705,Shchyolkovo,4,3,55.9206499,37.9915576,0.010715034660390676,2.9473684210526314,3.3997741282605425,0.7468994781808508,0.0,210.0,98580.8552631579,281.36842105263156,0.0,0.0,0.0
677,74220707,Novokuznetsk,5,0,53.7575903,87.1358494,0.010530228290908434,5.131578947368421,3.727785023411725,0.8145749989550484,0.0,390.4605263157895,243467.25333333333,461.89473684210526,0.0,0.0,0.0
678,74220713,Dmitrov,4,4,56.3450695,37.5200723,0.015298162841051339,3.0657894736842106,3.8546231445519026,0.7801253360794699,0.0,160.3815789473684,91473.5,205.46052631578948,0.0,0.0,0.0
679,74220714,Kolomna,4,3,55.0938743,38.7670121,0.013905686714117998,3.486842105263158,3.4393473997323225,0.7959020689195506,0.0,202.32894736842104,100314.0,252.8815789473684,0.0,0.0,0.0
680,74220715,Sochi,7,3,43.5854823,39.723109,0.004995019281577656,2.3026315789473686,3.3474031477496826,0.6302200023022565,0.0,297.61842105263156,166960.13157894736,462.64473684210526,0.0,0.0,0.0
681,74220718,Sochi,7,0,43.5854823,39.723109,0.005448407623876524,3.0,3.4252016277940633,0.7442736211316443,0.0,406.25,231828.81578947368,547.0921052631579,0.0,0.0,0.0
682,74220723,Moscow,4,0,55.7245371,37.625444019985025,0.010389702362843733,2.6842105263157894,3.3873995031326287,0.7732624432256386,0.0,198.39473684210526,96611.80263157895,251.96052631578948,0.0,0.0,0.0
683,74220739,Noginsk,4,3,55.8553511,38.4411898,0.013412074151397014,5.75,3.5211046026936312,0.7916520679565511,0.0,342.25,176769.23684210525,428.85526315789474,0.0,0.0,0.0
684,74220747,Novorossiysk,0,0,44.7239578,37.7690711,0.0062905631669372885,0.7236842105263158,2.922460779573535,0.7574137592569881,0.0,90.57894736842105,43869.48684210526,118.60526315789474,0.0,0.0,0.0
685,74220752,Klin,4,2,49.4350714,19.4971363,0.016338044597548756,3.1973684210526314,3.830500654865589,0.8005121344673551,0.0,161.92105263157896,87368.81578947368,203.47368421052633,0.0,0.0,0.0
686,74220756,Khimki,4,3,55.8917293,37.4396994,0.01292676471582742,4.552631578947368,3.1904505806485672,0.7358842530098736,0.0,261.0131578947368,118544.77631578948,355.25,0.0,0.0,0.0
687,74220766,Ekaterinburg,0,3,56.839104,60.60825,0.012492885359093113,8.105263157894736,2.617575142917385,0.7767049982319691,0.0,505.0394736842105,205759.5,648.7894736842105,0.0,0.0,0.0
689,74220770,Novosibirsk,1,2,55.0288307,82.9226887,0.005120252089996592,1.105263157894737,3.8945784858140557,0.5641779268564522,0.0,123.90789473684211,78446.56578947368,220.1578947368421,0.0,0.0,0.0
690,74220769,Moscow,4,0,55.7245371,37.625444019985025,0.01268355940998138,1.0789473684210527,3.0387936863361813,0.7277548280485168,0.0,65.28947368421052,30372.513157894737,89.89473684210526,0.0,0.0,0.0
691,74220768,Orehovo-Zuevo,4,0,55.8083278,38.9790038,0.01304352611902365,3.986842105263158,3.240980818916828,0.7197166978602481,0.0,226.6315789473684,102163.44736842105,312.4342105263158,0.0,0.0,0.0
692,74220765,Ekaterinburg,9,0,56.839104,60.60825,0.011665179794838356,3.026666666666667,2.8670255011613546,0.7300657375077628,0.0,201.86666666666667,88120.30666666667,273.72,0.0,0.0,0.0
693,74220778,Moscow,4,4,55.7245371,37.625444019985025,0.013466874856890085,1.8157894736842106,3.4721534351689023,0.7231639242618781,0.0,95.82894736842105,49093.13333333333,130.93421052631578,0.0,0.0,0.0
694,74220779,Moscow,4,4,55.7245371,37.625444019985025,0.020686393417549725,2.6052631578947367,3.7606814682834937,0.7475125125544695,0.0,92.89473684210526,51731.15789473684,124.14473684210526,0.0,0.0,0.0
695,74220780,Krasnoyarsk,6,3,56.0090968,92.8725147,0.010513127891422608,2.289473684210526,3.089454689252966,0.6456225608610218,0.0,141.0,77291.28947368421,221.3815789473684,0.0,0.0,0.0
696,74220781,Novorossiysk,0,0,44.7239578,37.7690711,0.0055745127518955885,1.7894736842105263,3.2840014911278415,0.7541283662013841,0.0,263.7763157894737,146219.30263157896,347.4078947368421,0.0,0.0,0.0
697,74220788,Moscow,4,0,55.7245371,37.625444019985025,0.01017339996090607,4.4605263157894735,3.1306961361024186,0.7330992849998603,0.0,335.80263157894734,154069.7894736842,457.9868421052632,0.0,0.0,0.0
698,74220797,Elektrostal,4,4,55.7903785,38.4405711,0.013771365013475706,2.473684210526316,3.4787986254392282,0.7748679235626321,0.0,139.69736842105263,69623.71052631579,180.07894736842104,0.0,0.0,0.0
699,74220805,Moscow,4,3,55.7245371,37.625444019985025,0.011846384147798438,2.3684210526315788,3.211064255355024,0.817086460024919,0.0,165.72368421052633,76121.51315789473,202.10526315789474,0.0,0.0,0.0
700,74220821,Podol’sk,4,4,55.4308841,37.5453056,0.011155943211539903,2.263157894736842,3.862941763088809,0.7461091143003515,0.0,151.01315789473685,84613.03947368421,203.75,0.0,0.0,0.0
701,74220822,Samara,4,0,53.2194648,50.2039316,0.006383938233262122,3.513157894736842,3.631459534310741,0.6846886152127452,0.0,377.8157894736842,207405.93421052632,550.7894736842105,0.0,0.0,0.0
702,74220825,Moscow,4,0,55.7245371,37.625444019985025,0.01336348300256433,5.026315789473684,3.047402019473148,0.8129514885704442,0.0,310.4868421052632,143369.6052631579,380.55263157894734,0.0,0.0,0.0
703,74220827,Novorossiysk,0,3,44.7239578,37.7690711,0.006009387458271991,2.0657894736842106,3.295628842344945,0.7075883788566728,0.0,256.7894736842105,151255.57894736843,351.39473684210526,0.0,0.0,0.0
704,74220833,Moscow,4,0,55.7245371,37.625444019985025,0.015451547751959472,4.657894736842105,3.0006409944513166,0.7528236170166348,0.0,229.53947368421052,98908.78947368421,305.38157894736844,0.0,0.0,0.0
705,74220854,Ekaterinburg,0,2,56.839104,60.60825,0.015686981992140626,7.2631578947368425,2.95334214475306,0.7986545586090732,0.0,370.2105263157895,169380.07894736843,463.55263157894734,0.0,0.0,0.0
706,74220858,Omsk,9,2,54.991375,73.371529,0.012108404409110523,2.9210526315789473,3.795821729397922,0.6186057761558967,0.0,152.18421052631578,82886.55263157895,246.28947368421052,0.0,0.0,0.0
707,74220873,Tuapse,4,0,44.0984747,39.0718875,0.008270485149394373,1.6973684210526316,3.873580865434235,0.723171987484514,0.0,154.53947368421052,90306.86842105263,212.80263157894737,0.0,0.0,0.0
708,74220889,Korolyov,0,3,55.9133755,37.84640767607998,0.012206039754315284,5.118421052631579,3.0167660143329025,0.7946908734992746,0.0,336.2631578947368,140816.69736842104,423.10526315789474,0.0,0.0,0.0
709,74220890,Solnechnogorsk,4,3,56.1853501,36.9781536,0.007010156878771564,3.026315789473684,3.477374252441673,0.8216697022035596,0.0,353.2763157894737,169595.1447368421,428.75,0.0,0.0,0.0
710,74220891,Novosibirsk,1,4,55.0288307,82.9226887,0.006293879003764664,1.144736842105263,3.554184712446762,0.5420109932977322,0.0,105.30263157894737,61788.69736842105,202.5921052631579,0.0,0.0,0.0
711,74220902,Andreevka,4,3,49.5241416,84.4687681,0.007122264068670686,2.4210526315789473,3.507137553140715,0.790533082418242,0.0,273.13157894736844,131605.34210526315,345.2894736842105,0.0,0.0,0.0
712,74220903,Tomsk,9,3,58.6124279,82.0475315,0.008010490604542089,2.736842105263158,3.4884102070566345,0.7773680789056588,0.0,277.5263157894737,153370.36842105264,354.85526315789474,0.0,0.0,0.0
713,74220905,Ramenskoye,4,3,55.5709361,38.2282099,0.009915080457962048,7.118421052631579,3.5198986903668965,0.8223443694326606,0.0,598.1973684210526,288691.4605263158,726.7105263157895,0.0,0.0,0.0
714,74220907,Moscow,4,0,55.7245371,37.625444019985025,0.01301715131168171,4.315789473684211,3.4559142102416227,0.7933498726193596,0.0,259.8157894736842,146674.55263157896,327.2105263157895,0.0,0.0,0.0
715,74220910,Krasnoyarsk,6,3,56.0090968,92.8725147,0.007538512381977,3.1578947368421053,3.253838084516915,0.5520469630748656,0.0,231.6315789473684,126534.81578947368,445.2105263157895,0.0,0.0,0.0
716,74220911,Dmitrov,4,3,56.3450695,37.5200723,0.010002998108596778,2.6710526315789473,3.2175076463135,0.7816166068771101,0.0,209.22368421052633,95488.0,267.32894736842104,0.0,0.0,0.0
717,74220912,Kolomna,4,0,55.0938743,38.7670121,0.007044810351482219,2.6184210526315788,3.146506947339879,0.7413533025409518,0.0,275.55263157894734,116167.98684210527,369.1842105263158,0.0,0.0,0.0
718,74220922,Moscow,4,3,55.7245371,37.625444019985025,0.011368977254934017,3.3947368421052633,3.1879088417850063,0.8178502122139326,0.0,245.3815789473684,115049.44736842105,298.94736842105266,0.0,0.0,0.0
719,74220924,Novosibirsk,1,3,55.0288307,82.9226887,0.007906237461187897,3.973684210526316,3.6245914602450457,0.7147741720496226,0.0,363.88157894736844,198820.18421052632,505.7894736842105,0.0,0.0,0.0
720,74220929,Moscow,4,3,55.7245371,37.625444019985025,0.010605027227140235,4.381578947368421,3.009081404038037,0.8497042342366858,0.0,358.4078947368421,147996.13157894736,421.6842105263158,0.0,0.0,0.0
721,74220930,Moscow,4,3,55.7245371,37.625444019985025,0.007612788096683427,2.3157894736842106,2.8455897398684127,0.8109650651024262,0.0,253.3421052631579,98695.63157894737,311.94736842105266,0.0,0.0,0.0
722,74220933,Moscow,4,0,55.7245371,37.625444019985025,0.011116358171677053,3.6447368421052633,3.342860702754298,0.6802379959845386,0.0,225.1315789473684,110402.8947368421,331.4868421052632,0.0,0.0,0.0
723,74220935,Ekaterinburg,0,3,56.839104,60.60825,0.011079544300693567,9.657894736842104,2.7716323904355287,0.7720100093255884,0.0,685.328947368421,277606.7631578947,884.2105263157895,0.0,0.0,0.0
724,74220936,Novorossiysk,0,2,44.7239578,37.7690711,0.008745271930719065,0.8289473684210527,4.061749803367999,0.6983330021730342,0.0,64.53947368421052,47314.88157894737,91.82894736842105,0.0,0.0,0.0
725,74220954,Ekaterinburg,0,3,56.839104,60.60825,0.014709740583842385,3.0,2.8596103307043625,0.7450402287127277,0.0,151.71052631578948,68549.15789473684,203.19736842105263,0.0,0.0,0.0
726,74220969,Klin,4,3,49.4350714,19.4971363,0.010860209299797682,1.736842105263158,3.3361482572115535,0.7459316198543877,0.0,123.05263157894737,60881.92105263158,164.82894736842104,0.0,0.0,0.0
727,74220970,Balashikha,0,3,55.7997662,37.9373707,0.014564287755734087,3.986842105263158,3.189526446982684,0.8015236319524152,0.0,222.72368421052633,96508.31578947368,277.19736842105266,0.0,0.0,0.0
728,74220971,Sochi,7,0,43.5854823,39.723109,0.007966231796706124,2.4342105263157894,3.2915538261088524,0.6912977974698994,0.0,213.51315789473685,121782.76315789473,308.7236842105263,0.0,0.0,0.0
729,74220975,Ekaterinburg,9,0,56.839104,60.60825,0.011807804268481801,4.421052631578948,3.1406644634221252,0.7281462331720716,0.0,275.5657894736842,133089.06578947368,372.13157894736844,0.0,0.0,0.0
730,74220992,Khotkovo,4,3,56.2516797,37.9780219,0.008361181357989963,1.894736842105263,3.344886495530881,0.8015465860582092,0.0,181.71052631578948,85251.8947368421,226.5,0.0,0.0,0.0
731,74221002,Samara,4,0,53.2194648,50.2039316,0.007707565036318237,3.723684210526316,3.19363958480364,0.7107307371047238,0.0,354.88157894736844,158887.92105263157,493.10526315789474,0.0,0.0,0.0
732,74221007,Moscow,4,0,55.7245371,37.625444019985025,0.009424661202016897,3.3684210526315788,3.4884246203734564,0.6971388288395359,0.0,250.98684210526315,143972.17105263157,360.1842105263158,0.0,0.0,0.0
733,74221019,Balashikha,0,4,55.7997662,37.9373707,0.011462071154875617,2.236842105263158,3.5665250801188026,0.7704019868017652,0.0,149.44736842105263,78855.75,194.72368421052633,0.0,0.0,0.0
734,74221033,Tobolsk,9,0,58.1998048,68.2512924,0.010066074418663832,3.6710526315789473,3.1844493682305335,0.7356428783567166,0.0,285.64473684210526,131759.88157894736,387.0921052631579,0.0,0.0,0.0
735,74221035,Ermolino,0,4,54.0778949,61.529742,0.013764787686825474,1.8421052631578947,3.8729199440881823,0.7556838401658446,0.0,100.23684210526316,59911.11842105263,132.5,0.0,0.0,0.0
736,74221037,Balashikha,4,3,55.7997662,37.9373707,0.009700332947971818,3.0657894736842106,3.1883602701141176,0.8014233818274533,0.0,248.46052631578948,110700.98684210527,309.17105263157896,0.0,0.0,0.0
737,74221038,Novorossiysk,0,3,44.7239578,37.7690711,0.006831940600691352,1.5,3.170885939664494,0.6599974013867368,0.0,142.1184210526316,78283.92105263157,223.25,0.0,0.0,0.0
738,74221042,Likino-Dulyovo,4,3,55.7043101,38.9569091,0.013092708939877344,1.118421052631579,3.448133430351207,0.7355869479914301,0.0,66.61842105263158,30955.053333333333,91.17105263157895,0.0,0.0,0.0
739,74221043,Golitsyno,4,3,55.6149602,36.9887625,0.010221703104561004,3.1710526315789473,3.5544022139049734,0.7398064854386756,0.0,233.89473684210526,116866.97368421052,316.4605263157895,0.0,0.0,0.0
740,74221045,Istra,4,3,55.9145993,36.8595482,0.0132234309732707,3.0,3.751884936214063,0.8053979848985758,0.0,179.8815789473684,100401.71052631579,223.0921052631579,0.0,0.0,0.0
741,74221065,Reutov,4,3,55.7622453,37.856555,0.012769857400120536,3.8157894736842106,3.1920805042216984,0.8041675965340298,0.0,244.53947368421052,108520.22368421052,302.9736842105263,0.0,0.0,0.0
742,74221073,Shchyolkovo,4,3,55.9206499,37.9915576,0.011238178407432657,2.4473684210526314,3.7589944768331347,0.7549025519960356,0.0,161.73684210526315,89301.3552631579,213.19736842105263,0.0,0.0,0.0
743,74221076,Omsk,9,3,54.991375,73.371529,0.006565913865865984,0.9605263157894737,3.6440657500897307,0.7242580040332661,0.0,107.14473684210526,62519.53947368421,146.82894736842104,0.0,0.0,0.0
744,74221077,Novosibirsk,1,3,55.0288307,82.9226887,0.007409871449006368,2.776315789473684,3.7626151537208146,0.737540981787834,0.0,286.64473684210526,170796.92105263157,387.0131578947368,0.0,0.0,0.0
745,74221082,Ekaterinburg,0,0,56.839104,60.60825,0.012858992995610979,11.93421052631579,2.8296672789963715,0.7047172973290472,0.0,665.9605263157895,288410.4210526316,945.8157894736842,0.0,0.0,0.0
746,74221097,Moscow,4,3,55.7245371,37.625444019985025,0.011086111885343128,6.052631578947368,2.719615485742632,0.7615687598853803,0.0,417.30263157894734,155152.86842105264,549.8552631578947,0.0,0.0,0.0
747,74220958,Ruza,0,4,55.6998907,36.1946992,0.009964694977425546,1.894736842105263,4.311445131480816,0.7728225181594311,0.0,156.42105263157896,93034.59210526316,201.89473684210526,0.0,0.0,0.0
748,74221145,Tyumen,9,3,57.153534,65.542274,0.010631858273347705,2.8289473684210527,3.3380900986572932,0.798275398926206,0.0,214.69736842105263,117998.25,269.0394736842105,0.0,0.0,0.0
749,74221144,Tobolsk,9,3,58.1998048,68.2512924,0.0097272356731443,2.513157894736842,3.2063239145609943,0.7946798573162626,0.0,203.3421052631579,101806.59210526316,255.48684210526315,0.0,0.0,0.0
750,74221067,Novosibirsk,1,3,55.0288307,82.9226887,0.008126945192118823,1.605263157894737,3.779922648822541,0.764229240201666,0.0,163.67105263157896,98414.78947368421,213.60526315789474,0.0,0.0,0.0
751,74220904,Moscow,4,4,55.7245371,37.625444019985025,0.01104900487905563,3.539473684210526,2.9530395920794112,0.80811645902918,0.0,259.44736842105266,107166.48684210527,321.63157894736844,0.0,0.0,0.0
752,74221020,Krasnoyarsk,0,0,56.0090968,92.8725147,0.007518428546794516,1.7236842105263157,3.0401174247500733,0.7524518965804836,0.0,174.4078947368421,90026.78947368421,231.07894736842104,0.0,0.0,0.0
753,74221048,Moscow,4,0,55.7245371,37.625444019985025,0.012709184918631069,3.5526315789473686,3.1935552431858087,0.7458458296616292,0.0,214.05263157894737,101807.68421052632,286.5263157894737,0.0,0.0,0.0
754,74221072,Tyumen,9,0,57.153534,65.542274,0.009981862399606963,3.026315789473684,3.1360835036366432,0.73297389678487,0.0,221.18421052631578,107335.77631578948,297.5657894736842,0.0,0.0,0.0
755,74220834,Berdsk,1,2,54.75795,83.1068095,0.007102437882242204,1.1973684210526316,4.294030462766659,0.7177444305966822,0.0,119.3157894736842,82198.02631578948,168.06578947368422,0.0,0.0,0.0
756,74220887,Krasnoyarsk,0,2,56.0090968,92.8725147,0.011519167542966316,2.973684210526316,3.9012563165210317,0.6995721641772029,0.0,180.21052631578948,123707.32894736843,258.35526315789474,0.0,0.0,0.0
757,74220934,Balashikha,0,2,55.7997662,37.9373707,0.01732174863192703,3.289473684210526,3.916116886661061,0.7390776442411527,0.0,141.80263157894737,81274.38157894737,190.89473684210526,0.0,0.0,0.0
758,74220990,Novokuznetsk,5,2,53.7575903,87.1358494,0.010349128567125554,1.9473684210526316,4.219997183846691,0.7256523217373467,0.0,146.55263157894737,106117.10666666667,198.19736842105263,0.0,0.0,0.0
759,74221036,Chernaya Gryaz,0,2,56.2277649,28.4191006,0.01295506310091625,3.4210526315789473,3.648580946791194,0.7343215984279363,0.0,196.72368421052633,104071.47368421052,267.4078947368421,0.0,0.0,0.0
760,74221041,Ekaterinburg,9,4,56.839104,60.60825,0.01446391598064474,6.276315789473684,3.118129404603263,0.797895133827851,0.0,349.32894736842104,170165.51315789475,436.3421052631579,0.0,0.0,0.0
761,74221047,Moscow,4,0,55.7245371,37.625444019985025,0.015446656943252871,3.526315789473684,3.1134446509709726,0.7432697075517455,0.0,171.14473684210526,83537.56578947368,229.9078947368421,0.0,0.0,0.0
762,74221080,Moscow,4,4,55.7245371,37.625444019985025,0.01711292451243905,2.8684210526315788,3.3574139359334834,0.7542352837476684,0.0,128.6578947368421,63322.82894736842,171.19736842105263,0.0,0.0,0.0
764,74221142,Novokuznetsk,5,2,53.7575903,87.1358494,0.014766183753847122,1.5921052631578947,4.182579481559572,0.7386787647135901,0.0,76.86842105263158,55628.53947368421,102.23684210526316,0.0,0.0,0.0
765,74221173,Dolgoprudny,4,3,55.946607650000004,37.50483582166906,0.010812738980258503,2.6052631578947367,3.368051232044546,0.756593121435972,0.0,185.1578947368421,95352.38157894737,245.68421052631578,0.0,0.0,0.0
766,74221175,Aprelevka,4,3,55.5454306,37.0730417,0.00834608038223117,2.736842105263158,3.138214340524187,0.8134499483503209,0.0,263.0131578947368,110950.80263157895,323.44736842105266,0.0,0.0,0.0
767,74221176,Staraya Kupavna,4,3,55.8070323,38.1774172,0.009359564836826812,2.0526315789473686,3.565686737898612,0.8006112156845682,0.0,180.05263157894737,87076.68421052632,224.68421052631578,0.0,0.0,0.0
768,74221185,Krasnoyarsk,6,3,56.0090968,92.8725147,0.00862872139688449,2.1842105263157894,3.465643107308562,0.6611869938665983,0.0,174.27631578947367,105909.98684210527,265.2368421052632,0.0,0.0,0.0
769,74221225,Kolomna,4,2,55.0938743,38.7670121,0.01639711063494867,2.013157894736842,3.5225221772478723,0.7805581414354027,0.0,101.92105263157895,50718.02631578947,130.52631578947367,0.0,0.0,0.0
770,74221227,Troitsk,4,3,54.0847722,61.5514047,0.01255263031625016,3.776315789473684,4.179807635659119,0.8098365012706378,0.0,246.44736842105263,154268.59210526315,302.5921052631579,0.0,0.0,0.0
771,74221158,Samara,4,0,53.2194648,50.2039316,0.006795043192606319,2.710526315789474,3.908431240713958,0.7805403926511889,0.0,329.0394736842105,183373.2894736842,414.9736842105263,0.0,0.0,0.0
772,74221254,Krasnoyarsk,0,3,56.0090968,92.8725147,0.006873629554074619,1.881578947368421,3.4839179648646676,0.7370991985354309,0.0,208.46052631578948,123637.8947368421,281.67105263157896,0.0,0.0,0.0
773,74221255,Ekaterinburg,0,4,56.839104,60.60825,0.01655178553588145,2.1315789473684212,3.2460315430669797,0.7629841508041357,0.0,101.0657894736842,53865.64473684211,132.3421052631579,0.0,0.0,0.0
774,74221258,Samara,4,0,53.2194648,50.2039316,0.006395257817078365,3.0921052631578947,3.276043512555748,0.7086519661722089,0.0,356.9342105263158,169402.52631578947,499.3157894736842,0.0,0.0,0.0
775,74221267,Krasnoyarsk,0,3,56.0090968,92.8725147,0.012777062515318167,3.3157894736842106,3.561079733186233,0.7437710309676163,0.0,204.93421052631578,122799.63157894737,275.86842105263156,0.0,0.0,0.0
776,74221272,Chekhov,4,0,55.1426603,37.4545328,0.008227485489167671,2.513157894736842,3.4931042228539635,0.763186296158741,0.0,237.23684210526315,116630.22368421052,307.25,0.0,0.0,0.0
777,74221286,Novosibirsk,1,3,55.0288307,82.9226887,0.00574416715823256,2.4473684210526314,3.390245461854885,0.7464503681366065,0.0,326.75,177348.73684210525,438.6842105263158,0.0,0.0,0.0
778,74221287,Anapa,7,3,44.894272,37.316887,0.008799583351519568,2.9342105263157894,3.0535057413006053,0.7023157660737681,0.0,258.2763157894737,130291.17105263157,367.6578947368421,0.0,0.0,0.0
779,74221288,Volgograd,4,0,48.7081906,44.5153353,0.00792648898134659,2.6710526315789473,3.459932697112233,0.7293173794925362,0.0,252.48684210526315,126579.27631578948,342.9342105263158,0.0,0.0,0.0
780,74221289,Sochi,7,3,43.5854823,39.723109,0.009385072364391086,7.355263157894737,2.8777852024863395,0.7364308022155026,0.0,581.2368421052631,281021.4605263158,789.1315789473684,0.0,0.0,0.0
781,74221291,Sochi,7,4,43.5854823,39.723109,0.01181820195924428,2.3815789473684212,3.6953303708326417,0.6618992613876218,0.0,136.18421052631578,84977.94736842105,205.17105263157896,0.0,0.0,0.0
782,74221293,Naro-Fominsk,4,0,55.3842784,36.723507,0.01122822093821554,4.697368421052632,3.4070657416973695,0.7493353799737024,0.0,322.5263157894737,157757.1447368421,429.6842105263158,0.0,0.0,0.0
783,74221294,Obukhovo,0,2,55.8314658,38.2726971,0.01562544071509619,3.486842105263158,3.8010818035026697,0.7610480362975762,0.0,174.67105263157896,94193.71052631579,228.92105263157896,0.0,0.0,0.0
784,74221295,Moscow,4,0,55.7245371,37.625444019985025,0.01175103749054072,9.578947368421053,3.63990357191474,0.712050460642759,0.0,591.1315789473684,318079.8289473684,826.5657894736842,0.0,0.0,0.0
785,74221297,Vidnoye,4,0,55.5571496,37.7087142,0.01821122746219076,4.105263157894737,3.321707586031151,0.6585481537431231,0.0,144.68421052631578,72439.48684210527,218.68421052631578,0.0,0.0,0.0
786,74221298,Sochi,7,3,43.5854823,39.723109,0.008997257458884595,6.4868421052631575,3.0019417976405514,0.7118727923092247,0.0,529.578947368421,261098.7894736842,739.6447368421053,0.0,0.0,0.0
787,74221322,Pushkino,4,0,56.0104274,37.8461892,0.011049928656414038,2.5789473684210527,3.9075524616145625,0.7994915714797078,0.0,192.5921052631579,104449.55263157895,236.02631578947367,0.0,0.0,0.0
788,74221323,Pavlovsky Posad,4,3,55.7813357,38.6507838,0.009687073707368049,3.276315789473684,3.1258916508821386,0.7977734713960746,0.0,266.7631578947368,113334.46052631579,333.80263157894734,0.0,0.0,0.0
789,74221328,Tyumen,9,0,57.153534,65.542274,0.01201004203512725,4.184210526315789,3.3634243979804266,0.8056545279493407,0.0,276.5657894736842,142028.02631578947,341.35526315789474,0.0,0.0,0.0
790,74221339,Krasnoyarsk,0,3,56.0090968,92.8725147,0.01009300677898662,2.3289473684210527,3.697791022365305,0.7039844974845743,0.0,162.57894736842104,106440.57894736843,232.10526315789474,0.0,0.0,0.0
791,74221340,Achinsk,6,3,56.2694846,90.4953964,0.005189752837363074,1.0526315789473684,4.020936646459991,0.7018092372496998,0.0,149.81578947368422,103794.53947368421,214.81578947368422,0.0,0.0,0.0
792,74021366,Kotelniki,0,3,55.661668,37.8673073,0.016638988655208516,7.9868421052631575,3.6859661214848103,0.6403138492090031,0.0,321.36842105263156,181478.2894736842,498.7763157894737,0.0,0.0,0.0
793,74021412,Nizhnevartovsk,0,2,60.9391866,76.55117870683605,0.01506089018905109,4.5394736842105265,4.129077968355939,0.727144244008267,0.0,219.93421052631578,157459.34210526315,299.9605263157895,0.0,0.0,0.0
794,74221413,Tyumen,9,4,57.153534,65.542274,0.008645533338603234,2.736842105263158,3.259942942852932,0.797020053343331,0.0,260.9078947368421,126261.8947368421,325.55263157894734,0.0,0.0,0.0
795,74221416,Novosibirsk,1,3,55.0288307,82.9226887,0.00834208836303461,1.618421052631579,3.124367880608919,0.6588373902403101,0.0,132.6184210526316,62858.89473684211,202.6315789473684,0.0,0.0,0.0
796,74221417,Novosibirsk,1,3,55.0288307,82.9226887,0.0061735936558071115,2.6578947368421053,3.6444199101251216,0.5814696785162073,0.0,254.5,142693.76315789475,438.36842105263156,0.0,0.0,0.0
797,74221419,Balashikha,4,0,55.7997662,37.9373707,0.018724224057740872,8.328947368421053,3.0581135417855294,0.7241546065904679,0.0,320.88157894736844,144320.5394736842,440.17105263157896,0.0,0.0,0.0
798,74221420,Novosibirsk,1,3,55.0288307,82.9226887,0.007829310505767828,3.1973684210526314,3.1089180961828133,0.7560275452088403,0.0,335.2631578947368,163601.73684210525,441.67105263157896,0.0,0.0,0.0
799,74221441,Moscow,4,4,55.7245371,37.625444019985025,0.027892226329056347,1.3289473684210527,3.7362866974910225,0.8007949272813127,0.0,38.078947368421055,20394.802631578947,47.473684210526315,0.0,0.0,0.0
800,74221442,Balashikha,0,0,55.7997662,37.9373707,0.010169067586877469,2.3421052631578947,3.4343092417862437,0.7706820320038492,0.0,177.97368421052633,85824.19736842105,230.71052631578948,0.0,0.0,0.0
801,74221444,Novosibirsk,1,4,55.0288307,82.9226887,0.009481236649300263,1.263157894736842,3.5236332887039614,0.692940890311376,0.0,90.25,53455.02631578947,129.8815789473684,0.0,0.0,0.0
802,74221445,Samara,4,3,53.2194648,50.2039316,0.01121258030714904,3.776315789473684,3.110039278317804,0.7533664928704799,0.0,259.4736842105263,113593.59210526316,344.9868421052632,0.0,0.0,0.0
803,74221446,Novosibirsk,1,3,55.0288307,82.9226887,0.006254425856467022,2.1842105263157894,3.4268341048197253,0.7035739906674099,0.0,252.69736842105263,130666.03947368421,360.25,0.0,0.0,0.0
804,74221448,Stupino,4,4,54.886598,38.0772589,0.01496352676087661,1.5394736842105263,3.576297171291227,0.7393624904062525,0.0,78.64473684210526,40301.32894736842,106.65789473684211,0.0,0.0,0.0
805,74221451,Anapa,7,4,44.894272,37.316887,0.006838849841296453,1.5921052631578947,3.7203953829919443,0.7266076065492726,0.0,163.6315789473684,105513.26315789473,223.55263157894737,0.0,0.0,0.0
806,74221472,Balashikha,0,4,55.7997662,37.9373707,0.011749866298303152,2.1710526315789473,3.3185638826150514,0.7197644237743825,0.0,131.77631578947367,63314.96052631579,182.35526315789474,0.0,0.0,0.0
807,74221476,Krasnoyarsk,6,3,56.0090968,92.8725147,0.010632938908067607,3.013157894736842,3.737473949389777,0.7248904701955934,0.0,203.4078947368421,138074.2894736842,282.1578947368421,0.0,0.0,0.0
808,74221477,Moscow,4,3,55.7245371,37.625444019985025,0.011132733422419406,4.0,3.13758010900151,0.7173583343119219,0.0,254.56578947368422,118478.57894736843,355.2105263157895,0.0,0.0,0.0
809,74221478,Moscow Region,0,4,45.0262016,38.9713665,0.008700078451032628,1.6578947368421053,3.062210339255599,0.7400561063418902,0.0,140.22368421052633,61545.48684210526,189.32894736842104,0.0,0.0,0.0
810,74221479,Moscow Region,0,4,45.0262016,38.9713665,0.013523354840172535,2.723684210526316,3.4658493240478774,0.7827035595114358,0.0,154.94736842105263,79354.3552631579,196.92105263157896,0.0,0.0,0.0
811,74221482,Tyumen,9,3,57.153534,65.542274,0.006913608867547788,2.0,3.678476677066772,0.800033231010615,0.0,246.67105263157896,130544.48684210527,307.0,0.0,0.0,0.0
812,74221488,Serpukhov,4,0,54.9155247,37.4195533,0.012542965960309425,3.4342105263157894,3.28624935599435,0.7302112735030687,0.0,213.5,101326.71052631579,291.13157894736844,0.0,0.0,0.0
813,74221502,Tyumen,9,3,57.153534,65.542274,0.011417738779218301,2.8947368421052633,2.9426102541092582,0.7808416910943803,0.0,207.97368421052633,89922.44736842105,266.55263157894734,0.0,0.0,0.0
814,74221501,Krasnoyarsk,0,3,56.0090968,92.8725147,0.01006427758925971,3.8421052631578947,2.9032489641419286,0.7815652954211163,0.0,294.42105263157896,142317.1447368421,376.9736842105263,0.0,0.0,0.0
815,74021513,Taldom,0,3,56.730941,37.528016,0.021549954365319732,2.6315789473684212,4.2727367811268975,0.7840266375891652,0.0,96.19736842105263,58531.67105263158,121.13157894736842,0.0,0.0,0.0
816,74021514,Povarovo,0,3,56.0758541,37.0542886,0.015138060907994555,1.8421052631578947,3.605453047471098,0.7277598674649668,0.0,93.39473684210526,47763.63157894737,127.9342105263158,0.0,0.0,0.0
817,74021515,Moscow,0,3,55.7245371,37.625444019985025,0.013194464982182236,1.486842105263158,3.66065393195068,0.739983306223399,0.0,85.8157894736842,45956.96052631579,116.8157894736842,0.0,0.0,0.0
818,74021516,Bykovo,0,3,55.6311596,38.0761816,0.00987603900979807,1.736842105263158,3.244610769504418,0.7548077139465942,0.0,130.82894736842104,58223.81565789474,174.28947368421052,0.0,0.0,0.0
819,74021518,Shchyolkovo,0,3,55.9206499,37.9915576,0.018007816510334906,1.605263157894737,3.2794951526237583,0.6844050057619182,0.0,59.55263157894737,26853.407894736843,87.96052631578948,0.0,0.0,0.0
820,74221564,Tomsk,9,0,58.6124279,82.0475315,0.00529944872758942,1.9078947368421053,3.4644092616920763,0.7967042602256295,0.0,293.36842105263156,146577.47368421053,365.9342105263158,0.0,0.0,0.0
822,74321574,Novokuznetsk,5,3,53.7575903,87.1358494,0.009864381024236986,1.631578947368421,3.315515507329492,0.7617944679980699,0.0,128.22368421052633,74216.43421052632,167.23684210526315,0.0,0.0,0.0
823,74321575,Prokopyevsk,6,3,53.8879117,86.7492072,0.00718284786553162,1.7866666666666666,3.886146537022857,0.789047220537936,0.0,205.57333333333332,136721.57333333333,258.28,0.0,0.0,0.0
824,74013266,Moscow,0,3,55.7245371,37.625444019985025,0.012030724956629952,21.486842105263158,3.010279465360354,0.5162221469350361,0.0,920.921052631579,394332.0789473684,1777.5657894736842,0.0,0.0,0.0
825,74013278,Khimki,0,3,55.8917293,37.4396994,0.011764051957539459,6.342105263157895,3.327131300013586,0.6729101770021151,0.0,368.4342105263158,183462.3552631579,544.1184210526316,0.0,0.0,0.0
826,74020411,Surgut,0,0,61.254032,73.3964,0.008854139538401362,5.223684210526316,3.940834440086059,0.7528965570865198,0.0,477.30263157894734,319836.4868421053,627.6315789473684,0.0,0.0,0.0
827,74013352,Surgut,0,3,61.254032,73.3964,0.014939151000005027,6.0,3.694464661976356,0.7013779844858407,0.0,293.7631578947368,184096.25,418.36842105263156,0.0,0.0,0.0
828,74013416,Moscow,0,0,55.7245371,37.625444019985025,0.01325381281028072,5.394736842105263,2.9399624743533725,0.6963898596333967,0.0,287.4342105263158,126452.48684210527,412.4342105263158,0.0,0.0,0.0
829,74013283,Moscow,0,0,55.7245371,37.625444019985025,0.01467341371323687,3.236842105263158,3.2374703555738047,0.7717957721261012,0.0,164.35526315789474,82038.43421052632,212.81578947368422,0.0,0.0,0.0
830,74013922,Moscow,0,0,55.7245371,37.625444019985025,0.014015862197990054,6.355263157894737,2.9320974356598346,0.781239455742086,0.0,352.5263157894737,161216.27631578947,450.7236842105263,0.0,0.0,0.0
831,74014084,Kotelniki,0,0,55.661668,37.8673073,0.011974325973971177,7.065789473684211,3.874022422567162,0.6888203825781861,0.0,407.0263157894737,247369.73684210525,585.75,0.0,0.0,0.0
832,74014086,Lobnya,0,3,56.0104473,37.4670831,0.010028323489971002,9.631578947368421,3.0698258195106205,0.7111800888937608,0.0,692.0657894736842,297819.25,976.1052631578947,0.0,0.0,0.0
833,74014316,Moscow,0,0,55.7245371,37.625444019985025,0.010259074754173562,2.289473684210526,3.0941271339954057,0.7412461997220557,0.0,164.71052631578948,74185.02631578948,219.51315789473685,0.0,0.0,0.0
834,74015171,Moscow,0,0,55.7245371,37.625444019985025,0.014033339910269222,5.355263157894737,2.926070334149831,0.7687482363169726,0.0,297.2236842105263,119072.69736842105,386.42105263157896,0.0,0.0,0.0
835,74013270,Moscow,0,3,55.7245371,37.625444019985025,0.019099026818898513,19.776315789473685,3.0047487186423925,0.7558289715437926,2.6842105263157894,784.3421052631579,350455.34210526315,1035.1842105263158,15.802631578947368,0.7368421052631579,7.5394736842105265
836,74020416,Surgut,0,0,61.254032,73.3964,0.008420024076179594,4.9868421052631575,4.136303186962181,0.7602802278296642,0.0,464.4868421052632,324351.3552631579,608.8552631578947,0.0,0.0,0.0
837,74020430,Novoivanovskoye,0,0,46.55389,39.771671,0.01210379258098943,3.9342105263157894,3.1527399296063825,0.7054093025631011,0.0,233.1315789473684,112242.42105263157,330.75,0.0,0.0,0.0
838,74021641,Ulan-Ude,6,0,51.8357841,107.5839105,0.004002988431004366,1.9210526315789473,3.54692421733976,0.7909083103762047,0.0,397.64473684210526,224241.51315789475,507.0394736842105,0.0,0.0,0.0
839,74021642,Rostov-na-Donu,4,0,47.2216548,39.7096061,0.005025943137533721,1.605263157894737,3.7397682722953496,0.7729141404028325,0.0,260.0921052631579,147468.84210526315,337.80263157894734,0.0,0.0,0.0
840,74021643,Marusino,0,3,55.0384524,82.7567523,0.009948549611415808,1.868421052631579,3.2746716764661183,0.6991980717622251,0.0,129.67105263157896,60844.82894736842,185.82894736842104,0.0,0.0,0.0
841,74021647,Gubkin,4,0,51.283714,37.53466,0.005652959378539333,1.2894736842105263,3.3651261393410277,0.803307165035319,0.0,187.68421052631578,83383.28947368421,232.5,0.0,0.0,0.0
842,74021648,Mokshino,4,2,54.7100177,50.8029204,0.006843847222768403,0.631578947368421,3.711521069979913,0.7413217185235117,0.0,67.17105263157895,38199.86666666667,90.5657894736842,0.0,0.0,0.0
843,74021649,Moscow,4,2,55.7245371,37.625444019985025,0.012772713521839762,1.486842105263158,3.502507408274234,0.7712195766754694,0.0,93.53947368421052,46780.22368421053,118.61842105263158,0.0,0.0,0.0
844,74021650,Saransk,4,2,54.18671,45.18383,0.013726481656063497,3.710526315789474,3.552723140656643,0.639840828145872,0.0,177.77631578947367,93039.22368421052,276.7368421052632,0.0,0.0,0.0
845,74021651,Moscow,4,0,55.7245371,37.625444019985025,0.01452325417959559,11.039473684210526,2.7741887203221895,0.82652691733173,0.0,624.8157894736842,246738.2894736842,755.9736842105264,0.0,0.0,0.0
846,74021653,Krasnodar,4,3,45.0351532,38.9772396,0.004314237585462218,1.4473684210526316,3.371652565975366,0.7781973485918445,0.0,255.6315789473684,116564.68421052632,327.11842105263156,0.0,0.0,0.0
847,74021654,Moscow,4,0,55.7245371,37.625444019985025,0.010902062592899288,3.1315789473684212,2.9649194789046147,0.8238604651621643,0.0,241.67105263157896,101917.6052631579,292.7894736842105,0.0,0.0,0.0
848,74321658,Tyumen,9,0,57.153534,65.542274,0.006706403196483427,3.1184210526315788,3.6038258657644406,0.7654734665673996,0.0,373.60526315789474,206559.61842105264,480.35526315789474,0.0,0.0,0.0
849,74021661,Moscow,4,3,55.7245371,37.625444019985025,0.01144937872393504,5.355263157894737,2.835059063627755,0.7875989223298648,0.0,366.7236842105263,140850.42105263157,462.9078947368421,0.0,0.0,0.0
850,74321662,Domodedovo,4,0,55.4368213,37.7680693,0.012539380487732085,2.25,3.4838821398142414,0.7555584343203863,0.0,142.42105263157896,74319.13157894737,188.10526315789474,0.0,0.0,0.0
851,74321666,Moscow,4,0,55.7245371,37.625444019985025,0.014092229094395147,11.842105263157896,2.9023093680439955,0.7665861185083515,1.6578947368421053,656.5,265913.4605263158,854.7105263157895,12.197368421052632,0.47368421052631576,5.25
852,74321669,Moscow,4,3,55.7245371,37.625444019985025,0.014420471732353063,6.0,3.1429669818451247,0.7578581479911456,0.0,313.9605263157895,149730.77631578947,415.0657894736842,0.0,0.0,0.0
853,74321670,Moscow,4,3,55.7245371,37.625444019985025,0.014082810466149377,14.697368421052632,2.770350380768552,0.7298471063750209,1.881578947368421,784.9078947368421,304242.65789473685,1069.8815789473683,14.18421052631579,0.6842105263157895,7.078947368421052
854,74021671,Moscow,4,0,55.7245371,37.625444019985025,0.014238788085353888,8.105263157894736,3.072756692823174,0.7213091083139902,0.0,412.89473684210526,191377.77631578947,570.9342105263158,0.0,0.0,0.0
855,74321673,Moscow,4,3,55.7245371,37.625444019985025,0.016454995432025665,7.671052631578948,2.95911832526424,0.7565645770795976,0.0,352.86842105263156,153307.15789473685,467.38157894736844,0.0,0.0,0.0
856,74321675,Kopeysk,9,3,55.1131951,61.6216332,0.004858385665818726,1.0,3.117618130899646,0.6568597960176212,0.0,137.9078947368421,59629.05263157895,209.46052631578948,0.0,0.0,0.0
857,74021676,Moscow,4,3,55.7245371,37.625444019985025,0.013403553429801108,3.3815789473684212,3.1201847759511128,0.7925132550348294,0.0,201.75,86896.38157894737,254.81578947368422,0.0,0.0,0.0
858,74321677,Vidnoye,4,0,55.5571496,37.7087142,0.01346418788254151,1.7763157894736843,3.441854531782865,0.7678389949970352,0.0,101.94736842105263,53241.09210526316,131.52631578947367,0.0,0.0,0.0
859,74021678,Moscow,0,3,55.7245371,37.625444019985025,0.0111402415890132,6.118421052631579,3.090994509428331,0.7785647910123481,0.47368421052631576,434.9868421052632,185438.61842105264,567.4868421052631,3.0526315789473686,0.19736842105263158,1.6842105263157894
860,74321681,Ekaterinburg,0,0,56.839104,60.60825,0.011991736673561001,3.3947368421052633,3.276845560939952,0.7677539216483342,0.0,237.18421052631578,125725.43421052632,298.7368421052632,0.0,0.0,0.0
861,74321682,Pervouralsk,9,4,56.9051246,59.9431941,0.011489107064273108,2.8421052631578947,3.469352100377292,0.758747290081918,0.0,194.9078947368421,99506.57894736843,255.55263157894737,0.0,0.0,0.0
862,74321683,Novosibirsk,1,4,55.0288307,82.9226887,0.008425380008524002,1.2236842105263157,3.9868729814837773,0.6556088945912272,0.0,95.90789473684211,63742.56578947369,149.23684210526315,0.0,0.0,0.0
863,74321688,Krasnogorsk,4,0,55.8217545,37.3400897,0.011672317862167105,2.8684210526315788,3.4343347049251784,0.7135827415041129,0.0,187.76315789473685,89705.13157894737,264.7631578947368,0.0,0.0,0.0
864,74321689,Moscow,4,0,55.7245371,37.625444019985025,0.014038566580656109,2.289473684210526,2.9897064235460857,0.7356802705608562,0.0,121.64473684210526,53396.19736842105,165.21052631578948,0.0,0.0,0.0
865,74321690,Selyatino,4,2,55.51537,36.98217,0.012344191931652952,2.776315789473684,3.8528821369138813,0.7769093132722543,0.0,172.18421052631578,92556.97368421052,221.98684210526315,0.0,0.0,0.0
866,74021685,Saint Petersburg,4,3,59.9606739,30.1586551,0.012876002272256798,2.763157894736842,2.830652185484198,0.8009525235753504,0.0,172.18421052631578,70590.17105263157,215.03947368421052,0.0,0.0,0.0
867,74021686,Saint Petersburg,4,3,59.9606739,30.1586551,0.011853838692574082,7.223684210526316,2.814568993159201,0.7514616684572147,0.0,467.5263157894737,181767.38157894736,624.3552631578947,0.0,0.0,0.0
868,74021692,Moscow,4,3,55.7245371,37.625444019985025,0.01190493536859768,5.026315789473684,3.3462075508643765,0.7677625998498583,0.0,327.4078947368421,148904.38157894736,426.0657894736842,0.0,0.0,0.0
869,74021693,Moscow,4,3,55.7245371,37.625444019985025,0.015120550437943657,9.789473684210526,3.4696157299536683,0.7535578699856325,0.0,490.19736842105266,247039.27631578947,649.921052631579,0.0,0.0,0.0
870,74021694,Moscow,4,0,55.7245371,37.625444019985025,0.011682452265042975,12.407894736842104,3.434016219557725,0.7789393150589599,0.0,831.2105263157895,395048.7105263158,1064.2368421052631,0.0,0.0,0.0
871,74021695,Ussuriysk,0,0,43.7972447,131.9520752,0.0036516805491138976,1.4473684210526316,4.187681638630171,0.7481467267467399,0.0,302.69736842105266,194043.7105263158,400.14473684210526,0.0,0.0,0.0
872,74021696,Moscow,0,0,55.7245371,37.625444019985025,0.012119935989652823,3.1315789473684212,2.951423594087622,0.7578667704075419,0.0,196.85526315789474,86409.38157894737,260.17105263157896,0.0,0.0,0.0
873,74321698,Moscow,4,3,55.7245371,37.625444019985025,0.011272513499982234,7.026315789473684,2.7276269466222858,0.7888026518917639,0.0,499.0394736842105,189638.3947368421,631.421052631579,0.0,0.0,0.0
874,74021702,Astrakhan,4,3,46.3498308,48.0326203,0.004800704303005497,1.0657894736842106,2.916422208656272,0.7096911593027597,0.0,157.67105263157896,60012.98684210526,220.55263157894737,0.0,0.0,0.0
875,74021703,Kineshma,2,3,57.441310400000006,42.157962718212524,0.004935077511282559,0.9078947368421053,3.4576424557158854,0.7357876079573193,0.0,132.77631578947367,58435.47368421053,179.5921052631579,0.0,0.0,0.0
876,74021705,Engels,0,3,51.5013775,46.1233093,0.007892064784821892,3.789473684210526,3.3336035790663523,0.7519182108318306,0.0,363.38157894736844,161018.07894736843,482.2368421052632,0.0,0.0,0.0
877,74321712,Volgograd,4,2,48.7081906,44.5153353,0.012501680476134576,1.618421052631579,3.9666630933467473,0.728893075561288,0.0,96.72368421052632,55816.92105263158,132.6315789473684,0.0,0.0,0.0
878,74321713,Magnitogorsk,9,0,53.42568665,59.050732193093054,0.006454779244975568,1.7105263157894737,3.4317445513946754,0.7437064635864915,0.0,213.6578947368421,110301.02631578948,282.2894736842105,0.0,0.0,0.0
879,74321706,Reutov,4,0,55.7622453,37.856555,0.0117150953789251,2.4078947368421053,3.304062620827583,0.725011046464747,0.0,165.60526315789474,78301.92105263157,224.25,0.0,0.0,0.0
880,74321708,Moscow,4,0,55.7245371,37.625444019985025,0.016547991442609242,3.5789473684210527,2.948342489592797,0.7637372845346203,0.0,170.32894736842104,74121.65789473684,222.1578947368421,0.0,0.0,0.0
881,74021712,Luga,9,3,58.735699,29.8475013,0.004396014057569596,1.013157894736842,3.7478553639626293,0.7390258789107932,0.0,161.22368421052633,88923.21052631579,216.32894736842104,0.0,0.0,0.0
882,74021713,Saint Petersburg,4,3,59.9606739,30.1586551,0.009609733766139977,4.565789473684211,2.8826592614148088,0.7786597352081913,0.0,370.0131578947368,157791.48684210525,474.69736842105266,0.0,0.0,0.0
883,74021714,Tambov,0,3,52.7216164,41.4523988,0.009505721102810404,3.1973684210526314,3.1310525452775075,0.7295287810682143,0.0,265.4078947368421,112545.03947368421,365.13157894736844,0.0,0.0,0.0
884,74021715,Gus-Khrustalny,2,3,55.6149968,40.6708665,0.004485633517516263,0.5789473684210527,3.3341390253535876,0.6551617722583597,0.0,83.1842105263158,36344.18421052631,127.01315789473684,0.0,0.0,0.0
885,74321715,Moscow,4,3,55.7245371,37.625444019985025,0.013497898942331391,3.460526315789474,2.918295378842532,0.8039191080327064,0.0,216.78947368421052,89249.44736842105,269.4736842105263,0.0,0.0,0.0
886,74321709,Moscow,4,0,55.7245371,37.625444019985025,0.011292659457388983,4.4605263157894735,3.1028360689556806,0.7497420922142849,0.0,300.82894736842104,130502.01315789473,400.9078947368421,0.0,0.0,0.0
887,74321718,Moscow,4,3,55.7245371,37.625444019985025,0.012534874304834366,7.9868421052631575,3.1214624235380093,0.7495542988475897,0.0,479.75,218084.65789473685,639.5394736842105,0.0,0.0,0.0
888,74321717,Moscow,4,0,55.7245371,37.625444019985025,0.01339717508526309,3.986842105263158,2.60429653494831,0.8152694354761634,0.0,243.9078947368421,88413.6052631579,295.0394736842105,0.0,0.0,0.0
889,74321716,Moscow,4,3,55.7245371,37.625444019985025,0.01178346235565347,6.2105263157894735,2.8519876782201004,0.7658609396697283,0.0,408.4342105263158,170728.82894736843,532.828947368421,0.0,0.0,0.0
890,74321714,Moscow,4,3,55.7245371,37.625444019985025,0.00955434716230798,6.0131578947368425,2.9164553862977094,0.7726821504872673,0.0,486.42105263157896,199190.42105263157,629.8157894736842,0.0,0.0,0.0
891,74321719,Reutov,4,0,55.7622453,37.856555,0.01043899896152951,2.3421052631578947,2.888183742272508,0.7025290377899214,0.0,166.64473684210526,66334.96052631579,237.53947368421052,0.0,0.0,0.0
892,74321721,Tyumen,9,3,57.153534,65.542274,0.010578470680824325,4.421052631578948,3.020111164111563,0.7852073776177955,0.0,356.4736842105263,154051.11842105264,449.8157894736842,0.0,0.0,0.0
893,74321722,Podol’sk,4,0,55.4308841,37.5453056,0.011419651939952374,4.9868421052631575,3.341621998966192,0.7742688765277881,0.0,348.69736842105266,178010.81578947368,447.92105263157896,0.0,0.0,0.0
894,74021733,Rostov-na-Donu,4,4,47.2216548,39.7096061,0.017855140648605522,5.4605263157894735,4.603895048471308,0.7721677028121539,0.0,236.51315789473685,172117.23684210525,303.42105263157896,0.0,0.0,0.0
895,74021735,Kaluga,0,2,-2.4534465,17.8588846,0.014775997068933277,1.4736842105263157,4.4293442797376885,0.7450907982658042,0.0,72.30263157894737,49433.52631578947,96.05263157894737,0.0,0.0,0.0
896,74021736,Votkinsk,0,2,57.052505,53.990612,0.008254686317698769,2.1842105263157894,3.7178288230996044,0.6230225291481766,0.0,159.39473684210526,85013.52631578948,268.13157894736844,0.0,0.0,0.0
897,74021737,Naberejnye Tchelny,0,3,55.7419774,52.399207,0.010586871566026373,3.1184210526315788,3.3195156636832883,0.6421652046023241,0.0,186.48684210526315,93497.59210526316,292.0921052631579,0.0,0.0,0.0
898,74021738,Taman,7,2,45.2158646,36.7191326,0.005057205874221259,1.1842105263157894,4.133563228377558,0.6812159516308733,0.0,171.98684210526315,136932.81578947368,253.23684210526315,0.0,0.0,0.0
899,74021740,Ivanovo,4,2,56.9984452,40.9737394,0.015315575951334938,2.6447368421052633,3.742013778206168,0.7178221091806355,0.0,126.25,68943.61842105263,176.18421052631578,0.0,0.0,0.0
900,74021741,Michurinsk,0,3,52.8946613,40.5071721,0.004973178522906035,1.368421052631579,3.3975514965083704,0.6282672995370617,0.0,176.01315789473685,80607.97368421052,281.9736842105263,0.0,0.0,0.0
901,74321742,Moscow,4,0,55.7245371,37.625444019985025,0.01264763758847617,3.3134328358208953,3.063965987390085,0.7367331061461625,0.0,191.91044776119404,91072.22388059701,257.8955223880597,0.0,0.0,0.0
902,74021743,Moscow,4,3,55.7245371,37.625444019985025,0.013049278320608693,8.552631578947368,3.276969179951118,0.6625947293683655,0.0,437.11842105263156,219144.93421052632,699.5657894736842,0.0,0.0,0.0
903,74021744,Moscow,4,3,55.7245371,37.625444019985025,0.013228485059586176,3.9210526315789473,3.312331920030806,0.7541769904953641,0.0,224.81578947368422,108743.8552631579,298.38157894736844,0.0,0.0,0.0
904,74021745,Moscow,4,3,55.7245371,37.625444019985025,0.014975892822520261,7.053333333333334,2.97092742414487,0.7879854664030486,0.0,362.26666666666665,156130.89333333334,460.96,0.0,0.0,0.0
905,74021746,Moscow,4,3,55.7245371,37.625444019985025,0.010402240453854222,5.7368421052631575,2.935040434581972,0.7637120371843711,0.0,424.5263157894737,177423.93421052632,551.921052631579,0.0,0.0,0.0
906,74021747,Moscow,4,3,55.7245371,37.625444019985025,0.015084746961109726,5.473684210526316,3.468299882740018,0.7402458713498647,0.0,270.69736842105266,137502.8552631579,366.4078947368421,0.0,0.0,0.0
907,74021748,Moscow,4,3,55.7245371,37.625444019985025,0.019826159604245153,3.473684210526316,3.2579080225148123,0.7731219641595137,0.0,136.9078947368421,63745.13157894737,176.9078947368421,0.0,0.0,0.0
908,74021749,Moscow,4,0,55.7245371,37.625444019985025,0.010409678246549365,2.0657894736842106,3.0319724179436984,0.7702758400411472,0.0,156.1184210526316,71633.48684210527,202.8815789473684,0.0,0.0,0.0
909,74021751,Moscow,4,3,55.7245371,37.625444019985025,0.013649689953653746,5.407894736842105,2.969448679626364,0.7512367552985711,0.0,306.5657894736842,125360.40789473684,408.64473684210526,0.0,0.0,0.0
910,74021752,Moscow,4,0,55.7245371,37.625444019985025,0.009361682655621043,2.3947368421052633,2.823517038620775,0.7579292293089701,0.0,192.17105263157896,80198.82894736843,252.89473684210526,0.0,0.0,0.0
911,74021753,Moscow,4,0,55.7245371,37.625444019985025,0.009496753128152785,2.973684210526316,3.0348230225975708,0.7653994240539874,0.0,241.47368421052633,103277.51315789473,314.19736842105266,0.0,0.0,0.0
912,74021754,Moscow,4,0,55.7245371,37.625444019985025,0.013581252354076577,1.8421052631578947,3.428316799040337,0.7074059787892109,0.0,94.75,49604.51315789474,134.43421052631578,0.0,0.0,0.0
913,74021755,Moscow,4,0,55.7245371,37.625444019985025,0.009247644806630864,2.8947368421052633,2.9063959158724035,0.770275055257463,0.0,239.22368421052633,97396.21052631579,309.80263157894734,0.0,0.0,0.0
914,74021756,Vladivostok,0,2,43.1150678,131.8855768,0.014399652657965561,7.552631578947368,3.75329980705437,0.6869880825798973,0.0,370.86842105263156,216177.6447368421,537.6184210526316,0.0,0.0,0.0
915,74021757,Naberejnye Tchelny,0,3,55.7419774,52.399207,0.010705030880510141,2.0526315789473686,3.3212295200793105,0.582800787776961,0.0,119.25,58394.11842105263,208.06578947368422,0.0,0.0,0.0
916,74021758,Moscow,4,3,55.7245371,37.625444019985025,0.018083289966596947,5.368421052631579,3.2815757313119214,0.7003758369016502,0.0,211.57894736842104,101256.36842105263,303.0394736842105,0.0,0.0,0.0
917,74321760,Podol’sk,4,0,55.4308841,37.5453056,0.013095424622915809,2.8552631578947367,3.548812005928768,0.7812715695884056,0.0,204.3684210526316,114312.71052631579,260.2894736842105,0.0,0.0,0.0
918,74021761,Ivanovo,4,0,56.9984452,40.9737394,0.010276404012731284,1.9736842105263157,3.2047874182526046,0.6955573209248962,0.0,147.3815789473684,67489.88157894737,209.39473684210526,0.0,0.0,0.0
919,74021762,Moscow,4,3,55.7245371,37.625444019985025,0.012944584683984003,3.960526315789474,2.9088095909434157,0.7286656082052135,0.0,221.8684210526316,92287.06578947368,304.32894736842104,0.0,0.0,0.0
920,74321770,Magnitogorsk,9,2,53.42568665,59.050732193093054,0.017369774807947293,2.3026315789473686,4.009669340520268,0.70017339597079,0.0,91.03947368421052,58034.97368421053,129.28947368421052,0.0,0.0,0.0
921,74021771,Moscow,4,2,55.7245371,37.625444019985025,0.023748143866897962,3.2133333333333334,3.367893387850796,0.6634243000661858,0.0,106.04,51752.72,161.16,0.0,0.0,0.0
922,74021777,Moscow,4,3,55.7245371,37.625444019985025,0.016093447550316706,4.776315789473684,3.388809348603989,0.7254217908731274,0.0,223.75,107932.8,303.6578947368421,0.0,0.0,0.0
923,74021778,Mineralnye Vody,0,2,44.2107377,43.134969,0.0067180322529355975,0.9605263157894737,4.856159148695854,0.7110978345434962,0.0,106.94736842105263,78821.83776315789,147.5921052631579,0.0,0.0,0.0
924,74021779,Saratov,0,2,51.530018,46.034683,0.010838652143502834,3.736842105263158,3.477929567046955,0.7211427731826752,0.0,260.36842105263156,124661.8947368421,360.89473684210526,0.0,0.0,0.0
925,74021780,Kazan,9,0,55.7823547,49.1242266,0.00615230295026944,3.1710526315789473,3.0630519174894735,0.7748126947647078,0.0,413.86842105263156,199398.13157894736,527.9342105263158,0.0,0.0,0.0
926,74321781,Kurgan,9,3,55.41284775,65.38521650075313,0.004536788846605143,1.5466666666666666,3.1634042883017015,0.8221283247367045,0.0,297.46666666666664,127001.45333333334,358.72,0.0,0.0,0.0
927,74321782,Troitsk (Chelyabinsk),5,3,54.0847722,61.5514047,0.003467560879376626,0.5657894736842105,3.2823015138818734,0.671884361835815,0.0,109.59210526315789,53957.653333333335,161.78947368421052,0.0,0.0,0.0
928,74021784,Nizhnekamsk,0,3,55.6412879,51.8160376,0.006016492205351856,1.3421052631578947,3.4047812739066328,0.6970677634326465,0.0,158.55263157894737,79376.43421052632,227.26315789473685,0.0,0.0,0.0
929,74321785,Omsk,9,3,54.991375,73.371529,0.011546316135568429,4.671052631578948,3.3059822831987353,0.6612671156003563,0.0,277.39473684210526,135980.18421052632,423.07894736842104,0.0,0.0,0.0
930,74321789,Novosibirsk,1,4,55.0288307,82.9226887,0.009367438386283336,0.47368421052631576,3.735528337605013,0.6418519019843472,0.0,35.8421052631579,21291.07894736842,55.01315789473684,0.0,0.0,0.0
931,74321787,Novosibirsk,1,4,55.0288307,82.9226887,0.006106898807001821,1.0263157894736843,3.621444601697771,0.6495037185418078,0.0,109.76315789473684,64833.28947368421,168.6315789473684,0.0,0.0,0.0
932,74321790,Chelyabinsk,9,4,55.1598408,61.4025547,0.011700990848703094,2.473684210526316,2.9931724788586505,0.7006034768209218,0.0,154.77631578947367,66093.6447368421,220.3815789473684,0.0,0.0,0.0
933,74321791,Chelyabinsk,9,2,55.1598408,61.4025547,0.015803305388389186,4.306666666666667,3.6906622222774144,0.7041935505037344,0.0,190.77333333333334,107322.10666666667,270.97333333333336,0.0,0.0,0.0
934,74321792,Chelyabinsk,9,1,55.1598408,61.4025547,0.006068943227115123,1.5263157894736843,3.260264265675628,0.7166363080210602,0.0,180.71052631578948,80825.26315789473,251.01315789473685,0.0,0.0,0.0
935,74321793,Voskresensk,4,3,55.322518,38.6816824,0.009663619722440151,2.776315789473684,3.1245531515671265,0.796013026859404,0.0,236.71052631578948,95833.27631578948,295.7368421052632,0.0,0.0,0.0
936,74321794,Domodedovo,4,3,55.4368213,37.7680693,0.01203078272956122,4.2631578947368425,3.2566936309478116,0.8122335011021682,0.0,292.2631578947368,131129.2105263158,359.25,0.0,0.0,0.0
937,74321795,Zhukovsky,4,0,55.56916015,38.11680970559127,0.014087643486284517,4.184210526315789,3.536107078018301,0.8188321656502479,0.0,251.93421052631578,117835.69736842105,305.35526315789474,0.0,0.0,0.0
938,74321796,Moscow,4,3,55.7245371,37.625444019985025,0.009334586190683624,4.657894736842105,2.814789242147128,0.7814593132692732,0.0,390.07894736842104,156671.80263157896,497.69736842105266,0.0,0.0,0.0
939,74021785,Perm,0,3,58.014965,56.246723,0.011460708454885721,4.868421052631579,3.1426426991813243,0.7077431035277424,0.0,296.9868421052632,133210.18421052632,423.0657894736842,0.0,0.0,0.0
940,74021786,Moscow,0,3,55.7245371,37.625444019985025,0.008115268936845043,3.3421052631578947,2.2316105483595785,0.7306858474981929,0.0,308.07894736842104,95528.84210526316,421.32894736842104,0.0,0.0,0.0
941,74021787,Ufa,0,2,54.7261409,55.947499,0.014720780670134692,5.9605263157894735,2.9274594439288832,0.696610157568057,0.0,283.2368421052632,117954.80263157895,405.4078947368421,0.0,0.0,0.0
942,74021788,Ufa,0,3,54.7261409,55.947499,0.01259424490152808,3.8026315789473686,3.0498523980534036,0.7031856884708434,0.23684210526315788,215.21052631578948,95886.22368421052,304.0131578947368,2.026315789473684,0.07894736842105263,1.0921052631578947
943,74021789,Ufa,0,3,54.7261409,55.947499,0.013835967332135747,4.157894736842105,3.08286427989815,0.669329658953127,0.0,201.32894736842104,92903.44736842105,299.63157894736844,0.0,0.0,0.0
944,74021790,Yaroslavl,4,3,57.6263877,39.8933705,0.014911943112536317,6.921052631578948,2.7553567897976556,0.733709050868432,0.0,348.0394736842105,125700.53947368421,473.92105263157896,0.0,0.0,0.0
945,74021791,Yaroslavl,4,0,57.6263877,39.8933705,0.009641536207408255,4.894736842105263,2.7819429188660028,0.7956645193324889,0.0,418.7105263157895,156522.7105263158,521.171052631579,0.0,0.0,0.0
946,74021793,Yaroslavl,4,0,57.6263877,39.8933705,0.010089743286228475,2.3421052631578947,3.1396086395025518,0.7633180409589223,0.0,193.56578947368422,80033.67105263157,250.97368421052633,0.0,0.0,0.0
947,74021794,Yaroslavl,4,0,57.6263877,39.8933705,0.007911994789841614,1.9733333333333334,3.1345847922541656,0.6455764919693983,0.0,173.97333333333333,74222.22535211267,252.82666666666665,0.0,0.0,0.0
948,74021795,Yaroslavl,4,3,57.6263877,39.8933705,0.015073021579818052,5.7631578947368425,3.037938878921634,0.7732542098718586,0.0,300.9868421052632,124283.6447368421,387.75,0.0,0.0,0.0
949,74321802,Moscow,4,0,55.7245371,37.625444019985025,0.012032159008058102,4.881578947368421,2.8358261017653907,0.7295262451892816,0.0,296.85526315789474,116047.59210526316,406.7105263157895,0.0,0.0,0.0
950,74321803,Moscow,4,0,55.7245371,37.625444019985025,0.011209737261401212,4.4605263157894735,3.272809135034355,0.7495249038179768,0.0,302.42105263157896,153991.90789473685,404.60526315789474,0.0,0.0,0.0
951,74321804,Moscow,4,0,55.7245371,37.625444019985025,0.013415008758935277,1.5789473684210527,3.1772698728480036,0.7011407349346783,0.0,82.0657894736842,41350.97368421053,117.0,0.0,0.0,0.0
952,74021801,Moscow,4,3,55.7245371,37.625444019985025,0.011433989244417223,3.8552631578947367,3.143575337111683,0.6596530666155226,0.0,219.53947368421052,98319.3947368421,332.69736842105266,0.0,0.0,0.0
953,74021802,Ryazan,0,3,54.6295687,39.7425039,0.014403586708685502,5.8133333333333335,3.347223426229441,0.7523739922048498,0.0,310.72,141438.54666666666,411.9066666666667,0.0,0.0,0.0
954,74021803,Lipetsk,4,3,52.6935178,39.1122664,0.008601892544752993,2.1973684210526314,2.8929486407885476,0.8223267676237797,0.0,215.17105263157896,84465.27631578948,260.9868421052632,0.0,0.0,0.0
955,74021804,Lipetsk,4,3,52.6935178,39.1122664,0.00562780825708753,1.513157894736842,3.2755367145027274,0.7733840110796006,0.0,206.4078947368421,96710.49333333333,263.5,0.0,0.0,0.0
956,74021805,Lipetsk,4,0,52.6935178,39.1122664,0.006742518891947438,3.276315789473684,3.321830923103422,0.7706212827115205,0.0,363.2631578947368,175938.76315789475,467.1842105263158,0.0,0.0,0.0
957,74021806,Lipetsk,4,3,52.6935178,39.1122664,0.00882658647631509,1.5526315789473684,3.384967880475824,0.7646279353390922,0.0,145.76315789473685,68220.26315789473,190.52631578947367,0.0,0.0,0.0
958,74021807,Elets,4,3,52.6219865,38.5003298,0.009843173018299319,2.3947368421052633,3.165782441665479,0.791283628894581,0.0,195.98684210526315,85660.59210526316,246.85526315789474,0.0,0.0,0.0
959,74021809,Yakutsk,8,3,62.0274078,129.7319787,0.01158824419587241,5.276315789473684,3.5476423067413636,0.5374881764718255,0.0,252.53947368421052,245887.82432432432,493.10526315789474,0.0,0.0,0.0
960,74021810,Ulan-Ude,6,0,51.8357841,107.5839105,0.004641978004026387,1.8289473684210527,3.6337160498173735,0.6481134585904198,0.0,259.07894736842104,166088.31578947368,403.6578947368421,0.0,0.0,0.0
961,74321805,Ekaterinburg,0,3,56.839104,60.60825,0.015092938524303937,6.907894736842105,2.5565830172318926,0.7754818486525001,0.0,362.69736842105266,136418.40789473685,463.80263157894734,0.0,0.0,0.0
962,74021811,Anzhero-Sudzhensk,0,3,56.077808,86.019356,0.004212170209287294,0.5921052631578947,3.739873899870506,0.7173395616599478,0.0,105.11842105263158,61816.73684210526,145.53947368421052,0.0,0.0,0.0
963,74021812,Penza,0,3,53.1937836,45.006741250609664,0.0093496836053445,3.0526315789473686,3.2046323936734114,0.6911039829503991,0.0,229.4078947368421,101968.86842105263,335.2368421052632,0.0,0.0,0.0
964,74321806,Domodedovo,4,2,55.4368213,37.7680693,0.014952087307796397,2.236842105263158,4.014655382764299,0.7668253691343395,0.0,119.38157894736842,71379.32894736843,155.30263157894737,0.0,0.0,0.0
965,74021813,Moscow,4,0,55.7245371,37.625444019985025,0.010409191900393794,4.0394736842105265,3.0564256182680567,0.728912593545426,0.0,278.9605263157895,124551.07894736843,382.9868421052632,0.0,0.0,0.0
966,74021814,Moscow,4,3,55.7245371,37.625444019985025,0.013902307306472645,4.815789473684211,2.8888895467658107,0.738478966372242,0.0,254.8815789473684,104703.28947368421,342.25,0.0,0.0,0.0
967,74021815,Vladivostok,0,3,43.1150678,131.8855768,0.012698765719790098,6.0131578947368425,3.240880928629065,0.683109836446907,0.0,325.17105263157896,170170.22368421053,479.9868421052632,0.0,0.0,0.0
968,74021816,Moscow,4,3,55.7245371,37.625444019985025,0.011126695722979293,3.5,3.14625550111872,0.7848905732000413,0.0,249.81578947368422,114586.05263157895,318.42105263157896,0.0,0.0,0.0
969,74021819,Khasavyurt,4,2,43.246916,46.5855184,0.0015210240922776265,0.18421052631578946,6.7086031647077045,0.42959158272383774,0.0,47.328947368421055,46987.52702702703,105.14473684210526,0.0,0.0,0.0
970,74021820,Ust-Dzheguta,0,3,44.0858961,41.9722557,0.0028450278172532963,0.19736842105263158,5.533112986171128,0.64162724625789,0.0,59.6578947368421,49054.28947368421,92.1842105263158,0.0,0.0,0.0
971,74021821,Moscow,4,3,55.7245371,37.625444019985025,0.013058988289429094,10.592105263157896,2.8748335300266623,0.7150035392038138,0.0,579.3947368421053,244918.94736842104,809.078947368421,0.0,0.0,0.0
972,74021822,Kazan,9,4,55.7823547,49.1242266,0.00657981271302069,1.144736842105263,3.597630077541106,0.7374227632584633,0.0,127.14473684210526,75171.44736842105,171.98684210526315,0.0,0.0,0.0
973,74021823,Taman,7,2,45.2158646,36.7191326,0.004173010272365097,0.8026315789473685,4.069215069370565,0.6519606902170577,0.0,136.46052631578948,112743.75,208.85526315789474,0.0,0.0,0.0
974,74021824,Saint Petersburg,4,3,59.9606739,30.1586551,0.0118644449308695,3.960526315789474,3.1411198061769166,0.6783659307792872,0.0,226.3421052631579,102907.07894736843,338.3157894736842,0.0,0.0,0.0
975,74021825,Yaroslavl,4,4,57.6263877,39.8933705,0.01643809946724933,2.8026315789473686,3.516291000861586,0.7355629979977476,0.0,128.64473684210526,60807.68421052631,175.14473684210526,0.0,0.0,0.0
976,74021826,Vladimir,4,2,56.1288899,40.4075203,0.013681169113349203,3.3421052631578947,3.5600957901740107,0.7053611822388237,0.0,173.68421052631578,85905.07894736843,246.53947368421052,0.0,0.0,0.0
977,74021830,Moscow,4,3,55.7245371,37.625444019985025,0.014777751927546694,6.355263157894737,3.1031579486784318,0.756349921923501,0.0,326.61842105263156,133653.26315789475,432.5263157894737,0.0,0.0,0.0
978,74021831,Moscow,4,3,55.7245371,37.625444019985025,0.01517942916371233,4.552631578947368,3.194282402996948,0.6248068854052989,0.0,194.1184210526316,86232.09333333334,309.19736842105266,0.0,0.0,0.0
979,74021832,Perm,0,0,58.014965,56.246723,0.009022079007281103,3.5,3.225593493961339,0.6910893156843624,0.0,277.69736842105266,136697.73684210525,396.0394736842105,0.0,0.0,0.0
980,74021836,Khabarovsk,0,3,51.6312684,136.121524,0.010313543872205656,4.131578947368421,3.278024232044176,0.6317415785789983,0.0,252.68421052631578,125762.34210526316,405.85526315789474,0.0,0.0,0.0
981,74021833,Ulan-Ude,6,3,51.8357841,107.5839105,0.006896462431498485,3.526315789473684,3.59597024252587,0.6785263490110061,0.0,357.94736842105266,212023.7894736842,523.0263157894736,0.0,0.0,0.0
982,74321808,Novosibirsk,1,4,55.0288307,82.9226887,0.009643330785937257,2.6578947368421053,3.206562705700174,0.7468679731075291,0.0,211.30263157894737,103353.38157894737,282.9736842105263,0.0,0.0,0.0
983,74321809,Langepas,6,3,61.247257,75.189278,0.00589244266299547,1.394736842105263,3.236760021572746,0.6782971900499287,0.0,171.56578947368422,87328.15789473684,255.46052631578948,0.0,0.0,0.0
984,74321810,Nefteyugansk,5,3,61.0962043,72.6111908351568,0.007530421845126254,2.8552631578947367,3.5785696611513345,0.7294639119426336,0.0,283.8421052631579,168601.5,387.0921052631579,0.0,0.0,0.0
985,74321811,Nizhnevartovsk,5,0,60.9391866,76.55117870683605,0.0065981947172623024,2.4473684210526314,3.9324400903287913,0.8346115223474055,0.0,318.2236842105263,203048.11842105264,378.1578947368421,0.0,0.0,0.0
986,74321812,Shatura,4,3,55.578403,39.5437584,0.007525529028225415,1.6842105263157894,3.3381063267299775,0.7494794329508884,0.0,171.77631578947367,75933.07894736843,228.53947368421052,0.0,0.0,0.0
987,74321813,Moscow,4,0,55.7245371,37.625444019985025,0.013303184077648607,3.0526315789473686,3.139925938205219,0.7604155357470523,0.0,175.17105263157896,79041.43421052632,230.1184210526316,0.0,0.0,0.0
988,74321814,Lyubertsy,4,0,55.6783142,37.89377,0.01068947555426425,2.013157894736842,3.206762348434747,0.8022282728031669,0.0,149.78947368421052,66159.6447368421,187.0,0.0,0.0,0.0
989,74021842,Ulan-Ude,6,3,51.8357841,107.5839105,0.004959980271662983,2.8552631578947367,3.2848106742441776,0.5867339944903791,0.0,352.25,193791.1447368421,596.0,0.0,0.0,0.0
990,74021844,Yaroslavl,4,3,57.6263877,39.8933705,0.012537630543063831,4.223684210526316,2.838746107759881,0.747494350067507,0.0,256.17105263157896,92778.40789473684,342.0921052631579,0.0,0.0,0.0
991,74021845,Moscow,4,3,55.7245371,37.625444019985025,0.017239416652238604,7.078947368421052,3.0414400700965563,0.7608707643420098,0.0,311.32894736842104,131891.7894736842,410.5921052631579,0.0,0.0,0.0
992,74321815,Tomsk,9,0,58.6124279,82.0475315,0.0102691201011248,5.644736842105263,3.22738017753013,0.7939332127323934,0.0,440.8421052631579,212637.2105263158,552.921052631579,0.0,0.0,0.0
993,74021846,Saint Petersburg,4,3,59.9606739,30.1586551,0.011836001271610658,6.644736842105263,3.090265842783793,0.7609606868097403,0.0,429.67105263157896,184301.19736842104,565.0657894736842,0.0,0.0,0.0
994,74021847,Tikhoretsk,7,2,45.854679,40.128124,0.006192530212527449,0.9868421052631579,4.476294931064383,0.7418553492777775,0.0,119.6842105263158,98024.82894736843,159.76315789473685,0.0,0.0,0.0
995,74321817,Moscow,4,0,55.7245371,37.625444019985025,0.007689251740936263,2.539473684210526,3.251908279600931,0.76729804010439,0.0,256.5,121309.61842105263,331.57894736842104,0.0,0.0,0.0
996,74021851,Stavropol,4,3,44.8632577,43.4406913,0.010260568456801133,5.723684210526316,4.00191358875158,0.790268799196931,0.0,457.6842105263158,257419.84210526315,571.1447368421053,0.0,0.0,0.0
997,74321818,Novosibirsk,1,4,55.0288307,82.9226887,0.006040920966391345,1.0263157894736843,3.48266570796159,0.6263009274180454,0.0,119.38157894736842,64661.18421052631,194.73684210526315,0.0,0.0,0.0
998,74021854,Ussuriysk,0,2,43.7972447,131.9520752,0.011645622644502225,2.960526315789474,4.104354254399505,0.6734326552713567,0.0,180.39473684210526,113977.8947368421,268.5921052631579,0.0,0.0,0.0
999,74321819,Chelyabinsk,9,1,55.1598408,61.4025547,0.009027752922520135,2.263157894736842,2.588416911795431,0.7706149196634632,0.0,199.9078947368421,78614.17105263157,259.2236842105263,0.0,0.0,0.0
1000,74321820,Chelyabinsk,9,3,55.1598408,61.4025547,0.009001642295517304,3.8947368421052633,2.8235217900169536,0.6964774898061602,0.0,316.55263157894734,127150.8947368421,449.88157894736844,0.0,0.0,0.0
1001,74321821,Omsk,9,3,54.991375,73.371529,0.011329031198753859,4.5,3.894257833630851,0.7359669876831862,0.0,296.11842105263156,174451.43421052632,404.3421052631579,0.0,0.0,0.0
1002,74321822,Megion,6,3,61.035404,76.108215,0.0035370958981022407,0.7368421052631579,3.578773391427955,0.7475727059237262,0.0,173.82894736842104,97239.44736842105,232.80263157894737,0.0,0.0,0.0
1003,74021856,Moscow,4,0,55.7245371,37.625444019985025,0.00859320231458148,1.7567567567567568,2.9043778040259296,0.6762560662880287,0.0,147.25675675675674,61509.63513513513,217.1081081081081,0.0,0.0,0.0
1004,74021873,Rybinsk,4,0,58.050373,38.834637,0.014422134414937303,2.0657894736842106,3.014236981571159,0.714256280840762,0.0,107.60526315789474,45483.56578947369,147.77631578947367,0.0,0.0,0.0
1005,74021857,Moscow,4,4,55.7245371,37.625444019985025,0.015023656727336887,7.276315789473684,2.932487247536368,0.719185122338892,0.0,348.7894736842105,145822.13157894736,486.7763157894737,0.0,0.0,0.0
1006,74021858,Moscow,4,3,55.7245371,37.625444019985025,0.014999186452359864,7.565789473684211,3.0132800424400927,0.771593229024628,0.0,381.7631578947368,161703.06578947368,494.5921052631579,0.0,0.0,0.0
1007,74021859,Suzdal,5,3,56.4193908,40.4487893,0.006006614127312638,1.3421052631578947,3.2356867851664735,0.7015693686067007,0.0,158.1578947368421,75798.55263157895,223.8684210526316,0.0,0.0,0.0
1008,74321823,Samara,4,0,53.2194648,50.2039316,0.004632493494400891,1.0,3.4545346594550748,0.7393536606166183,0.0,160.03947368421052,74953.26315789473,216.51315789473685,0.0,0.0,0.0
1009,74021862,Saint Petersburg,4,3,59.9606739,30.1586551,0.010433382226131953,4.368421052631579,3.2734099395215135,0.7286139153720852,0.0,306.10526315789474,148737.80263157896,422.4342105263158,0.0,0.0,0.0
1010,74021863,Saint Petersburg,4,3,59.9606739,30.1586551,0.012590581187464242,1.894736842105263,2.913116458154684,0.7402244604411713,0.0,111.52631578947368,47061.48684210526,151.02631578947367,0.0,0.0,0.0
1011,74021865,Ryazan,0,2,54.6295687,39.7425039,0.013465052206338505,3.6052631578947367,3.350124889581365,0.7473309135197367,0.0,200.80263157894737,97375.07894736843,267.82894736842104,0.0,0.0,0.0
1012,74021866,Sterlitamak,0,0,53.632374,55.952259,0.010435047072232915,4.144736842105263,3.263587198921775,0.7282758475387423,0.0,303.35526315789474,136578.9605263158,412.64473684210526,0.0,0.0,0.0
1013,74021867,Balakovo,0,3,52.01812,47.819141,0.01420240511627309,4.644736842105263,3.7427717094313784,0.6850675610031707,0.0,214.53947368421052,114533.75,312.4605263157895,0.0,0.0,0.0
1014,74321824,Novosibirsk,1,4,55.0288307,82.9226887,0.010965305423423211,2.486842105263158,3.7648577326844817,0.6800248492626451,0.0,155.4078947368421,93015.75,228.22368421052633,0.0,0.0,0.0
1015,74321826,Mezhdurechensk,6,3,53.6863763,88.0703443,0.004390566576693525,0.868421052631579,3.2555891344048096,0.7614464907504654,0.0,157.57894736842104,84098.46052631579,206.3421052631579,0.0,0.0,0.0
1016,74021875,Zarechniy,0,3,51.1423214,94.5103893,0.006252597739872801,1.2236842105263157,3.0611781700487586,0.6906993816479452,0.0,144.3815789473684,54922.86842105263,209.55263157894737,0.0,0.0,0.0
1017,74021878,Chita,6,0,52.033409,113.500893,0.0034822833266134013,1.2763157894736843,4.034640411333492,0.5905703279922335,0.0,214.42105263157896,157402.1052631579,378.4078947368421,0.0,0.0,0.0
1018,74021879,Chita,6,0,52.033409,113.500893,0.004752632349705315,1.9733333333333334,3.900591897516904,0.7106938602631094,0.0,301.1333333333333,191545.66666666666,428.96,0.0,0.0,0.0
1019,74021880,Nadym,0,3,65.532,72.52,0.011770493295133489,1.736842105263158,3.4589250917662535,0.6243131762465324,0.15789473684210525,99.47368421052632,73791.53947368421,160.76315789473685,1.6842105263157894,0.13157894736842105,0.7631578947368421
1020,74021887,Safonovo,0,2,55.1084278,33.2376513,0.009838254890645968,1.6266666666666667,4.215541983091621,0.67888844039259,0.0,110.81333333333333,76361.4112,162.08,0.0,0.0,0.0
1021,74021888,Vladimir,4,3,56.1288899,40.4075203,0.013050386979062583,7.2368421052631575,2.9272257388807077,0.7823668530235238,0.0,444.14473684210526,165898.84210526315,567.1578947368421,0.0,0.0,0.0
1022,74021889,Rybinsk,4,3,58.050373,38.834637,0.009836999965395107,2.460526315789474,3.088220233453774,0.8225481741513181,0.0,203.85526315789474,82675.3552631579,247.32894736842104,0.0,0.0,0.0
1023,74021890,Ryazan,0,3,54.6295687,39.7425039,0.01168569458197196,6.052631578947368,2.9124812913423446,0.7447516396297736,0.0,392.4605263157895,159815.23684210525,526.578947368421,0.0,0.0,0.0
1024,74321827,Chelyabinsk,9,0,55.1598408,61.4025547,0.007590477540926762,2.1184210526315788,3.1904315582149736,0.6909516494777822,0.0,204.75,103345.0,291.4868421052632,0.0,0.0,0.0
1025,74021893,Georgievsk,4,2,44.1740322,43.44529697488328,0.0029493039641544476,0.75,4.424790072466013,0.5615190740508463,0.0,144.44736842105263,88162.43421052632,255.07894736842104,0.0,0.0,0.0
1026,74321828,Orehovo-Zuevo,4,0,55.8083278,38.9790038,0.013011762519450135,3.6447368421052633,3.2118620405516056,0.7156997115437672,0.0,208.07894736842104,88218.72368421052,287.64473684210526,0.0,0.0,0.0
1027,74021894,Kineshma,2,3,57.441310400000006,42.157962718212524,0.004378597010650307,0.7763157894736842,3.3400090708255346,0.713808517626714,0.0,128.89473684210526,52590.85526315789,179.43421052631578,0.0,0.0,0.0
1028,74021897,Vladivostok,0,3,43.1150678,131.8855768,0.01137581161322099,4.197368421052632,3.268900973550298,0.6772164368676694,0.0,258.80263157894734,118757.98684210527,384.0394736842105,0.0,0.0,0.0
1029,74021895,Almetyevsk,0,3,54.9005008,52.2963777,0.010216567437414168,2.986842105263158,3.5811380319471025,0.6765006240467459,0.0,199.46052631578948,111936.09210526316,291.10526315789474,0.0,0.0,0.0
1030,74021896,Nizhnekamsk,0,2,55.6412879,51.8160376,0.010576114505726287,1.355263157894737,3.7595172087083633,0.6802440795211369,0.0,88.64473684210526,50108.88157894737,131.5921052631579,0.0,0.0,0.0
1031,74321829,Omsk,9,4,54.991375,73.371529,0.013360342444747994,4.75,3.832571763962207,0.693035339477901,0.0,247.55263157894737,148945.88157894736,357.25,0.0,0.0,0.0
1032,74321830,Magnitogorsk,9,2,53.42568665,59.050732193093054,0.018452782780450042,2.6184210526315788,3.7541614638147784,0.6449192733897273,0.0,94.44736842105263,56558.59210526316,148.75,0.0,0.0,0.0
1033,74321831,Beryozovsky,0,3,56.9097871,60.8120254,0.007877553438151184,1.7236842105263157,3.2020481702669925,0.7502865802599606,0.0,176.5921052631579,82816.92105263157,234.5921052631579,0.0,0.0,0.0
1034,74321832,Abakan,6,3,53.72068,91.4406019,0.004872458901448928,1.881578947368421,4.212007958720965,0.6598611001129123,0.0,268.94736842105266,204177.86842105264,404.5,0.0,0.0,0.0
1035,74321833,Samara,4,3,53.2194648,50.2039316,0.008324595042636756,1.9473684210526316,3.533339044365073,0.7782335396469621,0.0,177.5,85719.86842105263,227.32894736842104,0.0,0.0,0.0
1036,74021900,Rostov-na-Donu,4,2,47.2216548,39.7096061,0.01778697083799621,2.92,4.085439177877837,0.6929597012929527,0.0,112.04,71633.375,155.38666666666666,0.0,0.0,0.0
1037,74021901,Rostov-na-Donu,4,2,47.2216548,39.7096061,0.013966264436991121,4.5131578947368425,3.6552892627422096,0.7637006231915597,0.0,247.48684210526315,134656.47368421053,322.5131578947368,0.0,0.0,0.0
1038,74021902,Novocherkassk,4,4,47.41066,40.101986,0.025967448616400445,9.526315789473685,3.9885127161593137,0.7078993907741709,0.0,252.94736842105263,149482.86842105264,358.7631578947368,0.0,0.0,0.0
1040,74021907,Barnaul,0,4,53.3475493,83.7788448,0.01261179496624843,2.4210526315789473,3.3692345621137476,0.7268604215117144,0.0,139.47368421052633,77665.89333333333,189.71052631578948,0.0,0.0,0.0
1041,74021908,Barnaul,0,3,53.3475493,83.7788448,0.012644760232853823,2.3815789473684212,3.1945736249155785,0.7708284807404653,0.0,146.98684210526315,74531.32894736843,189.8684210526316,0.0,0.0,0.0
1042,74321834,Yegoryevsk,4,3,55.3829765,39.0356223,0.009885773115027183,2.039473684210526,3.331996789243095,0.7193037500120726,0.0,152.81578947368422,70524.43421052632,211.85526315789474,0.0,0.0,0.0
1043,74021910,Yakutsk,8,0,62.0274078,129.7319787,0.013700178715987143,4.894736842105263,3.3788833167407204,0.69332732097667,0.0,267.05263157894734,225367.11842105264,373.5131578947368,0.0,0.0,0.0
1044,74021913,Saint Petersburg,4,3,59.9606739,30.1586551,0.009006307240239346,1.3026315789473684,3.451903219861736,0.7849125623509953,0.0,118.03947368421052,60753.44736842105,150.82894736842104,0.0,0.0,0.0
1045,74021919,Moscow,4,3,55.7245371,37.625444019985025,0.015072487757174841,9.355263157894736,2.9296964373731735,0.8183040392307381,0.0,504.5131578947368,203012.92105263157,614.6578947368421,0.0,0.0,0.0
1046,74021911,Novomoskovsk,0,0,48.6358512,35.2595541,0.016371242867742906,3.289473684210526,3.7199458767934734,0.7647009536626834,0.0,156.44736842105263,89724.06578947368,203.3684210526316,0.0,0.0,0.0
1047,74021912,Penza,0,3,53.1937836,45.006741250609664,0.006406616381504407,2.75,2.973778818847231,0.8041902710277444,0.0,354.4736842105263,139384.2894736842,438.7105263157895,0.0,0.0,0.0
1048,74021916,Saint Petersburg,4,3,59.9606739,30.1586551,0.01424127260942206,5.631578947368421,2.8400349162316223,0.7986482608691079,0.0,315.9342105263158,133550.51315789475,395.13157894736844,0.0,0.0,0.0
1049,74021917,Krasnodar,4,3,45.0351532,38.9772396,0.005183039070776715,3.039473684210526,2.9423154295907454,0.7480735094458484,0.0,448.0131578947368,183810.65789473685,599.9605263157895,0.0,0.0,0.0
1050,74021915,Moscow,0,0,55.7245371,37.625444019985025,0.007395340203007292,2.22972972972973,3.643063708565134,0.6749038177027882,0.0,203.21621621621622,102470.14864864865,296.6216216216216,0.0,0.0,0.0
1051,74021914,Moscow,4,3,55.7245371,37.625444019985025,0.010099076494131208,6.065789473684211,2.6681847542215094,0.8546303836673816,0.7763157894736842,503.0263157894737,184628.34210526315,595.3157894736842,3.1447368421052633,0.17105263157894737,1.9342105263157894
1052,74021922,Vladivostok,0,0,43.1150678,131.8855768,0.007953410300858912,3.6710526315789473,2.8744180284141367,0.7657135299787455,0.0,355.57894736842104,145162.59210526315,466.2894736842105,0.0,0.0,0.0
1053,74021921,Vladivostok,0,0,43.1150678,131.8855768,0.00920248310237665,3.1315789473684212,3.5346999790958336,0.7221526017492584,0.0,255.23684210526315,132134.43421052632,352.0131578947368,0.0,0.0,0.0
1054,74021920,Khabarovsk,0,3,51.6312684,136.121524,0.006254326373118701,3.9078947368421053,3.7433648972147653,0.7622747935908281,0.0,483.2236842105263,274125.5131578947,632.9342105263158,0.0,0.0,0.0
1055,74021926,Yaroslavl,4,4,57.6263877,39.8933705,0.007776274862600412,3.3947368421052633,2.7954745767905047,0.6188838738891455,0.0,281.57894736842104,99898.86842105263,485.44736842105266,0.0,0.0,0.0
1056,74021927,Moscow,4,0,55.7245371,37.625444019985025,0.00772714953168357,3.5,2.868775998043259,0.7367431853896441,0.0,340.9342105263158,143830.5394736842,463.30263157894734,0.0,0.0,0.0
1057,74021928,Orenburg,4,0,51.7671248,55.0978517,0.008034117151973115,1.8026315789473684,3.4537132134127724,0.6920179814806271,0.0,163.81578947368422,82164.15789473684,232.28947368421052,0.0,0.0,0.0
1058,74021930,Rostov,9,4,47.2216548,39.7096061,0.01377693839152202,2.026315789473684,3.7000658854927586,0.7210091516692125,0.0,114.48684210526316,64527.55263157895,158.8684210526316,0.0,0.0,0.0
1059,74021932,Kuznetsk,0,4,53.112514,46.600727,0.006640080559264585,1.5394736842105263,3.7716995689509756,0.6437513323388796,0.0,147.8421052631579,76403.07894736843,231.32894736842104,0.0,0.0,0.0
1060,74321836,Tyumen,9,0,57.153534,65.542274,0.012864820706658509,3.9473684210526314,3.1148604392053865,0.7469179862616165,0.0,229.07894736842104,114530.38157894737,306.1842105263158,0.0,0.0,0.0
1061,74321839,Syzran,4,3,53.15538,48.474121,0.005601114157629985,1.5657894736842106,3.344899240988448,0.7673650017121653,0.0,215.25,98628.73684210527,279.07894736842104,0.0,0.0,0.0
1062,74321840,Syzran,4,4,53.15538,48.474121,0.01283620046755734,2.026315789473684,3.5632134836243723,0.6897270402177509,0.0,113.35526315789474,58418.93421052631,164.69736842105263,0.0,0.0,0.0
1064,74321843,Volgograd,4,3,48.7081906,44.5153353,0.007683817115029819,0.9705882352941176,3.479595840322933,0.5090425348851063,0.0,61.205882352941174,36143.81967213115,115.67647058823529,0.0,0.0,0.0
1065,74021937,Salekhard,0,3,66.5375387,66.6157469,0.011666947787320954,4.302631578947368,4.04474991579638,0.6742542394196118,0.0,255.96052631578948,209224.26315789475,382.4605263157895,0.0,0.0,0.0
1066,74021938,Bratsk,6,3,56.1517085,101.6334907,0.008855416268099044,3.5657894736842106,3.9815413316401798,0.5985208448045182,0.0,260.6842105263158,164120.84210526315,439.6842105263158,0.0,0.0,0.0
1067,74021939,Moscow,0,0,55.7245371,37.625444019985025,0.016396612352438514,3.789473684210526,3.2130597978593114,0.690966134444014,0.0,162.06578947368422,77428.30263157895,233.3421052631579,0.0,0.0,0.0
1068,74021942,Yurga,0,3,55.7136,84.934799,0.007023537916892996,1.8533333333333333,3.5727577807259445,0.702189422421879,0.0,198.52,111486.38666666667,283.1333333333333,0.0,0.0,0.0
1069,74021943,Perm,0,0,58.014965,56.246723,0.007263047836287888,2.8026315789473686,2.798815339301012,0.7441748922160624,0.0,303.67105263157896,123606.61842105263,407.9868421052632,0.0,0.0,0.0
1070,74021944,Saratov,0,3,51.530018,46.034683,0.007915872080245146,1.894736842105263,3.5225442898745367,0.723298960164768,0.0,185.06578947368422,82073.43421052632,254.52631578947367,0.0,0.0,0.0
1071,74021945,Yaroslavl,4,3,57.6263877,39.8933705,0.014973045846631014,5.7368421052631575,3.3547024221363735,0.7750392095643894,0.0,299.30263157894734,129484.53947368421,386.0,0.0,0.0,0.0
1072,74021946,Lipetsk,4,0,52.6935178,39.1122664,0.007779784416722373,1.2105263157894737,3.0508778969851473,0.7441661434183185,0.0,118.01315789473684,56042.27631578947,158.35526315789474,0.0,0.0,0.0
1073,74021948,Stavropol,4,2,44.8632577,43.4406913,0.014415052246856814,2.986842105263158,4.632105340626545,0.6959456903790151,0.0,140.77631578947367,94064.01315789473,202.92105263157896,0.0,0.0,0.0
1075,74021950,Mikhaylovsk,4,2,56.444538,59.124191,0.008171641720557465,2.25,4.489799978420701,0.5574602902952354,0.0,154.57894736842104,96765.06578947368,280.3157894736842,0.0,0.0,0.0
1076,74321845,Chernogorsk,6,3,53.828236,91.31321,0.006006169241351465,1.0,3.291051002114326,0.6255077786148734,0.0,106.22368421052632,55472.53947368421,171.05263157894737,0.0,0.0,0.0
1077,74321844,Surgut,5,3,61.254032,73.3964,0.007537294048961162,2.3026315789473686,3.6348846346884787,0.5798630758949331,0.0,177.23684210526315,111323.09210526316,321.14473684210526,0.0,0.0,0.0
1078,74021952,Orsk,4,3,51.2305015,58.4738015,0.011288062672413175,4.223684210526316,4.136600186065235,0.6602353765659708,0.0,248.64473684210526,155466.2894736842,378.86842105263156,0.0,0.0,0.0
1079,74021953,Saint Petersburg,4,0,59.9606739,30.1586551,0.013137238786324695,5.7368421052631575,3.0602674841585884,0.8069294399023011,0.0,352.9736842105263,155663.13157894736,437.89473684210526,0.0,0.0,0.0
1080,74021955,Moscow,4,0,55.7245371,37.625444019985025,0.008008294790005057,1.8026315789473684,3.025901974875113,0.7576935822047797,0.0,173.26315789473685,80783.86842105263,228.98684210526315,0.0,0.0,0.0
1081,74021956,Moscow,4,3,55.7245371,37.625444019985025,0.01012957855128639,3.6315789473684212,2.8726200584185952,0.8050540370501096,0.0,288.9342105263158,117285.88157894737,359.6578947368421,0.0,0.0,0.0
1082,74021957,Moscow,4,0,55.7245371,37.625444019985025,0.00984699985000782,2.9078947368421053,3.0871916820288323,0.8423525232396896,0.0,254.75,101484.46052631579,301.5263157894737,0.0,0.0,0.0
1083,74021958,Obninsk,0,3,55.0951738,36.611913,0.011074571306523695,3.960526315789474,3.7997340878921655,0.6214460340937529,0.0,226.93421052631578,125413.34210526316,367.2763157894737,0.0,0.0,0.0
1084,74021960,Vladivostok,0,3,43.1150678,131.8855768,0.008168957785585438,2.3289473684210527,3.346529072270424,0.7242689334232102,0.0,202.23684210526315,102108.92105263157,280.1842105263158,0.0,0.0,0.0
1085,74021961,Novy Urengoy,0,3,66.085196,76.6799167,0.010225553795217014,2.5789473684210527,4.005112364357816,0.730738959736964,0.0,194.76315789473685,143223.8947368421,264.0921052631579,0.0,0.0,0.0
1086,74321846,Moscow,4,0,55.7245371,37.625444019985025,0.013809932373256695,3.6973684210526314,3.836574636379016,0.8191586159068219,0.0,224.81578947368422,119688.25,269.5394736842105,0.0,0.0,0.0
1087,74321847,Ekaterinburg,0,3,56.839104,60.60825,0.010944304637191682,3.1578947368421053,2.8719619795412883,0.780664862608299,0.0,227.81578947368422,95238.88157894737,291.69736842105266,0.0,0.0,0.0
1088,74021963,Moscow,0,3,55.7245371,37.625444019985025,0.0133633191903069,2.0526315789473686,3.0234423546552627,0.755422496851429,0.0,114.61842105263158,51651.18421052631,151.93421052631578,0.0,0.0,0.0
1089,74021962,Moscow,0,3,55.7245371,37.625444019985025,0.012419625362955662,7.894736842105263,2.3458548136896544,0.8132024378482008,0.0,514.1315789473684,156107.02631578947,628.2894736842105,0.0,0.0,0.0
1090,74021964,Kemerovo,0,0,55.3550907,86.0871213,0.008370879160239897,1.986842105263158,3.0224964844544493,0.7347709253193851,0.0,195.68421052631578,91005.81578947368,262.5394736842105,0.0,0.0,0.0
1091,74021970,Roslavl,0,3,53.9448028,32.84788573198853,0.010407532049061077,0.8157894736842105,3.320176013268826,0.6327050212362221,0.0,54.328947368421055,25298.736842105263,85.27631578947368,0.0,0.0,0.0
1092,74321848,Samara,4,3,53.2194648,50.2039316,0.01465275724489846,4.934210526315789,2.7355051098971677,0.7879108569359783,0.0,266.3157894736842,100846.96052631579,338.5921052631579,0.0,0.0,0.0
1093,74321849,Dubna,4,3,56.7362705,37.1623696,0.035326712242445796,17.136363636363637,3.6430563388439197,0.6483379926816597,0.0,298.3181818181818,195766.61904761905,422.54545454545456,0.0,0.0,0.0
1094,74321851,Berdsk,1,3,54.75795,83.1068095,0.003490875998596791,0.7631578947368421,3.216188542641335,0.6123834795657118,0.0,156.85526315789474,75359.15789473684,261.2763157894737,0.0,0.0,0.0
1095,74021973,Bryansk,0,0,53.27896405,34.36589361201107,0.008954845903331484,1.8289473684210527,3.1015474842826807,0.7540409026625582,0.0,160.96052631578948,65984.25,212.82894736842104,0.0,0.0,0.0
1096,74321852,Novosibirsk,1,4,55.0288307,82.9226887,0.01037690058568217,2.75,3.1575483389244745,0.6331167100323938,0.0,172.55263157894737,85947.88157894737,276.25,0.0,0.0,0.0
1097,74321853,Zhukovsky,4,3,55.56916015,38.11680970559127,0.014480612695351553,4.2368421052631575,3.6879389156979534,0.7982227182966128,0.0,236.01315789473685,120378.21052631579,294.8421052631579,0.0,0.0,0.0
1098,74321854,Kansk,6,3,56.205997,95.706787,0.005869211758887537,1.513157894736842,3.730536607108628,0.6067502700178329,0.0,165.82894736842104,104665.55263157895,284.0131578947368,0.0,0.0,0.0
1099,74321855,Lytkarino,4,0,55.578138,37.90238427164106,0.01601191192995245,4.315789473684211,3.195434438070785,0.7380863646322671,0.0,203.52631578947367,99571.11842105263,276.13157894736844,0.0,0.0,0.0
1100,74321856,Magnitogorsk,9,2,53.42568665,59.050732193093054,0.01364672241979174,2.6184210526315788,3.3823196907935826,0.6508011523787278,0.0,128.26315789473685,70307.1447368421,198.39473684210526,0.0,0.0,0.0
1101,74021975,Penza,0,3,53.1937836,45.006741250609664,0.01279165649289544,2.986842105263158,3.266559465860868,0.7079772082348836,0.3157894736842105,167.14473684210526,72738.23684210527,236.5,3.289473684210526,0.15789473684210525,1.75
1102,74321858,Revda,0,3,56.8000651,59.9086688,0.013900518471042862,3.723684210526316,3.2301329984828406,0.6885908667533288,0.0,198.1578947368421,91648.97368421052,288.2763157894737,0.0,0.0,0.0
1103,74321859,Moscow,4,0,55.7245371,37.625444019985025,0.011054494719737162,3.25,3.543396262267791,0.7144945294559758,0.0,209.35526315789474,107987.47368421052,282.42105263157896,0.0,0.0,0.0
1104,74021976,Balashov,0,0,51.5546717,43.1430732,0.005024185997710537,1.2894736842105263,3.247742096936699,0.6995042020832196,0.0,191.05263157894737,86301.78947368421,272.82894736842104,0.0,0.0,0.0
1105,74021977,Belovo,0,3,54.419323,86.303429,0.005206035887393804,1.2105263157894737,3.4901636789738544,0.6951753507659857,0.0,162.42105263157896,92956.40789473684,233.80263157894737,0.0,0.0,0.0
1106,74021978,Orenburg,4,4,51.7671248,55.0978517,0.007075927152866985,1.2894736842105263,3.7463046885477285,0.7046918789978918,0.07894736842105263,130.6578947368421,75530.44736842105,186.35526315789474,1.5394736842105263,0.02631578947368421,1.0
1107,74021979,Makhachkala,4,2,42.9830241,47.5048717,0.0016137778549548461,0.15789473684210525,5.8960880582931745,0.45012898136263885,0.0,37.43421052631579,31784.065789473683,85.25,0.0,0.0,0.0
1108,74321861,Moscow,4,3,55.7245371,37.625444019985025,0.01316289573709863,2.723684210526316,3.6691733166556273,0.6684135687454854,0.0,135.64473684210526,73140.18421052632,203.1578947368421,0.0,0.0,0.0
1109,74321862,Kurgan,9,3,55.41284775,65.38521650075313,0.005193792176834221,2.210526315789474,3.095206220410841,0.7327645503758152,0.0,308.2894736842105,133493.77631578947,422.1578947368421,0.0,0.0,0.0
1110,74321863,Kashira,4,0,54.837449,38.1505119,0.014684200829572783,3.5,3.559435460702822,0.7081646887576367,0.0,173.85526315789474,87050.74666666667,243.5,0.0,0.0,0.0
1112,74321865,Novosibirsk,1,4,55.0288307,82.9226887,0.011872781955797792,2.9210526315789473,3.2074859844825405,0.6740267838134686,0.0,167.30263157894737,86960.57894736843,250.39473684210526,0.0,0.0,0.0
1113,74321866,Dzerjinsk,0,3,56.2382157,43.4617405,0.01828389118353572,5.105263157894737,3.5327087635944356,0.742820890744448,0.0,212.69736842105263,99039.65789473684,285.9605263157895,0.0,0.0,0.0
1114,74321867,Dzerjinsk,0,3,56.2382157,43.4617405,0.02090594944863257,4.947368421052632,3.580025217638667,0.7440311387088968,0.0,180.10526315789474,91808.15789473684,242.1578947368421,0.0,0.0,0.0
1115,74321873,Mikhaylovka,4,3,50.0797109,43.2342365,0.007782500195297197,1.9342105263157894,4.200225699431733,0.6926539216823607,0.0,177.8815789473684,101867.92105263157,255.75,0.0,0.0,0.0
1116,74021984,Moscow,5,3,55.7245371,37.625444019985025,0.008832336698365712,5.213333333333333,2.6935230525237817,0.7606791006135506,0.0,450.8,185020.17333333334,591.8133333333334,0.0,0.0,0.0
1117,74021985,Moscow,0,3,55.7245371,37.625444019985025,0.009376614044251549,13.855263157894736,2.419922035853942,0.6890013532466234,0.0,1024.907894736842,422141.2368421053,1483.921052631579,0.0,0.0,0.0
1118,74321876,Podol’sk,4,2,55.4308841,37.5453056,0.015702320885032227,4.802631578947368,3.882687126911541,0.7190019517766506,0.0,226.77631578947367,132944.93421052632,314.67105263157896,0.0,0.0,0.0
1119,74321875,Omsk,9,3,54.991375,73.371529,0.0097294636252782,4.315789473684211,3.798534377702399,0.5646300305619232,0.0,261.36842105263156,142419.22368421053,478.35526315789474,0.0,0.0,0.0
1120,74021989,Nazran,4,2,43.2320774,44.7540128,0.006178594225744505,0.5526315789473685,5.326946682838137,0.5143715957672282,0.0,54.39473684210526,39324.60526315789,105.97368421052632,0.0,0.0,0.0
1121,74021990,Perm,0,4,58.014965,56.246723,0.014560257810721908,1.9078947368421053,3.6171119549579815,0.6837131299366611,0.0,92.01315789473684,52173.94736842105,137.14473684210526,0.0,0.0,0.0
1122,74321877,Surgut,5,2,61.254032,73.3964,0.011775119051949064,2.1052631578947367,4.252530353196327,0.6901717688389202,0.0,124.01315789473684,92691.15789473684,179.3421052631579,0.0,0.0,0.0
1123,74021994,Oktyabrsky,0,2,54.4809722,53.4660062,0.01909566961520559,7.84,3.5791193469537785,0.6877606569089882,0.0,295.06666666666666,154306.76,435.4533333333333,0.0,0.0,0.0
1124,74321878,Moscow,4,0,55.7245371,37.625444019985025,0.010563403842844115,1.486842105263158,3.501230236517105,0.6337177701770733,0.0,88.40789473684211,49827.8,142.97368421052633,0.0,0.0,0.0
1125,74321879,Tomsk,9,3,58.6124279,82.0475315,0.01812661352322762,5.346666666666667,2.9513543913476354,0.6717041925487904,0.0,201.64,98414.98666666666,298.82666666666665,0.0,0.0,0.0
1126,74021995,Saratov,0,3,51.530018,46.034683,0.009441909637899044,2.8815789473684212,2.8609099774065676,0.6634827177361494,0.0,207.25,81379.90789473684,317.44736842105266,0.0,0.0,0.0
1127,74021999,Rostov-na-Donu,4,2,47.2216548,39.7096061,0.01993097983891728,5.828947368421052,4.184513981863813,0.7675662428431914,0.0,229.26315789473685,138627.40789473685,295.5921052631579,0.0,0.0,0.0
1128,74022000,Zelenokumsk,4,2,44.403175,43.884163,0.009437876981302395,1.3157894736842106,5.4674442747902505,0.6554028942257089,0.0,94.77631578947368,75847.1447368421,144.22368421052633,0.0,0.0,0.0
1129,74321880,Kamyshin,4,3,50.0808422,45.4048003,0.013981145105728595,4.052631578947368,3.960698428818323,0.6506177704002593,0.0,189.68421052631578,105308.67105263157,291.7894736842105,0.0,0.0,0.0
1130,74022004,Izhevsk,0,2,56.866557,53.2094166,0.008250199037627567,0.9605263157894737,3.3521117767469435,0.6284868221311332,0.0,72.19736842105263,35438.86842105263,118.30263157894737,0.0,0.0,0.0
1131,74022005,Saint Petersburg,0,3,59.9606739,30.1586551,0.013135679233793576,4.052631578947368,2.7743137134235316,0.7474599301571306,0.0,236.18421052631578,93839.1052631579,315.14473684210526,0.0,0.0,0.0
1132,74321881,Moscow,4,3,55.7245371,37.625444019985025,0.01472131548157215,8.710526315789474,3.185954577687563,0.7401091480980454,0.0,446.35526315789474,212749.7105263158,604.4473684210526,0.0,0.0,0.0
1133,74022006,Dagestanskie Ogni,4,4,42.1152434,48.1864201,0.003838993451488762,0.618421052631579,6.353448866576739,0.40516901615654205,0.0,74.64473684210526,72851.54666666666,175.6315789473684,0.0,0.0,0.0
1134,74321884,Novorossiysk,0,0,44.7239578,37.7690711,0.02171802376634535,5.276315789473684,3.225222829331269,0.6888382832297694,0.0,170.53947368421052,98698.17105263157,248.26315789473685,0.0,0.0,0.0
1135,74321887,Ekaterinburg,0,3,56.839104,60.60825,0.012483597973093936,5.986666666666666,3.7178823009829807,0.6958147977003555,0.0,344.74666666666667,200524.63513513515,487.50666666666666,0.0,0.0,0.0
1136,74321888,Miass,5,0,55.09957385,60.02363970676713,0.010697971266318806,2.8289473684210527,3.17623721092393,0.6180384519617416,0.0,171.0921052631579,93257.67105263157,273.60526315789474,0.0,0.0,0.0
1137,74321892,Omsk,9,3,54.991375,73.371529,0.008403145933965073,1.8421052631578947,3.5493148072407013,0.6157191925966397,0.0,135.0,76586.12,218.53947368421052,0.0,0.0,0.0
1138,74321894,Zlatoust,0,4,55.1674213,59.6792625,0.022633196107916708,4.0394736842105265,3.3797123930280883,0.5449273097895929,0.0,101.48684210526316,62621.890410958906,180.39473684210526,0.0,0.0,0.0
1139,74321896,Fryazino,4,0,55.954618,38.0567691,0.02731066018841923,7.7631578947368425,3.508339145939013,0.690723461024716,0.0,212.67105263157896,103849.31578947368,309.2763157894737,0.0,0.0,0.0
1140,74321900,Abakan,6,3,53.72068,91.4406019,0.013026718219969194,5.0,3.1284687170248877,0.5334987413523757,0.0,201.46153846153845,131707.25862068965,333.7076923076923,0.0,0.0,0.0
1141,74022007,Derbent,4,3,42.057858,48.2887648,0.00547423876463697,1.894736842105263,4.972994411812408,0.3837613464407376,0.0,138.73684210526315,108474.35849056604,334.7894736842105,0.0,0.0,0.0
1142,74022009,Nizhnevartovsk,0,4,60.9391866,76.55117870683605,0.0,0.0,1.35,0.07590909090909091,0.0,3.1818181818181817,877.2,28.181818181818183,0.0,0.0,0.0
1143,74022010,Glazov,0,2,58.1401196,52.6464388,0.015366125853254161,5.013888888888889,4.0767663792093245,0.6070692866849073,0.0,199.13888888888889,118872.45070422535,325.81944444444446,0.0,0.0,0.0
1144,74321901,Krasnoyarsk,0,3,56.0090968,92.8725147,0.017868462942991204,4.157894736842105,2.977435165269713,0.6547977118889106,0.0,161.22368421052633,79975.44736842105,250.42105263157896,0.0,0.0,0.0
1145,74321902,Voronezh,0,0,51.67993115,39.18375597402426,0.004120104456807771,1.0394736842105263,4.020973594997483,0.8196988717486875,0.0,219.52631578947367,135625.63157894736,262.39473684210526,0.0,0.0,0.0
1146,74321903,Voronezh,0,3,51.67993115,39.18375597402426,0.008351047354893407,1.9605263157894737,3.054307296767758,0.7014354214200683,0.0,182.31578947368422,83795.1447368421,254.8421052631579,0.0,0.0,0.0
1147,74321904,Voronezh,0,3,51.67993115,39.18375597402426,0.011723282865895556,3.1052631578947367,3.098949440375108,0.7949706448602054,0.0,217.9078947368421,97901.72368421052,272.61842105263156,0.0,0.0,0.0
1148,74321905,Voronezh,0,3,51.67993115,39.18375597402426,0.009777272818955242,2.6842105263157894,3.175964305085634,0.7417571438735989,0.0,199.64473684210526,93997.5,268.2105263157895,0.0,0.0,0.0
1149,74321906,Voronezh,0,0,51.67993115,39.18375597402426,0.007311715265826161,1.9605263157894737,3.003928018932118,0.6896696107864674,0.0,187.96052631578948,84370.15789473684,274.55263157894734,0.0,0.0,0.0
1150,74321907,Voronezh,0,2,51.67993115,39.18375597402426,0.0065121520041320265,1.5657894736842106,4.323569341850298,0.7572688051028775,0.0,185.10526315789474,123333.61333333333,241.82894736842104,0.0,0.0,0.0
1151,74321908,Voronezh,0,3,51.67993115,39.18375597402426,0.009622852603399162,2.6184210526315788,2.948625812592038,0.6372696072528917,0.0,176.8684210526316,77891.73684210527,313.42105263157896,0.0,0.0,0.0
1152,74321909,Voronezh,0,2,51.67993115,39.18375597402426,0.009504712313897747,3.460526315789474,3.1482566350892913,0.758856951325375,0.0,288.4736842105263,126834.02631578948,379.5657894736842,0.0,0.0,0.0
1153,74321910,Kursk,0,0,69.6,37.566667,0.008279782207353653,1.75,3.177417507049548,0.7959230536245027,0.0,171.6184210526316,78845.63157894737,213.25,0.0,0.0,0.0
1154,74321911,Kursk,0,0,69.6,37.566667,0.00622513082372467,2.4473684210526314,3.10769872953879,0.8020521995038232,0.0,314.89473684210526,130183.97368421052,389.1842105263158,0.0,0.0,0.0
1155,74321912,Kursk,0,3,69.6,37.566667,0.009678591468249724,2.0526315789473686,2.9874745585345988,0.7242310495290016,0.0,160.28947368421052,66946.52631578948,221.3421052631579,0.0,0.0,0.0
1156,74321913,Voronezh,0,3,51.67993115,39.18375597402426,0.006609355697066163,1.8108108108108107,2.9810045195141024,0.7400363747781619,0.0,193.9189189189189,83317.81081081081,262.0810810810811,0.0,0.0,0.0
1157,74321914,Voronezh,0,3,51.67993115,39.18375597402426,0.006775728156565972,3.0789473684210527,3.2032240633129443,0.7739832787375414,0.0,374.57894736842104,177547.80263157896,479.4342105263158,0.0,0.0,0.0
1158,74321915,Voronezh,0,0,51.67993115,39.18375597402426,0.00635405171569857,1.855263157894737,3.362048318292352,0.7867269253522511,0.0,237.6578947368421,122700.23684210527,298.88157894736844,0.0,0.0,0.0
1159,74022011,Chekhov,0,2,55.1426603,37.4545328,0.00852538634471517,0.5066666666666667,3.599954817324902,0.5508579169910929,0.0,36.72,22493.3661971831,59.49333333333333,0.0,0.0,0.0
1160,74022017,Kaliningrad,3,3,54.710128,20.5105838,0.005643053183984188,0.4444444444444444,2.141221230166893,0.30453768573033285,0.0,22.62962962962963,9093.68,72.85185185185185,0.0,0.0,0.0
