,Unnamed: 0,event_date,restraunt_id,system_identification_only_showed,open_auth_count,tap_email_count,tap_sms_count,sessions,orders,auth_orders,conversion_rate,auth_conversion_rate,revenue,avg_product_count,strat,group
0,12,20231001,74013270.0,0,0,0,0,927,691.0,7,0.7454153182308522,0.0075512405609492,329079.0,3.2214182344428366,0,Test
1,25,20231001,74013406.0,0,0,0,0,340,232.0,1,0.6823529411764706,0.0029411764705882,98883.0,3.40948275862069,0,Control
2,56,20231001,74016847.0,0,0,0,0,847,632.0,6,0.7461629279811098,0.0070838252656434,276706.0,2.966772151898736,0,Control
3,65,20231001,74020378.0,0,0,0,0,766,517.0,1,0.674934725848564,0.0013054830287206,266603.0,3.502901353965184,0,Test
4,72,20231001,74020395.0,0,0,0,0,734,476.0,8,0.6485013623978202,0.0108991825613079,220798.0,3.5315126050420176,0,Test
5,91,20231001,74020449.0,0,0,0,0,500,416.0,3,0.832,0.006,194068.0,3.637019230769232,0,Test
6,107,20231001,74020492.0,0,0,0,0,1094,895.0,8,0.8180987202925045,0.0073126142595978,434570.0,3.526256983240221,0,Control
7,123,20231001,74020551.0,0,0,0,0,458,326.0,6,0.7117903930131004,0.0131004366812227,158519.0,3.671779141104294,0,Test
8,151,20231001,74020634.0,0,0,0,0,263,236.0,0,0.8973384030418251,0.0,131815.0,3.673728813559322,0,Test
9,159,20231001,74020653.0,0,0,0,0,316,176.0,0,0.5569620253164557,0.0,81345.0,3.3863636363636376,0,Test
10,164,20231001,74020660.0,0,0,0,0,173,143.0,4,0.8265895953757225,0.0231213872832369,61988.0,3.1538461538461537,0,Test
11,171,20231001,74020667.0,0,0,0,0,288,226.0,0,0.7847222222222222,0.0,142372.0,4.119469026548671,0,Test
12,229,20231001,74020828.0,0,0,0,0,423,348.0,4,0.8226950354609929,0.0094562647754137,168693.0,3.477011494252876,0,Test
13,238,20231001,74020871.0,0,0,0,0,193,157.0,1,0.8134715025906736,0.005181347150259,77101.0,3.4394904458598727,0,Test
14,252,20231001,74020908.0,0,0,0,0,194,142.0,1,0.7319587628865979,0.0051546391752577,72297.0,4.253521126760563,0,Control
15,255,20231001,74020920.0,0,0,0,0,482,388.0,6,0.8049792531120332,0.0124481327800829,166473.0,2.9407216494845336,0,Control
16,261,20231001,74020960.0,0,0,0,0,723,508.0,10,0.7026279391424619,0.0138312586445366,274967.0,3.643700787401575,0,Test
17,262,20231001,74020961.0,0,0,0,0,362,288.0,6,0.7955801104972375,0.0165745856353591,199913.0,4.628472222222223,0,Control
18,274,20231001,74021008.0,0,0,0,0,1345,966.0,12,0.7182156133828996,0.0089219330855018,413265.0,3.199792960662525,0,Control
19,307,20231001,74021099.0,0,0,0,0,284,210.0,2,0.7394366197183099,0.0070422535211267,117324.0,4.366666666666665,0,Control
20,313,20231001,74021105.0,0,0,0,0,165,116.0,2,0.703030303030303,0.0121212121212121,91724.0,5.068965517241382,0,Test
21,364,20231001,74021211.0,0,0,0,0,312,201.0,2,0.6442307692307693,0.0064102564102564,136684.0,5.636815920398008,0,Control
22,403,20231001,74021302.0,0,0,0,0,430,349.0,6,0.8116279069767441,0.013953488372093,168629.0,3.3839541547277943,0,Test
23,430,20231001,74021353.0,0,0,0,0,645,499.0,7,0.7736434108527132,0.0108527131782945,233729.0,3.176352705410822,0,Control
24,483,20231001,74021462.0,0,0,0,0,231,135.0,6,0.5844155844155844,0.0259740259740259,74498.0,4.014814814814816,0,Control
25,493,20231001,74021481.0,0,0,0,0,423,286.0,2,0.6761229314420804,0.0047281323877068,110870.0,3.0734265734265724,0,Control
26,579,20231001,74021639.0,0,0,0,0,452,339.0,5,0.75,0.0110619469026548,168640.0,3.3421828908554554,0,Test
27,609,20231001,74021733.0,0,0,0,0,470,289.0,4,0.6148936170212767,0.0085106382978723,193982.0,4.757785467128028,0,Control
28,613,20231001,74021738.0,0,0,0,0,371,245.0,1,0.660377358490566,0.0026954177897574,197827.0,4.497959183673469,0,Test
29,668,20231001,74021823.0,0,0,0,0,322,220.0,2,0.6832298136645962,0.0062111801242236,178487.0,4.195454545454548,0,Test
30,697,20231001,74021880.0,0,0,0,0,209,119.0,0,0.569377990430622,0.0,86639.0,3.3613445378151257,0,Test
31,717,20231001,74021914.0,0,0,0,0,405,323.0,1,0.7975308641975308,0.0024691358024691,129950.0,2.8792569659442693,0,Test
32,721,20231001,74021919.0,0,0,0,0,499,375.0,5,0.751503006012024,0.0100200400801603,157976.0,3.143999999999998,0,Control
33,727,20231001,74021928.0,0,0,0,0,296,241.0,3,0.8141891891891891,0.0101351351351351,126142.0,3.717842323651452,0,Test
34,754,20231001,74021975.0,0,0,0,0,276,205.0,5,0.7427536231884058,0.0181159420289855,85519.0,3.3853658536585365,0,Test
35,757,20231001,74021978.0,0,0,0,0,288,212.0,3,0.7361111111111112,0.0104166666666666,121696.0,3.97169811320755,0,Test
36,788,20231001,74214453.0,0,0,0,0,812,569.0,3,0.7007389162561576,0.0036945812807881,290637.0,3.5641476274165225,0,Control
37,792,20231001,74215106.0,0,0,0,0,631,500.0,2,0.7923930269413629,0.0031695721077654,208883.0,3.0980000000000003,0,Test
38,849,20231001,74220627.0,0,0,0,0,161,113.0,2,0.7018633540372671,0.0124223602484472,72532.0,4.424778761061947,0,Control
39,883,20231001,74220822.0,0,0,0,0,706,564.0,5,0.7988668555240793,0.0070821529745042,323858.0,3.97695035460993,0,Control
40,901,20231001,74220910.0,0,0,0,0,768,362.0,4,0.4713541666666667,0.0052083333333333,181275.0,3.2872928176795577,0,Control
41,929,20231001,74221041.0,0,0,0,0,538,441.0,8,0.8197026022304833,0.0148698884758364,193721.0,3.258503401360545,0,Control
42,1000,20231001,74221472.0,0,0,0,0,217,158.0,4,0.728110599078341,0.0184331797235023,84718.0,3.8860759493670898,0,Control
43,1024,20231001,74321666.0,0,0,0,0,1138,734.0,9,0.6449912126537786,0.007908611599297,285910.0,3.0722070844686686,0,Test
44,1026,20231001,74321670.0,0,0,0,0,897,610.0,10,0.6800445930880713,0.0111482720178372,239200.0,2.959016393442627,0,Test
45,1047,20231001,74321719.0,0,0,0,0,281,194.0,3,0.6903914590747331,0.0106761565836298,73341.0,2.891752577319588,0,Control
46,1049,20231001,74321722.0,0,0,0,0,520,408.0,12,0.7846153846153846,0.023076923076923,202756.0,3.276960784313725,0,Control
47,1112,20231001,74321861.0,0,0,0,0,221,145.0,0,0.6561085972850679,0.0,72778.0,3.496551724137932,0,Control
48,1116,20231001,74321865.0,0,0,0,0,360,196.0,5,0.5444444444444444,0.0138888888888888,101765.0,3.3928571428571423,0,Control
49,1142,20231001,74321910.0,0,0,0,0,281,225.0,2,0.800711743772242,0.0071174377224199,99320.0,3.088888888888888,0,Control
50,1160,20231002,74013270.0,0,0,0,0,1210,942.0,25,0.7785123966942149,0.0206611570247933,369065.0,2.9002123142250555,0,Test
51,1173,20231002,74013406.0,0,0,0,0,177,132.0,1,0.7457627118644068,0.0056497175141242,53340.0,2.833333333333332,0,Control
52,1204,20231002,74016847.0,0,0,0,0,828,669.0,11,0.8079710144927537,0.0132850241545893,260553.0,2.6487294469357243,0,Control
53,1213,20231002,74020378.0,0,0,0,0,485,311.0,4,0.6412371134020619,0.0082474226804123,158428.0,3.4115755627009645,0,Test
54,1220,20231002,74020395.0,0,0,0,0,989,680.0,14,0.6875631951466128,0.0141557128412537,223004.0,2.5955882352941164,0,Test
55,1239,20231002,74020449.0,0,0,0,0,353,263.0,2,0.7450424929178471,0.0056657223796034,106119.0,3.11787072243346,0,Test
56,1255,20231002,74020492.0,0,0,0,0,754,592.0,9,0.7851458885941645,0.0119363395225464,252275.0,3.011824324324321,0,Control
57,1271,20231002,74020551.0,0,0,0,0,348,242.0,1,0.6954022988505747,0.0028735632183908,110165.0,3.392561983471074,0,Test
58,1299,20231002,74020634.0,0,0,0,0,116,91.0,0,0.7844827586206896,0.0,40823.0,2.978021978021977,0,Test
59,1307,20231002,74020653.0,0,0,0,0,207,108.0,3,0.5217391304347826,0.0144927536231884,45322.0,2.601851851851852,0,Test
60,1312,20231002,74020660.0,0,0,0,0,104,65.0,1,0.625,0.0096153846153846,23963.0,2.830769230769232,0,Test
61,1318,20231002,74020667.0,0,0,0,0,177,136.0,0,0.768361581920904,0.0,78368.0,3.625,0,Test
62,1376,20231002,74020828.0,0,0,0,0,547,429.0,6,0.7842778793418648,0.0109689213893967,163566.0,2.867132867132868,0,Test
63,1385,20231002,74020871.0,0,0,0,0,157,121.0,2,0.7707006369426752,0.0127388535031847,55616.0,3.206611570247934,0,Test
64,1399,20231002,74020908.0,0,0,0,0,170,109.0,2,0.6411764705882353,0.0117647058823529,46766.0,3.733944954128441,0,Control
65,1402,20231002,74020920.0,0,0,0,0,503,391.0,6,0.7773359840954275,0.0119284294234592,139013.0,2.5626598465473154,0,Control
66,1408,20231002,74020960.0,0,0,0,0,538,391.0,9,0.7267657992565055,0.0167286245353159,179847.0,3.202046035805626,0,Test
67,1409,20231002,74020961.0,0,0,0,0,181,131.0,1,0.7237569060773481,0.005524861878453,70732.0,3.8015267175572505,0,Control
68,1421,20231002,74021008.0,0,0,0,0,1294,943.0,13,0.7287480680061824,0.0100463678516228,353077.0,2.83457051961824,0,Control
69,1454,20231002,74021099.0,0,0,0,0,149,104.0,2,0.697986577181208,0.0134228187919463,54700.0,3.730769230769232,0,Control
70,1460,20231002,74021105.0,0,0,0,0,136,99.0,1,0.7279411764705882,0.0073529411764705,57547.0,3.787878787878788,0,Test
71,1511,20231002,74021211.0,0,0,0,0,291,194.0,0,0.6666666666666666,0.0,122715.0,5.103092783505158,0,Control
72,1550,20231002,74021302.0,0,0,0,0,307,208.0,4,0.6775244299674267,0.013029315960912,82872.0,3.0048076923076943,0,Test
73,1577,20231002,74021353.0,0,0,0,0,698,571.0,7,0.8180515759312321,0.0100286532951289,229104.0,2.581436077057793,0,Control
74,1630,20231002,74021462.0,0,0,0,0,139,87.0,2,0.6258992805755396,0.014388489208633,44654.0,3.3333333333333326,0,Control
75,1640,20231002,74021481.0,0,0,0,0,368,293.0,2,0.7961956521739131,0.0054347826086956,107877.0,2.938566552901026,0,Control
76,1726,20231002,74021639.0,0,0,0,0,368,254.0,4,0.6902173913043478,0.0108695652173913,107030.0,2.905511811023623,0,Test
77,1756,20231002,74021733.0,0,0,0,0,252,176.0,4,0.6984126984126984,0.0158730158730158,128144.0,4.914772727272729,0,Control
78,1760,20231002,74021738.0,0,0,0,0,344,229.0,1,0.6656976744186046,0.002906976744186,175616.0,4.3056768558952,0,Test
79,1815,20231002,74021823.0,0,0,0,0,219,157.0,2,0.7168949771689498,0.0091324200913242,130204.0,4.579617834394905,0,Test
80,1844,20231002,74021880.0,0,0,0,0,179,110.0,2,0.6145251396648045,0.0111731843575419,82510.0,3.709090909090909,0,Test
81,1864,20231002,74021914.0,0,0,0,0,651,575.0,7,0.8832565284178188,0.010752688172043,189449.0,2.5391304347826065,0,Test
82,1868,20231002,74021919.0,0,0,0,0,691,538.0,9,0.7785817655571635,0.0130246020260492,195580.0,2.8364312267658005,0,Control
83,1874,20231002,74021928.0,0,0,0,0,161,88.0,0,0.546583850931677,0.0,37513.0,3.011363636363637,0,Test
84,1901,20231002,74021975.0,0,0,0,0,220,164.0,6,0.7454545454545455,0.0272727272727272,65488.0,3.1585365853658547,0,Test
85,1904,20231002,74021978.0,0,0,0,0,197,139.0,2,0.7055837563451777,0.0101522842639593,73201.0,3.5899280575539585,0,Test
86,1935,20231002,74214453.0,0,0,0,0,703,473.0,4,0.6728307254623044,0.0056899004267425,205429.0,3.327695560253698,0,Control
87,1939,20231002,74215106.0,0,0,0,0,854,728.0,5,0.8524590163934426,0.0058548009367681,263060.0,2.671703296703296,0,Test
88,1995,20231002,74220627.0,0,0,0,0,115,95.0,4,0.8260869565217391,0.0347826086956521,43748.0,3.557894736842105,0,Control
89,2029,20231002,74220822.0,0,0,0,0,487,344.0,1,0.7063655030800822,0.002053388090349,184494.0,3.875,0,Control
90,2047,20231002,74220910.0,0,0,0,0,558,254.0,2,0.4551971326164875,0.003584229390681,112035.0,2.8188976377952764,0,Control
91,2075,20231002,74221041.0,0,0,0,0,461,353.0,6,0.7657266811279827,0.0130151843817787,147017.0,2.9433427762039672,0,Control
92,2146,20231002,74221472.0,0,0,0,0,188,147.0,1,0.7819148936170213,0.0053191489361702,60326.0,3.2857142857142865,0,Control
93,2170,20231002,74321666.0,0,0,0,0,707,587.0,12,0.8302687411598303,0.0169731258840169,217658.0,2.8262350936967624,0,Test
94,2172,20231002,74321670.0,0,0,0,0,1214,1008.0,11,0.8303130148270181,0.0090609555189456,347930.0,2.613095238095235,0,Test
95,2193,20231002,74321719.0,0,0,0,0,195,143.0,2,0.7333333333333333,0.0102564102564102,45425.0,2.601398601398602,0,Control
96,2195,20231002,74321722.0,0,0,0,0,378,271.0,4,0.716931216931217,0.0105820105820105,132856.0,3.3690036900369007,0,Control
97,2257,20231002,74321861.0,0,0,0,0,162,98.0,2,0.6049382716049383,0.0123456790123456,46059.0,3.438775510204082,0,Control
98,2261,20231002,74321865.0,0,0,0,0,272,157.0,4,0.5772058823529411,0.0147058823529411,60904.0,3.471337579617835,0,Control
99,2287,20231002,74321910.0,0,0,0,0,189,153.0,3,0.8095238095238095,0.0158730158730158,60986.0,2.954248366013072,0,Control
100,2305,20231003,74013270.0,0,0,0,0,1294,987.0,24,0.7627511591962906,0.0185471406491499,384304.0,2.7892603850050643,0,Test
101,2318,20231003,74013406.0,0,0,0,0,153,107.0,1,0.6993464052287581,0.0065359477124183,40770.0,2.560747663551401,0,Control
102,2349,20231003,74016847.0,0,0,0,0,831,628.0,11,0.7557160048134778,0.01323706377858,247791.0,2.5605095541401304,0,Control
103,2358,20231003,74020378.0,0,0,0,0,530,340.0,5,0.6415094339622641,0.0094339622641509,169696.0,3.2529411764705864,0,Test
104,2365,20231003,74020395.0,0,0,0,0,1001,721.0,22,0.7202797202797203,0.0219780219780219,238286.0,2.5006934812760044,0,Test
105,2384,20231003,74020449.0,0,0,0,0,374,280.0,2,0.7486631016042781,0.0053475935828877,118429.0,3.185714285714287,0,Test
106,2400,20231003,74020492.0,0,0,0,0,777,626.0,14,0.8056628056628057,0.018018018018018,262647.0,3.1134185303514377,0,Control
107,2416,20231003,74020551.0,0,0,0,0,407,299.0,6,0.7346437346437347,0.0147420147420147,130844.0,3.257525083612041,0,Test
108,2444,20231003,74020634.0,0,0,0,0,114,91.0,1,0.7982456140350878,0.0087719298245614,47779.0,3.395604395604396,0,Test
109,2452,20231003,74020653.0,0,0,0,0,233,130.0,1,0.5579399141630901,0.0042918454935622,58995.0,2.6153846153846163,0,Test
110,2457,20231003,74020660.0,0,0,0,0,101,81.0,4,0.801980198019802,0.0396039603960396,36195.0,2.962962962962963,0,Test
111,2463,20231003,74020667.0,0,0,0,0,212,181.0,1,0.8537735849056604,0.0047169811320754,103301.0,3.287292817679557,0,Test
112,2521,20231003,74020828.0,0,0,0,0,267,169.0,5,0.6329588014981273,0.0187265917602996,63273.0,2.7633136094674557,0,Test
113,2530,20231003,74020871.0,0,0,0,0,183,145.0,5,0.7923497267759563,0.0273224043715847,67827.0,3.2758620689655165,0,Test
114,2544,20231003,74020908.0,0,0,0,0,185,153.0,1,0.827027027027027,0.0054054054054054,77827.0,4.326797385620916,0,Control
115,2547,20231003,74020920.0,0,0,0,0,520,374.0,9,0.7192307692307692,0.0173076923076923,146424.0,2.6978609625668457,0,Control
116,2553,20231003,74020960.0,0,0,0,0,527,387.0,8,0.7343453510436433,0.0151802656546489,182336.0,3.317829457364341,0,Test
117,2554,20231003,74020961.0,0,0,0,0,210,138.0,0,0.6571428571428571,0.0,75405.0,3.5144927536231902,0,Control
118,2566,20231003,74021008.0,0,0,0,0,1393,1141.0,14,0.8190954773869347,0.0100502512562814,455156.0,2.95968448729185,0,Control
119,2599,20231003,74021099.0,0,0,0,0,127,96.0,1,0.7559055118110236,0.0078740157480314,43469.0,3.270833333333334,0,Control
120,2605,20231003,74021105.0,0,0,0,0,134,94.0,1,0.7014925373134329,0.0074626865671641,62269.0,4.159574468085107,0,Test
121,2655,20231003,74021211.0,0,0,0,0,152,122.0,0,0.8026315789473685,0.0,86290.0,5.51639344262295,0,Control
122,2694,20231003,74021302.0,0,0,0,0,345,246.0,6,0.7130434782608696,0.017391304347826,95945.0,2.926829268292683,0,Test
123,2721,20231003,74021353.0,0,0,0,0,813,666.0,12,0.8191881918819188,0.014760147601476,271956.0,2.6576576576576607,0,Control
124,2774,20231003,74021462.0,0,0,0,0,145,75.0,2,0.5172413793103449,0.0137931034482758,35375.0,3.306666666666667,0,Control
125,2784,20231003,74021481.0,0,0,0,0,402,0.0,0,0.0,0.0,,,0,Control
126,2870,20231003,74021639.0,0,0,0,0,342,265.0,5,0.7748538011695907,0.0146198830409356,114194.0,3.026415094339622,0,Test
127,2900,20231003,74021733.0,0,0,0,0,215,142.0,2,0.6604651162790698,0.0093023255813953,97473.0,4.598591549295772,0,Control
128,2904,20231003,74021738.0,0,0,0,0,312,204.0,4,0.6538461538461539,0.0128205128205128,160119.0,4.15686274509804,0,Test
129,2959,20231003,74021823.0,0,0,0,0,239,166.0,0,0.694560669456067,0.0,115247.0,3.698795180722892,0,Test
130,2988,20231003,74021880.0,0,0,0,0,231,152.0,3,0.658008658008658,0.0129870129870129,97000.0,3.223684210526316,0,Test
131,3008,20231003,74021914.0,0,0,0,0,726,627.0,7,0.8636363636363636,0.0096418732782369,204479.0,2.4736842105263164,0,Test
132,3012,20231003,74021919.0,0,0,0,0,591,520.0,5,0.8798646362098139,0.0084602368866328,201414.0,3.021153846153845,0,Control
133,3018,20231003,74021928.0,0,0,0,0,179,117.0,1,0.6536312849162011,0.0055865921787709,51358.0,3.1538461538461533,0,Test
134,3044,20231003,74021975.0,0,0,0,0,245,178.0,2,0.726530612244898,0.0081632653061224,75256.0,3.53932584269663,0,Test
135,3047,20231003,74021978.0,0,0,0,0,187,126.0,1,0.6737967914438503,0.0053475935828877,65099.0,3.634920634920636,0,Test
136,3076,20231003,74214453.0,0,0,0,0,598,420.0,1,0.7023411371237458,0.0016722408026755,213024.0,3.2976190476190457,0,Control
137,3080,20231003,74215106.0,0,0,0,0,826,697.0,6,0.8438256658595642,0.0072639225181598,239247.0,2.609756097560973,0,Test
138,3135,20231003,74220627.0,0,0,0,0,135,103.0,1,0.762962962962963,0.0074074074074074,41964.0,3.038834951456311,0,Control
139,3169,20231003,74220822.0,0,0,0,0,555,372.0,2,0.6702702702702703,0.0036036036036036,170499.0,3.25,0,Control
140,3187,20231003,74220910.0,0,0,0,0,567,244.0,3,0.4303350970017636,0.0052910052910052,118088.0,3.180327868852458,0,Control
141,3215,20231003,74221041.0,0,0,0,0,458,361.0,9,0.7882096069868996,0.019650655021834,155687.0,2.886426592797785,0,Control
142,3286,20231003,74221472.0,0,0,0,0,234,161.0,6,0.688034188034188,0.0256410256410256,68695.0,3.024844720496895,0,Control
143,3310,20231003,74321666.0,0,0,0,0,719,583.0,13,0.8108484005563282,0.0180806675938803,210090.0,2.7650085763293304,0,Test
144,3312,20231003,74321670.0,0,0,0,0,1413,1111.0,12,0.7862703467799009,0.0084925690021231,386053.0,2.5994599459946026,0,Test
145,3333,20231003,74321719.0,0,0,0,0,251,179.0,1,0.7131474103585658,0.0039840637450199,66634.0,3.027932960893853,0,Control
146,3335,20231003,74321722.0,0,0,0,0,452,357.0,1,0.7898230088495575,0.0022123893805309,160350.0,3.2408963585434183,0,Control
147,3398,20231003,74321861.0,0,0,0,0,197,129.0,0,0.6548223350253807,0.0,59778.0,3.527131782945736,0,Control
148,3402,20231003,74321865.0,0,0,0,0,296,204.0,5,0.6891891891891891,0.0168918918918918,92205.0,3.279411764705882,0,Control
149,3428,20231003,74321910.0,0,0,0,0,192,160.0,2,0.8333333333333334,0.0104166666666666,54302.0,2.7062500000000003,0,Control
150,3446,20231004,74013270.0,0,0,0,0,955,655.0,14,0.6858638743455497,0.0146596858638743,257942.0,2.71297709923664,0,Test
151,3459,20231004,74013406.0,0,0,0,0,169,110.0,4,0.650887573964497,0.0236686390532544,43884.0,2.836363636363636,0,Control
152,3490,20231004,74016847.0,0,0,0,0,850,590.0,19,0.6941176470588235,0.0223529411764705,230215.0,2.6101694915254217,0,Control
153,3499,20231004,74020378.0,0,0,0,0,417,275.0,7,0.6594724220623501,0.0167865707434052,138005.0,3.189090909090909,0,Test
154,3506,20231004,74020395.0,0,0,0,0,978,710.0,17,0.7259713701431493,0.0173824130879345,270651.0,2.730985915492958,0,Test
155,3525,20231004,74020449.0,0,0,0,0,275,213.0,2,0.7745454545454545,0.0072727272727272,87070.0,3.0046948356807515,0,Test
156,3541,20231004,74020492.0,0,0,0,0,821,631.0,4,0.7685749086479903,0.0048721071863581,290508.0,3.0713153724247197,0,Control
157,3557,20231004,74020551.0,0,0,0,0,353,225.0,6,0.6373937677053825,0.0169971671388102,105850.0,3.324444444444443,0,Test
158,3585,20231004,74020634.0,0,0,0,0,74,60.0,0,0.8108108108108109,0.0,27183.0,2.633333333333333,0,Test
159,3592,20231004,74020653.0,0,0,0,0,166,103.0,1,0.6204819277108434,0.0060240963855421,46606.0,2.640776699029127,0,Test
160,3597,20231004,74020660.0,0,0,0,0,118,85.0,1,0.7203389830508474,0.0084745762711864,34885.0,2.8588235294117648,0,Test
161,3603,20231004,74020667.0,0,0,0,0,150,128.0,0,0.8533333333333334,0.0,77348.0,3.554687500000001,0,Test
162,3661,20231004,74020828.0,0,0,0,0,208,155.0,2,0.7451923076923077,0.0096153846153846,74300.0,3.3032258064516133,0,Test
163,3670,20231004,74020871.0,0,0,0,0,170,123.0,3,0.7235294117647059,0.0176470588235294,57897.0,3.1707317073170715,0,Test
164,3684,20231004,74020908.0,0,0,0,0,192,135.0,0,0.703125,0.0,70621.0,4.303703703703702,0,Control
165,3687,20231004,74020920.0,0,0,0,0,459,336.0,6,0.7320261437908496,0.0130718954248366,136312.0,2.6755952380952386,0,Control
166,3693,20231004,74020960.0,0,0,0,0,508,349.0,5,0.687007874015748,0.0098425196850393,161416.0,3.2779369627507142,0,Test
167,3694,20231004,74020961.0,0,0,0,0,202,158.0,0,0.7821782178217822,0.0,105766.0,4.259493670886078,0,Control
168,3706,20231004,74021008.0,0,0,0,0,1059,852.0,12,0.8045325779036827,0.0113314447592068,343932.0,2.8051643192488265,0,Control
169,3739,20231004,74021099.0,0,0,0,0,145,111.0,1,0.7655172413793103,0.0068965517241379,59101.0,3.801801801801802,0,Control
170,3745,20231004,74021105.0,0,0,0,0,141,102.0,0,0.723404255319149,0.0,61195.0,3.529411764705882,0,Test
171,3795,20231004,74021211.0,0,0,0,0,267,185.0,0,0.6928838951310862,0.0,120725.0,5.232432432432436,0,Control
172,3834,20231004,74021302.0,0,0,0,0,275,191.0,2,0.6945454545454546,0.0072727272727272,83660.0,2.9790575916230355,0,Test
173,3860,20231004,74021353.0,0,0,0,0,772,615.0,6,0.7966321243523317,0.0077720207253886,252655.0,2.6666666666666643,0,Control
174,3913,20231004,74021462.0,0,0,0,0,156,58.0,0,0.3717948717948718,0.0,22967.0,2.637931034482759,0,Control
175,3923,20231004,74021481.0,0,0,0,0,361,264.0,1,0.7313019390581718,0.002770083102493,91891.0,2.7272727272727284,0,Control
176,4009,20231004,74021639.0,0,0,0,0,329,240.0,4,0.729483282674772,0.0121580547112462,107441.0,3.0916666666666663,0,Test
177,4039,20231004,74021733.0,0,0,0,0,244,166.0,3,0.680327868852459,0.0122950819672131,103508.0,4.00602409638554,0,Control
178,4043,20231004,74021738.0,0,0,0,0,283,176.0,0,0.6219081272084805,0.0,140576.0,4.147727272727273,0,Test
179,4098,20231004,74021823.0,0,0,0,0,148,82.0,1,0.5540540540540541,0.0067567567567567,61996.0,3.74390243902439,0,Test
180,4127,20231004,74021880.0,0,0,0,0,148,103.0,1,0.6959459459459459,0.0067567567567567,72165.0,3.1262135922330097,0,Test
181,4147,20231004,74021914.0,0,0,0,0,690,593.0,4,0.8594202898550725,0.0057971014492753,202036.0,2.494097807757165,0,Test
182,4151,20231004,74021919.0,0,0,0,0,561,494.0,6,0.8805704099821747,0.0106951871657754,191969.0,2.692307692307692,0,Control
183,4157,20231004,74021928.0,0,0,0,0,192,125.0,0,0.6510416666666666,0.0,59598.0,3.504,0,Test
184,4184,20231004,74021975.0,0,0,0,0,287,162.0,3,0.5644599303135889,0.0104529616724738,72192.0,3.265432098765432,0,Test
185,4187,20231004,74021978.0,0,0,0,0,170,119.0,2,0.7,0.0117647058823529,59687.0,3.016806722689075,0,Test
186,4217,20231004,74214453.0,0,0,0,0,663,506.0,4,0.7631975867269984,0.0060331825037707,265303.0,3.349802371541504,0,Control
187,4221,20231004,74215106.0,0,0,0,0,889,724.0,7,0.8143982002249719,0.0078740157480314,244503.0,2.433701657458561,0,Test
188,4276,20231004,74220627.0,0,0,0,0,135,102.0,0,0.7555555555555555,0.0,48135.0,3.245098039215687,0,Control
189,4310,20231004,74220822.0,0,0,0,0,602,395.0,7,0.6561461794019934,0.0116279069767441,201948.0,3.475949367088609,0,Control
190,4328,20231004,74220910.0,0,0,0,0,708,281.0,2,0.3968926553672316,0.0028248587570621,134916.0,2.8718861209964426,0,Control
191,4356,20231004,74221041.0,0,0,0,0,453,355.0,9,0.7836644591611479,0.0198675496688741,153201.0,2.7887323943661992,0,Control
192,4427,20231004,74221472.0,0,0,0,0,173,120.0,1,0.6936416184971098,0.0057803468208092,45434.0,2.8666666666666654,0,Control
193,4451,20231004,74321666.0,0,0,0,0,791,633.0,11,0.8002528445006322,0.0139064475347661,236166.0,2.7203791469194303,0,Test
194,4453,20231004,74321670.0,0,0,0,0,1261,933.0,16,0.7398889770023791,0.0126883425852498,325581.0,2.6066452304394403,0,Test
195,4474,20231004,74321719.0,0,0,0,0,181,131.0,3,0.7237569060773481,0.0165745856353591,50908.0,2.809160305343513,0,Control
196,4476,20231004,74321722.0,0,0,0,0,360,260.0,11,0.7222222222222222,0.0305555555555555,118224.0,2.976923076923077,0,Control
197,4539,20231004,74321861.0,0,0,0,0,175,101.0,0,0.5771428571428572,0.0,50828.0,3.564356435643564,0,Control
198,4543,20231004,74321865.0,0,0,0,0,328,192.0,2,0.5853658536585366,0.0060975609756097,80079.0,2.6875,0,Control
199,4568,20231004,74321910.0,0,0,0,0,173,145.0,1,0.838150289017341,0.0057803468208092,55003.0,2.84137931034483,0,Control
200,4586,20231005,74013270.0,0,0,0,0,1304,969.0,27,0.7430981595092024,0.0207055214723926,430738.0,2.951496388028896,0,Test
201,4599,20231005,74013406.0,0,0,0,0,231,138.0,1,0.5974025974025974,0.0043290043290043,47345.0,2.4855072463768115,0,Control
202,4629,20231005,74016847.0,0,0,0,0,968,732.0,18,0.756198347107438,0.018595041322314,296285.0,2.6898907103825134,0,Control
203,4638,20231005,74020378.0,0,0,0,0,448,302.0,6,0.6741071428571429,0.0133928571428571,149057.0,3.1523178807947017,0,Test
204,4645,20231005,74020395.0,0,0,0,0,1107,849.0,13,0.7669376693766937,0.011743450767841,311160.0,2.6631330977620715,0,Test
205,4664,20231005,74020449.0,0,0,0,0,362,301.0,4,0.8314917127071824,0.011049723756906,137890.0,3.411960132890364,0,Test
206,4681,20231005,74020492.0,0,0,0,0,778,594.0,6,0.7634961439588689,0.0077120822622107,269278.0,3.0488215488215475,0,Control
207,4697,20231005,74020551.0,0,0,0,0,432,303.0,10,0.7013888888888888,0.0231481481481481,138110.0,3.2013201320131994,0,Test
208,4725,20231005,74020634.0,0,0,0,0,151,123.0,1,0.8145695364238411,0.0066225165562913,67086.0,3.4959349593495936,0,Test
209,4732,20231005,74020653.0,0,0,0,0,129,75.0,2,0.5813953488372093,0.0155038759689922,34425.0,2.9733333333333327,0,Test
210,4737,20231005,74020660.0,0,0,0,0,120,96.0,0,0.8,0.0,44199.0,3.21875,0,Test
211,4744,20231005,74020667.0,0,0,0,0,197,163.0,0,0.8274111675126904,0.0,93032.0,3.380368098159509,0,Test
212,4802,20231005,74020828.0,0,0,0,0,577,469.0,4,0.8128249566724437,0.0069324090121317,192404.0,2.9893390191897677,0,Test
213,4811,20231005,74020871.0,0,0,0,0,207,169.0,4,0.8164251207729468,0.0193236714975845,69936.0,3.011834319526628,0,Test
214,4825,20231005,74020908.0,0,0,0,0,134,103.0,3,0.7686567164179104,0.0223880597014925,48415.0,3.932038834951455,0,Control
215,4828,20231005,74020920.0,0,0,0,0,552,435.0,10,0.7880434782608695,0.0181159420289855,174678.0,2.5885057471264354,0,Control
216,4834,20231005,74020960.0,0,0,0,0,585,450.0,10,0.7692307692307693,0.017094017094017,218745.0,3.3200000000000003,0,Test
217,4835,20231005,74020961.0,0,0,0,0,198,149.0,2,0.7525252525252525,0.0101010101010101,91214.0,3.771812080536911,0,Control
218,4847,20231005,74021008.0,0,0,0,0,1220,1038.0,9,0.8508196721311475,0.0073770491803278,415840.0,2.85549132947977,0,Control
219,4880,20231005,74021099.0,0,0,0,0,111,94.0,0,0.8468468468468469,0.0,48678.0,3.744680851063829,0,Control
220,4886,20231005,74021105.0,0,0,0,0,221,0.0,0,0.0,0.0,,,0,Test
221,4936,20231005,74021211.0,0,0,0,0,2,0.0,0,0.0,0.0,,,0,Control
222,4975,20231005,74021302.0,0,0,0,0,366,269.0,7,0.7349726775956285,0.0191256830601092,126219.0,3.1970260223048323,0,Test
223,5002,20231005,74021353.0,0,0,0,0,978,795.0,5,0.8128834355828221,0.0051124744376278,317873.0,2.660377358490568,0,Control
224,5055,20231005,74021462.0,0,0,0,0,129,98.0,2,0.7596899224806202,0.0155038759689922,47967.0,3.408163265306122,0,Control
225,5065,20231005,74021481.0,0,0,0,0,394,273.0,4,0.6928934010152284,0.0101522842639593,105084.0,2.695970695970696,0,Control
226,5151,20231005,74021639.0,0,0,0,0,393,301.0,3,0.7659033078880407,0.0076335877862595,134502.0,2.8438538205980066,0,Test
227,5181,20231005,74021733.0,0,0,0,0,244,175.0,2,0.7172131147540983,0.0081967213114754,135234.0,4.862857142857143,0,Control
228,5185,20231005,74021738.0,0,0,0,0,274,186.0,0,0.6788321167883211,0.0,135293.0,3.827956989247312,0,Test
229,5240,20231005,74021823.0,0,0,0,0,146,94.0,0,0.6438356164383562,0.0,73244.0,3.8191489361702127,0,Test
230,5269,20231005,74021880.0,0,0,0,0,172,77.0,1,0.4476744186046512,0.005813953488372,54508.0,3.428571428571427,0,Test
231,5289,20231005,74021914.0,0,0,0,0,775,667.0,9,0.8606451612903225,0.0116129032258064,240687.0,2.5517241379310347,0,Test
232,5293,20231005,74021919.0,0,0,0,0,779,696.0,9,0.8934531450577664,0.0115532734274711,289298.0,2.9310344827586188,0,Control
233,5299,20231005,74021928.0,0,0,0,0,194,131.0,3,0.6752577319587629,0.0154639175257731,64224.0,3.3664122137404595,0,Test
234,5326,20231005,74021975.0,0,0,0,0,290,210.0,1,0.7241379310344828,0.0034482758620689,92973.0,3.5428571428571423,0,Test
235,5329,20231005,74021978.0,0,0,0,0,223,154.0,0,0.6905829596412556,0.0,84304.0,3.5324675324675323,0,Test
236,5360,20231005,74214453.0,0,0,0,0,751,559.0,4,0.7443408788282291,0.0053262316910785,278791.0,3.2128801431126983,0,Control
237,5364,20231005,74215106.0,0,0,0,0,963,800.0,9,0.8307372793354102,0.0093457943925233,310146.0,2.837500000000001,0,Test
238,5419,20231005,74220627.0,0,0,0,0,114,95.0,3,0.8333333333333334,0.0263157894736842,49774.0,3.3789473684210525,0,Control
239,5453,20231005,74220822.0,0,0,0,0,592,399.0,6,0.6739864864864865,0.0101351351351351,208230.0,3.478696741854635,0,Control
240,5471,20231005,74220910.0,0,0,0,0,768,296.0,6,0.3854166666666667,0.0078125,154578.0,3.0000000000000027,0,Control
241,5499,20231005,74221041.0,0,0,0,0,488,384.0,13,0.7868852459016393,0.026639344262295,173169.0,2.8281249999999982,0,Control
242,5570,20231005,74221472.0,0,0,0,0,192,142.0,2,0.7395833333333334,0.0104166666666666,60611.0,3.007042253521128,0,Control
243,5594,20231005,74321666.0,0,0,0,0,759,622.0,11,0.8194993412384717,0.0144927536231884,250393.0,2.8601286173633427,0,Test
244,5596,20231005,74321670.0,0,0,0,0,1174,916.0,11,0.7802385008517888,0.0093696763202725,355117.0,2.783842794759825,0,Test
245,5617,20231005,74321719.0,0,0,0,0,213,156.0,3,0.7323943661971831,0.0140845070422535,60114.0,2.916666666666666,0,Control
246,5619,20231005,74321722.0,0,0,0,0,388,308.0,5,0.7938144329896907,0.0128865979381443,143566.0,3.1396103896103886,0,Control
247,5682,20231005,74321861.0,0,0,0,0,209,147.0,1,0.7033492822966507,0.0047846889952153,83281.0,3.721088435374149,0,Control
248,5686,20231005,74321865.0,0,0,0,0,349,218.0,3,0.6246418338108882,0.0085959885386819,96568.0,2.848623853211009,0,Control
249,5712,20231005,74321910.0,0,0,0,0,137,111.0,0,0.8102189781021898,0.0,41185.0,2.8828828828828845,0,Control
250,5731,20231006,74013270.0,0,0,0,0,1294,940.0,22,0.7264296754250387,0.017001545595054,431403.0,3.051063829787231,0,Test
251,5744,20231006,74013406.0,0,0,0,0,230,165.0,3,0.717391304347826,0.0130434782608695,66573.0,2.6727272727272733,0,Control
252,5775,20231006,74016847.0,0,0,0,0,963,741.0,14,0.7694704049844237,0.0145379023883696,291442.0,2.635627530364373,0,Control
253,5784,20231006,74020378.0,0,0,0,0,591,410.0,3,0.6937394247038917,0.0050761421319796,227763.0,3.4975609756097583,0,Test
254,5791,20231006,74020395.0,0,0,0,0,1007,763.0,5,0.7576961271102284,0.0049652432969215,298485.0,2.652686762778506,0,Test
255,5810,20231006,74020449.0,0,0,0,0,419,348.0,3,0.8305489260143198,0.0071599045346062,150579.0,3.120689655172411,0,Test
256,5827,20231006,74020492.0,0,0,0,0,951,753.0,8,0.7917981072555205,0.0084121976866456,363548.0,3.3067729083665376,0,Control
257,5843,20231006,74020551.0,0,0,0,0,443,337.0,2,0.7607223476297968,0.0045146726862302,166787.0,3.522255192878339,0,Test
258,5871,20231006,74020634.0,0,0,0,0,167,131.0,2,0.7844311377245509,0.0119760479041916,63117.0,3.14503816793893,0,Test
259,5878,20231006,74020653.0,0,0,0,0,249,124.0,1,0.4979919678714859,0.0040160642570281,53045.0,2.669354838709676,0,Test
260,5883,20231006,74020660.0,0,0,0,0,151,100.0,3,0.6622516556291391,0.0198675496688741,48425.0,3.200000000000001,0,Test
261,5890,20231006,74020667.0,0,0,0,0,258,211.0,1,0.8178294573643411,0.003875968992248,138534.0,3.601895734597157,0,Test
262,5948,20231006,74020828.0,0,0,0,0,510,425.0,11,0.8333333333333334,0.0215686274509803,182599.0,3.05882352941177,0,Test
263,5957,20231006,74020871.0,0,0,0,0,223,176.0,1,0.7892376681614349,0.0044843049327354,88421.0,3.085227272727272,0,Test
264,5971,20231006,74020908.0,0,0,0,0,198,155.0,2,0.7828282828282829,0.0101010101010101,79372.0,3.9483870967741934,0,Control
265,5974,20231006,74020920.0,0,0,0,0,702,537.0,8,0.7649572649572649,0.0113960113960113,225123.0,2.6610800744878937,0,Control
266,5980,20231006,74020960.0,0,0,0,0,641,476.0,9,0.7425897035881436,0.0140405616224648,231054.0,3.472689075630252,0,Test
267,5981,20231006,74020961.0,0,0,0,0,271,209.0,3,0.7712177121771218,0.011070110701107,142609.0,4.339712918660287,0,Control
268,5993,20231006,74021008.0,0,0,0,0,1282,1031.0,15,0.8042121684867395,0.0117004680187207,442881.0,3.001939864209508,0,Control
269,6025,20231006,74021099.0,0,0,0,0,157,124.0,1,0.7898089171974523,0.0063694267515923,65318.0,3.516129032258064,0,Control
270,6031,20231006,74021105.0,0,0,0,0,73,24.0,1,0.3287671232876712,0.0136986301369863,17503.0,4.041666666666667,0,Test
271,6081,20231006,74021211.0,0,0,0,0,258,192.0,2,0.7441860465116279,0.0077519379844961,143879.0,5.416666666666664,0,Control
272,6120,20231006,74021302.0,0,0,0,0,324,263.0,4,0.8117283950617284,0.0123456790123456,124971.0,3.357414448669201,0,Test
273,6147,20231006,74021353.0,0,0,0,0,1080,897.0,7,0.8305555555555556,0.0064814814814814,382752.0,2.9253065774804927,0,Control
274,6200,20231006,74021462.0,0,0,0,0,213,180.0,1,0.8450704225352113,0.0046948356807511,82931.0,3.1888888888888887,0,Control
275,6210,20231006,74021481.0,0,0,0,0,415,335.0,2,0.8072289156626506,0.0048192771084337,127758.0,2.7671641791044777,0,Control
276,6296,20231006,74021639.0,0,0,0,0,484,297.0,6,0.6136363636363636,0.012396694214876,131498.0,3.0404040404040407,0,Test
277,6326,20231006,74021733.0,0,0,0,0,307,214.0,6,0.6970684039087948,0.019543973941368,152717.0,4.33644859813084,0,Control
278,6330,20231006,74021738.0,0,0,0,0,361,243.0,0,0.6731301939058172,0.0,189832.0,4.037037037037037,0,Test
279,6385,20231006,74021823.0,0,0,0,0,264,176.0,1,0.6666666666666666,0.0037878787878787,159377.0,4.210227272727275,0,Test
280,6414,20231006,74021880.0,0,0,0,0,324,156.0,1,0.4814814814814814,0.0030864197530864,106745.0,3.1987179487179485,0,Test
281,6434,20231006,74021914.0,0,0,0,0,698,586.0,9,0.839541547277937,0.0128939828080229,206546.0,2.573378839590444,0,Test
282,6438,20231006,74021919.0,0,0,0,0,729,620.0,5,0.850480109739369,0.0068587105624142,240502.0,2.8612903225806425,0,Control
283,6444,20231006,74021928.0,0,0,0,0,225,148.0,3,0.6577777777777778,0.0133333333333333,76312.0,3.3716216216216237,0,Test
284,6471,20231006,74021975.0,0,0,0,0,340,255.0,4,0.75,0.0117647058823529,119817.0,3.580392156862745,0,Test
285,6474,20231006,74021978.0,0,0,0,0,233,170.0,2,0.7296137339055794,0.0085836909871244,99593.0,4.088235294117644,0,Test
286,6505,20231006,74214453.0,0,0,0,0,827,629.0,2,0.7605804111245466,0.0024183796856106,319788.0,3.381558028616853,0,Control
287,6509,20231006,74215106.0,0,0,0,0,1023,861.0,13,0.841642228739003,0.0127077223851417,327306.0,2.664343786295009,0,Test
288,6564,20231006,74220627.0,0,0,0,0,163,124.0,2,0.7607361963190185,0.0122699386503067,68326.0,3.879032258064516,0,Control
289,6598,20231006,74220822.0,0,0,0,0,773,428.0,3,0.553686934023286,0.0038809831824062,227016.0,3.3855140186915897,0,Control
290,6616,20231006,74220910.0,0,0,0,0,873,318.0,8,0.3642611683848797,0.0091638029782359,151192.0,2.921383647798742,0,Control
291,6644,20231006,74221041.0,0,0,0,0,499,394.0,6,0.7895791583166333,0.0120240480961923,188084.0,3.0000000000000004,0,Control
292,6715,20231006,74221472.0,0,0,0,0,216,155.0,0,0.7175925925925926,0.0,64416.0,2.858064516129033,0,Control
293,6739,20231006,74321666.0,0,0,0,0,821,670.0,7,0.8160779537149817,0.0085261875761266,256449.0,2.7910447761194006,0,Test
294,6741,20231006,74321670.0,0,0,0,0,1494,1120.0,15,0.749665327978581,0.0100401606425702,444158.0,2.8401785714285728,0,Test
295,6762,20231006,74321719.0,0,0,0,0,263,180.0,0,0.6844106463878327,0.0,75337.0,2.93888888888889,0,Control
296,6764,20231006,74321722.0,0,0,0,0,464,372.0,9,0.8017241379310345,0.0193965517241379,200137.0,3.416666666666666,0,Control
297,6827,20231006,74321861.0,0,0,0,0,226,174.0,3,0.7699115044247787,0.0132743362831858,81363.0,3.1954022988505764,0,Control
298,6831,20231006,74321865.0,0,0,0,0,355,189.0,1,0.532394366197183,0.0028169014084507,93359.0,3.35978835978836,0,Control
299,6858,20231006,74321910.0,0,0,0,0,190,162.0,0,0.8526315789473684,0.0,78793.0,3.493827160493828,0,Control
300,6876,20231007,74013270.0,0,0,0,0,1033,804.0,25,0.7783155856727977,0.0242013552758954,423753.0,3.384328358208956,0,Test
301,6889,20231007,74013406.0,0,0,0,0,205,161.0,4,0.7853658536585366,0.0195121951219512,76675.0,3.1242236024844727,0,Control
302,6920,20231007,74016847.0,0,0,0,0,777,491.0,12,0.631917631917632,0.0154440154440154,212923.0,2.89816700610998,0,Control
303,6929,20231007,74020378.0,0,0,0,0,939,558.0,11,0.5942492012779552,0.0117145899893503,317829.0,3.6415770609318994,0,Test
304,6936,20231007,74020395.0,0,0,0,0,734,559.0,9,0.7615803814713896,0.0122615803814713,261371.0,3.1896243291592152,0,Test
305,6955,20231007,74020449.0,0,0,0,0,486,393.0,0,0.808641975308642,0.0,207478.0,3.811704834605597,0,Test
306,6972,20231007,74020492.0,0,0,0,0,1166,989.0,13,0.8481989708404802,0.0111492281303602,506261.0,3.618806875631953,0,Control
307,6988,20231007,74020551.0,0,0,0,0,413,313.0,6,0.7578692493946732,0.0145278450363196,158686.0,3.421725239616616,0,Test
308,7016,20231007,74020634.0,0,0,0,0,259,224.0,0,0.8648648648648649,0.0,138898.0,3.808035714285714,0,Test
309,7024,20231007,74020653.0,0,0,0,0,298,195.0,1,0.6543624161073825,0.0033557046979865,100999.0,3.117948717948718,0,Test
310,7029,20231007,74020660.0,0,0,0,0,262,115.0,2,0.4389312977099237,0.0076335877862595,57065.0,3.71304347826087,0,Test
311,7036,20231007,74020667.0,0,0,0,0,283,243.0,2,0.8586572438162544,0.0070671378091872,183496.0,4.26337448559671,0,Test
312,7094,20231007,74020828.0,0,0,0,0,536,455.0,6,0.8488805970149254,0.0111940298507462,229379.0,3.4043956043956056,0,Test
313,7103,20231007,74020871.0,0,0,0,0,187,119.0,4,0.6363636363636364,0.0213903743315508,69383.0,3.563025210084033,0,Test
314,7117,20231007,74020908.0,0,0,0,0,211,162.0,2,0.7677725118483413,0.0094786729857819,98823.0,4.475308641975312,0,Control
315,7120,20231007,74020920.0,0,0,0,0,544,358.0,7,0.6580882352941176,0.0128676470588235,164461.0,3.005586592178773,0,Control
316,7126,20231007,74020960.0,0,0,0,0,581,447.0,5,0.7693631669535284,0.0086058519793459,241077.0,3.610738255033557,0,Test
317,7127,20231007,74020961.0,0,0,0,0,369,294.0,3,0.7967479674796748,0.008130081300813,226188.0,4.795918367346938,0,Control
318,7139,20231007,74021008.0,0,0,0,0,1135,875.0,7,0.7709251101321586,0.0061674008810572,386723.0,3.1965714285714286,0,Control
319,7172,20231007,74021099.0,0,0,0,0,196,121.0,0,0.6173469387755102,0.0,75195.0,4.17355371900826,0,Control
320,7178,20231007,74021105.0,0,0,0,0,223,128.0,0,0.5739910313901345,0.0,91909.0,4.242187500000001,0,Test
321,7228,20231007,74021211.0,0,0,0,0,299,208.0,0,0.6956521739130435,0.0,160247.0,5.836538461538462,0,Control
322,7267,20231007,74021302.0,0,0,0,0,423,355.0,9,0.8392434988179669,0.0212765957446808,181236.0,3.467605633802819,0,Test
323,7294,20231007,74021353.0,0,0,0,0,866,604.0,6,0.6974595842956121,0.0069284064665127,280752.0,3.167218543046358,0,Control
324,7347,20231007,74021462.0,0,0,0,0,176,119.0,4,0.6761363636363636,0.0227272727272727,68080.0,3.95798319327731,0,Control
325,7357,20231007,74021481.0,0,0,0,0,483,399.0,1,0.8260869565217391,0.0020703933747412,161525.0,3.0150375939849607,0,Control
326,7443,20231007,74021639.0,0,0,0,0,482,331.0,13,0.6867219917012448,0.0269709543568464,173839.0,3.398791540785498,0,Test
327,7473,20231007,74021733.0,0,0,0,0,538,420.0,2,0.7806691449814126,0.0037174721189591,302923.0,4.673809523809522,0,Control
328,7477,20231007,74021738.0,0,0,0,0,361,266.0,2,0.7368421052631579,0.0055401662049861,217995.0,4.345864661654134,0,Test
329,7532,20231007,74021823.0,0,0,0,0,255,191.0,1,0.7490196078431373,0.0039215686274509,163467.0,4.392670157068059,0,Test
330,7561,20231007,74021880.0,0,0,0,0,345,166.0,3,0.4811594202898551,0.008695652173913,111582.0,3.355421686746987,0,Test
331,7581,20231007,74021914.0,0,0,0,0,343,271.0,1,0.7900874635568513,0.0029154518950437,111708.0,2.9335793357933584,0,Test
332,7585,20231007,74021919.0,0,0,0,0,550,462.0,7,0.84,0.0127272727272727,220726.0,3.2532467532467546,0,Control
333,7591,20231007,74021928.0,0,0,0,0,398,305.0,4,0.7663316582914573,0.0100502512562814,160813.0,3.9081967213114743,0,Test
334,7618,20231007,74021975.0,0,0,0,0,355,261.0,7,0.7352112676056338,0.0197183098591549,121202.0,3.6168582375478935,0,Test
335,7621,20231007,74021978.0,0,0,0,0,335,246.0,1,0.7343283582089553,0.0029850746268656,124163.0,3.4552845528455283,0,Test
336,7652,20231007,74214453.0,0,0,0,0,989,701.0,6,0.7087967644084934,0.006066734074823,359900.0,3.4465049928673324,0,Control
337,7656,20231007,74215106.0,0,0,0,0,718,595.0,7,0.8286908077994429,0.0097493036211699,230220.0,2.8084033613445363,0,Test
338,7711,20231007,74220627.0,0,0,0,0,143,108.0,3,0.7552447552447552,0.0209790209790209,71858.0,4.25925925925926,0,Control
339,7745,20231007,74220822.0,0,0,0,0,781,483.0,2,0.618437900128041,0.0025608194622279,308239.0,3.9689440993788834,0,Control
340,7763,20231007,74220910.0,0,0,0,0,838,215.0,1,0.256563245823389,0.0011933174224343,110107.0,3.316279069767444,0,Control
341,7791,20231007,74221041.0,0,0,0,0,525,430.0,7,0.819047619047619,0.0133333333333333,228500.0,3.416279069767442,0,Control
342,7862,20231007,74221472.0,0,0,0,0,206,148.0,2,0.7184466019417476,0.0097087378640776,83764.0,3.81081081081081,0,Control
343,7886,20231007,74321666.0,0,0,0,0,1019,842.0,10,0.8263002944062807,0.0098135426889106,375775.0,3.343230403800475,0,Test
344,7888,20231007,74321670.0,0,0,0,0,1088,804.0,11,0.7389705882352942,0.010110294117647,311855.0,2.8358208955223905,0,Test
345,7909,20231007,74321719.0,0,0,0,0,283,202.0,1,0.7137809187279152,0.0035335689045936,87871.0,3.158415841584157,0,Control
346,7911,20231007,74321722.0,0,0,0,0,546,429.0,2,0.7857142857142857,0.0036630036630036,225888.0,3.496503496503494,0,Control
347,7974,20231007,74321861.0,0,0,0,0,360,240.0,5,0.6666666666666666,0.0138888888888888,122377.0,3.849999999999999,0,Control
348,7978,20231007,74321865.0,0,0,0,0,424,206.0,3,0.4858490566037736,0.0070754716981132,100575.0,3.5582524271844664,0,Control
349,8004,20231007,74321910.0,0,0,0,0,191,163.0,1,0.8534031413612565,0.0052356020942408,92210.0,3.9079754601227,0,Control
350,8022,20231008,74013270.0,0,0,0,0,816,645.0,16,0.7904411764705882,0.0196078431372549,323111.0,3.2077519379844937,0,Test
351,8035,20231008,74013406.0,0,0,0,0,320,232.0,7,0.725,0.021875,114635.0,3.275862068965517,0,Control
352,8066,20231008,74016847.0,0,0,0,0,598,410.0,8,0.68561872909699,0.0133779264214046,181163.0,2.995121951219509,0,Control
353,8075,20231008,74020378.0,0,0,0,0,796,494.0,5,0.6206030150753769,0.0062814070351758,274590.0,3.508097165991904,0,Test
354,8082,20231008,74020395.0,0,0,0,0,542,398.0,9,0.7343173431734318,0.0166051660516605,190192.0,3.341708542713567,0,Test
355,8101,20231008,74020449.0,0,0,0,0,470,372.0,0,0.7914893617021277,0.0,190138.0,3.887096774193548,0,Test
356,8118,20231008,74020492.0,0,0,0,0,1207,1038.0,10,0.859983429991715,0.008285004142502,545833.0,3.706165703275531,0,Control
357,8134,20231008,74020551.0,0,0,0,0,328,241.0,6,0.7347560975609756,0.0182926829268292,127983.0,3.684647302904563,0,Test
358,8162,20231008,74020634.0,0,0,0,0,246,226.0,3,0.91869918699187,0.0121951219512195,126890.0,3.628318584070797,0,Test
359,8170,20231008,74020653.0,0,0,0,0,277,168.0,1,0.6064981949458483,0.003610108303249,92274.0,3.392857142857144,0,Test
360,8175,20231008,74020660.0,0,0,0,0,258,181.0,2,0.7015503875968992,0.0077519379844961,94862.0,3.9226519337016583,0,Test
361,8182,20231008,74020667.0,0,0,0,0,217,194.0,3,0.8940092165898618,0.0138248847926267,132051.0,3.9793814432989687,0,Test
362,8240,20231008,74020828.0,0,0,0,0,360,269.0,3,0.7472222222222222,0.0083333333333333,120626.0,3.1672862453531594,0,Test
363,8249,20231008,74020871.0,0,0,0,0,145,101.0,3,0.696551724137931,0.0206896551724137,62116.0,3.910891089108912,0,Test
364,8263,20231008,74020908.0,0,0,0,0,174,138.0,0,0.7931034482758621,0.0,81583.0,4.601449275362322,0,Control
365,8266,20231008,74020920.0,0,0,0,0,465,311.0,8,0.6688172043010753,0.0172043010752688,156424.0,3.012861736334405,0,Control
366,8272,20231008,74020960.0,0,0,0,0,717,559.0,8,0.7796373779637378,0.0111576011157601,298112.0,3.669051878354203,0,Test
367,8273,20231008,74020961.0,0,0,0,0,377,306.0,2,0.8116710875331565,0.0053050397877984,231494.0,4.810457516339873,0,Control
368,8285,20231008,74021008.0,0,0,0,0,1179,878.0,14,0.7446988973706531,0.011874469889737,409829.0,3.243735763097951,0,Control
369,8318,20231008,74021099.0,0,0,0,0,193,160.0,6,0.8290155440414507,0.0310880829015544,113385.0,4.906249999999998,0,Control
370,8324,20231008,74021105.0,0,0,0,0,198,140.0,2,0.7070707070707071,0.0101010101010101,93966.0,3.942857142857144,0,Test
371,8374,20231008,74021211.0,0,0,0,0,183,145.0,0,0.7923497267759563,0.0,116056.0,6.027586206896551,0,Control
372,8413,20231008,74021302.0,0,0,0,0,437,333.0,7,0.7620137299771167,0.0160183066361556,152797.0,3.249249249249249,0,Test
373,8440,20231008,74021353.0,0,0,0,0,657,499.0,6,0.7595129375951294,0.0091324200913242,224145.0,2.987975951903807,0,Control
374,8493,20231008,74021462.0,0,0,0,0,121,86.0,2,0.7107438016528925,0.0165289256198347,44709.0,3.6162790697674407,0,Control
375,8503,20231008,74021481.0,0,0,0,0,385,304.0,3,0.7896103896103897,0.0077922077922077,121062.0,2.8848684210526345,0,Control
376,8589,20231008,74021639.0,0,0,0,0,389,247.0,6,0.6349614395886889,0.0154241645244215,113264.0,3.3036437246963573,0,Test
377,8619,20231008,74021733.0,0,0,0,0,389,309.0,4,0.794344473007712,0.0102827763496143,243864.0,4.585760517799356,0,Control
378,8623,20231008,74021738.0,0,0,0,0,262,186.0,1,0.7099236641221374,0.0038167938931297,167618.0,4.69354838709677,0,Test
379,8678,20231008,74021823.0,0,0,0,0,352,219.0,2,0.6221590909090909,0.0056818181818181,178788.0,4.351598173515982,0,Test
380,8707,20231008,74021880.0,0,0,0,0,368,180.0,1,0.4891304347826087,0.0027173913043478,130866.0,3.6833333333333353,0,Test
381,8727,20231008,74021914.0,0,0,0,0,330,267.0,3,0.8090909090909091,0.009090909090909,118864.0,3.0674157303370797,0,Test
382,8731,20231008,74021919.0,0,0,0,0,394,331.0,5,0.8401015228426396,0.0126903553299492,141399.0,3.030211480362534,0,Control
383,8737,20231008,74021928.0,0,0,0,0,360,270.0,2,0.75,0.0055555555555555,140114.0,3.607407407407407,0,Test
384,8764,20231008,74021975.0,0,0,0,0,374,149.0,2,0.3983957219251337,0.0053475935828877,64077.0,3.34228187919463,0,Test
385,8767,20231008,74021978.0,0,0,0,0,262,158.0,0,0.6030534351145038,0.0,111360.0,4.727848101265824,0,Test
386,8798,20231008,74214453.0,0,0,0,0,875,597.0,2,0.6822857142857143,0.0022857142857142,333649.0,3.773869346733668,0,Control
387,8802,20231008,74215106.0,0,0,0,0,768,633.0,3,0.82421875,0.00390625,253999.0,2.7946287519747184,0,Test
388,8857,20231008,74220627.0,0,0,0,0,170,102.0,1,0.6,0.0058823529411764,55420.0,3.7450980392156863,0,Control
389,8891,20231008,74220822.0,0,0,0,0,705,426.0,7,0.6042553191489362,0.0099290780141843,219343.0,3.901408450704224,0,Control
390,8909,20231008,74220910.0,0,0,0,0,604,236.0,7,0.390728476821192,0.0115894039735099,122337.0,3.292372881355933,0,Control
391,8937,20231008,74221041.0,0,0,0,0,501,398.0,11,0.7944111776447106,0.0219560878243512,209825.0,3.3090452261306518,0,Control
392,9008,20231008,74221472.0,0,0,0,0,256,198.0,4,0.7734375,0.015625,99636.0,3.429292929292929,0,Control
393,9032,20231008,74321666.0,0,0,0,0,781,641.0,4,0.8207426376440461,0.0051216389244558,304417.0,3.4960998439937585,0,Test
394,9034,20231008,74321670.0,0,0,0,0,734,510.0,10,0.6948228882833788,0.0136239782016348,227396.0,3.16078431372549,0,Test
395,9055,20231008,74321719.0,0,0,0,0,309,215.0,3,0.6957928802588996,0.0097087378640776,88256.0,2.888372093023257,0,Control
396,9057,20231008,74321722.0,0,0,0,0,491,405.0,6,0.824847250509165,0.0122199592668024,231864.0,3.562962962962961,0,Control
397,9120,20231008,74321861.0,0,0,0,0,247,111.0,4,0.4493927125506073,0.0161943319838056,59109.0,4.315315315315316,0,Control
398,9124,20231008,74321865.0,0,0,0,0,355,255.0,6,0.7183098591549296,0.0169014084507042,145680.0,3.603921568627451,0,Control
399,9150,20231008,74321910.0,0,0,0,0,237,201.0,1,0.8481012658227848,0.0042194092827004,106668.0,3.537313432835822,0,Control
400,9168,20231009,74013270.0,0,0,0,0,1016,805.0,24,0.7923228346456693,0.0236220472440944,314424.0,2.6608695652173906,0,Test
401,9181,20231009,74013406.0,0,0,0,0,179,108.0,1,0.6033519553072626,0.0055865921787709,44036.0,2.675925925925925,0,Control
402,9212,20231009,74016847.0,0,0,0,0,824,624.0,10,0.7572815533980582,0.012135922330097,235830.0,2.548076923076926,0,Control
403,9221,20231009,74020378.0,0,0,0,0,417,236.0,5,0.565947242206235,0.0119904076738609,114596.0,3.01271186440678,0,Test
404,9228,20231009,74020395.0,0,0,0,0,940,710.0,15,0.7553191489361702,0.0159574468085106,247935.0,2.4943661971830995,0,Test
405,9247,20231009,74020449.0,0,0,0,0,368,264.0,3,0.717391304347826,0.0081521739130434,94746.0,2.8712121212121198,0,Test
406,9264,20231009,74020492.0,0,0,0,0,981,797.0,12,0.8124362895005097,0.0122324159021406,378521.0,3.2271016311166862,0,Control
407,9280,20231009,74020551.0,0,0,0,0,290,205.0,2,0.7068965517241379,0.0068965517241379,98774.0,3.3853658536585365,0,Test
408,9308,20231009,74020634.0,0,0,0,0,106,78.0,0,0.7358490566037735,0.0,40835.0,3.2179487179487167,0,Test
409,9316,20231009,74020653.0,0,0,0,0,192,105.0,2,0.546875,0.0104166666666666,47816.0,2.904761904761906,0,Test
410,9321,20231009,74020660.0,0,0,0,0,105,83.0,0,0.7904761904761904,0.0,33448.0,2.7349397590361444,0,Test
411,9328,20231009,74020667.0,0,0,0,0,171,142.0,1,0.8304093567251462,0.0058479532163742,84795.0,3.3521126760563384,0,Test
412,9386,20231009,74020828.0,0,0,0,0,458,379.0,8,0.8275109170305677,0.0174672489082969,150205.0,2.8100263852242744,0,Test
413,9395,20231009,74020871.0,0,0,0,0,169,120.0,3,0.7100591715976331,0.0177514792899408,58411.0,3.0,0,Test
414,9409,20231009,74020908.0,0,0,0,0,72,47.0,1,0.6527777777777778,0.0138888888888888,24773.0,4.319148936170213,0,Control
415,9412,20231009,74020920.0,0,0,0,0,489,360.0,6,0.7361963190184049,0.0122699386503067,145397.0,2.777777777777778,0,Control
416,9418,20231009,74020960.0,0,0,0,0,462,360.0,8,0.7792207792207793,0.0173160173160173,167274.0,3.2611111111111097,0,Test
417,9419,20231009,74020961.0,0,0,0,0,192,133.0,2,0.6927083333333334,0.0104166666666666,83748.0,3.736842105263159,0,Control
418,9431,20231009,74021008.0,0,0,0,0,1093,814.0,14,0.7447392497712717,0.0128087831655992,348461.0,2.952088452088452,0,Control
419,9464,20231009,74021099.0,0,0,0,0,139,118.0,5,0.8489208633093526,0.0359712230215827,66491.0,4.008474576271186,0,Control
420,9470,20231009,74021105.0,0,0,0,0,163,120.0,1,0.7361963190184049,0.0061349693251533,70856.0,3.825,0,Test
421,9520,20231009,74021211.0,0,0,0,0,202,139.0,1,0.6881188118811881,0.0049504950495049,93211.0,4.87769784172662,0,Control
422,9559,20231009,74021302.0,0,0,0,0,262,167.0,3,0.6374045801526718,0.0114503816793893,71428.0,3.1497005988023945,0,Test
423,9586,20231009,74021353.0,0,0,0,0,806,666.0,5,0.826302729528536,0.0062034739454094,272474.0,2.816816816816817,0,Control
424,9639,20231009,74021462.0,0,0,0,0,118,80.0,0,0.6779661016949152,0.0,40957.0,3.4125000000000005,0,Control
425,9649,20231009,74021481.0,0,0,0,0,368,283.0,0,0.7690217391304348,0.0,97881.0,2.6784452296819774,0,Control
426,9735,20231009,74021639.0,0,0,0,0,316,190.0,1,0.6012658227848101,0.0031645569620253,74209.0,2.842105263157895,0,Test
427,9765,20231009,74021733.0,0,0,0,0,293,211.0,9,0.7201365187713311,0.030716723549488,145616.0,4.540284360189573,0,Control
428,9769,20231009,74021738.0,0,0,0,0,330,168.0,4,0.509090909090909,0.0121212121212121,126266.0,3.857142857142858,0,Test
429,9824,20231009,74021823.0,0,0,0,0,206,140.0,1,0.6796116504854369,0.0048543689320388,110137.0,3.964285714285713,0,Test
430,9853,20231009,74021880.0,0,0,0,0,156,105.0,3,0.6730769230769231,0.0192307692307692,68348.0,3.0857142857142854,0,Test
431,9872,20231009,74021914.0,0,0,0,0,705,578.0,2,0.8198581560283688,0.0028368794326241,200478.0,2.44290657439446,0,Test
432,9876,20231009,74021919.0,0,0,0,0,566,486.0,5,0.8586572438162544,0.0088339222614841,182532.0,2.6563786008230434,0,Control
433,9882,20231009,74021928.0,0,0,0,0,191,120.0,1,0.6282722513089005,0.0052356020942408,56957.0,3.566666666666666,0,Test
434,9909,20231009,74021975.0,0,0,0,0,254,160.0,1,0.6299212598425197,0.0039370078740157,63961.0,3.09375,0,Test
435,9912,20231009,74021978.0,0,0,0,0,118,88.0,0,0.7457627118644068,0.0,54048.0,3.738636363636364,0,Test
436,9943,20231009,74214453.0,0,0,0,0,667,348.0,2,0.5217391304347826,0.0029985007496251,141652.0,3.298850574712644,0,Control
437,9947,20231009,74215106.0,0,0,0,0,906,764.0,19,0.8432671081677704,0.020971302428256,284625.0,2.67801047120419,0,Test
438,10002,20231009,74220627.0,0,0,0,0,132,104.0,1,0.7878787878787878,0.0075757575757575,49393.0,3.750000000000001,0,Control
439,10036,20231009,74220822.0,0,0,0,0,473,295.0,4,0.6236786469344608,0.0084566596194503,124155.0,3.4135593220338984,0,Control
440,10054,20231009,74220910.0,0,0,0,0,428,195.0,3,0.455607476635514,0.0070093457943925,89544.0,2.7999999999999985,0,Control
441,10082,20231009,74221041.0,0,0,0,0,414,345.0,4,0.8333333333333334,0.0096618357487922,152734.0,2.831884057971016,0,Control
442,10153,20231009,74221472.0,0,0,0,0,155,111.0,1,0.7161290322580646,0.0064516129032258,48274.0,3.0630630630630638,0,Control
443,10177,20231009,74321666.0,0,0,0,0,773,635.0,12,0.8214747736093143,0.0155239327296248,255337.0,2.9007874015748034,0,Test
444,10179,20231009,74321670.0,0,0,0,0,1335,869.0,9,0.650936329588015,0.0067415730337078,330988.0,2.5868814729574203,0,Test
445,10200,20231009,74321719.0,0,0,0,0,340,119.0,2,0.35,0.0058823529411764,41192.0,2.529411764705882,0,Control
446,10202,20231009,74321722.0,0,0,0,0,509,371.0,3,0.7288801571709234,0.005893909626719,168306.0,2.975741239892184,0,Control
447,10265,20231009,74321861.0,0,0,0,0,158,127.0,5,0.8037974683544303,0.0316455696202531,63738.0,3.2992125984251968,0,Control
448,10269,20231009,74321865.0,0,0,0,0,294,136.0,1,0.4625850340136054,0.0034013605442176,49468.0,2.727941176470589,0,Control
449,10295,20231009,74321910.0,0,0,0,0,165,141.0,3,0.8545454545454545,0.0181818181818181,51944.0,2.723404255319149,0,Control
450,10313,20231010,74013270.0,0,0,0,0,1103,895.0,23,0.8114233907524931,0.0208522212148685,378451.0,2.9128491620111725,0,Test
451,10326,20231010,74013406.0,0,0,0,0,168,122.0,2,0.7261904761904762,0.0119047619047619,53513.0,2.9180327868852465,0,Control
452,10356,20231010,74016847.0,0,0,0,0,871,638.0,12,0.7324913892078071,0.0137772675086107,254074.0,2.5642633228840124,0,Control
453,10365,20231010,74020378.0,0,0,0,0,542,332.0,1,0.6125461254612546,0.0018450184501845,191201.0,3.572289156626505,0,Test
454,10372,20231010,74020395.0,0,0,0,0,897,682.0,8,0.7603121516164995,0.0089186176142697,275902.0,2.7624633431085077,0,Test
455,10391,20231010,74020449.0,0,0,0,0,405,286.0,3,0.7061728395061728,0.0074074074074074,119696.0,3.1888111888111874,0,Test
456,10408,20231010,74020492.0,0,0,0,0,942,759.0,16,0.8057324840764332,0.0169851380042462,351050.0,3.1752305665349123,0,Control
457,10424,20231010,74020551.0,0,0,0,0,324,237.0,7,0.7314814814814815,0.0216049382716049,102656.0,3.2995780590717314,0,Test
458,10452,20231010,74020634.0,0,0,0,0,140,113.0,1,0.8071428571428572,0.0071428571428571,59693.0,3.141592920353984,0,Test
459,10460,20231010,74020653.0,0,0,0,0,188,126.0,0,0.6702127659574468,0.0,59044.0,3.039682539682541,0,Test
460,10465,20231010,74020660.0,0,0,0,0,120,85.0,1,0.7083333333333334,0.0083333333333333,36186.0,2.9882352941176467,0,Test
461,10472,20231010,74020667.0,0,0,0,0,209,174.0,5,0.8325358851674641,0.0239234449760765,101350.0,3.574712643678161,0,Test
462,10530,20231010,74020828.0,0,0,0,0,482,403.0,8,0.8360995850622407,0.0165975103734439,175098.0,3.1786600496277915,0,Test
463,10539,20231010,74020871.0,0,0,0,0,213,159.0,1,0.7464788732394366,0.0046948356807511,68849.0,3.100628930817609,0,Test
464,10553,20231010,74020908.0,0,0,0,0,187,154.0,1,0.8235294117647058,0.0053475935828877,75207.0,3.9220779220779223,0,Control
465,10556,20231010,74020920.0,0,0,0,0,537,426.0,10,0.7932960893854749,0.0186219739292365,170486.0,2.6361502347417844,0,Control
466,10562,20231010,74020960.0,0,0,0,0,550,418.0,7,0.76,0.0127272727272727,211259.0,3.2727272727272725,0,Test
467,10563,20231010,74020961.0,0,0,0,0,195,147.0,4,0.7538461538461538,0.0205128205128205,94119.0,3.993197278911565,0,Control
468,10575,20231010,74021008.0,0,0,0,0,1026,834.0,13,0.8128654970760234,0.0126705653021442,360299.0,2.994004796163072,0,Control
469,10608,20231010,74021099.0,0,0,0,0,208,148.0,3,0.7115384615384616,0.0144230769230769,73973.0,3.4932432432432425,0,Control
470,10614,20231010,74021105.0,0,0,0,0,183,130.0,1,0.7103825136612022,0.0054644808743169,84103.0,3.830769230769231,0,Test
471,10664,20231010,74021211.0,0,0,0,0,103,77.0,0,0.7475728155339806,0.0,57832.0,5.324675324675326,0,Control
472,10702,20231010,74021302.0,0,0,0,0,259,208.0,7,0.803088803088803,0.027027027027027,93919.0,2.7019230769230784,0,Test
473,10729,20231010,74021353.0,0,0,0,0,932,761.0,12,0.8165236051502146,0.0128755364806866,310276.0,2.82785808147175,0,Control
474,10782,20231010,74021462.0,0,0,0,0,152,123.0,3,0.8092105263157895,0.0197368421052631,56242.0,3.211382113821138,0,Control
475,10792,20231010,74021481.0,0,0,0,0,342,276.0,2,0.8070175438596491,0.0058479532163742,110823.0,2.876811594202898,0,Control
476,10878,20231010,74021639.0,0,0,0,0,340,226.0,3,0.6647058823529411,0.0088235294117647,90390.0,2.97345132743363,0,Test
477,10908,20231010,74021733.0,0,0,0,0,224,173.0,1,0.7723214285714286,0.0044642857142857,117297.0,4.39884393063584,0,Control
478,10912,20231010,74021738.0,0,0,0,0,223,116.0,1,0.5201793721973094,0.0044843049327354,93116.0,4.155172413793101,0,Test
479,10967,20231010,74021823.0,0,0,0,0,116,68.0,0,0.5862068965517241,0.0,60246.0,4.044117647058823,0,Test
480,10996,20231010,74021880.0,0,0,0,0,176,123.0,3,0.6988636363636364,0.0170454545454545,88363.0,3.1951219512195115,0,Test
481,11016,20231010,74021914.0,0,0,0,0,711,618.0,8,0.869198312236287,0.0112517580872011,215854.0,2.4708737864077674,0,Test
482,11020,20231010,74021919.0,0,0,0,0,687,561.0,9,0.8165938864628821,0.0131004366812227,215051.0,2.711229946524062,0,Control
483,11026,20231010,74021928.0,0,0,0,0,192,141.0,4,0.734375,0.0208333333333333,66936.0,3.326241134751773,0,Test
484,11053,20231010,74021975.0,0,0,0,0,229,147.0,0,0.6419213973799127,0.0,61902.0,3.231292517006802,0,Test
485,11056,20231010,74021978.0,0,0,0,0,157,113.0,0,0.7197452229299363,0.0,67234.0,3.619469026548673,0,Test
486,11087,20231010,74214453.0,0,0,0,0,688,512.0,4,0.7441860465116279,0.005813953488372,253651.0,3.1289062500000018,0,Control
487,11091,20231010,74215106.0,0,0,0,0,910,748.0,15,0.8219780219780219,0.0164835164835164,275207.0,2.61096256684492,0,Test
488,11146,20231010,74220627.0,0,0,0,0,157,125.0,2,0.7961783439490446,0.0127388535031847,63799.0,3.632000000000001,0,Control
489,11180,20231010,74220822.0,0,0,0,0,511,349.0,3,0.6829745596868885,0.0058708414872798,167442.0,3.8108882521489984,0,Control
490,11198,20231010,74220910.0,0,0,0,0,408,258.0,4,0.6323529411764706,0.0098039215686274,125519.0,2.9108527131782957,0,Control
491,11226,20231010,74221041.0,0,0,0,0,432,329.0,9,0.7615740740740741,0.0208333333333333,166664.0,3.0881458966565343,0,Control
492,11297,20231010,74221472.0,0,0,0,0,217,177.0,1,0.815668202764977,0.0046082949308755,78503.0,3.2485875706214675,0,Control
493,11321,20231010,74321666.0,0,0,0,0,852,672.0,13,0.7887323943661971,0.0152582159624413,254520.0,2.901785714285714,0,Test
494,11323,20231010,74321670.0,0,0,0,0,1330,1067.0,13,0.8022556390977443,0.0097744360902255,392454.0,2.609184629803183,0,Test
495,11344,20231010,74321719.0,0,0,0,0,285,180.0,0,0.631578947368421,0.0,65699.0,2.7444444444444445,0,Control
496,11346,20231010,74321722.0,0,0,0,0,541,451.0,9,0.833641404805915,0.0166358595194085,224361.0,3.150776053215079,0,Control
497,11409,20231010,74321861.0,0,0,0,0,212,162.0,2,0.7641509433962265,0.0094339622641509,94913.0,3.641975308641976,0,Control
498,11413,20231010,74321865.0,0,0,0,0,352,255.0,6,0.7244318181818182,0.0170454545454545,121011.0,2.83921568627451,0,Control
499,11440,20231010,74321910.0,0,0,0,0,211,161.0,4,0.7630331753554502,0.0189573459715639,75522.0,3.5341614906832293,0,Control
500,11458,20231011,74013270.0,0,0,0,0,1185,908.0,23,0.7662447257383966,0.0194092827004219,381565.0,2.884361233480177,0,Test
501,11471,20231011,74013406.0,0,0,0,0,224,160.0,4,0.7142857142857143,0.0178571428571428,70048.0,2.8812500000000005,0,Control
502,11502,20231011,74016847.0,0,0,0,0,853,533.0,7,0.6248534583821805,0.0082063305978898,232649.0,2.750469043151969,0,Control
503,11511,20231011,74020378.0,0,0,0,0,672,501.0,6,0.7455357142857143,0.0089285714285714,284211.0,3.72255489021956,0,Test
504,11518,20231011,74020395.0,0,0,0,0,598,410.0,8,0.68561872909699,0.0133779264214046,172537.0,2.8902439024390225,0,Test
505,11537,20231011,74020449.0,0,0,0,0,337,158.0,2,0.4688427299703264,0.0059347181008902,65064.0,3.0886075949367098,0,Test
506,11554,20231011,74020492.0,0,0,0,0,982,817.0,12,0.8319755600814664,0.0122199592668024,367411.0,3.1272949816401474,0,Control
507,11570,20231011,74020551.0,0,0,0,0,358,247.0,1,0.6899441340782123,0.0027932960893854,106319.0,2.919028340080971,0,Test
508,11598,20231011,74020634.0,0,0,0,0,117,94.0,0,0.8034188034188035,0.0,50660.0,3.5638297872340425,0,Test
509,11605,20231011,74020653.0,0,0,0,0,199,114.0,3,0.5728643216080402,0.0150753768844221,48760.0,2.86842105263158,0,Test
510,11610,20231011,74020660.0,0,0,0,0,112,70.0,2,0.625,0.0178571428571428,30075.0,2.9857142857142858,0,Test
511,11617,20231011,74020667.0,0,0,0,0,186,141.0,3,0.7580645161290323,0.0161290322580645,78952.0,3.3687943262411366,0,Test
512,11675,20231011,74020828.0,0,0,0,0,529,440.0,5,0.831758034026465,0.0094517958412098,167775.0,2.75,0,Test
513,11684,20231011,74020871.0,0,0,0,0,214,154.0,1,0.719626168224299,0.0046728971962616,74594.0,3.571428571428572,0,Test
514,11698,20231011,74020908.0,0,0,0,0,213,163.0,1,0.7652582159624414,0.0046948356807511,81511.0,3.877300613496935,0,Control
515,11701,20231011,74020920.0,0,0,0,0,518,399.0,6,0.7702702702702703,0.0115830115830115,159658.0,2.696741854636593,0,Control
516,11707,20231011,74020960.0,0,0,0,0,575,389.0,6,0.6765217391304348,0.0104347826086956,196457.0,3.2853470437017984,0,Test
517,11708,20231011,74020961.0,0,0,0,0,205,153.0,0,0.7463414634146341,0.0,84253.0,3.4836601307189543,0,Control
518,11720,20231011,74021008.0,0,0,0,0,1340,826.0,12,0.6164179104477612,0.008955223880597,349173.0,2.9745762711864403,0,Control
519,11753,20231011,74021099.0,0,0,0,0,175,118.0,5,0.6742857142857143,0.0285714285714285,55201.0,3.449152542372881,0,Control
520,11759,20231011,74021105.0,0,0,0,0,150,103.0,1,0.6866666666666666,0.0066666666666666,69078.0,3.9805825242718456,0,Test
521,11809,20231011,74021211.0,0,0,0,0,182,126.0,0,0.6923076923076923,0.0,95121.0,5.325396825396824,0,Control
522,11848,20231011,74021302.0,0,0,0,0,302,231.0,3,0.7649006622516556,0.009933774834437,107166.0,3.212121212121213,0,Test
523,11875,20231011,74021353.0,0,0,0,0,708,540.0,4,0.7627118644067796,0.0056497175141242,241641.0,3.199999999999999,0,Control
524,11928,20231011,74021462.0,0,0,0,0,46,30.0,0,0.6521739130434783,0.0,17037.0,3.5,0,Control
525,11938,20231011,74021481.0,0,0,0,0,342,249.0,0,0.7280701754385965,0.0,101906.0,2.823293172690763,0,Control
526,12024,20231011,74021639.0,0,0,0,0,299,205.0,2,0.68561872909699,0.0066889632107023,91281.0,2.9463414634146345,0,Test
527,12054,20231011,74021733.0,0,0,0,0,295,214.0,7,0.7254237288135593,0.023728813559322,151538.0,4.504672897196262,0,Control
528,12058,20231011,74021738.0,0,0,0,0,305,177.0,0,0.580327868852459,0.0,139199.0,3.988700564971749,0,Test
529,12113,20231011,74021823.0,0,0,0,0,193,125.0,0,0.6476683937823834,0.0,100401.0,3.9360000000000017,0,Test
530,12142,20231011,74021880.0,0,0,0,0,218,102.0,2,0.4678899082568807,0.0091743119266055,70550.0,3.6176470588235294,0,Test
531,12162,20231011,74021914.0,0,0,0,0,742,617.0,5,0.8315363881401617,0.0067385444743935,218275.0,2.567260940032416,0,Test
532,12166,20231011,74021919.0,0,0,0,0,835,546.0,13,0.6538922155688622,0.0155688622754491,206478.0,2.7545787545787555,0,Control
533,12172,20231011,74021928.0,0,0,0,0,213,126.0,1,0.5915492957746479,0.0046948356807511,57110.0,3.277777777777778,0,Test
534,12199,20231011,74021975.0,0,0,0,0,269,177.0,5,0.6579925650557621,0.0185873605947955,78405.0,3.2429378531073447,0,Test
535,12202,20231011,74021978.0,0,0,0,0,160,108.0,1,0.675,0.00625,58654.0,3.4629629629629632,0,Test
536,12232,20231011,74214453.0,0,0,0,0,730,536.0,5,0.7342465753424657,0.0068493150684931,265135.0,3.223880597014926,0,Control
537,12236,20231011,74215106.0,0,0,0,0,938,762.0,8,0.8123667377398721,0.0085287846481876,290630.0,2.691601049868764,0,Test
538,12291,20231011,74220627.0,0,0,0,0,157,109.0,4,0.6942675159235668,0.0254777070063694,56602.0,3.403669724770641,0,Control
539,12325,20231011,74220822.0,0,0,0,0,516,221.0,0,0.4282945736434108,0.0,98753.0,3.819004524886876,0,Control
540,12343,20231011,74220910.0,0,0,0,0,492,170.0,3,0.3455284552845528,0.0060975609756097,73128.0,2.752941176470588,0,Control
541,12371,20231011,74221041.0,0,0,0,0,460,344.0,12,0.7478260869565218,0.0260869565217391,155878.0,2.985465116279072,0,Control
542,12442,20231011,74221472.0,0,0,0,0,222,154.0,2,0.6936936936936937,0.009009009009009,71910.0,3.2597402597402607,0,Control
543,12466,20231011,74321666.0,0,0,0,0,814,616.0,7,0.7567567567567568,0.0085995085995086,232578.0,2.7759740259740284,0,Test
544,12468,20231011,74321670.0,0,0,0,0,1340,951.0,9,0.7097014925373134,0.0067164179104477,340797.0,2.6666666666666714,0,Test
545,12489,20231011,74321719.0,0,0,0,0,252,171.0,5,0.6785714285714286,0.0198412698412698,61989.0,2.543859649122807,0,Control
546,12491,20231011,74321722.0,0,0,0,0,553,442.0,3,0.7992766726943942,0.0054249547920434,201674.0,3.0565610859728505,0,Control
547,12554,20231011,74321861.0,0,0,0,0,207,141.0,2,0.6811594202898551,0.0096618357487922,71611.0,3.3758865248226955,0,Control
548,12558,20231011,74321865.0,0,0,0,0,292,172.0,5,0.589041095890411,0.0171232876712328,89566.0,3.133720930232558,0,Control
549,12585,20231011,74321910.0,0,0,0,0,188,154.0,2,0.8191489361702128,0.0106382978723404,72411.0,3.2987012987012987,0,Control
550,12604,20231012,74013270.0,0,0,0,0,1299,942.0,18,0.7251732101616628,0.0138568129330254,400198.0,2.871549893842891,0,Test
551,12617,20231012,74013406.0,0,0,0,0,166,111.0,4,0.6686746987951807,0.0240963855421686,46080.0,2.675675675675676,0,Control
552,12647,20231012,74016847.0,0,0,0,0,1150,719.0,5,0.6252173913043478,0.0043478260869565,261072.0,2.5146036161335195,0,Control
553,12656,20231012,74020378.0,0,0,0,0,466,312.0,3,0.6695278969957081,0.0064377682403433,165550.0,3.2147435897435885,0,Test
554,12663,20231012,74020395.0,0,0,0,0,887,691.0,13,0.7790304396843292,0.0146561443066516,262528.0,2.712011577424025,0,Test
555,12698,20231012,74020492.0,0,0,0,0,931,789.0,11,0.8474758324382384,0.0118152524167561,360415.0,3.1622306717363724,0,Control
556,12714,20231012,74020551.0,0,0,0,0,360,261.0,5,0.725,0.0138888888888888,120716.0,3.3908045977011514,0,Test
557,12742,20231012,74020634.0,0,0,0,0,118,93.0,0,0.788135593220339,0.0,57389.0,3.752688172043011,0,Test
558,12750,20231012,74020653.0,0,0,0,0,218,131.0,2,0.6009174311926605,0.0091743119266055,65704.0,2.923664122137404,0,Test
559,12755,20231012,74020660.0,0,0,0,0,138,104.0,2,0.7536231884057971,0.0144927536231884,45497.0,3.192307692307692,0,Test
560,12762,20231012,74020667.0,0,0,0,0,206,165.0,0,0.8009708737864077,0.0,103663.0,3.872727272727275,0,Test
561,12820,20231012,74020828.0,0,0,0,0,526,456.0,8,0.8669201520912547,0.0152091254752851,195370.0,3.1206140350877205,0,Test
562,12829,20231012,74020871.0,0,0,0,0,203,171.0,2,0.8423645320197044,0.0098522167487684,80551.0,3.0877192982456134,0,Test
563,12843,20231012,74020908.0,0,0,0,0,190,156.0,0,0.8210526315789474,0.0,86610.0,4.192307692307689,0,Control
564,12846,20231012,74020920.0,0,0,0,0,494,372.0,9,0.7530364372469636,0.0182186234817813,140836.0,2.467741935483869,0,Control
565,12852,20231012,74020960.0,0,0,0,0,532,402.0,7,0.7556390977443609,0.0131578947368421,193986.0,3.3009950248756232,0,Test
566,12853,20231012,74020961.0,0,0,0,0,203,142.0,3,0.6995073891625616,0.0147783251231527,88790.0,4.007042253521127,0,Control
567,12865,20231012,74021008.0,0,0,0,0,1181,888.0,10,0.7519051651143099,0.008467400508044,377477.0,2.9662162162162176,0,Control
568,12898,20231012,74021099.0,0,0,0,0,129,90.0,2,0.6976744186046512,0.0155038759689922,35730.0,3.1333333333333337,0,Control
569,12904,20231012,74021105.0,0,0,0,0,164,128.0,1,0.7804878048780488,0.0060975609756097,79901.0,3.773437500000001,0,Test
570,12954,20231012,74021211.0,0,0,0,0,196,123.0,1,0.6275510204081632,0.0051020408163265,89413.0,5.747967479674797,0,Control
571,12993,20231012,74021302.0,0,0,0,0,352,275.0,3,0.78125,0.0085227272727272,134067.0,3.156363636363637,0,Test
572,13020,20231012,74021353.0,0,0,0,0,948,759.0,7,0.8006329113924051,0.0073839662447257,324700.0,2.952569169960473,0,Control
573,13073,20231012,74021462.0,0,0,0,0,43,28.0,0,0.6511627906976745,0.0,14358.0,3.607142857142857,0,Control
574,13083,20231012,74021481.0,0,0,0,0,343,240.0,2,0.6997084548104956,0.0058309037900874,100563.0,2.895833333333333,0,Control
575,13169,20231012,74021639.0,0,0,0,0,293,196.0,1,0.6689419795221843,0.0034129692832764,93801.0,3.1734693877551026,0,Test
576,13199,20231012,74021733.0,0,0,0,0,331,263.0,6,0.7945619335347432,0.0181268882175226,179692.0,4.55513307984791,0,Control
577,13203,20231012,74021738.0,0,0,0,0,267,178.0,0,0.6666666666666666,0.0,142537.0,4.123595505617977,0,Test
578,13258,20231012,74021823.0,0,0,0,0,188,127.0,1,0.675531914893617,0.0053191489361702,101733.0,4.06299212598425,0,Test
579,13287,20231012,74021880.0,0,0,0,0,190,132.0,2,0.6947368421052632,0.0105263157894736,98378.0,3.4621212121212133,0,Test
580,13307,20231012,74021914.0,0,0,0,0,721,587.0,6,0.8141470180305131,0.0083217753120665,201875.0,2.466780238500852,0,Test
581,13311,20231012,74021919.0,0,0,0,0,681,578.0,9,0.8487518355359766,0.013215859030837,229723.0,2.9325259515570923,0,Control
582,13317,20231012,74021928.0,0,0,0,0,207,131.0,2,0.6328502415458938,0.0096618357487922,57473.0,3.0534351145038183,0,Test
583,13344,20231012,74021975.0,0,0,0,0,233,153.0,1,0.6566523605150214,0.0042918454935622,58456.0,2.830065359477125,0,Test
584,13347,20231012,74021978.0,0,0,0,0,193,129.0,2,0.6683937823834197,0.0103626943005181,83623.0,3.984496124031007,0,Test
585,13377,20231012,74214453.0,0,0,0,0,689,517.0,2,0.7503628447024674,0.0029027576197387,262286.0,3.245647969052224,0,Control
586,13381,20231012,74215106.0,0,0,0,0,955,764.0,10,0.8,0.0104712041884816,291701.0,2.748691099476442,0,Test
587,13436,20231012,74220627.0,0,0,0,0,141,89.0,4,0.6312056737588653,0.0283687943262411,47991.0,3.471910112359551,0,Control
588,13470,20231012,74220822.0,0,0,0,0,599,392.0,3,0.654424040066778,0.005008347245409,196241.0,3.5000000000000013,0,Control
589,13488,20231012,74220910.0,0,0,0,0,485,285.0,5,0.5876288659793815,0.0103092783505154,155336.0,3.357894736842105,0,Control
590,13516,20231012,74221041.0,0,0,0,0,458,365.0,12,0.7969432314410481,0.0262008733624454,167329.0,2.841095890410959,0,Control
591,13587,20231012,74221472.0,0,0,0,0,192,145.0,0,0.7552083333333334,0.0,63764.0,3.0482758620689663,0,Control
592,13611,20231012,74321666.0,0,0,0,0,752,600.0,12,0.7978723404255319,0.0159574468085106,227792.0,2.741666666666666,0,Test
593,13613,20231012,74321670.0,0,0,0,0,1146,951.0,18,0.8298429319371727,0.0157068062827225,374151.0,2.8496319663512164,0,Test
594,13634,20231012,74321719.0,0,0,0,0,223,155.0,4,0.695067264573991,0.0179372197309417,67858.0,2.9161290322580653,0,Control
595,13636,20231012,74321722.0,0,0,0,0,451,383.0,5,0.8492239467849224,0.0110864745011086,172445.0,3.214099216710184,0,Control
596,13699,20231012,74321861.0,0,0,0,0,190,154.0,1,0.8105263157894737,0.0052631578947368,81292.0,3.62987012987013,0,Control
597,13703,20231012,74321865.0,0,0,0,0,309,208.0,4,0.6731391585760518,0.0129449838187702,106150.0,3.0528846153846145,0,Control
598,13730,20231012,74321910.0,0,0,0,0,189,160.0,1,0.8465608465608465,0.0052910052910052,69025.0,2.899999999999999,0,Control
599,13748,20231013,74013270.0,0,0,0,0,1316,1048.0,25,0.7963525835866262,0.0189969604863221,465990.0,2.919847328244276,0,Test
600,13761,20231013,74013406.0,0,0,0,0,238,152.0,3,0.6386554621848739,0.0126050420168067,66493.0,2.967105263157896,0,Control
601,13791,20231013,74016847.0,0,0,0,0,1285,729.0,15,0.5673151750972762,0.0116731517509727,290734.0,2.703703703703704,0,Control
602,13800,20231013,74020378.0,0,0,0,0,610,415.0,3,0.680327868852459,0.0049180327868852,223932.0,3.409638554216866,0,Test
603,13807,20231013,74020395.0,0,0,0,0,920,678.0,14,0.7369565217391304,0.0152173913043478,281511.0,2.753687315634219,0,Test
604,13842,20231013,74020492.0,0,0,0,0,1086,897.0,13,0.8259668508287292,0.0119705340699815,398581.0,3.0412486064659987,0,Control
605,13858,20231013,74020551.0,0,0,0,0,448,331.0,6,0.7388392857142857,0.0133928571428571,157292.0,3.429003021148035,0,Test
606,13886,20231013,74020634.0,0,0,0,0,187,160.0,0,0.8556149732620321,0.0,79125.0,3.0625000000000004,0,Test
607,13894,20231013,74020653.0,0,0,0,0,272,156.0,1,0.5735294117647058,0.0036764705882352,80875.0,2.826923076923077,0,Test
608,13899,20231013,74020660.0,0,0,0,0,148,114.0,0,0.7702702702702703,0.0,48389.0,2.8596491228070176,0,Test
609,13906,20231013,74020667.0,0,0,0,0,260,232.0,2,0.8923076923076924,0.0076923076923076,165790.0,3.857758620689654,0,Test
610,13963,20231013,74020828.0,0,0,0,0,514,441.0,8,0.857976653696498,0.0155642023346303,192749.0,3.0929705215419507,0,Test
611,13972,20231013,74020871.0,0,0,0,0,248,204.0,5,0.8225806451612904,0.0201612903225806,97903.0,3.313725490196078,0,Test
612,13986,20231013,74020908.0,0,0,0,0,246,200.0,2,0.8130081300813008,0.008130081300813,115764.0,4.640000000000002,0,Control
613,13989,20231013,74020920.0,0,0,0,0,710,532.0,7,0.7492957746478873,0.0098591549295774,244281.0,2.9962406015037626,0,Control
614,13995,20231013,74020960.0,0,0,0,0,624,415.0,11,0.6650641025641025,0.0176282051282051,196866.0,3.530120481927713,0,Test
615,13996,20231013,74020961.0,0,0,0,0,287,207.0,1,0.7212543554006968,0.0034843205574912,136072.0,4.26570048309179,0,Control
616,14008,20231013,74021008.0,0,0,0,0,1184,998.0,19,0.8429054054054054,0.0160472972972972,429313.0,3.099198396793589,0,Control
617,14041,20231013,74021099.0,0,0,0,0,230,171.0,3,0.7434782608695653,0.0130434782608695,77551.0,3.385964912280699,0,Control
618,14047,20231013,74021105.0,0,0,0,0,226,147.0,4,0.6504424778761062,0.0176991150442477,102958.0,4.0272108843537415,0,Test
619,14097,20231013,74021211.0,0,0,0,0,226,161.0,0,0.7123893805309734,0.0,119967.0,5.559006211180124,0,Control
620,14136,20231013,74021302.0,0,0,0,0,284,234.0,3,0.823943661971831,0.0105633802816901,102181.0,2.995726495726495,0,Test
621,14163,20231013,74021353.0,0,0,0,0,1064,865.0,6,0.8129699248120301,0.0056390977443609,371147.0,2.99075144508671,0,Control
622,14216,20231013,74021462.0,0,0,0,0,193,153.0,3,0.7927461139896373,0.0155440414507772,81610.0,3.359477124183007,0,Control
623,14226,20231013,74021481.0,0,0,0,0,376,307.0,1,0.8164893617021277,0.0026595744680851,116212.0,2.8110749185667765,0,Control
624,14312,20231013,74021639.0,0,0,0,0,437,305.0,4,0.6979405034324943,0.0091533180778032,165474.0,3.37377049180328,0,Test
625,14342,20231013,74021733.0,0,0,0,0,401,307.0,8,0.7655860349127181,0.0199501246882793,227082.0,4.5667752442996745,0,Control
626,14346,20231013,74021738.0,0,0,0,0,323,229.0,2,0.7089783281733746,0.0061919504643962,182152.0,4.16157205240175,0,Test
627,14401,20231013,74021823.0,0,0,0,0,229,155.0,1,0.6768558951965066,0.0043668122270742,128231.0,3.974193548387096,0,Test
628,14430,20231013,74021880.0,0,0,0,0,261,161.0,0,0.6168582375478927,0.0,124231.0,3.341614906832299,0,Test
629,14450,20231013,74021914.0,0,0,0,0,780,671.0,14,0.8602564102564103,0.0179487179487179,252193.0,2.6467958271236944,0,Test
630,14454,20231013,74021919.0,0,0,0,0,779,670.0,13,0.8600770218228498,0.0166880616174582,274144.0,2.955223880597014,0,Control
631,14460,20231013,74021928.0,0,0,0,0,238,155.0,3,0.6512605042016807,0.0126050420168067,85510.0,3.8451612903225776,0,Test
632,14487,20231013,74021975.0,0,0,0,0,326,227.0,2,0.696319018404908,0.0061349693251533,102248.0,3.286343612334803,0,Test
633,14490,20231013,74021978.0,0,0,0,0,253,185.0,1,0.7312252964426877,0.0039525691699604,116086.0,3.7513513513513503,0,Test
634,14520,20231013,74214453.0,0,0,0,0,934,757.0,7,0.8104925053533191,0.0074946466809421,424775.0,3.568031704095113,0,Control
635,14524,20231013,74215106.0,0,0,0,0,1047,893.0,11,0.8529130850047756,0.0105062082139446,354677.0,2.844344904815231,0,Test
636,14579,20231013,74220627.0,0,0,0,0,185,140.0,4,0.7567567567567568,0.0216216216216216,77504.0,3.8642857142857143,0,Control
637,14613,20231013,74220822.0,0,0,0,0,647,349.0,2,0.5394126738794436,0.0030911901081916,185938.0,3.616045845272206,0,Control
638,14631,20231013,74220910.0,0,0,0,0,782,291.0,4,0.3721227621483376,0.0051150895140664,147068.0,3.178694158075599,0,Control
639,14659,20231013,74221041.0,0,0,0,0,566,478.0,8,0.8445229681978799,0.0141342756183745,243931.0,3.133891213389121,0,Control
640,14730,20231013,74221472.0,0,0,0,0,238,179.0,0,0.7521008403361344,0.0,86667.0,3.318435754189944,0,Control
641,14754,20231013,74321666.0,0,0,0,0,846,703.0,11,0.8309692671394799,0.0130023640661938,272244.0,2.7425320056899025,0,Test
642,14756,20231013,74321670.0,0,0,0,0,1422,1095.0,15,0.770042194092827,0.010548523206751,422201.0,2.838356164383561,0,Test
643,14777,20231013,74321719.0,0,0,0,0,292,214.0,0,0.7328767123287672,0.0,89454.0,3.0373831775700944,0,Control
644,14779,20231013,74321722.0,0,0,0,0,563,461.0,6,0.8188277087033747,0.0106571936056838,219520.0,3.108459869848156,0,Control
645,14841,20231013,74321861.0,0,0,0,0,269,163.0,3,0.6059479553903345,0.0111524163568773,83079.0,3.730061349693254,0,Control
646,14845,20231013,74321865.0,0,0,0,0,339,232.0,2,0.6843657817109144,0.0058997050147492,122010.0,3.2758620689655187,0,Control
647,14872,20231013,74321910.0,0,0,0,0,298,256.0,2,0.8590604026845637,0.0067114093959731,106689.0,2.9648437500000013,0,Control
648,14890,20231014,74013270.0,0,0,0,0,1082,802.0,17,0.7412199630314233,0.0157116451016635,382723.0,3.123441396508728,0,Test
649,14903,20231014,74013406.0,0,0,0,0,326,252.0,6,0.7730061349693251,0.0184049079754601,127976.0,3.428571428571429,0,Control
650,14934,20231014,74016847.0,0,0,0,0,953,660.0,9,0.6925498426023085,0.0094438614900314,290440.0,2.865151515151513,0,Control
651,14943,20231014,74020378.0,0,0,0,0,933,640.0,10,0.6859592711682744,0.0107181136120042,357375.0,3.685937499999995,0,Test
652,14950,20231014,74020395.0,0,0,0,0,716,556.0,12,0.776536312849162,0.0167597765363128,244790.0,3.0881294964028765,0,Test
653,14985,20231014,74020492.0,0,0,0,0,1319,1149.0,9,0.8711144806671721,0.0068233510235026,603735.0,3.676240208877285,0,Control
654,15001,20231014,74020551.0,0,0,0,0,565,422.0,6,0.7469026548672566,0.0106194690265486,218786.0,3.718009478672986,0,Test
655,15029,20231014,74020634.0,0,0,0,0,260,238.0,0,0.9153846153846154,0.0,146740.0,3.928571428571432,0,Test
656,15037,20231014,74020653.0,0,0,0,0,356,226.0,5,0.6348314606741573,0.0140449438202247,128970.0,3.323008849557523,0,Test
657,15042,20231014,74020660.0,0,0,0,0,195,142.0,1,0.7282051282051282,0.0051282051282051,64759.0,3.267605633802817,0,Test
658,15048,20231014,74020667.0,0,0,0,0,337,283.0,4,0.8397626112759644,0.0118694362017804,203923.0,4.406360424028271,0,Test
659,15106,20231014,74020828.0,0,0,0,0,415,224.0,2,0.5397590361445783,0.0048192771084337,107448.0,3.343749999999999,0,Test
660,15115,20231014,74020871.0,0,0,0,0,191,146.0,4,0.7643979057591623,0.0209424083769633,71086.0,3.1438356164383565,0,Test
661,15129,20231014,74020908.0,0,0,0,0,221,178.0,2,0.8054298642533937,0.0090497737556561,100074.0,4.57303370786517,0,Control
662,15132,20231014,74020920.0,0,0,0,0,603,427.0,6,0.7081260364842454,0.0099502487562189,207437.0,3.1264637002341926,0,Control
663,15138,20231014,74020960.0,0,0,0,0,740,504.0,5,0.6810810810810811,0.0067567567567567,273274.0,3.922619047619053,0,Test
664,15139,20231014,74020961.0,0,0,0,0,389,295.0,2,0.7583547557840618,0.0051413881748071,210458.0,4.694915254237288,0,Control
665,15151,20231014,74021008.0,0,0,0,0,1083,936.0,15,0.8642659279778393,0.0138504155124653,413338.0,3.087606837606837,0,Control
666,15184,20231014,74021099.0,0,0,0,0,318,263.0,3,0.8270440251572327,0.0094339622641509,161662.0,4.361216730038024,0,Control
667,15190,20231014,74021105.0,0,0,0,0,254,174.0,0,0.6850393700787402,0.0,114220.0,4.0919540229885065,0,Test
668,15240,20231014,74021211.0,0,0,0,0,107,82.0,0,0.7663551401869159,0.0,59928.0,5.158536585365855,0,Control
669,15279,20231014,74021302.0,0,0,0,0,471,369.0,3,0.7834394904458599,0.0063694267515923,183798.0,3.699186991869917,0,Test
670,15306,20231014,74021353.0,0,0,0,0,896,680.0,10,0.7589285714285714,0.0111607142857142,321621.0,3.295588235294117,0,Control
671,15359,20231014,74021462.0,0,0,0,0,214,133.0,5,0.6214953271028038,0.0233644859813084,71732.0,3.932330827067669,0,Control
672,15369,20231014,74021481.0,0,0,0,0,432,370.0,2,0.8564814814814815,0.0046296296296296,167669.0,3.235135135135136,0,Control
673,15455,20231014,74021639.0,0,0,0,0,563,419.0,2,0.7442273534635879,0.0035523978685612,197054.0,3.4558472553699278,0,Test
674,15485,20231014,74021733.0,0,0,0,0,586,511.0,4,0.8720136518771331,0.0068259385665529,412582.0,5.18590998043053,0,Control
675,15489,20231014,74021738.0,0,0,0,0,428,294.0,2,0.6869158878504673,0.0046728971962616,220526.0,3.95578231292517,0,Test
676,15544,20231014,74021823.0,0,0,0,0,236,139.0,0,0.5889830508474576,0.0,119313.0,4.26618705035971,0,Test
677,15573,20231014,74021880.0,0,0,0,0,364,255.0,3,0.7005494505494505,0.0082417582417582,203954.0,3.847058823529413,0,Test
678,15593,20231014,74021914.0,0,0,0,0,410,332.0,4,0.8097560975609757,0.0097560975609756,138723.0,2.957831325301205,0,Test
679,15597,20231014,74021919.0,0,0,0,0,606,483.0,8,0.7970297029702971,0.0132013201320132,205926.0,3.082815734989649,0,Control
680,15603,20231014,74021928.0,0,0,0,0,460,374.0,1,0.8130434782608695,0.0021739130434782,209406.0,4.125668449197861,0,Test
681,15630,20231014,74021975.0,0,0,0,0,356,246.0,0,0.6910112359550562,0.0,111003.0,3.5081300813008136,0,Test
682,15633,20231014,74021978.0,0,0,0,0,367,259.0,1,0.7057220708446866,0.0027247956403269,152887.0,3.7335907335907343,0,Test
683,15663,20231014,74214453.0,0,0,0,0,1037,774.0,7,0.7463837994214079,0.0067502410800385,452789.0,3.620155038759688,0,Control
684,15667,20231014,74215106.0,0,0,0,0,803,640.0,9,0.797011207970112,0.0112079701120797,266351.0,2.91875,0,Test
685,15722,20231014,74220627.0,0,0,0,0,182,139.0,3,0.7637362637362637,0.0164835164835164,105226.0,4.705035971223023,0,Control
686,15756,20231014,74220822.0,0,0,0,0,754,524.0,2,0.6949602122015915,0.0026525198938992,301106.0,4.179389312977103,0,Control
687,15774,20231014,74220910.0,0,0,0,0,486,296.0,2,0.6090534979423868,0.0041152263374485,193558.0,3.7432432432432425,0,Control
688,15802,20231014,74221041.0,0,0,0,0,554,477.0,5,0.8610108303249098,0.0090252707581227,275182.0,3.7777777777777817,0,Control
689,15873,20231014,74221472.0,0,0,0,0,215,168.0,6,0.7813953488372093,0.027906976744186,90938.0,3.55952380952381,0,Control
690,15897,20231014,74321666.0,0,0,0,0,911,716.0,9,0.7859495060373216,0.0098792535675082,302933.0,3.20530726256983,0,Test
691,15899,20231014,74321670.0,0,0,0,0,1073,794.0,9,0.7399813606710158,0.0083876980428704,334888.0,2.9458438287153683,0,Test
692,15920,20231014,74321719.0,0,0,0,0,285,211.0,0,0.7403508771929824,0.0,86311.0,2.924170616113744,0,Control
693,15922,20231014,74321722.0,0,0,0,0,550,425.0,8,0.7727272727272727,0.0145454545454545,240090.0,3.548235294117647,0,Control
694,15984,20231014,74321861.0,0,0,0,0,236,163.0,3,0.690677966101695,0.0127118644067796,102119.0,3.748466257668712,0,Control
695,15988,20231014,74321865.0,0,0,0,0,418,261.0,1,0.6244019138755981,0.0023923444976076,147747.0,3.605363984674329,0,Control
696,16015,20231014,74321910.0,0,0,0,0,129,91.0,1,0.7054263565891473,0.0077519379844961,48021.0,3.615384615384616,0,Control
697,16033,20231015,74013270.0,0,0,0,0,849,663.0,12,0.7809187279151943,0.0141342756183745,345993.0,3.479638009049774,0,Test
698,16046,20231015,74013406.0,0,0,0,0,317,238.0,6,0.750788643533123,0.0189274447949526,114939.0,3.3613445378151248,0,Control
699,16076,20231015,74016847.0,0,0,0,0,800,566.0,10,0.7075,0.0125,256166.0,2.893992932862191,0,Control
700,16085,20231015,74020378.0,0,0,0,0,778,515.0,4,0.6619537275064268,0.0051413881748071,297126.0,3.6427184466019424,0,Test
701,16092,20231015,74020395.0,0,0,0,0,540,347.0,4,0.6425925925925926,0.0074074074074074,150688.0,2.971181556195966,0,Test
702,16127,20231015,74020492.0,0,0,0,0,1230,1054.0,7,0.8569105691056911,0.0056910569105691,579182.0,3.730550284629983,0,Control
703,16143,20231015,74020551.0,0,0,0,0,467,326.0,5,0.6980728051391863,0.0107066381156316,184124.0,4.085889570552145,0,Test
704,16171,20231015,74020634.0,0,0,0,0,242,225.0,0,0.9297520661157024,0.0,138360.0,3.7422222222222223,0,Test
705,16179,20231015,74020653.0,0,0,0,0,218,117.0,2,0.536697247706422,0.0091743119266055,67569.0,3.555555555555555,0,Test
706,16184,20231015,74020660.0,0,0,0,0,156,121.0,5,0.7756410256410257,0.032051282051282,64937.0,3.826446280991736,0,Test
707,16191,20231015,74020667.0,0,0,0,0,300,240.0,2,0.8,0.0066666666666666,173923.0,4.5041666666666655,0,Test
708,16249,20231015,74020828.0,0,0,0,0,275,235.0,2,0.8545454545454545,0.0072727272727272,122583.0,3.5829787234042536,0,Test
709,16258,20231015,74020871.0,0,0,0,0,187,135.0,1,0.7219251336898396,0.0053475935828877,64192.0,3.096296296296298,0,Test
710,16272,20231015,74020908.0,0,0,0,0,216,183.0,2,0.8472222222222222,0.0092592592592592,96748.0,4.07650273224044,0,Control
711,16275,20231015,74020920.0,0,0,0,0,517,382.0,4,0.7388781431334622,0.0077369439071566,166918.0,2.824607329842932,0,Control
712,16281,20231015,74020960.0,0,0,0,0,702,476.0,11,0.6780626780626781,0.0156695156695156,232239.0,3.8130252100840334,0,Test
713,16282,20231015,74020961.0,0,0,0,0,489,314.0,0,0.6421267893660532,0.0,231843.0,5.264331210191084,0,Control
714,16294,20231015,74021008.0,0,0,0,0,948,816.0,8,0.8607594936708861,0.0084388185654008,370002.0,3.1629901960784306,0,Control
715,16327,20231015,74021099.0,0,0,0,0,286,236.0,1,0.8251748251748252,0.0034965034965034,133670.0,4.029661016949151,0,Control
716,16333,20231015,74021105.0,0,0,0,0,215,160.0,0,0.7441860465116279,0.0,101080.0,4.093749999999998,0,Test
717,16382,20231015,74021211.0,0,0,0,0,111,90.0,0,0.8108108108108109,0.0,78628.0,6.6000000000000005,0,Control
718,16421,20231015,74021302.0,0,0,0,0,344,253.0,1,0.7354651162790697,0.002906976744186,120134.0,3.549407114624507,0,Test
719,16448,20231015,74021353.0,0,0,0,0,668,523.0,12,0.7829341317365269,0.0179640718562874,245764.0,3.11089866156788,0,Control
720,16501,20231015,74021462.0,0,0,0,0,166,123.0,2,0.7409638554216867,0.0120481927710843,63824.0,3.601626016260162,0,Control
721,16511,20231015,74021481.0,0,0,0,0,416,338.0,0,0.8125,0.0,161119.0,3.2988165680473363,0,Control
722,16597,20231015,74021639.0,0,0,0,0,456,285.0,8,0.625,0.0175438596491228,135733.0,3.631578947368421,0,Test
723,16627,20231015,74021733.0,0,0,0,0,619,529.0,18,0.8546042003231018,0.0290791599353796,413775.0,5.000000000000004,0,Control
724,16631,20231015,74021738.0,0,0,0,0,441,312.0,2,0.7074829931972789,0.0045351473922902,242162.0,4.131410256410255,0,Test
725,16686,20231015,74021823.0,0,0,0,0,308,209.0,3,0.6785714285714286,0.0097402597402597,181189.0,4.033492822966507,0,Test
726,16715,20231015,74021880.0,0,0,0,0,277,165.0,2,0.5956678700361011,0.0072202166064981,129840.0,3.9454545454545458,0,Test
727,16735,20231015,74021914.0,0,0,0,0,388,320.0,1,0.8247422680412371,0.0025773195876288,124269.0,2.70625,0,Test
728,16739,20231015,74021919.0,0,0,0,0,457,346.0,9,0.7571115973741794,0.0196936542669584,160477.0,3.355491329479769,0,Control
729,16745,20231015,74021928.0,0,0,0,0,371,242.0,0,0.6522911051212938,0.0,123037.0,3.793388429752068,0,Test
730,16772,20231015,74021975.0,0,0,0,0,304,222.0,5,0.7302631578947368,0.0164473684210526,105721.0,3.5,0,Test
731,16775,20231015,74021978.0,0,0,0,0,337,241.0,3,0.7151335311572701,0.0089020771513353,132990.0,3.560165975103737,0,Test
732,16805,20231015,74214453.0,0,0,0,0,761,609.0,7,0.8002628120893561,0.0091984231274638,378650.0,3.822660098522167,0,Control
733,16809,20231015,74215106.0,0,0,0,0,639,544.0,6,0.8513302034428795,0.0093896713615023,235889.0,3.1250000000000013,0,Test
734,16864,20231015,74220627.0,0,0,0,0,181,125.0,3,0.6906077348066298,0.0165745856353591,88985.0,4.552000000000001,0,Control
735,16898,20231015,74220822.0,0,0,0,0,745,378.0,0,0.5073825503355704,0.0,160487.0,3.880952380952381,0,Control
736,16916,20231015,74220910.0,0,0,0,0,633,233.0,2,0.3680884676145339,0.0031595576619273,131377.0,3.845493562231761,0,Control
737,16944,20231015,74221041.0,0,0,0,0,550,448.0,5,0.8145454545454546,0.009090909090909,234645.0,3.4285714285714266,0,Control
738,17015,20231015,74221472.0,0,0,0,0,233,186.0,0,0.7982832618025751,0.0,97527.0,3.801075268817204,0,Control
739,17039,20231015,74321666.0,0,0,0,0,900,735.0,5,0.8166666666666667,0.0055555555555555,334554.0,3.2639455782312923,0,Test
740,17041,20231015,74321670.0,0,0,0,0,717,463.0,11,0.6457461645746164,0.0153417015341701,193643.0,3.0,0,Test
741,17062,20231015,74321719.0,0,0,0,0,309,224.0,6,0.7249190938511327,0.0194174757281553,100268.0,3.348214285714286,0,Control
742,17064,20231015,74321722.0,0,0,0,0,430,354.0,6,0.8232558139534883,0.013953488372093,202878.0,3.706214689265536,0,Control
743,17127,20231015,74321861.0,0,0,0,0,260,142.0,2,0.5461538461538461,0.0076923076923076,76054.0,3.767605633802816,0,Control
744,17131,20231015,74321865.0,0,0,0,0,326,227.0,6,0.696319018404908,0.0184049079754601,138078.0,3.458149779735682,0,Control
745,17157,20231015,74321910.0,0,0,0,0,303,202.0,2,0.6666666666666666,0.0066006600660066,103618.0,3.4059405940594063,0,Control
746,17175,20231016,74013270.0,0,0,0,0,1028,815.0,12,0.7928015564202334,0.0116731517509727,325404.0,2.8233128834355825,0,Test
747,17188,20231016,74013406.0,0,0,0,0,144,96.0,2,0.6666666666666666,0.0138888888888888,42124.0,2.833333333333334,0,Control
748,17218,20231016,74016847.0,0,0,0,0,704,517.0,8,0.734375,0.0113636363636363,197136.0,2.5531914893617027,0,Control
749,17227,20231016,74020378.0,0,0,0,0,433,281.0,6,0.648960739030023,0.0138568129330254,148089.0,3.434163701067616,0,Test
750,17234,20231016,74020395.0,0,0,0,0,824,642.0,7,0.779126213592233,0.0084951456310679,240263.0,2.707165109034265,0,Test
751,17269,20231016,74020492.0,0,0,0,0,761,586.0,10,0.7700394218134035,0.0131406044678055,258812.0,3.1023890784982937,0,Control
752,17285,20231016,74020551.0,0,0,0,0,358,254.0,4,0.7094972067039106,0.0111731843575419,136920.0,3.598425196850393,0,Test
753,17313,20231016,74020634.0,0,0,0,0,144,112.0,1,0.7777777777777778,0.0069444444444444,61121.0,3.3125000000000004,0,Test
754,17320,20231016,74020653.0,0,0,0,0,240,98.0,1,0.4083333333333333,0.0041666666666666,45182.0,2.744897959183674,0,Test
755,17325,20231016,74020660.0,0,0,0,0,110,76.0,3,0.6909090909090909,0.0272727272727272,31496.0,3.0,0,Test
756,17332,20231016,74020667.0,0,0,0,0,163,125.0,3,0.7668711656441718,0.0184049079754601,70470.0,3.5840000000000005,0,Test
757,17390,20231016,74020828.0,0,0,0,0,454,369.0,9,0.8127753303964758,0.0198237885462555,161050.0,3.067750677506774,0,Test
758,17399,20231016,74020871.0,0,0,0,0,190,141.0,4,0.7421052631578947,0.0210526315789473,61638.0,2.794326241134753,0,Test
759,17413,20231016,74020908.0,0,0,0,0,166,141.0,3,0.8493975903614458,0.0180722891566265,70719.0,3.843971631205674,0,Control
760,17416,20231016,74020920.0,0,0,0,0,505,394.0,8,0.7801980198019802,0.0158415841584158,161256.0,2.8172588832487326,0,Control
761,17422,20231016,74020960.0,0,0,0,0,487,286.0,7,0.5872689938398358,0.0143737166324435,121387.0,3.398601398601397,0,Test
762,17423,20231016,74020961.0,0,0,0,0,211,111.0,1,0.5260663507109005,0.0047393364928909,64312.0,4.126126126126127,0,Control
763,17435,20231016,74021008.0,0,0,0,0,880,733.0,9,0.8329545454545455,0.0102272727272727,280921.0,2.7407912687585254,0,Control
764,17468,20231016,74021099.0,0,0,0,0,133,99.0,2,0.7443609022556391,0.0150375939849624,52246.0,3.828282828282829,0,Control
765,17474,20231016,74021105.0,0,0,0,0,111,85.0,1,0.7657657657657657,0.009009009009009,56295.0,4.164705882352941,0,Test
766,17525,20231016,74021211.0,0,0,0,0,241,149.0,2,0.6182572614107884,0.0082987551867219,101999.0,5.060402684563762,0,Control
767,17564,20231016,74021302.0,0,0,0,0,315,239.0,7,0.7587301587301587,0.0222222222222222,102689.0,3.025104602510463,0,Test
768,17591,20231016,74021353.0,0,0,0,0,869,665.0,9,0.7652474108170311,0.0103567318757192,277610.0,2.878195488721807,0,Control
769,17644,20231016,74021462.0,0,0,0,0,120,89.0,2,0.7416666666666667,0.0166666666666666,50879.0,3.831460674157304,0,Control
770,17654,20231016,74021481.0,0,0,0,0,351,279.0,1,0.7948717948717948,0.0028490028490028,111177.0,2.946236559139786,0,Control
771,17740,20231016,74021639.0,0,0,0,0,343,238.0,3,0.6938775510204082,0.0087463556851311,108201.0,3.1806722689075637,0,Test
772,17770,20231016,74021733.0,0,0,0,0,325,238.0,8,0.7323076923076923,0.0246153846153846,162743.0,4.273109243697476,0,Control
773,17774,20231016,74021738.0,0,0,0,0,235,162.0,1,0.6893617021276596,0.0042553191489361,128820.0,4.2407407407407405,0,Test
774,17829,20231016,74021823.0,0,0,0,0,233,160.0,2,0.6866952789699571,0.0085836909871244,132678.0,3.850000000000002,0,Test
775,17858,20231016,74021880.0,0,0,0,0,139,89.0,1,0.6402877697841727,0.0071942446043165,57964.0,3.0112359550561805,0,Test
776,17878,20231016,74021914.0,0,0,0,0,675,590.0,4,0.8740740740740741,0.0059259259259259,207315.0,2.484745762711866,0,Test
777,17882,20231016,74021919.0,0,0,0,0,551,468.0,13,0.8493647912885662,0.0235934664246823,192344.0,2.903846153846154,0,Control
778,17888,20231016,74021928.0,0,0,0,0,152,93.0,1,0.6118421052631579,0.006578947368421,50851.0,3.688172043010754,0,Test
779,17915,20231016,74021975.0,0,0,0,0,254,183.0,2,0.7204724409448819,0.0078740157480314,71673.0,3.169398907103824,0,Test
780,17918,20231016,74021978.0,0,0,0,0,178,122.0,0,0.6853932584269663,0.0,58370.0,3.442622950819674,0,Test
781,17948,20231016,74214453.0,0,0,0,0,664,488.0,3,0.7349397590361446,0.0045180722891566,254171.0,3.247950819672133,0,Control
782,17952,20231016,74215106.0,0,0,0,0,863,730.0,12,0.8458864426419467,0.0139049826187717,273573.0,2.678082191780823,0,Test
783,18007,20231016,74220627.0,0,0,0,0,107,83.0,2,0.7757009345794392,0.0186915887850467,40670.0,3.337349397590361,0,Control
784,18041,20231016,74220822.0,0,0,0,0,594,234.0,0,0.3939393939393939,0.0,105863.0,3.5598290598290605,0,Control
785,18059,20231016,74220910.0,0,0,0,0,396,227.0,6,0.5732323232323232,0.0151515151515151,101694.0,2.744493392070485,0,Control
786,18087,20231016,74221041.0,0,0,0,0,450,369.0,5,0.82,0.0111111111111111,170765.0,3.029810298102982,0,Control
787,18158,20231016,74221472.0,0,0,0,0,147,117.0,2,0.7959183673469388,0.0136054421768707,55586.0,3.17948717948718,0,Control
788,18182,20231016,74321666.0,0,0,0,0,797,551.0,8,0.6913425345043914,0.0100376411543287,211673.0,2.6733212341197827,0,Test
789,18184,20231016,74321670.0,0,0,0,0,996,769.0,13,0.7720883534136547,0.0130522088353413,295520.0,2.730819245773734,0,Test
790,18205,20231016,74321719.0,0,0,0,0,171,123.0,2,0.7192982456140351,0.0116959064327485,42148.0,2.512195121951221,0,Control
791,18207,20231016,74321722.0,0,0,0,0,392,278.0,3,0.7091836734693877,0.0076530612244897,138503.0,3.2230215827338125,0,Control
792,18270,20231016,74321861.0,0,0,0,0,192,72.0,2,0.375,0.0104166666666666,35043.0,3.694444444444444,0,Control
793,18274,20231016,74321865.0,0,0,0,0,251,165.0,3,0.6573705179282868,0.0119521912350597,76860.0,3.006060606060606,0,Control
794,18300,20231016,74321910.0,0,0,0,0,197,157.0,1,0.7969543147208121,0.0050761421319796,69124.0,2.898089171974522,0,Control
795,18318,20231017,74013270.0,0,0,0,0,1089,885.0,29,0.8126721763085399,0.0266299357208448,365291.0,2.811299435028246,0,Test
796,18331,20231017,74013406.0,0,0,0,0,86,61.0,0,0.7093023255813954,0.0,23991.0,2.688524590163934,0,Control
797,18362,20231017,74016847.0,0,0,0,0,872,623.0,12,0.7144495412844036,0.0137614678899082,236621.0,2.5457463884430145,0,Control
798,18371,20231017,74020378.0,0,0,0,0,445,282.0,4,0.6337078651685393,0.0089887640449438,140714.0,3.1276595744680864,0,Test
799,18378,20231017,74020395.0,0,0,0,0,838,635.0,11,0.7577565632458234,0.013126491646778,231466.0,2.730708661417322,0,Test
800,18413,20231017,74020492.0,0,0,0,0,817,636.0,7,0.7784577723378213,0.0085679314565483,282022.0,2.951257861635225,0,Control
801,18429,20231017,74020551.0,0,0,0,0,366,274.0,5,0.7486338797814208,0.0136612021857923,115787.0,3.0985401459854,0,Test
802,18457,20231017,74020634.0,0,0,0,0,106,82.0,1,0.7735849056603774,0.0094339622641509,38708.0,3.097560975609756,0,Test
803,18464,20231017,74020653.0,0,0,0,0,179,97.0,1,0.5418994413407822,0.0055865921787709,39102.0,2.505154639175258,0,Test
804,18469,20231017,74020660.0,0,0,0,0,123,96.0,3,0.7804878048780488,0.024390243902439,42164.0,2.729166666666668,0,Test
805,18476,20231017,74020667.0,0,0,0,0,206,176.0,1,0.8543689320388349,0.0048543689320388,107961.0,3.670454545454545,0,Test
806,18534,20231017,74020828.0,0,0,0,0,506,437.0,8,0.8636363636363636,0.0158102766798418,175951.0,2.88787185354691,0,Test
807,18543,20231017,74020871.0,0,0,0,0,169,136.0,5,0.8047337278106509,0.029585798816568,64261.0,3.1544117647058822,0,Test
808,18557,20231017,74020908.0,0,0,0,0,150,117.0,0,0.78,0.0,57307.0,3.957264957264957,0,Control
809,18560,20231017,74020920.0,0,0,0,0,506,396.0,4,0.782608695652174,0.0079051383399209,148581.0,2.6035353535353543,0,Control
810,18566,20231017,74020960.0,0,0,0,0,506,329.0,6,0.650197628458498,0.0118577075098814,138029.0,3.3708206686930096,0,Test
811,18567,20231017,74020961.0,0,0,0,0,205,135.0,2,0.6585365853658537,0.0097560975609756,66633.0,3.711111111111111,0,Control
812,18579,20231017,74021008.0,0,0,0,0,909,729.0,8,0.801980198019802,0.0088008800880088,295211.0,2.7668038408779174,0,Control
813,18612,20231017,74021099.0,0,0,0,0,165,125.0,5,0.7575757575757576,0.0303030303030303,56807.0,3.224,0,Control
814,18618,20231017,74021105.0,0,0,0,0,142,119.0,0,0.8380281690140845,0.0,63259.0,3.4537815126050417,0,Test
815,18669,20231017,74021211.0,0,0,0,0,235,154.0,0,0.6553191489361702,0.0,122280.0,5.993506493506496,0,Control
816,18708,20231017,74021302.0,0,0,0,0,198,161.0,1,0.8131313131313131,0.005050505050505,73577.0,2.8509316770186333,0,Test
817,18735,20231017,74021353.0,0,0,0,0,887,718.0,6,0.8094701240135288,0.0067643742953776,289540.0,2.717270194986073,0,Control
818,18788,20231017,74021462.0,0,0,0,0,107,88.0,3,0.822429906542056,0.02803738317757,47160.0,3.534090909090909,0,Control
819,18798,20231017,74021481.0,0,0,0,0,294,235.0,1,0.7993197278911565,0.0034013605442176,92700.0,2.804255319148938,0,Control
820,18884,20231017,74021639.0,0,0,0,0,239,182.0,3,0.7615062761506276,0.0125523012552301,91993.0,3.15934065934066,0,Test
821,18914,20231017,74021733.0,0,0,0,0,319,251.0,5,0.786833855799373,0.0156739811912225,164326.0,4.346613545816734,0,Control
822,18918,20231017,74021738.0,0,0,0,0,182,140.0,0,0.7692307692307693,0.0,113138.0,4.449999999999999,0,Test
823,18973,20231017,74021823.0,0,0,0,0,190,126.0,0,0.6631578947368421,0.0,94560.0,3.920634920634921,0,Test
824,19002,20231017,74021880.0,0,0,0,0,155,109.0,0,0.7032258064516129,0.0,75101.0,2.926605504587156,0,Test
825,19022,20231017,74021914.0,0,0,0,0,762,652.0,7,0.8556430446194225,0.0091863517060367,241008.0,2.659509202453989,0,Test
826,19026,20231017,74021919.0,0,0,0,0,775,647.0,11,0.8348387096774194,0.0141935483870967,260196.0,2.8578052550231834,0,Control
827,19032,20231017,74021928.0,0,0,0,0,147,96.0,2,0.6530612244897959,0.0136054421768707,37775.0,2.8125000000000004,0,Test
828,19059,20231017,74021975.0,0,0,0,0,193,138.0,2,0.7150259067357513,0.0103626943005181,59065.0,3.202898550724637,0,Test
829,19062,20231017,74021978.0,0,0,0,0,176,111.0,0,0.6306818181818182,0.0,69834.0,4.603603603603602,0,Test
830,19092,20231017,74214453.0,0,0,0,0,672,508.0,2,0.7559523809523809,0.0029761904761904,252743.0,3.1122047244094464,0,Control
831,19096,20231017,74215106.0,0,0,0,0,851,726.0,11,0.8531139835487661,0.0129259694477085,263730.0,2.639118457300278,0,Test
832,19152,20231017,74220627.0,0,0,0,0,138,102.0,1,0.7391304347826086,0.0072463768115942,63980.0,4.186274509803921,0,Control
833,19186,20231017,74220822.0,0,0,0,0,527,375.0,4,0.7115749525616698,0.0075901328273244,201795.0,3.463999999999998,0,Control
834,19204,20231017,74220910.0,0,0,0,0,377,210.0,5,0.5570291777188329,0.013262599469496,104660.0,3.0761904761904764,0,Control
835,19232,20231017,74221041.0,0,0,0,0,445,369.0,6,0.8292134831460675,0.0134831460674157,164511.0,3.008130081300817,0,Control
836,19303,20231017,74221472.0,0,0,0,0,193,154.0,5,0.7979274611398963,0.0259067357512953,64366.0,2.8311688311688314,0,Control
837,19327,20231017,74321666.0,0,0,0,0,939,620.0,10,0.6602768903088392,0.0106496272630457,246260.0,2.78064516129032,0,Test
838,19329,20231017,74321670.0,0,0,0,0,1255,948.0,28,0.7553784860557768,0.0223107569721115,348462.0,2.5495780590717287,0,Test
839,19350,20231017,74321719.0,0,0,0,0,222,155.0,2,0.6981981981981982,0.009009009009009,52913.0,2.503225806451612,0,Control
840,19352,20231017,74321722.0,0,0,0,0,401,332.0,8,0.827930174563591,0.0199501246882793,160233.0,3.1415662650602414,0,Control
841,19415,20231017,74321861.0,0,0,0,0,156,110.0,0,0.7051282051282052,0.0,55601.0,3.3363636363636373,0,Control
842,19419,20231017,74321865.0,0,0,0,0,261,194.0,2,0.7432950191570882,0.0076628352490421,92556.0,2.9536082474226784,0,Control
843,19446,20231017,74321910.0,0,0,0,0,238,191.0,3,0.8025210084033614,0.0126050420168067,78234.0,2.832460732984293,0,Control
844,19464,20231018,74013270.0,0,0,0,0,1133,903.0,24,0.7969991173874669,0.0211827007943512,378614.0,2.8394241417497232,0,Test
845,19477,20231018,74013406.0,0,0,0,0,171,120.0,2,0.7017543859649122,0.0116959064327485,45086.0,2.808333333333333,0,Control
846,19508,20231018,74016847.0,0,0,0,0,1086,603.0,12,0.5552486187845304,0.011049723756906,236585.0,2.5257048092868994,0,Control
847,19517,20231018,74020378.0,0,0,0,0,324,215.0,5,0.6635802469135802,0.015432098765432,123517.0,3.562790697674419,0,Test
848,19524,20231018,74020395.0,0,0,0,0,799,616.0,13,0.7709637046307884,0.016270337922403,221397.0,2.597402597402596,0,Test
849,19559,20231018,74020492.0,0,0,0,0,834,653.0,15,0.7829736211031175,0.0179856115107913,283969.0,2.9464012251148537,0,Control
850,19575,20231018,74020551.0,0,0,0,0,388,285.0,3,0.7345360824742269,0.0077319587628865,122943.0,2.915789473684213,0,Test
851,19603,20231018,74020634.0,0,0,0,0,116,92.0,0,0.7931034482758621,0.0,40991.0,2.7391304347826093,0,Test
852,19611,20231018,74020653.0,0,0,0,0,204,128.0,3,0.6274509803921569,0.0147058823529411,56907.0,2.6796875,0,Test
853,19616,20231018,74020660.0,0,0,0,0,106,68.0,0,0.6415094339622641,0.0,27402.0,2.8088235294117645,0,Test
854,19623,20231018,74020667.0,0,0,0,0,193,156.0,2,0.8082901554404145,0.0103626943005181,97752.0,3.4551282051282053,0,Test
855,19681,20231018,74020828.0,0,0,0,0,487,411.0,6,0.8439425051334702,0.0123203285420944,175133.0,3.0145985401459843,0,Test
856,19690,20231018,74020871.0,0,0,0,0,169,128.0,1,0.757396449704142,0.0059171597633136,55767.0,2.992187500000001,0,Test
857,19704,20231018,74020908.0,0,0,0,0,160,122.0,1,0.7625,0.00625,58327.0,3.778688524590165,0,Control
858,19707,20231018,74020920.0,0,0,0,0,477,320.0,5,0.6708595387840671,0.010482180293501,130047.0,2.878124999999999,0,Control
859,19713,20231018,74020960.0,0,0,0,0,507,300.0,7,0.591715976331361,0.0138067061143984,131483.0,3.293333333333335,0,Test
860,19714,20231018,74020961.0,0,0,0,0,221,124.0,0,0.5610859728506787,0.0,62732.0,3.8306451612903225,0,Control
861,19726,20231018,74021008.0,0,0,0,0,932,782.0,12,0.8390557939914163,0.0128755364806866,319242.0,2.946291560102301,0,Control
862,19759,20231018,74021099.0,0,0,0,0,163,114.0,2,0.6993865030674846,0.0122699386503067,48418.0,2.9824561403508767,0,Control
863,19765,20231018,74021105.0,0,0,0,0,134,102.0,1,0.7611940298507462,0.0074626865671641,60878.0,3.803921568627451,0,Test
864,19816,20231018,74021211.0,0,0,0,0,243,171.0,0,0.7037037037037037,0.0,129730.0,5.87719298245614,0,Control
865,19855,20231018,74021302.0,0,0,0,0,305,215.0,1,0.7049180327868853,0.0032786885245901,91424.0,2.865116279069768,0,Test
866,19882,20231018,74021353.0,0,0,0,0,920,742.0,12,0.8065217391304348,0.0130434782608695,306221.0,2.840970350404312,0,Control
867,19935,20231018,74021462.0,0,0,0,0,150,112.0,1,0.7466666666666667,0.0066666666666666,58778.0,3.9553571428571423,0,Control
868,19945,20231018,74021481.0,0,0,0,0,346,289.0,2,0.8352601156069365,0.0057803468208092,103205.0,2.5017301038062296,0,Control
869,20031,20231018,74021639.0,0,0,0,0,337,194.0,2,0.5756676557863502,0.0059347181008902,91323.0,3.221649484536084,0,Test
870,20061,20231018,74021733.0,0,0,0,0,320,245.0,7,0.765625,0.021875,148962.0,4.093877551020404,0,Control
871,20065,20231018,74021738.0,0,0,0,0,258,187.0,3,0.7248062015503876,0.0116279069767441,136065.0,3.759358288770054,0,Test
872,20120,20231018,74021823.0,0,0,0,0,216,152.0,0,0.7037037037037037,0.0,107038.0,3.598684210526315,0,Test
873,20149,20231018,74021880.0,0,0,0,0,188,153.0,3,0.8138297872340425,0.0159574468085106,102392.0,3.0457516339869293,0,Test
874,20169,20231018,74021914.0,0,0,0,0,775,651.0,5,0.84,0.0064516129032258,223042.0,2.5330261136712737,0,Test
875,20173,20231018,74021919.0,0,0,0,0,749,620.0,15,0.8277703604806409,0.0200267022696929,233076.0,2.735483870967739,0,Control
876,20179,20231018,74021928.0,0,0,0,0,177,108.0,0,0.6101694915254238,0.0,51077.0,3.388888888888889,0,Test
877,20206,20231018,74021975.0,0,0,0,0,226,157.0,3,0.6946902654867256,0.0132743362831858,61778.0,2.904458598726115,0,Test
878,20209,20231018,74021978.0,0,0,0,0,174,121.0,3,0.6954022988505747,0.0172413793103448,58107.0,3.28099173553719,0,Test
879,20239,20231018,74214453.0,0,0,0,0,676,520.0,3,0.7692307692307693,0.0044378698224852,274227.0,3.269230769230769,0,Control
880,20243,20231018,74215106.0,0,0,0,0,886,732.0,8,0.8261851015801355,0.0090293453724604,279186.0,2.6721311475409872,0,Test
881,20298,20231018,74220627.0,0,0,0,0,160,135.0,1,0.84375,0.00625,68295.0,3.4000000000000004,0,Control
882,20332,20231018,74220822.0,0,0,0,0,531,277.0,0,0.5216572504708098,0.0,132209.0,3.2960288808664253,0,Control
883,20350,20231018,74220910.0,0,0,0,0,404,261.0,1,0.6460396039603961,0.0024752475247524,132706.0,3.099616858237546,0,Control
884,20378,20231018,74221041.0,0,0,0,0,434,345.0,14,0.7949308755760369,0.032258064516129,168006.0,2.8869565217391293,0,Control
885,20449,20231018,74221472.0,0,0,0,0,203,149.0,2,0.7339901477832512,0.0098522167487684,72090.0,3.3624161073825505,0,Control
886,20473,20231018,74321666.0,0,0,0,0,934,550.0,8,0.588865096359743,0.0085653104925053,232223.0,2.8218181818181827,0,Test
887,20475,20231018,74321670.0,0,0,0,0,1266,939.0,17,0.7417061611374408,0.0134281200631911,342787.0,2.542066027689029,0,Test
888,20496,20231018,74321719.0,0,0,0,0,234,146.0,5,0.6239316239316239,0.0213675213675213,53915.0,2.684931506849315,0,Control
889,20498,20231018,74321722.0,0,0,0,0,379,292.0,5,0.7704485488126649,0.0131926121372031,149201.0,3.390410958904108,0,Control
890,20560,20231018,74321861.0,0,0,0,0,196,134.0,2,0.6836734693877551,0.010204081632653,72299.0,3.514925373134329,0,Control
891,20564,20231018,74321865.0,0,0,0,0,228,171.0,5,0.75,0.0219298245614035,82941.0,2.9356725146198848,0,Control
892,20590,20231018,74321910.0,0,0,0,0,220,175.0,1,0.7954545454545454,0.0045454545454545,76240.0,3.0571428571428565,0,Control
893,20608,20231019,74013270.0,0,0,0,0,1065,858.0,21,0.8056338028169014,0.0197183098591549,351097.0,2.7797202797202787,0,Test
894,20621,20231019,74013406.0,0,0,0,0,171,122.0,0,0.7134502923976608,0.0,49969.0,2.6311475409836085,0,Control
895,20652,20231019,74016847.0,0,0,0,0,1020,724.0,10,0.7098039215686275,0.0098039215686274,296728.0,2.6767955801104977,0,Control
896,20661,20231019,74020378.0,0,0,0,0,467,328.0,5,0.702355460385439,0.0107066381156316,167951.0,3.1890243902439006,0,Test
897,20668,20231019,74020395.0,0,0,0,0,819,641.0,17,0.7826617826617827,0.0207570207570207,243102.0,2.6801872074882973,0,Test
898,20703,20231019,74020492.0,0,0,0,0,748,597.0,10,0.7981283422459893,0.0133689839572192,266545.0,3.1356783919598024,0,Control
899,20719,20231019,74020551.0,0,0,0,0,421,316.0,9,0.7505938242280285,0.0213776722090261,145593.0,3.1424050632911404,0,Test
900,20747,20231019,74020634.0,0,0,0,0,161,125.0,0,0.7763975155279503,0.0,64632.0,3.192,0,Test
901,20755,20231019,74020653.0,0,0,0,0,207,135.0,2,0.6521739130434783,0.0096618357487922,59885.0,2.8,0,Test
902,20760,20231019,74020660.0,0,0,0,0,105,71.0,1,0.6761904761904762,0.0095238095238095,32025.0,2.971830985915493,0,Test
903,20767,20231019,74020667.0,0,0,0,0,184,137.0,1,0.7445652173913043,0.0054347826086956,82776.0,3.766423357664233,0,Test
904,20825,20231019,74020828.0,0,0,0,0,472,403.0,11,0.8538135593220338,0.0233050847457627,174773.0,3.104218362282879,0,Test
905,20834,20231019,74020871.0,0,0,0,0,169,133.0,1,0.7869822485207101,0.0059171597633136,57236.0,2.7593984962406024,0,Test
906,20848,20231019,74020908.0,0,0,0,0,169,132.0,0,0.7810650887573964,0.0,64383.0,3.6818181818181808,0,Control
907,20851,20231019,74020920.0,0,0,0,0,528,393.0,12,0.7443181818181818,0.0227272727272727,149865.0,2.567430025445293,0,Control
908,20857,20231019,74020960.0,0,0,0,0,591,338.0,5,0.571912013536379,0.0084602368866328,158536.0,3.499999999999999,0,Test
909,20858,20231019,74020961.0,0,0,0,0,202,137.0,1,0.6782178217821783,0.0049504950495049,78537.0,4.014598540145985,0,Control
910,20870,20231019,74021008.0,0,0,0,0,918,790.0,9,0.8605664488017429,0.0098039215686274,351980.0,3.1405063291139235,0,Control
911,20903,20231019,74021099.0,0,0,0,0,137,98.0,0,0.7153284671532847,0.0,45790.0,3.0612244897959178,0,Control
912,20909,20231019,74021105.0,0,0,0,0,156,121.0,0,0.7756410256410257,0.0,72468.0,3.6694214876033056,0,Test
913,20960,20231019,74021211.0,0,0,0,0,245,150.0,0,0.6122448979591837,0.0,101618.0,5.173333333333335,0,Control
914,20999,20231019,74021302.0,0,0,0,0,274,195.0,2,0.7116788321167883,0.0072992700729927,98745.0,3.1435897435897444,0,Test
915,21026,20231019,74021353.0,0,0,0,0,905,761.0,6,0.8408839779005525,0.0066298342541436,303396.0,2.683311432325888,0,Control
916,21079,20231019,74021462.0,0,0,0,0,123,98.0,0,0.7967479674796748,0.0,48727.0,3.29591836734694,0,Control
917,21089,20231019,74021481.0,0,0,0,0,334,249.0,1,0.7455089820359282,0.0029940119760479,97373.0,2.895582329317271,0,Control
918,21175,20231019,74021639.0,0,0,0,0,336,180.0,2,0.5357142857142857,0.0059523809523809,77957.0,3.177777777777778,0,Test
919,21205,20231019,74021733.0,0,0,0,0,283,228.0,5,0.8056537102473498,0.0176678445229682,158836.0,4.311403508771928,0,Control
920,21209,20231019,74021738.0,0,0,0,0,301,209.0,3,0.6943521594684385,0.0099667774086378,160659.0,3.899521531100478,0,Test
921,21264,20231019,74021823.0,0,0,0,0,189,126.0,0,0.6666666666666666,0.0,99557.0,3.912698412698413,0,Test
922,21293,20231019,74021880.0,0,0,0,0,154,102.0,4,0.6623376623376623,0.0259740259740259,76401.0,3.656862745098038,0,Test
923,21313,20231019,74021914.0,0,0,0,0,758,662.0,6,0.8733509234828496,0.0079155672823219,237776.0,2.6178247734138997,0,Test
924,21317,20231019,74021919.0,0,0,0,0,650,565.0,9,0.8692307692307693,0.0138461538461538,219510.0,2.748672566371683,0,Control
925,21323,20231019,74021928.0,0,0,0,0,173,115.0,2,0.6647398843930635,0.0115606936416184,53790.0,3.2521739130434777,0,Test
926,21350,20231019,74021975.0,0,0,0,0,245,179.0,4,0.7306122448979592,0.0163265306122449,73524.0,3.0670391061452515,0,Test
927,21353,20231019,74021978.0,0,0,0,0,178,132.0,4,0.7415730337078652,0.0224719101123595,71564.0,3.3636363636363638,0,Test
928,21383,20231019,74214453.0,0,0,0,0,740,560.0,6,0.7567567567567568,0.0081081081081081,288173.0,3.239285714285713,0,Control
929,21387,20231019,74215106.0,0,0,0,0,887,700.0,9,0.7891770011273957,0.0101465614430665,243311.0,2.4942857142857133,0,Test
930,21442,20231019,74220627.0,0,0,0,0,125,94.0,1,0.752,0.008,54014.0,3.882978723404256,0,Control
931,21476,20231019,74220822.0,0,0,0,0,510,332.0,8,0.6509803921568628,0.0156862745098039,167047.0,3.454819277108432,0,Control
932,21494,20231019,74220910.0,0,0,0,0,466,314.0,8,0.6738197424892703,0.0171673819742489,158599.0,3.060509554140127,0,Control
933,21522,20231019,74221041.0,0,0,0,0,439,359.0,7,0.8177676537585421,0.0159453302961275,173994.0,3.0362116991643435,0,Control
934,21593,20231019,74221472.0,0,0,0,0,191,134.0,3,0.7015706806282722,0.0157068062827225,66508.0,3.343283582089553,0,Control
935,21617,20231019,74321666.0,0,0,0,0,822,618.0,11,0.7518248175182481,0.0133819951338199,239033.0,2.7281553398058227,0,Test
936,21619,20231019,74321670.0,0,0,0,0,1296,941.0,16,0.7260802469135802,0.0123456790123456,358430.0,2.555791710945802,0,Test
937,21640,20231019,74321719.0,0,0,0,0,208,155.0,1,0.7451923076923077,0.0048076923076923,58465.0,2.9225806451612897,0,Control
938,21642,20231019,74321722.0,0,0,0,0,480,379.0,5,0.7895833333333333,0.0104166666666666,160750.0,2.807387862796835,0,Control
939,21705,20231019,74321861.0,0,0,0,0,228,172.0,7,0.7543859649122807,0.0307017543859649,85953.0,3.424418604651162,0,Control
940,21709,20231019,74321865.0,0,0,0,0,224,162.0,0,0.7232142857142857,0.0,73382.0,2.8888888888888875,0,Control
941,21736,20231019,74321910.0,0,0,0,0,226,188.0,1,0.831858407079646,0.0044247787610619,75181.0,2.8936170212765946,0,Control
942,21754,20231020,74013270.0,0,0,0,0,1274,1018.0,20,0.7990580847723705,0.0156985871271585,446016.0,3.0638506876227902,0,Test
943,21767,20231020,74013406.0,0,0,0,0,184,119.0,3,0.6467391304347826,0.0163043478260869,46380.0,2.672268907563024,0,Control
944,21797,20231020,74016847.0,0,0,0,0,884,611.0,11,0.6911764705882353,0.0124434389140271,259535.0,2.852700490998361,0,Control
945,21806,20231020,74020378.0,0,0,0,0,557,356.0,2,0.6391382405745063,0.0035906642728904,209512.0,3.525280898876404,0,Test
946,21813,20231020,74020395.0,0,0,0,0,780,603.0,8,0.7730769230769231,0.0102564102564102,226904.0,2.6616915422885583,0,Test
947,21848,20231020,74020492.0,0,0,0,0,825,679.0,10,0.823030303030303,0.0121212121212121,306712.0,3.2709867452135493,0,Control
948,21864,20231020,74020551.0,0,0,0,0,358,266.0,2,0.7430167597765364,0.0055865921787709,126227.0,3.176691729323309,0,Test
949,21892,20231020,74020634.0,0,0,0,0,151,124.0,2,0.8211920529801324,0.0132450331125827,62507.0,3.443548387096775,0,Test
950,21899,20231020,74020653.0,0,0,0,0,232,171.0,1,0.7370689655172413,0.0043103448275862,84381.0,3.093567251461987,0,Test
951,21904,20231020,74020660.0,0,0,0,0,122,92.0,2,0.7540983606557377,0.0163934426229508,37328.0,2.9347826086956514,0,Test
952,21911,20231020,74020667.0,0,0,0,0,252,211.0,3,0.8373015873015873,0.0119047619047619,122157.0,3.4265402843601893,0,Test
953,21969,20231020,74020828.0,0,0,0,0,517,463.0,7,0.8955512572533849,0.0135396518375241,199875.0,3.049676025917926,0,Test
954,21978,20231020,74020871.0,0,0,0,0,228,175.0,2,0.7675438596491229,0.0087719298245614,80581.0,3.1085714285714285,0,Test
955,21992,20231020,74020908.0,0,0,0,0,156,127.0,1,0.8141025641025641,0.0064102564102564,72050.0,4.393700787401571,0,Control
956,21995,20231020,74020920.0,0,0,0,0,653,532.0,6,0.8147013782542113,0.009188361408882,211603.0,2.6372180451127805,0,Control
957,22001,20231020,74020960.0,0,0,0,0,622,317.0,7,0.5096463022508039,0.0112540192926045,150105.0,3.627760252365933,0,Test
958,22002,20231020,74020961.0,0,0,0,0,299,174.0,0,0.5819397993311036,0.0,106835.0,4.1609195402298855,0,Control
959,22014,20231020,74021008.0,0,0,0,0,1000,862.0,18,0.862,0.018,371909.0,2.994199535962877,0,Control
960,22047,20231020,74021099.0,0,0,0,0,206,161.0,4,0.7815533980582524,0.0194174757281553,86248.0,3.695652173913044,0,Control
961,22053,20231020,74021105.0,0,0,0,0,160,111.0,1,0.69375,0.00625,75332.0,4.018018018018018,0,Test
962,22104,20231020,74021211.0,0,0,0,0,30,0.0,0,0.0,0.0,,,0,Control
963,22143,20231020,74021302.0,0,0,0,0,280,214.0,5,0.7642857142857142,0.0178571428571428,107390.0,3.000000000000001,0,Test
964,22170,20231020,74021353.0,0,0,0,0,1045,822.0,13,0.7866028708133971,0.0124401913875598,336975.0,2.798053527980536,0,Control
965,22223,20231020,74021462.0,0,0,0,0,160,127.0,2,0.79375,0.0125,65815.0,3.417322834645669,0,Control
966,22233,20231020,74021481.0,0,0,0,0,267,226.0,0,0.846441947565543,0.0,95655.0,3.0840707964601783,0,Control
967,22319,20231020,74021639.0,0,0,0,0,360,250.0,1,0.6944444444444444,0.0027777777777777,130792.0,3.344,0,Test
968,22349,20231020,74021733.0,0,0,0,0,229,175.0,5,0.7641921397379913,0.0218340611353711,120090.0,4.354285714285714,0,Control
969,22353,20231020,74021738.0,0,0,0,0,340,247.0,1,0.7264705882352941,0.0029411764705882,196549.0,4.133603238866395,0,Test
970,22408,20231020,74021823.0,0,0,0,0,297,174.0,0,0.5858585858585859,0.0,130995.0,3.747126436781608,0,Test
971,22437,20231020,74021880.0,0,0,0,0,173,131.0,2,0.7572254335260116,0.0115606936416184,104513.0,3.6946564885496183,0,Test
972,22457,20231020,74021914.0,0,0,0,0,756,662.0,6,0.8756613756613757,0.0079365079365079,233259.0,2.513595166163141,0,Test
973,22461,20231020,74021919.0,0,0,0,0,749,639.0,14,0.8531375166889186,0.0186915887850467,264715.0,3.0876369327073543,0,Control
974,22467,20231020,74021928.0,0,0,0,0,156,106.0,2,0.6794871794871795,0.0128205128205128,51344.0,3.3207547169811327,0,Test
975,22494,20231020,74021975.0,0,0,0,0,286,209.0,4,0.7307692307692307,0.0139860139860139,93149.0,3.334928229665072,0,Test
976,22497,20231020,74021978.0,0,0,0,0,212,138.0,1,0.6509433962264151,0.0047169811320754,80679.0,3.391304347826087,0,Test
977,22528,20231020,74214453.0,0,0,0,0,949,737.0,6,0.7766069546891464,0.006322444678609,388748.0,3.2021709633649973,0,Control
978,22532,20231020,74215106.0,0,0,0,0,968,809.0,16,0.8357438016528925,0.0165289256198347,311074.0,2.647713226205194,0,Test
979,22587,20231020,74220627.0,0,0,0,0,123,95.0,3,0.7723577235772358,0.024390243902439,46980.0,3.410526315789474,0,Control
980,22621,20231020,74220822.0,0,0,0,0,503,335.0,6,0.6660039761431411,0.0119284294234592,191192.0,3.668656716417911,0,Control
981,22639,20231020,74220910.0,0,0,0,0,476,285.0,3,0.5987394957983193,0.0063025210084033,161091.0,3.403508771929824,0,Control
982,22667,20231020,74221041.0,0,0,0,0,493,407.0,12,0.8255578093306288,0.024340770791075,209460.0,3.2285012285012304,0,Control
983,22738,20231020,74221472.0,0,0,0,0,178,132.0,1,0.7415730337078652,0.0056179775280898,59182.0,3.053030303030304,0,Control
984,22762,20231020,74321666.0,0,0,0,0,909,665.0,12,0.7315731573157316,0.0132013201320132,265974.0,2.8827067669172903,0,Test
985,22764,20231020,74321670.0,0,0,0,0,1128,882.0,11,0.7819148936170213,0.0097517730496453,338937.0,2.6349206349206358,0,Test
986,22785,20231020,74321719.0,0,0,0,0,213,159.0,3,0.7464788732394366,0.0140845070422535,66357.0,2.849056603773584,0,Control
987,22787,20231020,74321722.0,0,0,0,0,527,414.0,6,0.7855787476280834,0.0113851992409867,204319.0,3.256038647342995,0,Control
988,22850,20231020,74321861.0,0,0,0,0,287,123.0,3,0.4285714285714285,0.0104529616724738,62897.0,3.59349593495935,0,Control
989,22854,20231020,74321865.0,0,0,0,0,334,239.0,3,0.7155688622754491,0.0089820359281437,111746.0,2.8493723849372388,0,Control
990,22881,20231020,74321910.0,0,0,0,0,251,192.0,0,0.7649402390438247,0.0,80344.0,2.869791666666667,0,Control
991,22900,20231021,74013270.0,0,0,0,0,988,756.0,15,0.7651821862348178,0.0151821862348178,375193.0,3.287037037037034,0,Test
992,22913,20231021,74013406.0,0,0,0,0,280,227.0,3,0.8107142857142857,0.0107142857142857,106184.0,3.2687224669603534,0,Control
993,22944,20231021,74016847.0,0,0,0,0,994,629.0,11,0.6327967806841046,0.011066398390342,259212.0,2.7535771065182826,0,Control
994,22953,20231021,74020378.0,0,0,0,0,850,366.0,6,0.4305882352941176,0.0070588235294117,223360.0,3.868852459016395,0,Test
995,22960,20231021,74020395.0,0,0,0,0,526,357.0,12,0.6787072243346007,0.0228136882129277,157459.0,3.187675070028011,0,Test
996,22995,20231021,74020492.0,0,0,0,0,1164,994.0,13,0.8539518900343642,0.011168384879725,481629.0,3.534205231388329,0,Control
997,23011,20231021,74020551.0,0,0,0,0,364,241.0,2,0.6620879120879121,0.0054945054945054,125169.0,3.809128630705394,0,Test
998,23039,20231021,74020634.0,0,0,0,0,280,262.0,0,0.9357142857142856,0.0,159876.0,3.744274809160306,0,Test
999,23046,20231021,74020653.0,0,0,0,0,328,226.0,2,0.6890243902439024,0.0060975609756097,104655.0,3.3805309734513243,0,Test
1000,23051,20231021,74020660.0,0,0,0,0,179,133.0,2,0.7430167597765364,0.0111731843575419,65606.0,3.2857142857142847,0,Test
1001,23058,20231021,74020667.0,0,0,0,0,358,292.0,3,0.8156424581005587,0.0083798882681564,202026.0,4.0547945205479445,0,Test
1002,23115,20231021,74020828.0,0,0,0,0,383,326.0,8,0.8511749347258486,0.02088772845953,166740.0,3.6012269938650308,0,Test
1003,23124,20231021,74020871.0,0,0,0,0,156,119.0,4,0.7628205128205128,0.0256410256410256,62042.0,3.7647058823529416,0,Test
1004,23138,20231021,74020908.0,0,0,0,0,231,194.0,1,0.8398268398268398,0.0043290043290043,107273.0,4.324742268041239,0,Control
1005,23141,20231021,74020920.0,0,0,0,0,600,436.0,5,0.7266666666666667,0.0083333333333333,188253.0,2.9174311926605503,0,Control
1006,23147,20231021,74020960.0,0,0,0,0,776,394.0,3,0.5077319587628866,0.0038659793814432,193692.0,3.9111675126903584,0,Test
1007,23148,20231021,74020961.0,0,0,0,0,374,243.0,2,0.6497326203208557,0.0053475935828877,155689.0,4.436213991769545,0,Control
1008,23160,20231021,74021008.0,0,0,0,0,1130,992.0,11,0.8778761061946903,0.0097345132743362,478534.0,3.473790322580641,0,Control
1009,23192,20231021,74021099.0,0,0,0,0,312,258.0,9,0.8269230769230769,0.0288461538461538,154546.0,4.2790697674418645,0,Control
1010,23198,20231021,74021105.0,0,0,0,0,230,177.0,0,0.7695652173913043,0.0,114330.0,4.2542372881355925,0,Test
1011,23249,20231021,74021211.0,0,0,0,0,250,0.0,0,0.0,0.0,,,0,Control
1012,23288,20231021,74021302.0,0,0,0,0,403,358.0,1,0.8883374689826302,0.0024813895781637,174432.0,3.3212290502793267,0,Test
1013,23315,20231021,74021353.0,0,0,0,0,912,743.0,11,0.8146929824561403,0.0120614035087719,327304.0,2.9811574697173624,0,Control
1014,23367,20231021,74021462.0,0,0,0,0,194,151.0,1,0.7783505154639175,0.0051546391752577,84482.0,3.384105960264901,0,Control
1015,23377,20231021,74021481.0,0,0,0,0,443,295.0,1,0.6659142212189616,0.0022573363431151,127701.0,3.1525423728813537,0,Control
1016,23463,20231021,74021639.0,0,0,0,0,514,394.0,5,0.7665369649805448,0.0097276264591439,179033.0,3.144670050761422,0,Test
1017,23493,20231021,74021733.0,0,0,0,0,544,457.0,16,0.8400735294117647,0.0294117647058823,355729.0,4.927789934354488,0,Control
1018,23497,20231021,74021738.0,0,0,0,0,281,217.0,0,0.7722419928825622,0.0,185120.0,4.626728110599078,0,Test
1019,23552,20231021,74021823.0,0,0,0,0,222,145.0,0,0.6531531531531531,0.0,117376.0,3.855172413793104,0,Test
1020,23581,20231021,74021880.0,0,0,0,0,234,147.0,2,0.6282051282051282,0.0085470085470085,103110.0,3.659863945578231,0,Test
1021,23601,20231021,74021914.0,0,0,0,0,542,438.0,7,0.8081180811808119,0.0129151291512915,180891.0,2.9863013698630128,0,Test
1022,23605,20231021,74021919.0,0,0,0,0,639,538.0,12,0.8419405320813772,0.0187793427230046,227553.0,3.013011152416356,0,Control
1023,23611,20231021,74021928.0,0,0,0,0,401,290.0,3,0.7231920199501247,0.0074812967581047,155625.0,3.786206896551725,0,Test
1024,23638,20231021,74021975.0,0,0,0,0,305,224.0,3,0.7344262295081967,0.0098360655737704,103446.0,3.540178571428571,0,Test
1025,23641,20231021,74021978.0,0,0,0,0,219,169.0,1,0.771689497716895,0.0045662100456621,122469.0,4.4378698224852045,0,Test
1026,23672,20231021,74214453.0,0,0,0,0,835,674.0,8,0.807185628742515,0.0095808383233532,427393.0,3.7017804154302647,0,Control
1027,23676,20231021,74215106.0,0,0,0,0,908,745.0,6,0.8204845814977973,0.0066079295154185,298266.0,2.8912751677852366,0,Test
1028,23731,20231021,74220627.0,0,0,0,0,213,148.0,3,0.6948356807511737,0.0140845070422535,91125.0,4.479729729729727,0,Control
1029,23765,20231021,74220822.0,0,0,0,0,695,531.0,7,0.7640287769784173,0.0100719424460431,309212.0,3.751412429378533,0,Control
1030,23783,20231021,74220910.0,0,0,0,0,657,313.0,4,0.4764079147640791,0.0060882800608828,172930.0,3.4376996805111832,0,Control
1031,23811,20231021,74221041.0,0,0,0,0,584,509.0,6,0.8715753424657534,0.0102739726027397,257024.0,3.2337917485265235,0,Control
1032,23882,20231021,74221472.0,0,0,0,0,236,174.0,2,0.7372881355932204,0.0084745762711864,96459.0,3.879310344827587,0,Control
1033,23906,20231021,74321666.0,0,0,0,0,1024,817.0,12,0.7978515625,0.01171875,354028.0,3.417380660954712,0,Test
1034,23908,20231021,74321670.0,0,0,0,0,1069,769.0,15,0.7193638914873713,0.0140318054256314,314749.0,2.7477243172951877,0,Test
1035,23929,20231021,74321719.0,0,0,0,0,356,243.0,2,0.6825842696629213,0.0056179775280898,96566.0,3.0699588477366246,0,Control
1036,23931,20231021,74321722.0,0,0,0,0,618,514.0,5,0.8317152103559871,0.0080906148867313,279736.0,3.577821011673153,0,Control
1037,23994,20231021,74321861.0,0,0,0,0,329,244.0,6,0.7416413373860182,0.0182370820668693,145580.0,3.848360655737704,0,Control
1038,23998,20231021,74321865.0,0,0,0,0,351,248.0,7,0.7065527065527065,0.0199430199430199,147920.0,3.532258064516126,0,Control
1039,24025,20231021,74321910.0,0,0,0,0,98,51.0,0,0.5204081632653061,0.0,23044.0,2.96078431372549,0,Control
1040,24043,20231022,74013270.0,0,0,0,0,854,660.0,9,0.7728337236533958,0.0105386416861826,325985.0,3.257575757575756,0,Test
1041,24056,20231022,74013406.0,0,0,0,0,276,198.0,6,0.717391304347826,0.0217391304347826,93771.0,3.48989898989899,0,Control
1042,24087,20231022,74016847.0,0,0,0,0,755,511.0,12,0.6768211920529801,0.0158940397350993,221278.0,2.8747553816046976,0,Control
1043,24096,20231022,74020378.0,0,0,0,0,705,429.0,4,0.6085106382978723,0.0056737588652482,254620.0,3.857808857808857,0,Test
1044,24103,20231022,74020395.0,0,0,0,0,498,370.0,5,0.7429718875502008,0.0100401606425702,176616.0,3.286486486486487,0,Test
1045,24138,20231022,74020492.0,0,0,0,0,1150,965.0,14,0.8391304347826087,0.0121739130434782,490813.0,3.562694300518133,0,Control
1046,24154,20231022,74020551.0,0,0,0,0,414,316.0,7,0.7632850241545893,0.0169082125603864,161858.0,3.5094936708860778,0,Test
1047,24182,20231022,74020634.0,0,0,0,0,261,235.0,1,0.9003831417624522,0.003831417624521,130356.0,3.6340425531914886,0,Test
1048,24189,20231022,74020653.0,0,0,0,0,315,198.0,5,0.6285714285714286,0.0158730158730158,97304.0,3.4949494949494966,0,Test
1049,24194,20231022,74020660.0,0,0,0,0,166,117.0,3,0.7048192771084337,0.0180722891566265,49527.0,3.128205128205128,0,Test
1050,24201,20231022,74020667.0,0,0,0,0,260,235.0,1,0.903846153846154,0.0038461538461538,168384.0,4.195744680851061,0,Test
1051,24259,20231022,74020828.0,0,0,0,0,349,301.0,2,0.8624641833810889,0.0057306590257879,157688.0,3.5481727574750828,0,Test
1052,24268,20231022,74020871.0,0,0,0,0,170,134.0,2,0.788235294117647,0.0117647058823529,71046.0,3.3582089552238807,0,Test
1053,24282,20231022,74020908.0,0,0,0,0,205,160.0,2,0.7804878048780488,0.0097560975609756,85775.0,4.262499999999999,0,Control
1054,24285,20231022,74020920.0,0,0,0,0,479,374.0,7,0.7807933194154488,0.0146137787056367,168182.0,2.943850267379679,0,Control
1055,24291,20231022,74020960.0,0,0,0,0,710,249.0,4,0.3507042253521126,0.0056338028169014,102812.0,3.6827309236947783,0,Test
1056,24292,20231022,74020961.0,0,0,0,0,367,194.0,3,0.5286103542234333,0.0081743869209809,124862.0,4.608247422680414,0,Control
1057,24304,20231022,74021008.0,0,0,0,0,980,835.0,8,0.8520408163265306,0.0081632653061224,366916.0,3.0934131736526957,0,Control
1058,24337,20231022,74021099.0,0,0,0,0,263,221.0,5,0.8403041825095057,0.0190114068441064,154983.0,5.104072398190043,0,Control
1059,24343,20231022,74021105.0,0,0,0,0,227,132.0,1,0.5814977973568282,0.0044052863436123,92645.0,4.3939393939393945,0,Test
1060,24394,20231022,74021211.0,0,0,0,0,284,185.0,0,0.6514084507042254,0.0,139648.0,5.670270270270271,0,Control
1061,24433,20231022,74021302.0,0,0,0,0,418,338.0,6,0.8086124401913876,0.0143540669856459,180820.0,3.553254437869824,0,Test
1062,24460,20231022,74021353.0,0,0,0,0,684,529.0,5,0.7733918128654971,0.0073099415204678,240861.0,3.0226843100189016,0,Control
1063,24513,20231022,74021462.0,0,0,0,0,132,102.0,1,0.7727272727272727,0.0075757575757575,50351.0,3.323529411764707,0,Control
1064,24523,20231022,74021481.0,0,0,0,0,393,293.0,1,0.7455470737913485,0.0025445292620865,113258.0,2.7167235494880555,0,Control
1065,24609,20231022,74021639.0,0,0,0,0,396,261.0,2,0.6590909090909091,0.005050505050505,132790.0,3.528735632183909,0,Test
1066,24639,20231022,74021733.0,0,0,0,0,421,338.0,10,0.8028503562945368,0.0237529691211401,261084.0,5.097633136094675,0,Control
1067,24643,20231022,74021738.0,0,0,0,0,308,192.0,2,0.6233766233766234,0.0064935064935064,164113.0,4.697916666666669,0,Test
1068,24698,20231022,74021823.0,0,0,0,0,338,231.0,0,0.6834319526627219,0.0,198896.0,4.242424242424241,0,Test
1069,24727,20231022,74021880.0,0,0,0,0,177,101.0,1,0.5706214689265536,0.0056497175141242,74940.0,3.7128712871287126,0,Test
1070,24747,20231022,74021914.0,0,0,0,0,457,380.0,4,0.8315098468271335,0.0087527352297593,169429.0,3.1421052631578954,0,Test
1071,24751,20231022,74021919.0,0,0,0,0,469,382.0,9,0.814498933901919,0.0191897654584221,172826.0,3.2853403141361253,0,Control
1072,24757,20231022,74021928.0,0,0,0,0,401,287.0,0,0.71571072319202,0.0,142562.0,3.4006968641114983,0,Test
1073,24784,20231022,74021975.0,0,0,0,0,262,191.0,5,0.7290076335877863,0.0190839694656488,85407.0,3.507853403141361,0,Test
1074,24787,20231022,74021978.0,0,0,0,0,243,180.0,4,0.7407407407407407,0.0164609053497942,104732.0,3.994444444444447,0,Test
1075,24818,20231022,74214453.0,0,0,0,0,719,569.0,4,0.7913769123783032,0.0055632823365785,300347.0,3.391915641476274,0,Control
1076,24822,20231022,74215106.0,0,0,0,0,506,408.0,9,0.8063241106719368,0.0177865612648221,169885.0,2.96813725490196,0,Test
1077,24877,20231022,74220627.0,0,0,0,0,168,130.0,2,0.7738095238095238,0.0119047619047619,80592.0,4.215384615384618,0,Control
1078,24911,20231022,74220822.0,0,0,0,0,697,519.0,3,0.7446197991391679,0.0043041606886657,301122.0,3.9595375722543342,0,Control
1079,24929,20231022,74220910.0,0,0,0,0,503,270.0,2,0.536779324055666,0.003976143141153,159561.0,3.4037037037037043,0,Control
1080,24957,20231022,74221041.0,0,0,0,0,485,406.0,4,0.8371134020618557,0.0082474226804123,208837.0,3.448275862068966,0,Control
1081,25028,20231022,74221472.0,0,0,0,0,199,145.0,5,0.7286432160804021,0.0251256281407035,81214.0,3.8413793103448257,0,Control
1082,25052,20231022,74321666.0,0,0,0,0,965,723.0,9,0.7492227979274612,0.0093264248704663,305793.0,3.1203319502074685,0,Test
1083,25054,20231022,74321670.0,0,0,0,0,673,468.0,9,0.6953937592867756,0.013372956909361,202829.0,3.01923076923077,0,Test
1084,25075,20231022,74321719.0,0,0,0,0,260,199.0,1,0.7653846153846153,0.0038461538461538,82377.0,3.045226130653268,0,Control
1085,25077,20231022,74321722.0,0,0,0,0,518,414.0,5,0.7992277992277992,0.0096525096525096,224216.0,3.700483091787441,0,Control
1086,25140,20231022,74321861.0,0,0,0,0,185,127.0,3,0.6864864864864865,0.0162162162162162,82374.0,4.188976377952756,0,Control
1087,25144,20231022,74321865.0,0,0,0,0,293,209.0,5,0.7133105802047781,0.0170648464163822,113019.0,3.143540669856458,0,Control
1088,25171,20231022,74321910.0,0,0,0,0,143,121.0,1,0.8461538461538461,0.0069930069930069,66539.0,3.760330578512397,0,Control
1089,25189,20231023,74013270.0,0,0,0,0,1002,810.0,24,0.8083832335329342,0.0239520958083832,324971.0,2.720987654320989,0,Test
1090,25202,20231023,74013406.0,0,0,0,0,132,79.0,1,0.5984848484848485,0.0075757575757575,26861.0,2.531645569620253,0,Control
1091,25233,20231023,74016847.0,0,0,0,0,926,642.0,7,0.693304535637149,0.0075593952483801,255119.0,2.671339563862928,0,Control
1092,25242,20231023,74020378.0,0,0,0,0,443,271.0,4,0.6117381489841986,0.0090293453724604,145916.0,3.2804428044280454,0,Test
1093,25249,20231023,74020395.0,0,0,0,0,780,578.0,5,0.7410256410256411,0.0064102564102564,215175.0,2.617647058823527,0,Test
1094,25285,20231023,74020492.0,0,0,0,0,916,771.0,14,0.8417030567685589,0.0152838427947598,353213.0,3.085603112840471,0,Control
1095,25301,20231023,74020551.0,0,0,0,0,301,226.0,3,0.7508305647840532,0.0099667774086378,110592.0,3.3982300884955765,0,Test
1096,25329,20231023,74020634.0,0,0,0,0,142,116.0,2,0.8169014084507042,0.0140845070422535,55032.0,3.0517241379310343,0,Test
1097,25336,20231023,74020653.0,0,0,0,0,203,128.0,3,0.6305418719211823,0.0147783251231527,48010.0,2.8046875000000013,0,Test
1098,25341,20231023,74020660.0,0,0,0,0,84,65.0,3,0.7738095238095238,0.0357142857142857,22860.0,2.5846153846153856,0,Test
1099,25348,20231023,74020667.0,0,0,0,0,144,96.0,1,0.6666666666666666,0.0069444444444444,62795.0,3.625,0,Test
1100,25406,20231023,74020828.0,0,0,0,0,445,373.0,7,0.8382022471910112,0.0157303370786516,156428.0,2.90616621983914,0,Test
1101,25415,20231023,74020871.0,0,0,0,0,170,139.0,2,0.8176470588235294,0.0117647058823529,59787.0,2.733812949640288,0,Test
1102,25429,20231023,74020908.0,0,0,0,0,150,116.0,0,0.7733333333333333,0.0,53908.0,3.767241379310345,0,Control
1103,25432,20231023,74020920.0,0,0,0,0,466,327.0,7,0.7017167381974249,0.0150214592274678,118662.0,2.5076452599388377,0,Control
1104,25438,20231023,74020960.0,0,0,0,0,432,171.0,0,0.3958333333333333,0.0,59955.0,3.298245614035089,0,Test
1105,25439,20231023,74020961.0,0,0,0,0,183,68.0,1,0.3715846994535519,0.0054644808743169,32240.0,4.0588235294117645,0,Control
1106,25451,20231023,74021008.0,0,0,0,0,829,702.0,7,0.8468033775633294,0.008443908323281,275313.0,2.7905982905982945,0,Control
1107,25484,20231023,74021099.0,0,0,0,0,135,98.0,2,0.725925925925926,0.0148148148148148,42482.0,3.102040816326531,0,Control
1108,25490,20231023,74021105.0,0,0,0,0,136,77.0,0,0.5661764705882353,0.0,53954.0,4.415584415584415,0,Test
1109,25541,20231023,74021211.0,0,0,0,0,240,120.0,0,0.5,0.0,86183.0,5.666666666666668,0,Control
1110,25580,20231023,74021302.0,0,0,0,0,248,148.0,7,0.5967741935483871,0.0282258064516129,78011.0,3.101351351351352,0,Test
1111,25607,20231023,74021353.0,0,0,0,0,839,697.0,13,0.8307508939213349,0.0154946364719904,293295.0,2.7790530846484924,0,Control
1112,25660,20231023,74021462.0,0,0,0,0,118,77.0,1,0.652542372881356,0.0084745762711864,38536.0,3.7662337662337655,0,Control
1113,25670,20231023,74021481.0,0,0,0,0,302,220.0,2,0.7284768211920529,0.0066225165562913,85928.0,2.7954545454545467,0,Control
1114,25756,20231023,74021639.0,0,0,0,0,234,158.0,2,0.6752136752136753,0.0085470085470085,76567.0,3.170886075949366,0,Test
1115,25786,20231023,74021733.0,0,0,0,0,288,241.0,5,0.8368055555555556,0.0173611111111111,172501.0,4.431535269709544,0,Control
1116,25790,20231023,74021738.0,0,0,0,0,202,117.0,0,0.5792079207920792,0.0,80668.0,3.871794871794871,0,Test
1117,25845,20231023,74021823.0,0,0,0,0,226,118.0,1,0.5221238938053098,0.0044247787610619,100645.0,4.2711864406779645,0,Test
1118,25874,20231023,74021880.0,0,0,0,0,143,63.0,0,0.4405594405594406,0.0,40743.0,3.07936507936508,0,Test
1119,25894,20231023,74021914.0,0,0,0,0,734,614.0,3,0.8365122615803815,0.0040871934604904,213207.0,2.4625407166123816,0,Test
1120,25898,20231023,74021919.0,0,0,0,0,482,407.0,6,0.8443983402489627,0.0124481327800829,155450.0,2.773955773955774,0,Control
1121,25904,20231023,74021928.0,0,0,0,0,129,82.0,1,0.6356589147286822,0.0077519379844961,38736.0,3.365853658536585,0,Test
1122,25931,20231023,74021975.0,0,0,0,0,180,129.0,4,0.7166666666666667,0.0222222222222222,54748.0,2.9767441860465107,0,Test
1123,25934,20231023,74021978.0,0,0,0,0,129,88.0,0,0.6821705426356589,0.0,48902.0,3.090909090909092,0,Test
1124,25965,20231023,74214453.0,0,0,0,0,579,438.0,6,0.7564766839378239,0.0103626943005181,213486.0,3.082191780821917,0,Control
1125,25969,20231023,74215106.0,0,0,0,0,727,602.0,7,0.828060522696011,0.0096286107290233,217695.0,2.5598006644518256,0,Test
1126,26026,20231023,74220627.0,0,0,0,0,93,72.0,3,0.7741935483870968,0.032258064516129,41733.0,3.90277777777778,0,Control
1127,26060,20231023,74220822.0,0,0,0,0,467,283.0,1,0.6059957173447538,0.0021413276231263,148337.0,3.2756183745583027,0,Control
1128,26078,20231023,74220910.0,0,0,0,0,384,181.0,5,0.4713541666666667,0.0130208333333333,104431.0,3.226519337016575,0,Control
1129,26106,20231023,74221041.0,0,0,0,0,402,322.0,4,0.8009950248756219,0.0099502487562189,135063.0,2.8105590062111814,0,Control
1130,26177,20231023,74221472.0,0,0,0,0,152,100.0,2,0.6578947368421053,0.0131578947368421,50579.0,3.3599999999999994,0,Control
1131,26201,20231023,74321666.0,0,0,0,0,693,538.0,12,0.7763347763347763,0.0173160173160173,206818.0,2.663568773234199,0,Test
1132,26203,20231023,74321670.0,0,0,0,0,1123,843.0,11,0.7506678539626002,0.0097951914514692,305106.0,2.6393831553973905,0,Test
1133,26224,20231023,74321719.0,0,0,0,0,189,145.0,5,0.7671957671957672,0.0264550264550264,50503.0,2.544827586206897,0,Control
1134,26226,20231023,74321722.0,0,0,0,0,357,261.0,4,0.7310924369747899,0.011204481792717,121630.0,3.218390804597701,0,Control
1135,26289,20231023,74321861.0,0,0,0,0,170,80.0,1,0.4705882352941176,0.0058823529411764,32803.0,2.65,0,Control
1136,26293,20231023,74321865.0,0,0,0,0,212,164.0,2,0.7735849056603774,0.0094339622641509,76742.0,2.920731707317073,0,Control
1137,26320,20231023,74321910.0,0,0,0,0,217,181.0,2,0.8341013824884793,0.0092165898617511,74041.0,2.961325966850829,0,Control
1138,26338,20231024,74013270.0,0,0,0,0,1097,901.0,22,0.821330902461258,0.0200546946216955,370846.0,2.846836847946727,0,Test
1139,26351,20231024,74013406.0,0,0,0,0,145,110.0,3,0.7586206896551724,0.0206896551724137,43217.0,2.745454545454545,0,Control
1140,26382,20231024,74016847.0,0,0,0,0,967,706.0,11,0.7300930713547052,0.0113753877973112,252637.0,2.526912181303117,0,Control
1141,26391,20231024,74020378.0,0,0,0,0,435,270.0,6,0.6206896551724138,0.0137931034482758,143774.0,3.218518518518517,0,Test
1142,26398,20231024,74020395.0,0,0,0,0,697,486.0,13,0.697274031563845,0.018651362984218,184340.0,2.681069958847738,0,Test
1143,26434,20231024,74020492.0,0,0,0,0,967,775.0,11,0.8014477766287487,0.0113753877973112,348691.0,3.1225806451612925,0,Control
1144,26450,20231024,74020551.0,0,0,0,0,296,222.0,3,0.75,0.0101351351351351,112893.0,3.4414414414414427,0,Test
1145,26478,20231024,74020634.0,0,0,0,0,144,127.0,0,0.8819444444444444,0.0,58589.0,3.125984251968505,0,Test
1146,26485,20231024,74020653.0,0,0,0,0,194,127.0,2,0.654639175257732,0.0103092783505154,53848.0,2.7716535433070875,0,Test
1147,26490,20231024,74020660.0,0,0,0,0,76,59.0,1,0.7763157894736842,0.0131578947368421,26872.0,3.16949152542373,0,Test
1148,26497,20231024,74020667.0,0,0,0,0,163,134.0,0,0.8220858895705522,0.0,83487.0,3.559701492537313,0,Test
1149,26555,20231024,74020828.0,0,0,0,0,422,362.0,5,0.8578199052132701,0.0118483412322274,144988.0,2.83977900552486,0,Test
1150,26564,20231024,74020871.0,0,0,0,0,177,140.0,6,0.7909604519774012,0.0338983050847457,69993.0,3.45,0,Test
1151,26578,20231024,74020908.0,0,0,0,0,125,99.0,0,0.792,0.0,45987.0,3.6262626262626254,0,Control
1152,26581,20231024,74020920.0,0,0,0,0,550,388.0,4,0.7054545454545454,0.0072727272727272,129761.0,2.5309278350515467,0,Control
1153,26587,20231024,74020960.0,0,0,0,0,486,200.0,4,0.411522633744856,0.0082304526748971,75987.0,3.33,0,Test
1154,26588,20231024,74020961.0,0,0,0,0,159,55.0,1,0.3459119496855345,0.0062893081761006,23166.0,4.090909090909091,0,Control
1155,26600,20231024,74021008.0,0,0,0,0,917,783.0,10,0.8538713195201745,0.0109051254089422,322530.0,2.882503192848019,0,Control
1156,26633,20231024,74021099.0,0,0,0,0,94,72.0,1,0.7659574468085106,0.0106382978723404,42211.0,4.236111111111111,0,Control
1157,26639,20231024,74021105.0,0,0,0,0,146,108.0,1,0.7397260273972602,0.0068493150684931,78101.0,4.240740740740741,0,Test
1158,26690,20231024,74021211.0,0,0,0,0,150,75.0,1,0.5,0.0066666666666666,49073.0,5.36,0,Control
1159,26729,20231024,74021302.0,0,0,0,0,276,190.0,1,0.6884057971014492,0.0036231884057971,95946.0,3.063157894736842,0,Test
1160,26756,20231024,74021353.0,0,0,0,0,904,718.0,10,0.7942477876106194,0.0110619469026548,291537.0,2.821727019498604,0,Control
1161,26809,20231024,74021462.0,0,0,0,0,111,88.0,4,0.7927927927927928,0.036036036036036,44724.0,3.556818181818182,0,Control
1162,26819,20231024,74021481.0,0,0,0,0,313,235.0,3,0.7507987220447284,0.0095846645367412,95803.0,2.812765957446808,0,Control
1163,26905,20231024,74021639.0,0,0,0,0,306,224.0,4,0.7320261437908496,0.0130718954248366,97373.0,2.892857142857141,0,Test
1164,26935,20231024,74021733.0,0,0,0,0,268,217.0,2,0.8097014925373134,0.0074626865671641,136506.0,4.147465437788015,0,Control
1165,26939,20231024,74021738.0,0,0,0,0,194,123.0,2,0.634020618556701,0.0103092783505154,95603.0,4.154471544715448,0,Test
1166,26994,20231024,74021823.0,0,0,0,0,189,127.0,0,0.671957671957672,0.0,100124.0,4.055118110236221,0,Test
1167,27023,20231024,74021880.0,0,0,0,0,171,61.0,2,0.3567251461988304,0.0116959064327485,48688.0,3.9180327868852456,0,Test
1168,27043,20231024,74021914.0,0,0,0,0,747,662.0,1,0.8862115127175368,0.001338688085676,230232.0,2.506042296072509,0,Test
1169,27047,20231024,74021919.0,0,0,0,0,700,595.0,10,0.85,0.0142857142857142,224527.0,2.6806722689075606,0,Control
1170,27053,20231024,74021928.0,0,0,0,0,111,74.0,0,0.6666666666666666,0.0,35362.0,3.2432432432432425,0,Test
1171,27080,20231024,74021975.0,0,0,0,0,198,148.0,2,0.7474747474747475,0.0101010101010101,58461.0,3.0540540540540526,0,Test
1172,27083,20231024,74021978.0,0,0,0,0,122,87.0,1,0.7131147540983607,0.0081967213114754,53341.0,3.7471264367816097,0,Test
1173,27114,20231024,74214453.0,0,0,0,0,644,475.0,2,0.7375776397515528,0.0031055900621118,231184.0,2.96842105263158,0,Control
1174,27118,20231024,74215106.0,0,0,0,0,793,645.0,6,0.8133669609079445,0.0075662042875157,226166.0,2.544186046511628,0,Test
1175,27174,20231024,74220627.0,0,0,0,0,108,89.0,2,0.8240740740740741,0.0185185185185185,47697.0,3.4719101123595517,0,Control
1176,27208,20231024,74220822.0,0,0,0,0,467,297.0,1,0.6359743040685225,0.0021413276231263,148349.0,3.3973063973063997,0,Control
1177,27226,20231024,74220910.0,0,0,0,0,418,155.0,4,0.3708133971291866,0.0095693779904306,89478.0,3.367741935483871,0,Control
1178,27254,20231024,74221041.0,0,0,0,0,411,321.0,6,0.781021897810219,0.0145985401459854,146900.0,2.9750778816199377,0,Control
1179,27325,20231024,74221472.0,0,0,0,0,191,144.0,2,0.7539267015706806,0.0104712041884816,67511.0,3.333333333333333,0,Control
1180,27349,20231024,74321666.0,0,0,0,0,696,541.0,13,0.7772988505747126,0.0186781609195402,202616.0,2.685767097966727,0,Test
1181,27351,20231024,74321670.0,0,0,0,0,1186,941.0,24,0.7934232715008431,0.0202360876897133,345382.0,2.5430393198724754,0,Test
1182,27372,20231024,74321719.0,0,0,0,0,176,132.0,2,0.75,0.0113636363636363,53092.0,2.75,0,Control
1183,27374,20231024,74321722.0,0,0,0,0,370,285.0,5,0.7702702702702703,0.0135135135135135,129245.0,3.1543859649122785,0,Control
1184,27437,20231024,74321861.0,0,0,0,0,153,110.0,3,0.7189542483660131,0.0196078431372549,60339.0,3.5727272727272728,0,Control
1185,27441,20231024,74321865.0,0,0,0,0,231,160.0,4,0.6926406926406926,0.0173160173160173,80937.0,3.112499999999999,0,Control
1186,27468,20231024,74321910.0,0,0,0,0,250,196.0,1,0.784,0.004,83075.0,3.096938775510204,0,Control
1187,27485,20231025,74013270.0,0,0,0,0,1125,922.0,17,0.8195555555555556,0.0151111111111111,376355.0,2.6681127982646493,0,Test
1188,27498,20231025,74013406.0,0,0,0,0,166,111.0,2,0.6686746987951807,0.0120481927710843,45896.0,2.8198198198198203,0,Control
1189,27529,20231025,74016847.0,0,0,0,0,1102,812.0,15,0.7368421052631579,0.013611615245009,292097.0,2.5628078817733977,0,Control
1190,27538,20231025,74020378.0,0,0,0,0,477,284.0,2,0.5953878406708596,0.0041928721174004,148969.0,3.4295774647887334,0,Test
1191,27545,20231025,74020395.0,0,0,0,0,1026,602.0,7,0.5867446393762183,0.0068226120857699,236303.0,2.802325581395348,0,Test
1192,27581,20231025,74020492.0,0,0,0,0,999,837.0,16,0.8378378378378378,0.016016016016016,368077.0,3.106332138590201,0,Control
1193,27597,20231025,74020551.0,0,0,0,0,363,239.0,2,0.6584022038567493,0.0055096418732782,117280.0,3.384937238493726,0,Test
1194,27625,20231025,74020634.0,0,0,0,0,150,113.0,0,0.7533333333333333,0.0,55093.0,3.4247787610619485,0,Test
1195,27632,20231025,74020653.0,0,0,0,0,176,107.0,4,0.6079545454545454,0.0227272727272727,49312.0,2.934579439252337,0,Test
1196,27637,20231025,74020660.0,0,0,0,0,146,101.0,0,0.6917808219178082,0.0,50771.0,3.396039603960397,0,Test
1197,27644,20231025,74020667.0,0,0,0,0,205,167.0,0,0.8146341463414634,0.0,103590.0,3.287425149700599,0,Test
1198,27702,20231025,74020828.0,0,0,0,0,462,410.0,6,0.8874458874458875,0.0129870129870129,164725.0,2.895121951219512,0,Test
1199,27711,20231025,74020871.0,0,0,0,0,178,145.0,1,0.8146067415730337,0.0056179775280898,61922.0,2.9103448275862056,0,Test
1200,27725,20231025,74020908.0,0,0,0,0,150,120.0,1,0.8,0.0066666666666666,54238.0,3.808333333333332,0,Control
1201,27728,20231025,74020920.0,0,0,0,0,573,440.0,3,0.7678883071553229,0.0052356020942408,177707.0,2.6818181818181834,0,Control
1202,27734,20231025,74020960.0,0,0,0,0,445,322.0,5,0.7235955056179775,0.0112359550561797,178373.0,3.4565217391304364,0,Test
1203,27735,20231025,74020961.0,0,0,0,0,168,120.0,0,0.7142857142857143,0.0,69839.0,3.9166666666666674,0,Control
1204,27747,20231025,74021008.0,0,0,0,0,908,782.0,10,0.8612334801762115,0.0110132158590308,330584.0,2.921994884910488,0,Control
1205,27780,20231025,74021099.0,0,0,0,0,161,114.0,1,0.7080745341614907,0.0062111801242236,54044.0,3.298245614035089,0,Control
1206,27786,20231025,74021105.0,0,0,0,0,145,97.0,4,0.6689655172413793,0.0275862068965517,60511.0,3.762886597938144,0,Test
1207,27837,20231025,74021211.0,0,0,0,0,159,105.0,0,0.660377358490566,0.0,75468.0,5.380952380952381,0,Control
1208,27876,20231025,74021302.0,0,0,0,0,272,186.0,2,0.6838235294117647,0.0073529411764705,84953.0,2.833333333333333,0,Test
1209,27903,20231025,74021353.0,0,0,0,0,972,774.0,11,0.7962962962962963,0.0113168724279835,295087.0,2.706718346253232,0,Control
1210,27956,20231025,74021462.0,0,0,0,0,127,95.0,1,0.7480314960629921,0.0078740157480314,50841.0,3.431578947368421,0,Control
1211,27966,20231025,74021481.0,0,0,0,0,304,227.0,2,0.7467105263157895,0.006578947368421,100799.0,3.004405286343613,0,Control
1212,28052,20231025,74021639.0,0,0,0,0,342,240.0,3,0.7017543859649122,0.0087719298245614,92572.0,2.683333333333332,0,Test
1213,28082,20231025,74021733.0,0,0,0,0,323,237.0,4,0.7337461300309598,0.0123839009287925,153057.0,4.071729957805906,0,Control
1214,28086,20231025,74021738.0,0,0,0,0,253,177.0,1,0.6996047430830039,0.0039525691699604,138099.0,4.271186440677965,0,Test
1215,28141,20231025,74021823.0,0,0,0,0,158,114.0,0,0.7215189873417721,0.0,80954.0,3.526315789473683,0,Test
1216,28170,20231025,74021880.0,0,0,0,0,45,18.0,0,0.4,0.0,10598.0,2.833333333333333,0,Test
1217,28190,20231025,74021914.0,0,0,0,0,741,619.0,8,0.835357624831309,0.0107962213225371,222116.0,2.578352180936995,0,Test
1218,28194,20231025,74021919.0,0,0,0,0,691,587.0,12,0.849493487698987,0.0173661360347322,226322.0,2.8296422487223154,0,Control
1219,28200,20231025,74021928.0,0,0,0,0,137,92.0,0,0.6715328467153284,0.0,39370.0,3.021739130434784,0,Test
1220,28227,20231025,74021975.0,0,0,0,0,216,159.0,1,0.7361111111111112,0.0046296296296296,69784.0,3.1320754716981125,0,Test
1221,28230,20231025,74021978.0,0,0,0,0,180,131.0,0,0.7277777777777777,0.0,69095.0,3.641221374045801,0,Test
1222,28261,20231025,74214453.0,0,0,0,0,631,501.0,6,0.7939778129952456,0.0095087163232963,255329.0,3.2435129740518978,0,Control
1223,28265,20231025,74215106.0,0,0,0,0,799,655.0,11,0.8197747183979975,0.013767209011264,241223.0,2.6030534351145005,0,Test
1224,28321,20231025,74220627.0,0,0,0,0,145,103.0,2,0.7103448275862069,0.0137931034482758,50305.0,3.3106796116504853,0,Control
1225,28355,20231025,74220822.0,0,0,0,0,503,353.0,5,0.7017892644135189,0.0099403578528827,173328.0,3.410764872521247,0,Control
1226,28373,20231025,74220910.0,0,0,0,0,476,210.0,4,0.4411764705882353,0.0084033613445378,105431.0,3.2380952380952355,0,Control
1227,28401,20231025,74221041.0,0,0,0,0,456,362.0,5,0.793859649122807,0.0109649122807017,158664.0,2.790055248618783,0,Control
1228,28472,20231025,74221472.0,0,0,0,0,182,137.0,4,0.7527472527472527,0.0219780219780219,60950.0,3.10948905109489,0,Control
1229,28496,20231025,74321666.0,0,0,0,0,765,557.0,9,0.7281045751633987,0.0117647058823529,213570.0,2.698384201077201,0,Test
1230,28498,20231025,74321670.0,0,0,0,0,1253,826.0,15,0.659217877094972,0.0119712689545091,301654.0,2.628329297820824,0,Test
1231,28519,20231025,74321719.0,0,0,0,0,198,144.0,1,0.7272727272727273,0.005050505050505,64319.0,3.2083333333333326,0,Control
1232,28521,20231025,74321722.0,0,0,0,0,458,330.0,5,0.7205240174672489,0.0109170305676855,162262.0,3.2212121212121207,0,Control
1233,28584,20231025,74321861.0,0,0,0,0,160,129.0,5,0.80625,0.03125,68962.0,3.4573643410852712,0,Control
1234,28588,20231025,74321865.0,0,0,0,0,227,161.0,4,0.7092511013215859,0.0176211453744493,71428.0,3.0062111801242235,0,Control
1235,28615,20231025,74321910.0,0,0,0,0,240,180.0,1,0.75,0.0041666666666666,70347.0,2.777777777777777,0,Control
1236,28633,20231026,74013270.0,0,0,0,0,1103,873.0,19,0.7914777878513146,0.0172257479601087,375402.0,2.930126002290951,0,Test
1237,28646,20231026,74013406.0,0,0,0,0,187,145.0,0,0.7754010695187166,0.0,59929.0,2.93793103448276,0,Control
1238,28677,20231026,74016847.0,0,0,0,0,1097,806.0,11,0.7347310847766636,0.0100273473108477,284950.0,2.533498759305208,0,Control
1239,28686,20231026,74020378.0,0,0,0,0,464,284.0,5,0.6120689655172413,0.0107758620689655,149478.0,3.362676056338027,0,Test
1240,28693,20231026,74020395.0,0,0,0,0,786,576.0,15,0.732824427480916,0.0190839694656488,225050.0,2.751736111111112,0,Test
1241,28729,20231026,74020492.0,0,0,0,0,950,788.0,17,0.8294736842105264,0.0178947368421052,373388.0,3.1535532994923834,0,Control
1242,28745,20231026,74020551.0,0,0,0,0,333,223.0,4,0.6696696696696697,0.012012012012012,107905.0,3.4080717488789247,0,Test
1243,28773,20231026,74020634.0,0,0,0,0,157,139.0,0,0.8853503184713376,0.0,67706.0,3.2158273381294973,0,Test
1244,28780,20231026,74020653.0,0,0,0,0,227,130.0,2,0.5726872246696035,0.0088105726872246,52254.0,2.576923076923077,0,Test
1245,28784,20231026,74020660.0,0,0,0,0,106,76.0,1,0.7169811320754716,0.0094339622641509,32825.0,2.960526315789474,0,Test
1246,28791,20231026,74020667.0,0,0,0,0,178,152.0,2,0.8539325842696629,0.0112359550561797,82723.0,3.335526315789474,0,Test
1247,28849,20231026,74020828.0,0,0,0,0,461,374.0,6,0.8112798264642083,0.0130151843817787,153357.0,2.877005347593581,0,Test
1248,28858,20231026,74020871.0,0,0,0,0,202,153.0,10,0.7574257425742574,0.0495049504950495,69645.0,3.052287581699346,0,Test
1249,28872,20231026,74020908.0,0,0,0,0,144,106.0,1,0.7361111111111112,0.0069444444444444,55253.0,4.150943396226416,0,Control
1250,28875,20231026,74020920.0,0,0,0,0,528,414.0,4,0.7840909090909091,0.0075757575757575,177056.0,2.7826086956521725,0,Control
1251,28881,20231026,74020960.0,0,0,0,0,557,378.0,7,0.6786355475763016,0.0125673249551166,182138.0,3.0846560846560886,0,Test
1252,28882,20231026,74020961.0,0,0,0,0,192,137.0,0,0.7135416666666666,0.0,89212.0,4.240875912408756,0,Control
1253,28894,20231026,74021008.0,0,0,0,0,911,791.0,12,0.8682766190998902,0.0131723380900109,336001.0,2.9747155499367905,0,Control
1254,28927,20231026,74021099.0,0,0,0,0,134,106.0,1,0.7910447761194029,0.0074626865671641,51944.0,3.5660377358490574,0,Control
1255,28933,20231026,74021105.0,0,0,0,0,147,109.0,2,0.7414965986394558,0.0136054421768707,73539.0,4.174311926605504,0,Test
1256,28984,20231026,74021211.0,0,0,0,0,124,95.0,0,0.7661290322580645,0.0,72087.0,5.589473684210528,0,Control
1257,29023,20231026,74021302.0,0,0,0,0,264,196.0,2,0.7424242424242424,0.0075757575757575,95527.0,3.239795918367346,0,Test
1258,29050,20231026,74021353.0,0,0,0,0,1050,872.0,11,0.8304761904761905,0.0104761904761904,358693.0,2.8749999999999987,0,Control
1259,29103,20231026,74021462.0,0,0,0,0,122,95.0,2,0.7786885245901639,0.0163934426229508,45112.0,3.2421052631578946,0,Control
1260,29113,20231026,74021481.0,0,0,0,0,111,72.0,2,0.6486486486486487,0.018018018018018,27966.0,2.7222222222222223,0,Control
1261,29199,20231026,74021639.0,0,0,0,0,289,218.0,1,0.754325259515571,0.0034602076124567,101269.0,3.0091743119266083,0,Test
1262,29229,20231026,74021733.0,0,0,0,0,305,251.0,7,0.8229508196721311,0.0229508196721311,168473.0,4.350597609561753,0,Control
1263,29233,20231026,74021738.0,0,0,0,0,269,179.0,1,0.6654275092936803,0.0037174721189591,143114.0,4.35754189944134,0,Test
1264,29288,20231026,74021823.0,0,0,0,0,183,124.0,0,0.6775956284153005,0.0,98003.0,3.919354838709676,0,Test
1265,29317,20231026,74021880.0,0,0,0,0,83,30.0,0,0.3614457831325301,0.0,21420.0,3.2666666666666666,0,Test
1266,29337,20231026,74021914.0,0,0,0,0,732,639.0,10,0.8729508196721312,0.0136612021857923,232679.0,2.630672926447574,0,Test
1267,29341,20231026,74021919.0,0,0,0,0,726,628.0,11,0.8650137741046832,0.0151515151515151,236946.0,2.828025477707002,0,Control
1268,29347,20231026,74021928.0,0,0,0,0,167,116.0,1,0.6946107784431138,0.0059880239520958,50365.0,3.008620689655173,0,Test
1269,29374,20231026,74021975.0,0,0,0,0,225,164.0,3,0.7288888888888889,0.0133333333333333,68240.0,3.3231707317073176,0,Test
1270,29377,20231026,74021978.0,0,0,0,0,154,119.0,0,0.7727272727272727,0.0,65424.0,3.521008403361344,0,Test
1271,29408,20231026,74214453.0,0,0,0,0,656,509.0,5,0.7759146341463414,0.0076219512195121,261294.0,3.2848722986247534,0,Control
1272,29412,20231026,74215106.0,0,0,0,0,877,747.0,12,0.8517673888255416,0.0136830102622576,284350.0,2.6921017402945138,0,Test
1273,29470,20231026,74220627.0,0,0,0,0,143,113.0,1,0.7902097902097902,0.0069930069930069,60650.0,3.5044247787610634,0,Control
1274,29504,20231026,74220822.0,0,0,0,0,532,374.0,7,0.7030075187969925,0.0131578947368421,195959.0,3.56417112299465,0,Control
1275,29522,20231026,74220910.0,0,0,0,0,618,306.0,8,0.4951456310679611,0.0129449838187702,140497.0,2.986928104575159,0,Control
1276,29550,20231026,74221041.0,0,0,0,0,423,343.0,8,0.8108747044917257,0.0189125295508274,159172.0,3.014577259475219,0,Control
1277,29621,20231026,74221472.0,0,0,0,0,166,124.0,2,0.7469879518072289,0.0120481927710843,60064.0,3.3467741935483875,0,Control
1278,29645,20231026,74321666.0,0,0,0,0,838,655.0,14,0.7816229116945107,0.0167064439140811,249986.0,2.706870229007632,0,Test
1279,29647,20231026,74321670.0,0,0,0,0,1281,971.0,17,0.7580015612802498,0.0132708821233411,370738.0,2.6189495365602475,0,Test
1280,29668,20231026,74321719.0,0,0,0,0,219,153.0,4,0.6986301369863014,0.0182648401826484,50132.0,2.6078431372549016,0,Control
1281,29670,20231026,74321722.0,0,0,0,0,464,341.0,3,0.7349137931034483,0.0064655172413793,161450.0,3.020527859237536,0,Control
1282,29732,20231026,74321861.0,0,0,0,0,190,141.0,5,0.7421052631578947,0.0263157894736842,69386.0,3.617021276595744,0,Control
1283,29736,20231026,74321865.0,0,0,0,0,250,181.0,4,0.724,0.016,86772.0,2.8729281767955808,0,Control
1284,29763,20231026,74321910.0,0,0,0,0,222,189.0,0,0.8513513513513513,0.0,85906.0,3.105820105820106,0,Control
1285,29781,20231027,74013270.0,0,0,0,0,1174,871.0,26,0.74190800681431,0.0221465076660988,424372.0,3.223880597014927,0,Test
1286,29794,20231027,74013406.0,0,0,0,0,178,109.0,2,0.6123595505617978,0.0112359550561797,48299.0,3.073394495412844,0,Control
1287,29825,20231027,74016847.0,0,0,0,0,883,597.0,11,0.6761041902604756,0.0124575311438278,233466.0,2.8040201005025147,0,Control
1288,29834,20231027,74020378.0,0,0,0,0,452,306.0,2,0.6769911504424779,0.0044247787610619,170478.0,3.486928104575163,0,Test
1289,29841,20231027,74020395.0,0,0,0,0,824,550.0,10,0.6674757281553398,0.012135922330097,211262.0,2.839999999999998,0,Test
1290,29860,20231027,74020449.0,0,0,0,0,390,210.0,4,0.5384615384615384,0.0102564102564102,102724.0,3.29047619047619,0,Test
1291,29877,20231027,74020492.0,0,0,0,0,1196,961.0,15,0.8035117056856187,0.0125418060200668,437664.0,3.2101977107180053,0,Control
1292,29893,20231027,74020551.0,0,0,0,0,443,312.0,6,0.7042889390519187,0.0135440180586907,148504.0,3.2916666666666665,0,Test
1293,29921,20231027,74020634.0,0,0,0,0,195,153.0,1,0.7846153846153846,0.0051282051282051,83533.0,3.640522875816994,0,Test
1294,29928,20231027,74020653.0,0,0,0,0,229,145.0,2,0.6331877729257642,0.0087336244541484,69364.0,3.1103448275862084,0,Test
1295,29933,20231027,74020660.0,0,0,0,0,105,73.0,4,0.6952380952380952,0.0380952380952381,35084.0,3.150684931506849,0,Test
1296,29940,20231027,74020667.0,0,0,0,0,227,168.0,0,0.7400881057268722,0.0,104540.0,3.416666666666666,0,Test
1297,29998,20231027,74020828.0,0,0,0,0,439,377.0,5,0.8587699316628702,0.0113895216400911,178200.0,3.3952254641909807,0,Test
1298,30007,20231027,74020871.0,0,0,0,0,250,171.0,5,0.684,0.02,81550.0,3.064327485380117,0,Test
1299,30021,20231027,74020908.0,0,0,0,0,224,135.0,1,0.6026785714285714,0.0044642857142857,59657.0,3.577777777777779,0,Control
1300,30024,20231027,74020920.0,0,0,0,0,696,492.0,11,0.7068965517241379,0.0158045977011494,216274.0,2.721544715447157,0,Control
1301,30030,20231027,74020960.0,0,0,0,0,663,456.0,5,0.6877828054298643,0.0075414781297134,216888.0,3.2149122807017534,0,Test
1302,30031,20231027,74020961.0,0,0,0,0,241,172.0,1,0.7136929460580913,0.0041493775933609,112626.0,4.040697674418605,0,Control
1303,30043,20231027,74021008.0,0,0,0,0,940,793.0,5,0.8436170212765958,0.0053191489361702,334581.0,2.9962168978562405,0,Control
1304,30076,20231027,74021099.0,0,0,0,0,171,120.0,3,0.7017543859649122,0.0175438596491228,63908.0,4.025,0,Control
1305,30082,20231027,74021105.0,0,0,0,0,149,107.0,2,0.7181208053691275,0.0134228187919463,74222.0,3.971962616822431,0,Test
1306,30133,20231027,74021211.0,0,0,0,0,177,130.0,2,0.7344632768361582,0.0112994350282485,87217.0,5.0153846153846136,0,Control
1307,30172,20231027,74021302.0,0,0,0,0,334,279.0,3,0.8353293413173652,0.0089820359281437,127952.0,2.9820788530465943,0,Test
1308,30199,20231027,74021353.0,0,0,0,0,631,514.0,6,0.8145800316957211,0.0095087163232963,203943.0,2.7315175097276256,0,Control
1309,30252,20231027,74021462.0,0,0,0,0,168,118.0,2,0.7023809523809523,0.0119047619047619,65039.0,3.6610169491525415,0,Control
1310,30262,20231027,74021481.0,0,0,0,0,410,307.0,1,0.748780487804878,0.0024390243902439,124199.0,2.882736156351792,0,Control
1311,30348,20231027,74021639.0,0,0,0,0,375,270.0,4,0.72,0.0106666666666666,129078.0,3.170370370370372,0,Test
1312,30378,20231027,74021733.0,0,0,0,0,334,269.0,8,0.8053892215568862,0.0239520958083832,193420.0,4.446096654275097,0,Control
1313,30382,20231027,74021738.0,0,0,0,0,417,270.0,1,0.6474820143884892,0.0023980815347721,220866.0,4.303703703703702,0,Test
1314,30437,20231027,74021823.0,0,0,0,0,188,126.0,0,0.6702127659574468,0.0,103923.0,4.055555555555557,0,Test
1315,30466,20231027,74021880.0,0,0,0,0,144,78.0,2,0.5416666666666666,0.0138888888888888,62032.0,3.5641025641025643,0,Test
1316,30486,20231027,74021914.0,0,0,0,0,685,558.0,4,0.8145985401459854,0.0058394160583941,210912.0,2.7634408602150557,0,Test
1317,30490,20231027,74021919.0,0,0,0,0,773,606.0,14,0.7839586028460543,0.0181112548512289,232001.0,2.820132013201321,0,Control
1318,30496,20231027,74021928.0,0,0,0,0,201,137.0,2,0.681592039800995,0.0099502487562189,61679.0,3.1605839416058386,0,Test
1319,30523,20231027,74021975.0,0,0,0,0,115,72.0,0,0.6260869565217392,0.0,26840.0,3.027777777777778,0,Test
1320,30526,20231027,74021978.0,0,0,0,0,203,141.0,1,0.6945812807881774,0.0049261083743842,89146.0,3.8794326241134742,0,Test
1321,30557,20231027,74214453.0,0,0,0,0,741,553.0,7,0.7462887989203779,0.0094466936572199,288010.0,3.2151898734177218,0,Control
1322,30561,20231027,74215106.0,0,0,0,0,889,689.0,10,0.7750281214848144,0.0112485939257592,267709.0,2.741654571843252,0,Test
1323,30618,20231027,74220627.0,0,0,0,0,162,116.0,1,0.7160493827160493,0.0061728395061728,60633.0,3.7068965517241375,0,Control
1324,30652,20231027,74220822.0,0,0,0,0,667,461.0,6,0.6911544227886057,0.0089955022488755,245235.0,3.490238611713666,0,Control
1325,30670,20231027,74220910.0,0,0,0,0,716,348.0,3,0.4860335195530726,0.0041899441340782,198390.0,3.21264367816092,0,Control
1326,30698,20231027,74221041.0,0,0,0,0,503,381.0,6,0.757455268389662,0.0119284294234592,186955.0,3.181102362204728,0,Control
1327,30769,20231027,74221472.0,0,0,0,0,203,133.0,2,0.6551724137931034,0.0098522167487684,57238.0,3.1127819548872178,0,Control
1328,30793,20231027,74321666.0,0,0,0,0,924,614.0,10,0.6645021645021645,0.0108225108225108,237337.0,2.7866449511400657,0,Test
1329,30795,20231027,74321670.0,0,0,0,0,1331,1007.0,17,0.7565740045078888,0.0127723516153268,395877.0,2.734856007944394,0,Test
1330,30816,20231027,74321719.0,0,0,0,0,326,228.0,4,0.6993865030674846,0.0122699386503067,85119.0,2.710526315789473,0,Control
1331,30818,20231027,74321722.0,0,0,0,0,500,364.0,8,0.728,0.016,187526.0,3.4340659340659343,0,Control
1332,30881,20231027,74321861.0,0,0,0,0,254,173.0,1,0.6811023622047244,0.0039370078740157,86085.0,3.248554913294797,0,Control
1333,30885,20231027,74321865.0,0,0,0,0,339,245.0,8,0.7227138643067846,0.023598820058997,120248.0,3.1510204081632653,0,Control
1334,30912,20231027,74321910.0,0,0,0,0,285,215.0,2,0.7543859649122807,0.0070175438596491,91752.0,2.9534883720930254,0,Control
1335,30930,20231028,74013270.0,0,0,0,0,929,737.0,21,0.7933261571582346,0.022604951560818,379612.0,3.321573948439619,0,Test
1336,30943,20231028,74013406.0,0,0,0,0,257,206.0,2,0.8015564202334631,0.0077821011673151,96844.0,3.334951456310681,0,Control
1337,30974,20231028,74016847.0,0,0,0,0,950,654.0,10,0.6884210526315789,0.0105263157894736,276749.0,2.8516819571865466,0,Control
1338,30983,20231028,74020378.0,0,0,0,0,882,602.0,5,0.6825396825396826,0.0056689342403628,330994.0,3.596345514950165,0,Test
1339,30990,20231028,74020395.0,0,0,0,0,695,471.0,9,0.6776978417266187,0.0129496402877697,215015.0,3.2208067940552,0,Test
1340,31009,20231028,74020449.0,0,0,0,0,618,460.0,6,0.7443365695792881,0.0097087378640776,226167.0,3.5108695652173907,0,Test
1341,31026,20231028,74020492.0,0,0,0,0,1257,1051.0,13,0.8361177406523469,0.0103420843277645,545874.0,3.803044719314935,0,Control
1342,31042,20231028,74020551.0,0,0,0,0,508,320.0,1,0.6299212598425197,0.0019685039370078,162924.0,3.556249999999999,0,Test
1343,31070,20231028,74020634.0,0,0,0,0,251,220.0,0,0.8764940239043825,0.0,127740.0,3.7363636363636368,0,Test
1344,31077,20231028,74020653.0,0,0,0,0,356,250.0,4,0.702247191011236,0.0112359550561797,138820.0,3.400000000000001,0,Test
1345,31082,20231028,74020660.0,0,0,0,0,169,129.0,3,0.7633136094674556,0.0177514792899408,66281.0,3.3643410852713176,0,Test
1346,31089,20231028,74020667.0,0,0,0,0,262,212.0,3,0.8091603053435115,0.0114503816793893,133784.0,4.099056603773587,0,Test
1347,31147,20231028,74020828.0,0,0,0,0,450,372.0,7,0.8266666666666667,0.0155555555555555,168763.0,3.2231182795698925,0,Test
1348,31156,20231028,74020871.0,0,0,0,0,197,140.0,0,0.7106598984771574,0.0,67198.0,3.014285714285716,0,Test
1349,31170,20231028,74020908.0,0,0,0,0,212,169.0,1,0.7971698113207547,0.0047169811320754,86834.0,4.153846153846155,0,Control
1350,31173,20231028,74020920.0,0,0,0,0,570,393.0,7,0.6894736842105263,0.0122807017543859,185681.0,3.0966921119592845,0,Control
1351,31179,20231028,74020960.0,0,0,0,0,710,536.0,9,0.7549295774647887,0.0126760563380281,315597.0,3.876865671641796,0,Test
1352,31180,20231028,74020961.0,0,0,0,0,320,262.0,1,0.81875,0.003125,180315.0,4.3893129770992365,0,Control
1353,31192,20231028,74021008.0,0,0,0,0,924,783.0,3,0.8474025974025974,0.0032467532467532,351992.0,3.259259259259254,0,Control
1354,31225,20231028,74021099.0,0,0,0,0,325,265.0,7,0.8153846153846154,0.0215384615384615,148954.0,4.030188679245282,0,Control
1355,31231,20231028,74021105.0,0,0,0,0,166,126.0,0,0.7590361445783133,0.0,86165.0,4.269841269841269,0,Test
1356,31282,20231028,74021211.0,0,0,0,0,285,110.0,0,0.3859649122807017,0.0,72920.0,5.172727272727275,0,Control
1357,31321,20231028,74021302.0,0,0,0,0,421,337.0,5,0.8004750593824228,0.01187648456057,178276.0,3.540059347181008,0,Test
1358,31348,20231028,74021353.0,0,0,0,0,851,648.0,3,0.7614571092831962,0.0035252643948296,282873.0,3.067901234567902,0,Control
1359,31401,20231028,74021462.0,0,0,0,0,120,96.0,0,0.8,0.0,50073.0,3.3229166666666665,0,Control
1360,31411,20231028,74021481.0,0,0,0,0,403,339.0,2,0.8411910669975186,0.0049627791563275,148641.0,3.2979351032448383,0,Control
1361,31497,20231028,74021639.0,0,0,0,0,389,270.0,3,0.6940874035989717,0.0077120822622107,146223.0,3.466666666666666,0,Test
1362,31527,20231028,74021733.0,0,0,0,0,374,302.0,13,0.8074866310160428,0.03475935828877,227239.0,4.966887417218537,0,Control
1363,31531,20231028,74021738.0,0,0,0,0,545,374.0,2,0.6862385321100918,0.0036697247706422,312727.0,4.668449197860964,0,Test
1364,31585,20231028,74021823.0,0,0,0,0,307,218.0,1,0.7100977198697068,0.003257328990228,181279.0,4.275229357798164,0,Test
1365,31614,20231028,74021880.0,0,0,0,0,272,181.0,3,0.6654411764705882,0.0110294117647058,140435.0,3.61878453038674,0,Test
1366,31634,20231028,74021914.0,0,0,0,0,473,381.0,1,0.8054968287526427,0.0021141649048625,145191.0,2.68241469816273,0,Test
1367,31638,20231028,74021919.0,0,0,0,0,603,498.0,11,0.8258706467661692,0.0182421227197346,198431.0,2.7971887550200814,0,Control
1368,31644,20231028,74021928.0,0,0,0,0,497,281.0,2,0.5653923541247485,0.0040241448692152,136945.0,3.5836298932384327,0,Test
1369,31671,20231028,74021975.0,0,0,0,0,267,198.0,7,0.7415730337078652,0.0262172284644194,92979.0,3.4242424242424243,0,Test
1370,31674,20231028,74021978.0,0,0,0,0,285,209.0,2,0.7333333333333333,0.0070175438596491,107724.0,3.598086124401914,0,Test
1371,31705,20231028,74214453.0,0,0,0,0,915,741.0,12,0.8098360655737705,0.0131147540983606,438581.0,3.7732793522267216,0,Control
1372,31709,20231028,74215106.0,0,0,0,0,751,610.0,6,0.8122503328894807,0.0079893475366178,235690.0,2.86393442622951,0,Test
1373,31766,20231028,74220627.0,0,0,0,0,154,115.0,1,0.7467532467532467,0.0064935064935064,65771.0,3.800000000000002,0,Control
1374,31800,20231028,74220822.0,0,0,0,0,724,544.0,7,0.7513812154696132,0.0096685082872928,342416.0,4.16544117647059,0,Control
1375,31818,20231028,74220910.0,0,0,0,0,167,117.0,1,0.7005988023952096,0.0059880239520958,66788.0,3.256410256410256,0,Control
1376,31846,20231028,74221041.0,0,0,0,0,586,490.0,7,0.8361774744027304,0.0119453924914675,257021.0,3.483673469387756,0,Control
1377,31917,20231028,74221472.0,0,0,0,0,192,153.0,3,0.796875,0.015625,77912.0,3.372549019607844,0,Control
1378,31941,20231028,74321666.0,0,0,0,0,1140,911.0,12,0.7991228070175439,0.0105263157894736,371632.0,3.041712403951702,0,Test
1379,31943,20231028,74321670.0,0,0,0,0,904,656.0,15,0.7256637168141593,0.0165929203539823,262299.0,2.756097560975612,0,Test
1380,31964,20231028,74321719.0,0,0,0,0,313,226.0,3,0.7220447284345048,0.0095846645367412,86286.0,2.884955752212389,0,Control
1381,31966,20231028,74321722.0,0,0,0,0,600,478.0,5,0.7966666666666666,0.0083333333333333,258462.0,3.7322175732217584,0,Control
1382,32028,20231028,74321861.0,0,0,0,0,320,178.0,4,0.55625,0.0125,95132.0,3.758426966292134,0,Control
1383,32032,20231028,74321865.0,0,0,0,0,317,214.0,3,0.6750788643533123,0.0094637223974763,138599.0,3.8457943925233655,0,Control
1384,32059,20231028,74321910.0,0,0,0,0,355,296.0,0,0.8338028169014085,0.0,143109.0,3.378378378378377,0,Control
1385,32077,20231029,74013270.0,0,0,0,0,764,602.0,13,0.7879581151832461,0.0170157068062827,285564.0,3.1661129568106348,0,Test
1386,32090,20231029,74013406.0,0,0,0,0,187,150.0,9,0.8021390374331551,0.0481283422459893,78123.0,3.76,0,Control
1387,32121,20231029,74016847.0,0,0,0,0,793,535.0,5,0.6746532156368222,0.0063051702395964,225881.0,2.8224299065420566,0,Control
1388,32130,20231029,74020378.0,0,0,0,0,849,567.0,7,0.6678445229681979,0.0082449941107184,330016.0,3.8024691358024687,0,Test
1389,32137,20231029,74020395.0,0,0,0,0,444,325.0,5,0.7319819819819819,0.0112612612612612,146417.0,3.113846153846152,0,Test
1390,32156,20231029,74020449.0,0,0,0,0,871,595.0,3,0.6831228473019518,0.0034443168771526,292575.0,3.6151260504201703,0,Test
1391,32173,20231029,74020492.0,0,0,0,0,969,769.0,9,0.7936016511867905,0.0092879256965944,460314.0,4.22886866059818,0,Control
1392,32189,20231029,74020551.0,0,0,0,0,388,265.0,2,0.6829896907216495,0.0051546391752577,139718.0,3.811320754716981,0,Test
1393,32217,20231029,74020634.0,0,0,0,0,272,246.0,0,0.9044117647058824,0.0,148868.0,3.764227642276426,0,Test
1394,32224,20231029,74020653.0,0,0,0,0,319,193.0,0,0.6050156739811913,0.0,94415.0,3.181347150259068,0,Test
1395,32229,20231029,74020660.0,0,0,0,0,157,121.0,3,0.7707006369426752,0.019108280254777,64678.0,3.446280991735537,0,Test
1396,32236,20231029,74020667.0,0,0,0,0,307,273.0,1,0.8892508143322475,0.003257328990228,173146.0,4.040293040293039,0,Test
1397,32294,20231029,74020828.0,0,0,0,0,333,288.0,4,0.8648648648648649,0.012012012012012,138210.0,3.3576388888888875,0,Test
1398,32303,20231029,74020871.0,0,0,0,0,172,131.0,4,0.7616279069767442,0.0232558139534883,67985.0,3.442748091603053,0,Test
1399,32317,20231029,74020908.0,0,0,0,0,216,171.0,4,0.7916666666666666,0.0185185185185185,91859.0,4.204678362573103,0,Control
1400,32320,20231029,74020920.0,0,0,0,0,473,344.0,5,0.7272727272727273,0.0105708245243128,159186.0,2.909883720930231,0,Control
1401,32326,20231029,74020960.0,0,0,0,0,579,454.0,6,0.7841105354058722,0.0103626943005181,257915.0,3.726872246696037,0,Test
1402,32327,20231029,74020961.0,0,0,0,0,277,204.0,4,0.7364620938628159,0.0144404332129963,160148.0,4.602941176470586,0,Control
1403,32339,20231029,74021008.0,0,0,0,0,957,751.0,12,0.7847439916405433,0.012539184952978,349415.0,3.382157123834891,0,Control
1404,32371,20231029,74021099.0,0,0,0,0,302,238.0,3,0.7880794701986755,0.009933774834437,149843.0,4.466386554621845,0,Control
1405,32377,20231029,74021105.0,0,0,0,0,202,154.0,0,0.7623762376237624,0.0,103837.0,4.194805194805194,0,Test
1406,32428,20231029,74021211.0,0,0,0,0,280,101.0,0,0.3607142857142857,0.0,63225.0,4.88118811881188,0,Control
1407,32467,20231029,74021302.0,0,0,0,0,431,348.0,8,0.8074245939675174,0.0185614849187935,180019.0,3.5545977011494245,0,Test
1408,32494,20231029,74021353.0,0,0,0,0,668,507.0,4,0.7589820359281437,0.0059880239520958,243936.0,3.396449704142011,0,Control
1409,32547,20231029,74021462.0,0,0,0,0,154,114.0,2,0.7402597402597403,0.0129870129870129,59744.0,3.4298245614035103,0,Control
1410,32557,20231029,74021481.0,0,0,0,0,406,292.0,1,0.7192118226600985,0.0024630541871921,132873.0,3.4178082191780823,0,Control
1411,32643,20231029,74021639.0,0,0,0,0,403,291.0,7,0.7220843672456576,0.0173697270471464,145892.0,3.1924398625429515,0,Test
1412,32673,20231029,74021733.0,0,0,0,0,311,240.0,5,0.7717041800643086,0.0160771704180064,184993.0,5.187500000000001,0,Control
1413,32677,20231029,74021738.0,0,0,0,0,408,270.0,1,0.6617647058823529,0.0024509803921568,225560.0,4.5444444444444425,0,Test
1414,32732,20231029,74021823.0,0,0,0,0,476,325.0,0,0.6827731092436975,0.0,280177.0,4.4276923076923085,0,Test
1415,32761,20231029,74021880.0,0,0,0,0,232,157.0,0,0.6767241379310345,0.0,120922.0,3.726114649681529,0,Test
1416,32781,20231029,74021914.0,0,0,0,0,373,307.0,0,0.8230563002680965,0.0,132603.0,3.019543973941368,0,Test
1417,32785,20231029,74021919.0,0,0,0,0,473,344.0,7,0.7272727272727273,0.014799154334038,145378.0,3.145348837209301,0,Control
1418,32791,20231029,74021928.0,0,0,0,0,375,292.0,2,0.7786666666666666,0.0053333333333333,145078.0,3.575342465753424,0,Test
1419,32818,20231029,74021975.0,0,0,0,0,200,154.0,8,0.77,0.04,72714.0,3.4480519480519485,0,Test
1420,32821,20231029,74021978.0,0,0,0,0,251,188.0,1,0.749003984063745,0.0039840637450199,115171.0,4.005319148936168,0,Test
1421,32852,20231029,74214453.0,0,0,0,0,890,638.0,6,0.7168539325842697,0.0067415730337078,357435.0,3.639498432601884,0,Control
1422,32856,20231029,74215106.0,0,0,0,0,559,463.0,8,0.8282647584973166,0.0143112701252236,195267.0,3.0626349892008644,0,Test
1423,32913,20231029,74220627.0,0,0,0,0,143,103.0,2,0.7202797202797203,0.0139860139860139,61855.0,4.339805825242716,0,Control
1424,32947,20231029,74220822.0,0,0,0,0,630,497.0,2,0.7888888888888889,0.0031746031746031,286550.0,4.030181086519112,0,Control
1425,32965,20231029,74220910.0,0,0,0,0,587,314.0,5,0.534923339011925,0.0085178875638841,178837.0,3.31528662420382,0,Control
1426,32993,20231029,74221041.0,0,0,0,0,540,463.0,7,0.8574074074074074,0.0129629629629629,243682.0,3.3822894168466533,0,Control
1427,33064,20231029,74221472.0,0,0,0,0,192,147.0,0,0.765625,0.0,81726.0,3.9727891156462585,0,Control
1428,33088,20231029,74321666.0,0,0,0,0,994,773.0,16,0.7776659959758552,0.0160965794768611,313602.0,2.980595084087969,0,Test
1429,33090,20231029,74321670.0,0,0,0,0,665,480.0,12,0.7218045112781954,0.0180451127819548,201469.0,2.914583333333334,0,Test
1430,33111,20231029,74321719.0,0,0,0,0,305,208.0,0,0.6819672131147541,0.0,93521.0,3.3557692307692317,0,Control
1431,33113,20231029,74321722.0,0,0,0,0,545,432.0,7,0.7926605504587156,0.0128440366972477,226423.0,3.625000000000001,0,Control
1432,33176,20231029,74321861.0,0,0,0,0,223,162.0,3,0.726457399103139,0.0134529147982062,100842.0,3.9629629629629632,0,Control
1433,33180,20231029,74321865.0,0,0,0,0,321,221.0,3,0.6884735202492211,0.0093457943925233,130027.0,3.58371040723982,0,Control
1434,33207,20231029,74321910.0,0,0,0,0,327,271.0,2,0.8287461773700305,0.0061162079510703,128445.0,3.4391143911439106,0,Control
1435,33225,20231030,74013270.0,0,0,0,0,949,773.0,25,0.8145416227608009,0.0263435194942044,315755.0,2.827943078913324,0,Test
1436,33238,20231030,74013406.0,0,0,0,0,248,187.0,3,0.7540322580645161,0.0120967741935483,72403.0,2.8288770053475942,0,Control
1437,33269,20231030,74016847.0,0,0,0,0,928,649.0,17,0.6993534482758621,0.0183189655172413,243186.0,2.5346687211094,0,Control
1438,33278,20231030,74020378.0,0,0,0,0,580,379.0,5,0.653448275862069,0.0086206896551724,190790.0,3.2480211081794206,0,Test
1439,33285,20231030,74020395.0,0,0,0,0,841,476.0,5,0.5659928656361475,0.0059453032104637,183634.0,2.880252100840336,0,Test
1440,33304,20231030,74020449.0,0,0,0,0,828,430.0,6,0.5193236714975845,0.0072463768115942,169689.0,2.902325581395349,0,Test
1441,33321,20231030,74020492.0,0,0,0,0,1079,928.0,12,0.8600556070435589,0.0111214087117701,427238.0,3.4030172413793127,0,Control
1442,33336,20231030,74020551.0,0,0,0,0,384,278.0,1,0.7239583333333334,0.0026041666666666,133182.0,3.302158273381293,0,Test
1443,33364,20231030,74020634.0,0,0,0,0,228,201.0,0,0.881578947368421,0.0,95368.0,3.333333333333335,0,Test
1444,33371,20231030,74020653.0,0,0,0,0,243,161.0,5,0.6625514403292181,0.0205761316872428,63998.0,2.6521739130434794,0,Test
1445,33376,20231030,74020660.0,0,0,0,0,134,86.0,1,0.6417910447761194,0.0074626865671641,36194.0,2.8953488372093017,0,Test
1446,33383,20231030,74020667.0,0,0,0,0,171,138.0,0,0.8070175438596491,0.0,84062.0,3.5579710144927543,0,Test
1447,33441,20231030,74020828.0,0,0,0,0,455,386.0,5,0.8483516483516483,0.0109890109890109,162301.0,3.0647668393782395,0,Test
1448,33450,20231030,74020871.0,0,0,0,0,186,138.0,1,0.7419354838709677,0.0053763440860215,61668.0,2.942028985507245,0,Test
1449,33464,20231030,74020908.0,0,0,0,0,140,108.0,2,0.7714285714285715,0.0142857142857142,50296.0,3.870370370370372,0,Control
1450,33467,20231030,74020920.0,0,0,0,0,515,382.0,7,0.7417475728155339,0.0135922330097087,145464.0,2.5811518324607343,0,Control
1451,33473,20231030,74020960.0,0,0,0,0,616,440.0,10,0.7142857142857143,0.0162337662337662,228725.0,3.34318181818182,0,Test
1452,33474,20231030,74020961.0,0,0,0,0,265,180.0,1,0.6792452830188679,0.0037735849056603,109556.0,3.7055555555555566,0,Control
1453,33486,20231030,74021008.0,0,0,0,0,898,751.0,6,0.8363028953229399,0.0066815144766146,296181.0,2.762982689747004,0,Control
1454,33519,20231030,74021099.0,0,0,0,0,166,108.0,3,0.6506024096385542,0.0180722891566265,55930.0,3.861111111111113,0,Control
1455,33525,20231030,74021105.0,0,0,0,0,131,82.0,0,0.6259541984732825,0.0,47411.0,3.756097560975611,0,Test
1456,33576,20231030,74021211.0,0,0,0,0,201,82.0,0,0.4079601990049751,0.0,58210.0,5.121951219512197,0,Control
1457,33615,20231030,74021302.0,0,0,0,0,373,272.0,2,0.7292225201072386,0.0053619302949061,111809.0,2.9117647058823537,0,Test
1458,33642,20231030,74021353.0,0,0,0,0,795,646.0,9,0.8125786163522013,0.0113207547169811,258314.0,2.80030959752322,0,Control
1459,33695,20231030,74021462.0,0,0,0,0,125,89.0,3,0.712,0.024,45709.0,3.382022471910112,0,Control
1460,33705,20231030,74021481.0,0,0,0,0,403,344.0,2,0.8535980148883374,0.0049627791563275,127466.0,2.904069767441861,0,Control
1461,33791,20231030,74021639.0,0,0,0,0,338,236.0,2,0.6982248520710059,0.0059171597633136,101349.0,2.966101694915255,0,Test
1462,33821,20231030,74021733.0,0,0,0,0,334,245.0,5,0.7335329341317365,0.0149700598802395,153773.0,4.175510204081632,0,Control
1463,33825,20231030,74021738.0,0,0,0,0,314,227.0,0,0.7229299363057324,0.0,184136.0,4.273127753303962,0,Test
1464,33880,20231030,74021823.0,0,0,0,0,331,212.0,0,0.6404833836858006,0.0,168479.0,4.113207547169812,0,Test
1465,33909,20231030,74021880.0,0,0,0,0,193,136.0,1,0.7046632124352331,0.005181347150259,89622.0,3.1985294117647047,0,Test
1466,33929,20231030,74021914.0,0,0,0,0,644,550.0,7,0.8540372670807453,0.0108695652173913,184510.0,2.4727272727272727,0,Test
1467,33933,20231030,74021919.0,0,0,0,0,553,416.0,12,0.7522603978300181,0.0216998191681736,142115.0,2.6250000000000018,0,Control
1468,33939,20231030,74021928.0,0,0,0,0,250,180.0,1,0.72,0.004,85899.0,3.5333333333333345,0,Test
1469,33966,20231030,74021975.0,0,0,0,0,219,160.0,1,0.730593607305936,0.0045662100456621,63046.0,2.9437500000000005,0,Test
1470,33969,20231030,74021978.0,0,0,0,0,190,137.0,4,0.7210526315789474,0.0210526315789473,73804.0,3.4525547445255467,0,Test
1471,34000,20231030,74214453.0,0,0,0,0,772,557.0,7,0.7215025906735751,0.0090673575129533,264137.0,3.3949730700179512,0,Control
1472,34004,20231030,74215106.0,0,0,0,0,788,673.0,7,0.8540609137055838,0.0088832487309644,256803.0,2.77563150074294,0,Test
1473,34061,20231030,74220627.0,0,0,0,0,99,78.0,1,0.7878787878787878,0.0101010101010101,44755.0,4.1282051282051295,0,Control
1474,34095,20231030,74220822.0,0,0,0,0,565,405.0,8,0.7168141592920354,0.0141592920353982,217739.0,3.57283950617284,0,Control
1475,34113,20231030,74220910.0,0,0,0,0,602,303.0,9,0.5033222591362126,0.0149501661129568,155937.0,3.214521452145217,0,Control
1476,34141,20231030,74221041.0,0,0,0,0,482,375.0,6,0.7780082987551867,0.0124481327800829,166083.0,2.9253333333333345,0,Control
1477,34212,20231030,74221472.0,0,0,0,0,136,103.0,0,0.7573529411764706,0.0,41112.0,2.922330097087378,0,Control
1478,34236,20231030,74321666.0,0,0,0,0,753,581.0,9,0.7715803452855245,0.0119521912350597,220231.0,2.724612736660929,0,Test
1479,34238,20231030,74321670.0,0,0,0,0,1042,830.0,16,0.7965451055662188,0.0153550863723608,306419.0,2.6325301204819267,0,Test
1480,34259,20231030,74321719.0,0,0,0,0,202,139.0,4,0.6881188118811881,0.0198019801980198,55904.0,2.85611510791367,0,Control
1481,34261,20231030,74321722.0,0,0,0,0,376,282.0,3,0.75,0.0079787234042553,151826.0,3.5496453900709213,0,Control
1482,34324,20231030,74321861.0,0,0,0,0,191,82.0,3,0.4293193717277487,0.0157068062827225,36515.0,3.7439024390243896,0,Control
1483,34328,20231030,74321865.0,0,0,0,0,228,157.0,2,0.6885964912280702,0.0087719298245614,72789.0,2.9554140127388537,0,Control
1484,34355,20231030,74321910.0,0,0,0,0,365,276.0,3,0.7561643835616438,0.0082191780821917,109650.0,2.9347826086956523,0,Control
1485,34373,20231031,74013270.0,0,0,0,0,978,798.0,24,0.8159509202453987,0.0245398773006134,331855.0,2.913533834586465,0,Test
1486,34386,20231031,74013406.0,0,0,0,0,283,176.0,6,0.6219081272084805,0.0212014134275618,63009.0,2.801136363636364,0,Control
1487,34417,20231031,74016847.0,0,0,0,0,932,710.0,11,0.7618025751072961,0.0118025751072961,272051.0,2.614084507042253,0,Control
1488,34426,20231031,74020378.0,0,0,0,0,598,375.0,3,0.6270903010033445,0.0050167224080267,200268.0,3.4293333333333327,0,Test
1489,34433,20231031,74020395.0,0,0,0,0,766,528.0,7,0.6892950391644909,0.0091383812010443,211216.0,2.801136363636364,0,Test
1490,34452,20231031,74020449.0,0,0,0,0,808,484.0,0,0.599009900990099,0.0,181864.0,2.9566115702479365,0,Test
1491,34469,20231031,74020492.0,0,0,0,0,984,798.0,12,0.8109756097560976,0.0121951219512195,359729.0,3.196741854636591,0,Control
1492,34484,20231031,74020551.0,0,0,0,0,443,275.0,5,0.6207674943566591,0.0112866817155756,115815.0,3.116363636363635,0,Test
1493,34512,20231031,74020634.0,0,0,0,0,226,191.0,1,0.8451327433628318,0.0044247787610619,95716.0,3.2984293193717287,0,Test
1494,34519,20231031,74020653.0,0,0,0,0,260,162.0,2,0.6230769230769231,0.0076923076923076,72605.0,2.8641975308641974,0,Test
1495,34524,20231031,74020660.0,0,0,0,0,125,87.0,2,0.696,0.016,38677.0,3.206896551724138,0,Test
1496,34531,20231031,74020667.0,0,0,0,0,172,129.0,3,0.75,0.0174418604651162,83862.0,3.9379844961240313,0,Test
1497,34589,20231031,74020828.0,0,0,0,0,407,321.0,5,0.7886977886977887,0.0122850122850122,144634.0,3.1152647975077867,0,Test
1498,34598,20231031,74020871.0,0,0,0,0,191,147.0,2,0.7696335078534031,0.0104712041884816,67864.0,3.027210884353741,0,Test
1499,34612,20231031,74020908.0,0,0,0,0,135,113.0,0,0.837037037037037,0.0,53349.0,3.92920353982301,0,Control
1500,34615,20231031,74020920.0,0,0,0,0,513,381.0,4,0.7426900584795322,0.0077972709551656,154888.0,2.711286089238845,0,Control
1501,34621,20231031,74020960.0,0,0,0,0,550,364.0,8,0.6618181818181819,0.0145454545454545,180201.0,3.2225274725274717,0,Test
1502,34622,20231031,74020961.0,0,0,0,0,201,151.0,3,0.7512437810945274,0.0149253731343283,97162.0,4.059602649006621,0,Control
1503,34634,20231031,74021008.0,0,0,0,0,863,721.0,8,0.8354577056778679,0.0092699884125144,303279.0,3.055478502080445,0,Control
1504,34667,20231031,74021099.0,0,0,0,0,173,123.0,4,0.7109826589595376,0.0231213872832369,64461.0,3.6504065040650415,0,Control
1505,34673,20231031,74021105.0,0,0,0,0,187,96.0,0,0.5133689839572193,0.0,59151.0,3.84375,0,Test
1506,34724,20231031,74021211.0,0,0,0,0,180,0.0,0,0.0,0.0,,,0,Control
1507,34762,20231031,74021302.0,0,0,0,0,378,277.0,2,0.7328042328042328,0.0052910052910052,119740.0,2.8158844765342987,0,Test
1508,34789,20231031,74021353.0,0,0,0,0,1018,853.0,12,0.8379174852652259,0.0117878192534381,360396.0,2.916764361078549,0,Control
1509,34842,20231031,74021462.0,0,0,0,0,149,100.0,1,0.6711409395973155,0.0067114093959731,44149.0,3.2100000000000004,0,Control
1510,34852,20231031,74021481.0,0,0,0,0,438,366.0,2,0.8356164383561644,0.0045662100456621,142331.0,2.975409836065573,0,Control
1511,34938,20231031,74021639.0,0,0,0,0,317,246.0,5,0.7760252365930599,0.0157728706624605,122278.0,3.268292682926828,0,Test
1512,34968,20231031,74021733.0,0,0,0,0,303,236.0,0,0.7788778877887789,0.0,172543.0,4.58050847457627,0,Control
1513,34972,20231031,74021738.0,0,0,0,0,347,231.0,0,0.6657060518731989,0.0,176369.0,4.138528138528137,0,Test
1514,35027,20231031,74021823.0,0,0,0,0,292,190.0,0,0.6506849315068494,0.0,141999.0,3.9473684210526336,0,Test
1515,35056,20231031,74021880.0,0,0,0,0,210,142.0,4,0.6761904761904762,0.019047619047619,83706.0,2.9507042253521134,0,Test
1516,35076,20231031,74021914.0,0,0,0,0,669,581.0,2,0.8684603886397608,0.0029895366218236,199030.0,2.5490533562822737,0,Test
1517,35080,20231031,74021919.0,0,0,0,0,741,635.0,16,0.8569500674763832,0.0215924426450742,237152.0,2.7905511811023582,0,Control
1518,35086,20231031,74021928.0,0,0,0,0,264,202.0,1,0.7651515151515151,0.0037878787878787,95269.0,3.3069306930693063,0,Test
1519,35113,20231031,74021975.0,0,0,0,0,288,179.0,3,0.6215277777777778,0.0104166666666666,66855.0,2.9720670391061463,0,Test
1520,35116,20231031,74021978.0,0,0,0,0,168,120.0,0,0.7142857142857143,0.0,67109.0,3.608333333333334,0,Test
1521,35147,20231031,74214453.0,0,0,0,0,617,438.0,3,0.7098865478119936,0.0048622366288492,243714.0,3.776255707762557,0,Control
1522,35151,20231031,74215106.0,0,0,0,0,691,538.0,7,0.7785817655571635,0.0101302460202604,202047.0,2.7527881040892197,0,Test
1523,35208,20231031,74220627.0,0,0,0,0,125,75.0,3,0.6,0.024,40285.0,3.186666666666666,0,Control
1524,35242,20231031,74220822.0,0,0,0,0,534,305.0,4,0.5711610486891385,0.0074906367041198,158860.0,3.747540983606557,0,Control
1525,35260,20231031,74220910.0,0,0,0,0,556,211.0,2,0.3794964028776978,0.0035971223021582,102113.0,3.0568720379146903,0,Control
1526,35288,20231031,74221041.0,0,0,0,0,435,308.0,3,0.7080459770114943,0.0068965517241379,138154.0,3.0324675324675314,0,Control
1527,35359,20231031,74221472.0,0,0,0,0,140,94.0,1,0.6714285714285714,0.0071428571428571,41801.0,3.0000000000000004,0,Control
1528,35383,20231031,74321666.0,0,0,0,0,914,522.0,6,0.5711159737417943,0.0065645514223194,201230.0,2.9712643678160915,0,Test
1529,35385,20231031,74321670.0,0,0,0,0,1039,737.0,12,0.7093358999037536,0.0115495668912415,270303.0,2.6784260515603773,0,Test
1530,35406,20231031,74321719.0,0,0,0,0,236,137.0,1,0.5805084745762712,0.0042372881355932,47691.0,2.729927007299269,0,Control
1531,35408,20231031,74321722.0,0,0,0,0,272,193.0,7,0.7095588235294118,0.025735294117647,89970.0,3.2590673575129534,0,Control
1532,35471,20231031,74321861.0,0,0,0,0,209,56.0,0,0.2679425837320574,0.0,24576.0,3.607142857142856,0,Control
1533,35475,20231031,74321865.0,0,0,0,0,271,150.0,5,0.5535055350553506,0.018450184501845,71626.0,3.013333333333334,0,Control
1534,35502,20231031,74321910.0,0,0,0,0,231,160.0,1,0.6926406926406926,0.0043290043290043,59025.0,2.718749999999999,0,Control
1535,35520,20231101,74013270.0,0,0,0,0,1098,878.0,25,0.7996357012750456,0.0227686703096539,350592.0,2.790432801822324,0,Test
1536,35533,20231101,74013406.0,0,0,0,0,241,181.0,2,0.7510373443983402,0.0082987551867219,69394.0,2.8397790055248624,0,Control
1537,35564,20231101,74016847.0,0,0,0,0,959,697.0,23,0.7267987486965589,0.0239833159541188,258675.0,2.5681492109038784,0,Control
1538,35573,20231101,74020378.0,0,0,0,0,725,479.0,5,0.6606896551724138,0.0068965517241379,260077.0,3.369519832985386,0,Test
1539,35580,20231101,74020395.0,0,0,0,0,839,599.0,19,0.7139451728247914,0.0226460071513706,226549.0,2.714524207011689,0,Test
1540,35599,20231101,74020449.0,0,0,0,0,944,561.0,1,0.5942796610169492,0.0010593220338983,238686.0,3.213903743315509,0,Test
1541,35616,20231101,74020492.0,0,0,0,0,994,820.0,12,0.8249496981891348,0.0120724346076458,387905.0,3.369512195121949,0,Control
1542,35631,20231101,74020551.0,0,0,0,0,416,294.0,5,0.7067307692307693,0.0120192307692307,138977.0,3.329931972789113,0,Test
1543,35659,20231101,74020634.0,0,0,0,0,215,181.0,1,0.8418604651162791,0.0046511627906976,93396.0,3.325966850828729,0,Test
1544,35666,20231101,74020653.0,0,0,0,0,266,152.0,2,0.5714285714285714,0.0075187969924812,67592.0,2.842105263157895,0,Test
1545,35671,20231101,74020660.0,0,0,0,0,133,97.0,5,0.7293233082706767,0.037593984962406,41976.0,2.8969072164948453,0,Test
1546,35678,20231101,74020667.0,0,0,0,0,206,173.0,1,0.8398058252427184,0.0048543689320388,101790.0,3.61271676300578,0,Test
1547,35736,20231101,74020828.0,0,0,0,0,451,380.0,7,0.8425720620842572,0.0155210643015521,170187.0,3.218421052631576,0,Test
1548,35745,20231101,74020871.0,0,0,0,0,194,153.0,1,0.788659793814433,0.0051546391752577,63499.0,2.875816993464053,0,Test
1549,35759,20231101,74020908.0,0,0,0,0,165,127.0,2,0.7696969696969697,0.0121212121212121,69909.0,4.149606299212598,0,Control
1550,35762,20231101,74020920.0,0,0,0,0,591,403.0,6,0.6818950930626058,0.0101522842639593,153169.0,2.679900744416876,0,Control
1551,35768,20231101,74020960.0,0,0,0,0,556,383.0,10,0.6888489208633094,0.0179856115107913,187604.0,3.1958224543080926,0,Test
1552,35769,20231101,74020961.0,0,0,0,0,218,159.0,1,0.7293577981651376,0.0045871559633027,116902.0,4.176100628930821,0,Control
1553,35781,20231101,74021008.0,0,0,0,0,1085,932.0,6,0.8589861751152074,0.0055299539170506,407596.0,3.201716738197427,0,Control
1554,35814,20231101,74021099.0,0,0,0,0,151,100.0,2,0.6622516556291391,0.0132450331125827,48977.0,3.219999999999999,0,Control
1555,35820,20231101,74021105.0,0,0,0,0,160,114.0,1,0.7125,0.00625,69417.0,3.692982456140351,0,Test
1556,35870,20231101,74021211.0,0,0,0,0,233,71.0,0,0.3047210300429184,0.0,56005.0,6.014084507042253,0,Control
1557,35909,20231101,74021302.0,0,0,0,0,351,270.0,4,0.7692307692307693,0.0113960113960113,119053.0,3.0814814814814824,0,Test
1558,35936,20231101,74021353.0,0,0,0,0,965,791.0,15,0.8196891191709844,0.0155440414507772,322587.0,2.8672566371681416,0,Control
1559,35989,20231101,74021462.0,0,0,0,0,112,86.0,3,0.7678571428571429,0.0267857142857142,46723.0,3.534883720930232,0,Control
1560,35999,20231101,74021481.0,0,0,0,0,275,206.0,2,0.7490909090909091,0.0072727272727272,83929.0,3.0242718446601957,0,Control
1561,36085,20231101,74021639.0,0,0,0,0,366,244.0,4,0.6666666666666666,0.0109289617486338,115219.0,3.1803278688524586,0,Test
1562,36115,20231101,74021733.0,0,0,0,0,357,281.0,9,0.7871148459383753,0.0252100840336134,204906.0,4.544483985765125,0,Control
1563,36119,20231101,74021738.0,0,0,0,0,344,232.0,2,0.6744186046511628,0.005813953488372,192681.0,4.547413793103446,0,Test
1564,36174,20231101,74021823.0,0,0,0,0,293,162.0,1,0.552901023890785,0.0034129692832764,129791.0,4.16049382716049,0,Test
1565,36203,20231101,74021880.0,0,0,0,0,279,127.0,1,0.4551971326164875,0.003584229390681,98488.0,3.818897637795277,0,Test
1566,36223,20231101,74021914.0,0,0,0,0,680,574.0,8,0.8441176470588235,0.0117647058823529,200374.0,2.506968641114982,0,Test
1567,36227,20231101,74021919.0,0,0,0,0,731,611.0,9,0.8358413132694938,0.0123119015047879,222462.0,2.689034369885434,0,Control
1568,36233,20231101,74021928.0,0,0,0,0,298,216.0,3,0.7248322147651006,0.0100671140939597,97486.0,3.1296296296296284,0,Test
1569,36260,20231101,74021975.0,0,0,0,0,322,230.0,3,0.7142857142857143,0.0093167701863354,93330.0,3.147826086956522,0,Test
1570,36263,20231101,74021978.0,0,0,0,0,237,163.0,2,0.6877637130801688,0.0084388185654008,87352.0,3.638036809815952,0,Test
1571,36293,20231101,74214453.0,0,0,0,0,838,624.0,5,0.7446300715990454,0.0059665871121718,334277.0,3.663461538461541,0,Control
1572,36297,20231101,74215106.0,0,0,0,0,858,733.0,8,0.8543123543123543,0.0093240093240093,283376.0,2.8158253751705304,0,Test
1573,36354,20231101,74220627.0,0,0,0,0,127,96.0,1,0.7559055118110236,0.0078740157480314,45654.0,3.218749999999999,0,Control
1574,36388,20231101,74220822.0,0,0,0,0,598,433.0,3,0.7240802675585284,0.0050167224080267,224404.0,3.658198614318706,0,Control
1575,36406,20231101,74220910.0,0,0,0,0,511,329.0,1,0.6438356164383562,0.0019569471624266,182820.0,3.562310030395138,0,Control
1576,36434,20231101,74221041.0,0,0,0,0,468,379.0,3,0.8098290598290598,0.0064102564102564,172907.0,3.079155672823219,0,Control
1577,36505,20231101,74221472.0,0,0,0,0,176,129.0,2,0.7329545454545454,0.0113636363636363,60039.0,3.3875968992248047,0,Control
1578,36529,20231101,74321666.0,0,0,0,0,804,605.0,13,0.7524875621890548,0.0161691542288557,224515.0,2.712396694214878,0,Test
1579,36531,20231101,74321670.0,0,0,0,0,895,719.0,4,0.8033519553072626,0.0044692737430167,261115.0,2.6536856745479827,0,Test
1580,36552,20231101,74321719.0,0,0,0,0,269,182.0,2,0.6765799256505576,0.0074349442379182,66010.0,2.7032967032967017,0,Control
1581,36554,20231101,74321722.0,0,0,0,0,345,274.0,3,0.7942028985507247,0.008695652173913,135559.0,3.4051094890510973,0,Control
1582,36616,20231101,74321861.0,0,0,0,0,214,135.0,4,0.6308411214953271,0.0186915887850467,72557.0,3.6740740740740745,0,Control
1583,36620,20231101,74321865.0,0,0,0,0,221,157.0,1,0.7104072398190046,0.004524886877828,80362.0,3.261146496815285,0,Control
1584,36647,20231101,74321910.0,0,0,0,0,220,177.0,1,0.8045454545454546,0.0045454545454545,77406.0,3.259887005649717,0,Control
1585,36665,20231102,74013270.0,0,0,0,0,1161,927.0,24,0.7984496124031008,0.020671834625323,415132.0,3.0722761596548027,0,Test
1586,36678,20231102,74013406.0,0,0,0,0,237,183.0,5,0.7721518987341772,0.0210970464135021,63924.0,2.48087431693989,0,Control
1587,36709,20231102,74016847.0,0,0,0,0,986,764.0,8,0.7748478701825557,0.0081135902636916,289230.0,2.57198952879581,0,Control
1588,36718,20231102,74020378.0,0,0,0,0,627,395.0,6,0.6299840510366826,0.0095693779904306,227114.0,3.663291139240507,0,Test
1589,36725,20231102,74020395.0,0,0,0,0,1081,627.0,14,0.580018501387604,0.0129509713228492,242973.0,2.9043062200956933,0,Test
1590,36744,20231102,74020449.0,0,0,0,0,862,573.0,2,0.6647331786542924,0.0023201856148491,234998.0,3.143106457242584,0,Test
1591,36761,20231102,74020492.0,0,0,0,0,1048,883.0,5,0.8425572519083969,0.0047709923664122,405264.0,3.2933182332955817,0,Control
1592,36776,20231102,74020551.0,0,0,0,0,448,330.0,5,0.7366071428571429,0.0111607142857142,147953.0,3.303030303030305,0,Test
1593,36804,20231102,74020634.0,0,0,0,0,239,186.0,0,0.7782426778242678,0.0,93540.0,3.3279569892473124,0,Test
1594,36811,20231102,74020653.0,0,0,0,0,282,151.0,1,0.5354609929078015,0.0035460992907801,67368.0,3.026490066225165,0,Test
1595,36816,20231102,74020660.0,0,0,0,0,122,87.0,2,0.7131147540983607,0.0163934426229508,38398.0,3.022988505747127,0,Test
1596,36823,20231102,74020667.0,0,0,0,0,182,156.0,4,0.8571428571428571,0.0219780219780219,98029.0,3.826923076923077,0,Test
1597,36881,20231102,74020828.0,0,0,0,0,437,376.0,14,0.8604118993135011,0.0320366132723112,149068.0,2.91755319148936,0,Test
1598,36890,20231102,74020871.0,0,0,0,0,174,150.0,2,0.8620689655172413,0.0114942528735632,71120.0,3.266666666666666,0,Test
1599,36904,20231102,74020908.0,0,0,0,0,161,127.0,1,0.7888198757763976,0.0062111801242236,57127.0,3.5984251968503926,0,Control
1600,36907,20231102,74020920.0,0,0,0,0,514,387.0,9,0.7529182879377432,0.0175097276264591,153940.0,2.6563307493540056,0,Control
1601,36913,20231102,74020960.0,0,0,0,0,553,394.0,9,0.7124773960216998,0.0162748643761302,206734.0,3.5025380710659864,0,Test
1602,36914,20231102,74020961.0,0,0,0,0,269,163.0,1,0.6059479553903345,0.0037174721189591,122297.0,4.668711656441717,0,Control
1603,36926,20231102,74021008.0,0,0,0,0,798,693.0,13,0.868421052631579,0.0162907268170426,298811.0,3.199134199134198,0,Control
1604,36959,20231102,74021099.0,0,0,0,0,157,120.0,4,0.7643312101910829,0.0254777070063694,56734.0,3.691666666666665,0,Control
1605,36965,20231102,74021105.0,0,0,0,0,92,46.0,3,0.5,0.0326086956521739,26031.0,3.2608695652173907,0,Test
1606,37015,20231102,74021211.0,0,0,0,0,164,94.0,0,0.573170731707317,0.0,68862.0,5.457446808510638,0,Control
1607,37054,20231102,74021302.0,0,0,0,0,345,263.0,9,0.7623188405797101,0.0260869565217391,123803.0,3.045627376425856,0,Test
1608,37081,20231102,74021353.0,0,0,0,0,944,756.0,13,0.8008474576271186,0.0137711864406779,308107.0,2.914021164021161,0,Control
1609,37134,20231102,74021462.0,0,0,0,0,110,78.0,0,0.7090909090909091,0.0,37894.0,3.2435897435897423,0,Control
1610,37144,20231102,74021481.0,0,0,0,0,377,252.0,0,0.6684350132625995,0.0,95381.0,2.8888888888888893,0,Control
1611,37230,20231102,74021639.0,0,0,0,0,379,274.0,3,0.7229551451187335,0.0079155672823219,120107.0,2.956204379562044,0,Test
1612,37260,20231102,74021733.0,0,0,0,0,392,310.0,9,0.7908163265306123,0.0229591836734693,216122.0,4.719354838709675,0,Control
1613,37264,20231102,74021738.0,0,0,0,0,312,203.0,2,0.6506410256410257,0.0064102564102564,153785.0,4.256157635467981,0,Test
1614,37319,20231102,74021823.0,0,0,0,0,333,223.0,0,0.6696696696696697,0.0,174824.0,4.152466367713006,0,Test
1615,37348,20231102,74021880.0,0,0,0,0,146,102.0,3,0.6986301369863014,0.0205479452054794,76951.0,3.362745098039216,0,Test
1616,37368,20231102,74021914.0,0,0,0,0,661,586.0,9,0.886535552193646,0.0136157337367624,207091.0,2.522184300341298,0,Test
1617,37372,20231102,74021919.0,0,0,0,0,718,558.0,13,0.7771587743732591,0.0181058495821727,229405.0,2.8082437275985663,0,Control
1618,37378,20231102,74021928.0,0,0,0,0,249,160.0,3,0.642570281124498,0.0120481927710843,73427.0,3.318749999999999,0,Test
1619,37405,20231102,74021975.0,0,0,0,0,255,174.0,3,0.6823529411764706,0.0117647058823529,69330.0,3.1781609195402307,0,Test
1620,37408,20231102,74021978.0,0,0,0,0,247,167.0,2,0.6761133603238867,0.0080971659919028,93491.0,3.497005988023952,0,Test
1621,37438,20231102,74214453.0,0,0,0,0,844,494.0,3,0.5853080568720379,0.0035545023696682,245964.0,3.368421052631581,0,Control
1622,37442,20231102,74215106.0,0,0,0,0,834,699.0,8,0.8381294964028777,0.0095923261390887,272336.0,2.7539341917024323,0,Test
1623,37499,20231102,74220627.0,0,0,0,0,132,98.0,2,0.7424242424242424,0.0151515151515151,50650.0,3.642857142857143,0,Control
1624,37533,20231102,74220822.0,0,0,0,0,525,384.0,1,0.7314285714285714,0.0019047619047619,205610.0,3.718749999999999,0,Control
1625,37551,20231102,74220910.0,0,0,0,0,489,268.0,1,0.5480572597137015,0.0020449897750511,135996.0,3.3507462686567155,0,Control
1626,37579,20231102,74221041.0,0,0,0,0,384,316.0,5,0.8229166666666666,0.0130208333333333,153276.0,3.272151898734176,0,Control
1627,37650,20231102,74221472.0,0,0,0,0,139,117.0,0,0.841726618705036,0.0,50758.0,3.153846153846153,0,Control
1628,37674,20231102,74321666.0,0,0,0,0,815,616.0,8,0.7558282208588957,0.0098159509202454,244891.0,2.9464285714285703,0,Test
1629,37676,20231102,74321670.0,0,0,0,0,1105,899.0,23,0.8135746606334842,0.020814479638009,329635.0,2.605116796440492,0,Test
1630,37697,20231102,74321719.0,0,0,0,0,183,136.0,1,0.7431693989071039,0.0054644808743169,48317.0,2.676470588235295,0,Control
1631,37699,20231102,74321722.0,0,0,0,0,373,290.0,7,0.7774798927613941,0.0187667560321715,134679.0,3.27586206896552,0,Control
1632,37761,20231102,74321861.0,0,0,0,0,184,124.0,1,0.6739130434782609,0.0054347826086956,64590.0,3.5725806451612905,0,Control
1633,37765,20231102,74321865.0,0,0,0,0,196,147.0,2,0.75,0.010204081632653,74177.0,3.20408163265306,0,Control
1634,37792,20231102,74321910.0,0,0,0,0,271,182.0,2,0.6715867158671587,0.007380073800738,77964.0,2.945054945054945,0,Control
1635,37810,20231103,74013270.0,0,0,0,0,1146,921.0,21,0.8036649214659686,0.0183246073298429,420677.0,3.0141150922909885,0,Test
1636,37823,20231103,74013406.0,0,0,0,0,250,195.0,3,0.78,0.012,80641.0,3.0512820512820538,0,Control
1637,37854,20231103,74016847.0,0,0,0,0,1077,834.0,22,0.7743732590529248,0.0204271123491179,342739.0,2.7434052757793737,0,Control
1638,37863,20231103,74020378.0,0,0,0,0,660,440.0,9,0.6666666666666666,0.0136363636363636,250971.0,3.618181818181821,0,Test
1639,37870,20231103,74020395.0,0,0,0,0,1024,611.0,7,0.5966796875,0.0068359375,260396.0,3.0752864157119446,0,Test
1640,37889,20231103,74020449.0,0,0,0,0,767,497.0,4,0.6479791395045632,0.0052151238591916,213900.0,3.2655935613682083,0,Test
1641,37906,20231103,74020492.0,0,0,0,0,1163,961.0,14,0.826311263972485,0.0120378331900257,429855.0,3.2872008324661808,0,Control
1642,37921,20231103,74020551.0,0,0,0,0,506,385.0,4,0.7608695652173914,0.0079051383399209,203178.0,3.6857142857142864,0,Test
1643,37949,20231103,74020634.0,0,0,0,0,222,155.0,0,0.6981981981981982,0.0,76217.0,2.9677419354838706,0,Test
1644,37956,20231103,74020653.0,0,0,0,0,334,196.0,1,0.5868263473053892,0.0029940119760479,102992.0,3.249999999999999,0,Test
1645,37961,20231103,74020660.0,0,0,0,0,147,96.0,1,0.6530612244897959,0.0068027210884353,45281.0,3.3229166666666674,0,Test
1646,37968,20231103,74020667.0,0,0,0,0,261,222.0,2,0.8505747126436781,0.0076628352490421,139653.0,3.612612612612612,0,Test
1647,38026,20231103,74020828.0,0,0,0,0,475,426.0,6,0.8968421052631579,0.0126315789473684,192427.0,3.145539906103287,0,Test
1648,38035,20231103,74020871.0,0,0,0,0,245,188.0,2,0.7673469387755102,0.0081632653061224,99420.0,3.452127659574469,0,Test
1649,38049,20231103,74020908.0,0,0,0,0,259,214.0,1,0.8262548262548263,0.0038610038610038,130714.0,4.771028037383178,0,Control
1650,38052,20231103,74020920.0,0,0,0,0,580,463.0,8,0.7982758620689655,0.0137931034482758,197964.0,3.0626349892008613,0,Control
1651,38058,20231103,74020960.0,0,0,0,0,597,434.0,9,0.7269681742043551,0.0150753768844221,239741.0,3.617511520737327,0,Test
1652,38059,20231103,74020961.0,0,0,0,0,264,201.0,1,0.7613636363636364,0.0037878787878787,158261.0,4.711442786069653,0,Control
1653,38071,20231103,74021008.0,0,0,0,0,1015,880.0,12,0.8669950738916257,0.0118226600985221,371540.0,3.071590909090908,0,Control
1654,38104,20231103,74021099.0,0,0,0,0,234,173.0,1,0.7393162393162394,0.0042735042735042,78258.0,3.485549132947978,0,Control
1655,38110,20231103,74021105.0,0,0,0,0,166,124.0,3,0.7469879518072289,0.0180722891566265,82866.0,4.064516129032256,0,Test
1656,38160,20231103,74021211.0,0,0,0,0,173,124.0,0,0.7167630057803468,0.0,99832.0,5.798387096774196,0,Control
1657,38199,20231103,74021302.0,0,0,0,0,388,307.0,1,0.7912371134020618,0.0025773195876288,151089.0,3.1205211726384405,0,Test
1658,38226,20231103,74021353.0,0,0,0,0,1048,877.0,5,0.8368320610687023,0.0047709923664122,364390.0,2.8301026225769683,0,Control
1659,38279,20231103,74021462.0,0,0,0,0,204,135.0,4,0.6617647058823529,0.0196078431372549,68251.0,3.748148148148149,0,Control
1660,38289,20231103,74021481.0,0,0,0,0,380,305.0,1,0.8026315789473685,0.0026315789473684,119525.0,2.898360655737703,0,Control
1661,38375,20231103,74021639.0,0,0,0,0,380,302.0,4,0.7947368421052632,0.0105263157894736,158175.0,3.483443708609272,0,Test
1662,38405,20231103,74021733.0,0,0,0,0,390,302.0,7,0.7743589743589744,0.0179487179487179,216300.0,4.778145695364239,0,Control
1663,38409,20231103,74021738.0,0,0,0,0,449,294.0,3,0.6547884187082406,0.0066815144766146,242661.0,4.442176870748301,0,Test
1664,38464,20231103,74021823.0,0,0,0,0,351,230.0,2,0.6552706552706553,0.0056980056980056,212632.0,4.765217391304351,0,Test
1665,38493,20231103,74021880.0,0,0,0,0,163,96.0,1,0.588957055214724,0.0061349693251533,76345.0,3.645833333333334,0,Test
1666,38513,20231103,74021914.0,0,0,0,0,673,599.0,10,0.8900445765230312,0.0148588410104011,228446.0,2.701168614357262,0,Test
1667,38517,20231103,74021919.0,0,0,0,0,677,563.0,7,0.8316100443131462,0.0103397341211226,224254.0,2.895204262877443,0,Control
1668,38523,20231103,74021928.0,0,0,0,0,306,244.0,1,0.7973856209150327,0.0032679738562091,122754.0,3.75,0,Test
1669,38550,20231103,74021975.0,0,0,0,0,388,293.0,3,0.7551546391752577,0.0077319587628865,118362.0,3.1740614334471,0,Test
1670,38553,20231103,74021978.0,0,0,0,0,259,180.0,2,0.694980694980695,0.0077220077220077,96848.0,3.65,0,Test
1671,38583,20231103,74214453.0,0,0,0,0,1077,645.0,4,0.5988857938718662,0.0037140204271123,373906.0,3.590697674418605,0,Control
1672,38587,20231103,74215106.0,0,0,0,0,932,778.0,11,0.8347639484978541,0.0118025751072961,304124.0,2.868894601542417,0,Test
1673,38644,20231103,74220627.0,0,0,0,0,169,144.0,2,0.8520710059171598,0.0118343195266272,103238.0,5.041666666666671,0,Control
1674,38678,20231103,74220822.0,0,0,0,0,690,556.0,1,0.8057971014492754,0.0014492753623188,326792.0,3.884892086330935,0,Control
1675,38696,20231103,74220910.0,0,0,0,0,749,245.0,4,0.3271028037383177,0.0053404539385847,125183.0,3.253061224489796,0,Control
1676,38724,20231103,74221041.0,0,0,0,0,470,369.0,5,0.7851063829787234,0.0106382978723404,171121.0,3.000000000000001,0,Control
1677,38795,20231103,74221472.0,0,0,0,0,264,180.0,4,0.6818181818181818,0.0151515151515151,90610.0,3.4499999999999984,0,Control
1678,38819,20231103,74321666.0,0,0,0,0,956,767.0,13,0.8023012552301255,0.0135983263598326,295733.0,2.783572359843548,0,Test
1679,38821,20231103,74321670.0,0,0,0,0,1212,968.0,20,0.7986798679867987,0.0165016501650165,371667.0,2.7427685950413223,0,Test
1680,38842,20231103,74321719.0,0,0,0,0,293,205.0,6,0.6996587030716723,0.0204778156996587,72995.0,2.717073170731706,0,Control
1681,38844,20231103,74321722.0,0,0,0,0,533,435.0,4,0.8161350844277674,0.0075046904315197,235678.0,3.634482758620686,0,Control
1682,38907,20231103,74321861.0,0,0,0,0,259,121.0,1,0.4671814671814672,0.0038610038610038,65297.0,4.008264462809921,0,Control
1683,38911,20231103,74321865.0,0,0,0,0,253,188.0,3,0.7430830039525692,0.0118577075098814,114235.0,3.505319148936171,0,Control
1684,38938,20231103,74321910.0,0,0,0,0,306,234.0,6,0.7647058823529411,0.0196078431372549,108914.0,3.081196581196582,0,Control
1685,38956,20231104,74013270.0,0,0,0,0,876,678.0,13,0.773972602739726,0.0148401826484018,345910.0,3.373156342182892,0,Test
1686,38969,20231104,74013406.0,0,0,0,0,275,221.0,2,0.8036363636363636,0.0072727272727272,98356.0,3.14027149321267,0,Control
1687,39000,20231104,74016847.0,0,0,0,0,839,619.0,7,0.7377830750893921,0.0083432657926102,272216.0,2.849757673667205,0,Control
1688,39009,20231104,74020378.0,0,0,0,0,911,583.0,9,0.6399560922063666,0.0098792535675082,322728.0,3.6706689536878208,0,Test
1689,39016,20231104,74020395.0,0,0,0,0,930,468.0,9,0.5032258064516129,0.0096774193548387,218495.0,3.346153846153847,0,Test
1690,39035,20231104,74020449.0,0,0,0,0,972,713.0,2,0.7335390946502057,0.0020576131687242,349503.0,3.646563814866763,0,Test
1691,39052,20231104,74020492.0,0,0,0,0,1223,1063.0,10,0.8691741618969746,0.008176614881439,521830.0,3.5399811853245566,0,Control
1692,39067,20231104,74020551.0,0,0,0,0,495,358.0,5,0.7232323232323232,0.0101010101010101,193908.0,3.9050279329608952,0,Test
1693,39095,20231104,74020634.0,0,0,0,0,235,211.0,1,0.8978723404255319,0.0042553191489361,113094.0,3.4218009478672995,0,Test
1694,39102,20231104,74020653.0,0,0,0,0,266,163.0,1,0.6127819548872181,0.0037593984962406,85730.0,3.417177914110429,0,Test
1695,39107,20231104,74020660.0,0,0,0,0,170,135.0,0,0.7941176470588235,0.0,64762.0,3.3703703703703707,0,Test
1696,39114,20231104,74020667.0,0,0,0,0,304,256.0,0,0.8421052631578947,0.0,177468.0,4.109374999999999,0,Test
1697,39171,20231104,74020828.0,0,0,0,0,366,311.0,3,0.8497267759562842,0.0081967213114754,159514.0,3.704180064308682,0,Test
1698,39180,20231104,74020871.0,0,0,0,0,152,110.0,4,0.7236842105263158,0.0263157894736842,54682.0,3.2818181818181817,0,Test
1699,39194,20231104,74020908.0,0,0,0,0,267,228.0,4,0.8539325842696629,0.0149812734082397,145271.0,5.100877192982456,0,Control
1700,39197,20231104,74020920.0,0,0,0,0,526,369.0,6,0.7015209125475285,0.0114068441064638,166049.0,2.989159891598916,0,Control
1701,39203,20231104,74020960.0,0,0,0,0,545,433.0,8,0.7944954128440367,0.0146788990825688,267756.0,4.034642032332562,0,Test
1702,39204,20231104,74020961.0,0,0,0,0,366,309.0,5,0.8442622950819673,0.0136612021857923,213197.0,4.3948220064724985,0,Control
1703,39216,20231104,74021008.0,0,0,0,0,927,804.0,15,0.8673139158576052,0.0161812297734627,370152.0,3.3582089552238794,0,Control
1704,39249,20231104,74021099.0,0,0,0,0,252,215.0,4,0.8531746031746031,0.0158730158730158,124524.0,4.227906976744185,0,Control
1705,39255,20231104,74021105.0,0,0,0,0,269,174.0,1,0.6468401486988847,0.0037174721189591,110306.0,3.925287356321837,0,Test
1706,39305,20231104,74021211.0,0,0,0,0,163,121.0,0,0.7423312883435583,0.0,94208.0,5.867768595041321,0,Control
1707,39344,20231104,74021302.0,0,0,0,0,374,324.0,1,0.8663101604278075,0.0026737967914438,171060.0,3.391975308641974,0,Test
1708,39371,20231104,74021353.0,0,0,0,0,788,606.0,12,0.7690355329949239,0.015228426395939,278346.0,3.110561056105612,0,Control
1709,39424,20231104,74021462.0,0,0,0,0,141,108.0,1,0.7659574468085106,0.0070921985815602,70217.0,4.296296296296297,0,Control
1710,39434,20231104,74021481.0,0,0,0,0,347,275.0,1,0.792507204610951,0.0028818443804034,126329.0,3.2727272727272747,0,Control
1711,39520,20231104,74021639.0,0,0,0,0,401,291.0,3,0.7256857855361596,0.0074812967581047,133016.0,3.013745704467352,0,Test
1712,39550,20231104,74021733.0,0,0,0,0,366,291.0,5,0.7950819672131147,0.0136612021857923,218256.0,4.694158075601373,0,Control
1713,39554,20231104,74021738.0,0,0,0,0,478,342.0,1,0.7154811715481172,0.002092050209205,300647.0,4.839181286549703,0,Test
1714,39609,20231104,74021823.0,0,0,0,0,315,204.0,1,0.6476190476190476,0.0031746031746031,192517.0,4.764705882352941,0,Test
1715,39638,20231104,74021880.0,0,0,0,0,174,118.0,1,0.6781609195402298,0.0057471264367816,88677.0,3.6864406779661,0,Test
1716,39658,20231104,74021914.0,0,0,0,0,358,287.0,4,0.8016759776536313,0.0111731843575419,110549.0,2.724738675958188,0,Test
1717,39662,20231104,74021919.0,0,0,0,0,419,330.0,3,0.7875894988066826,0.0071599045346062,162910.0,3.539393939393938,0,Control
1718,39668,20231104,74021928.0,0,0,0,0,447,353.0,5,0.7897091722595079,0.0111856823266219,191079.0,3.8781869688385258,0,Test
1719,39695,20231104,74021975.0,0,0,0,0,296,193.0,3,0.652027027027027,0.0101351351351351,84683.0,3.4196891191709837,0,Test
1720,39698,20231104,74021978.0,0,0,0,0,340,234.0,1,0.6882352941176471,0.0029411764705882,123141.0,3.6709401709401694,0,Test
1721,39728,20231104,74214453.0,0,0,0,0,926,625.0,7,0.6749460043196545,0.0075593952483801,353367.0,3.9008000000000047,0,Control
1722,39732,20231104,74215106.0,0,0,0,0,592,490.0,1,0.8277027027027027,0.0016891891891891,208569.0,2.9836734693877527,0,Test
1723,39789,20231104,74220627.0,0,0,0,0,194,159.0,0,0.8195876288659794,0.0,96776.0,4.138364779874214,0,Control
1724,39823,20231104,74220822.0,0,0,0,0,736,573.0,2,0.7785326086956522,0.0027173913043478,346618.0,4.09947643979057,0,Control
1725,39841,20231104,74220910.0,0,0,0,0,810,119.0,1,0.1469135802469136,0.0012345679012345,80537.0,3.4453781512605044,0,Control
1726,39869,20231104,74221041.0,0,0,0,0,514,447.0,7,0.8696498054474708,0.0136186770428015,230967.0,3.232662192393738,0,Control
1727,39940,20231104,74221472.0,0,0,0,0,220,159.0,3,0.7227272727272728,0.0136363636363636,86726.0,3.924528301886792,0,Control
1728,39964,20231104,74321666.0,0,0,0,0,1018,826.0,7,0.8113948919449901,0.0068762278978389,328307.0,3.101694915254237,0,Test
1729,39966,20231104,74321670.0,0,0,0,0,826,438.0,14,0.5302663438256658,0.0169491525423728,198733.0,3.1278538812785377,0,Test
1730,39987,20231104,74321719.0,0,0,0,0,281,207.0,1,0.7366548042704626,0.0035587188612099,83379.0,3.106280193236715,0,Control
1731,39989,20231104,74321722.0,0,0,0,0,562,467.0,7,0.8309608540925267,0.0124555160142348,272515.0,3.817987152034264,0,Control
1732,40052,20231104,74321861.0,0,0,0,0,287,214.0,7,0.7456445993031359,0.024390243902439,124888.0,3.985981308411215,0,Control
1733,40056,20231104,74321865.0,0,0,0,0,214,163.0,1,0.7616822429906542,0.0046728971962616,96073.0,3.4294478527607364,0,Control
1734,40083,20231104,74321910.0,0,0,0,0,337,279.0,2,0.827893175074184,0.0059347181008902,132464.0,3.473118279569894,0,Control
1735,40101,20231105,74013270.0,0,0,0,0,857,638.0,13,0.7444574095682613,0.0151691948658109,332705.0,3.329153605015677,0,Test
1736,40114,20231105,74013406.0,0,0,0,0,253,204.0,3,0.8063241106719368,0.0118577075098814,95916.0,3.51470588235294,0,Control
1737,40145,20231105,74016847.0,0,0,0,0,739,555.0,7,0.7510148849797023,0.0094722598105548,245653.0,2.9387387387387403,0,Control
1738,40154,20231105,74020378.0,0,0,0,0,858,553.0,4,0.6445221445221445,0.0046620046620046,341054.0,3.8010849909584112,0,Test
1739,40161,20231105,74020395.0,0,0,0,0,527,329.0,6,0.6242884250474383,0.0113851992409867,160889.0,3.5106382978723407,0,Test
1740,40180,20231105,74020449.0,0,0,0,0,873,538.0,3,0.6162657502863689,0.0034364261168384,289125.0,3.966542750929366,0,Test
1741,40197,20231105,74020492.0,0,0,0,0,1092,940.0,12,0.8608058608058609,0.0109890109890109,500936.0,3.8776595744680815,0,Control
1742,40212,20231105,74020551.0,0,0,0,0,479,322.0,2,0.6722338204592901,0.0041753653444676,157493.0,3.6459627329192537,0,Test
1743,40240,20231105,74020634.0,0,0,0,0,265,235.0,2,0.8867924528301887,0.0075471698113207,132592.0,3.6212765957446793,0,Test
1744,40247,20231105,74020653.0,0,0,0,0,293,194.0,0,0.6621160409556314,0.0,122885.0,3.963917525773197,0,Test
1745,40252,20231105,74020660.0,0,0,0,0,141,101.0,0,0.7163120567375887,0.0,49586.0,3.3960396039603964,0,Test
1746,40259,20231105,74020667.0,0,0,0,0,224,112.0,1,0.5,0.0044642857142857,69152.0,3.9910714285714266,0,Test
1747,40317,20231105,74020828.0,0,0,0,0,296,225.0,3,0.7601351351351351,0.0101351351351351,116807.0,3.564444444444445,0,Test
1748,40326,20231105,74020871.0,0,0,0,0,169,123.0,6,0.727810650887574,0.0355029585798816,63445.0,3.227642276422765,0,Test
1749,40340,20231105,74020908.0,0,0,0,0,250,208.0,3,0.832,0.012,119655.0,4.3509615384615365,0,Control
1750,40343,20231105,74020920.0,0,0,0,0,506,271.0,1,0.5355731225296443,0.0019762845849802,126592.0,3.051660516605165,0,Control
1751,40349,20231105,74020960.0,0,0,0,0,443,335.0,2,0.7562076749435666,0.0045146726862302,198461.0,3.779104477611942,0,Test
1752,40350,20231105,74020961.0,0,0,0,0,296,234.0,4,0.7905405405405406,0.0135135135135135,167140.0,4.829059829059829,0,Control
1753,40362,20231105,74021008.0,0,0,0,0,1021,874.0,10,0.8560235063663075,0.009794319294809,424427.0,3.519450800915329,0,Control
1754,40395,20231105,74021099.0,0,0,0,0,287,211.0,2,0.735191637630662,0.0069686411149825,121312.0,4.426540284360189,0,Control
1755,40401,20231105,74021105.0,0,0,0,0,201,139.0,0,0.6915422885572139,0.0,90816.0,4.575539568345325,0,Test
1756,40451,20231105,74021211.0,0,0,0,0,218,96.0,0,0.4403669724770642,0.0,78992.0,6.427083333333335,0,Control
1757,40490,20231105,74021302.0,0,0,0,0,423,332.0,3,0.7848699763593381,0.0070921985815602,179603.0,3.539156626506024,0,Test
1758,40517,20231105,74021353.0,0,0,0,0,809,562.0,9,0.6946847960444994,0.0111248454882571,286696.0,3.307829181494664,0,Control
1759,40570,20231105,74021462.0,0,0,0,0,125,97.0,1,0.776,0.008,58240.0,3.8247422680412377,0,Control
1760,40580,20231105,74021481.0,0,0,0,0,385,292.0,2,0.7584415584415585,0.0051948051948051,129692.0,3.294520547945205,0,Control
1761,40666,20231105,74021639.0,0,0,0,0,377,276.0,10,0.7320954907161804,0.026525198938992,150143.0,3.231884057971014,0,Test
1762,40696,20231105,74021733.0,0,0,0,0,411,336.0,9,0.8175182481751825,0.0218978102189781,257941.0,4.907738095238096,0,Control
1763,40700,20231105,74021738.0,0,0,0,0,354,251.0,0,0.7090395480225988,0.0,221185.0,4.705179282868525,0,Test
1764,40755,20231105,74021823.0,0,0,0,0,391,267.0,2,0.6828644501278772,0.0051150895140664,232522.0,4.505617977528092,0,Test
1765,40784,20231105,74021880.0,0,0,0,0,177,64.0,1,0.3615819209039548,0.0056497175141242,48766.0,3.453125000000001,0,Test
1766,40804,20231105,74021914.0,0,0,0,0,336,265.0,2,0.7886904761904762,0.0059523809523809,105967.0,2.950943396226416,0,Test
1767,40808,20231105,74021919.0,0,0,0,0,410,333.0,4,0.8121951219512196,0.0097560975609756,148037.0,3.2372372372372387,0,Control
1768,40814,20231105,74021928.0,0,0,0,0,392,270.0,1,0.6887755102040817,0.0025510204081632,136134.0,3.7518518518518498,0,Test
1769,40841,20231105,74021975.0,0,0,0,0,253,193.0,3,0.7628458498023716,0.0118577075098814,90050.0,3.3471502590673574,0,Test
1770,40844,20231105,74021978.0,0,0,0,0,271,183.0,5,0.6752767527675276,0.018450184501845,95469.0,3.491803278688525,0,Test
1771,40874,20231105,74214453.0,0,0,0,0,965,609.0,11,0.6310880829015544,0.0113989637305699,348318.0,3.610837438423647,0,Control
1772,40878,20231105,74215106.0,0,0,0,0,539,426.0,4,0.7903525046382189,0.0074211502782931,185083.0,3.302816901408449,0,Test
1773,40935,20231105,74220627.0,0,0,0,0,170,124.0,6,0.7294117647058823,0.0352941176470588,83547.0,4.572580645161291,0,Control
1774,40969,20231105,74220822.0,0,0,0,0,682,532.0,6,0.7800586510263929,0.0087976539589442,327460.0,4.244360902255639,0,Control
1775,40987,20231105,74220910.0,0,0,0,0,491,164.0,3,0.3340122199592668,0.0061099796334012,91847.0,3.329268292682928,0,Control
1776,41015,20231105,74221041.0,0,0,0,0,474,398.0,9,0.8396624472573839,0.0189873417721519,205459.0,3.417085427135678,0,Control
1777,41086,20231105,74221472.0,0,0,0,0,149,119.0,2,0.7986577181208053,0.0134228187919463,67479.0,3.941176470588236,0,Control
1778,41110,20231105,74321666.0,0,0,0,0,967,759.0,11,0.7849017580144778,0.0113753877973112,340246.0,3.318840579710142,0,Test
1779,41112,20231105,74321670.0,0,0,0,0,797,472.0,14,0.5922208281053952,0.0175658720200752,211847.0,3.504237288135593,0,Test
1780,41133,20231105,74321719.0,0,0,0,0,297,225.0,3,0.7575757575757576,0.0101010101010101,97955.0,3.217777777777778,0,Control
1781,41135,20231105,74321722.0,0,0,0,0,629,511.0,5,0.8124006359300477,0.0079491255961844,268034.0,3.56164383561644,0,Control
1782,41198,20231105,74321861.0,0,0,0,0,215,142.0,1,0.6604651162790698,0.0046511627906976,89345.0,4.063380281690143,0,Control
1783,41202,20231105,74321865.0,0,0,0,0,236,143.0,2,0.6059322033898306,0.0084745762711864,81651.0,3.5874125874125866,0,Control
1784,41229,20231105,74321910.0,0,0,0,0,89,68.0,0,0.7640449438202247,0.0,41101.0,4.294117647058823,0,Control
1785,41247,20231106,74013270.0,0,0,0,0,855,673.0,18,0.7871345029239766,0.0210526315789473,305347.0,2.991084695393759,0,Test
1786,41260,20231106,74013406.0,0,0,0,0,260,206.0,4,0.7923076923076923,0.0153846153846153,90196.0,3.3398058252427174,0,Control
1787,41291,20231106,74016847.0,0,0,0,0,857,626.0,15,0.7304550758459744,0.0175029171528588,251280.0,2.7332268370607045,0,Control
1788,41300,20231106,74020378.0,0,0,0,0,744,488.0,6,0.6559139784946236,0.0080645161290322,278305.0,3.774590163934427,0,Test
1789,41307,20231106,74020395.0,0,0,0,0,618,393.0,3,0.6359223300970874,0.0048543689320388,166433.0,3.1424936386768443,0,Test
1790,41326,20231106,74020449.0,0,0,0,0,808,578.0,3,0.7153465346534653,0.0037128712871287,262126.0,3.4117647058823537,0,Test
1791,41343,20231106,74020492.0,0,0,0,0,1078,765.0,7,0.7096474953617811,0.0064935064935064,380029.0,3.5594771241830068,0,Control
1792,41358,20231106,74020551.0,0,0,0,0,387,270.0,6,0.6976744186046512,0.0155038759689922,122181.0,3.1444444444444435,0,Test
1793,41386,20231106,74020634.0,0,0,0,0,217,157.0,1,0.7235023041474654,0.0046082949308755,86957.0,3.643312101910828,0,Test
1794,41393,20231106,74020653.0,0,0,0,0,268,153.0,2,0.5708955223880597,0.0074626865671641,74492.0,3.1372549019607847,0,Test
1795,41398,20231106,74020660.0,0,0,0,0,135,93.0,3,0.6888888888888889,0.0222222222222222,47950.0,3.634408602150538,0,Test
1796,41405,20231106,74020667.0,0,0,0,0,225,106.0,2,0.4711111111111111,0.0088888888888888,54898.0,4.264150943396226,0,Test
1797,41463,20231106,74020828.0,0,0,0,0,330,263.0,2,0.796969696969697,0.006060606060606,125920.0,3.307984790874524,0,Test
1798,41472,20231106,74020871.0,0,0,0,0,158,120.0,2,0.759493670886076,0.0126582278481012,50821.0,3.208333333333333,0,Test
1799,41486,20231106,74020908.0,0,0,0,0,205,184.0,0,0.8975609756097561,0.0,102658.0,4.5163043478260905,0,Control
1800,41489,20231106,74020920.0,0,0,0,0,470,290.0,6,0.6170212765957447,0.0127659574468085,119747.0,2.841379310344826,0,Control
1801,41495,20231106,74020960.0,0,0,0,0,301,218.0,4,0.7242524916943521,0.0132890365448504,130901.0,3.7798165137614688,0,Test
1802,41496,20231106,74020961.0,0,0,0,0,233,169.0,0,0.7253218884120172,0.0,121205.0,4.869822485207098,0,Control
1803,41508,20231106,74021008.0,0,0,0,0,745,633.0,11,0.8496644295302014,0.0147651006711409,280396.0,3.1595576619273302,0,Control
1804,41541,20231106,74021099.0,0,0,0,0,285,236.0,5,0.8280701754385965,0.0175438596491228,128715.0,4.093220338983051,0,Control
1805,41547,20231106,74021105.0,0,0,0,0,169,111.0,2,0.6568047337278107,0.0118343195266272,79552.0,4.639639639639642,0,Test
1806,41597,20231106,74021211.0,0,0,0,0,217,138.0,2,0.6359447004608295,0.0092165898617511,109429.0,5.963768115942028,0,Control
1807,41636,20231106,74021302.0,0,0,0,0,403,296.0,2,0.7344913151364765,0.0049627791563275,144772.0,3.594594594594596,0,Test
1808,41663,20231106,74021353.0,0,0,0,0,618,442.0,3,0.7152103559870551,0.0048543689320388,206858.0,2.9819004524886856,0,Control
1809,41716,20231106,74021462.0,0,0,0,0,105,79.0,2,0.7523809523809524,0.019047619047619,39810.0,3.5822784810126587,0,Control
1810,41726,20231106,74021481.0,0,0,0,0,315,234.0,1,0.7428571428571429,0.0031746031746031,102391.0,3.2905982905982905,0,Control
1811,41812,20231106,74021639.0,0,0,0,0,368,269.0,10,0.7309782608695652,0.0271739130434782,147529.0,3.62081784386617,0,Test
1812,41842,20231106,74021733.0,0,0,0,0,337,263.0,6,0.7804154302670623,0.0178041543026706,201995.0,4.825095057034219,0,Control
1813,41846,20231106,74021738.0,0,0,0,0,295,194.0,2,0.6576271186440678,0.0067796610169491,181383.0,4.932989690721649,0,Test
1814,41901,20231106,74021823.0,0,0,0,0,317,230.0,1,0.7255520504731862,0.0031545741324921,202521.0,4.673913043478263,0,Test
1815,41930,20231106,74021880.0,0,0,0,0,159,83.0,1,0.5220125786163522,0.0062893081761006,60799.0,3.6626506024096384,0,Test
1816,41950,20231106,74021914.0,0,0,0,0,417,324.0,5,0.7769784172661871,0.0119904076738609,115962.0,2.6080246913580254,0,Test
1817,41954,20231106,74021919.0,0,0,0,0,391,299.0,6,0.7647058823529411,0.0153452685421994,120335.0,2.919732441471572,0,Control
1818,41960,20231106,74021928.0,0,0,0,0,297,196.0,3,0.6599326599326599,0.0101010101010101,95353.0,3.6326530612244894,0,Test
1819,41987,20231106,74021975.0,0,0,0,0,225,165.0,2,0.7333333333333333,0.0088888888888888,72899.0,3.212121212121212,0,Test
1820,41990,20231106,74021978.0,0,0,0,0,186,131.0,0,0.7043010752688172,0.0,70324.0,3.541984732824427,0,Test
1821,42020,20231106,74214453.0,0,0,0,0,633,365.0,6,0.5766192733017378,0.0094786729857819,182437.0,3.813698630136984,0,Control
1822,42024,20231106,74215106.0,0,0,0,0,662,478.0,0,0.7220543806646526,0.0,167450.0,2.5941422594142267,0,Test
1823,42081,20231106,74220627.0,0,0,0,0,108,90.0,2,0.8333333333333334,0.0185185185185185,53117.0,4.377777777777778,0,Control
1824,42115,20231106,74220822.0,0,0,0,0,678,493.0,2,0.7271386430678466,0.0029498525073746,270924.0,3.693711967545637,0,Control
1825,42133,20231106,74220910.0,0,0,0,0,456,244.0,2,0.5350877192982456,0.0043859649122807,143646.0,3.4918032786885247,0,Control
1826,42161,20231106,74221041.0,0,0,0,0,489,397.0,4,0.8118609406952966,0.0081799591002045,197528.0,3.3098236775818664,0,Control
1827,42232,20231106,74221472.0,0,0,0,0,170,131.0,3,0.7705882352941177,0.0176470588235294,64851.0,3.709923664122138,0,Control
1828,42256,20231106,74321666.0,0,0,0,0,831,672.0,13,0.8086642599277978,0.0156438026474127,289342.0,3.2008928571428554,0,Test
1829,42258,20231106,74321670.0,0,0,0,0,975,613.0,13,0.6287179487179487,0.0133333333333333,233806.0,2.8662316476345846,0,Test
1830,42279,20231106,74321719.0,0,0,0,0,198,147.0,3,0.7424242424242424,0.0151515151515151,61282.0,3.102040816326531,0,Control
1831,42281,20231106,74321722.0,0,0,0,0,457,378.0,3,0.8271334792122538,0.0065645514223194,221438.0,3.846560846560846,0,Control
1832,42343,20231106,74321861.0,0,0,0,0,195,90.0,0,0.4615384615384615,0.0,49181.0,4.1000000000000005,0,Control
1833,42347,20231106,74321865.0,0,0,0,0,189,131.0,2,0.6931216931216931,0.0105820105820105,69320.0,3.1145038167938948,0,Control
1834,42374,20231106,74321910.0,0,0,0,0,225,182.0,0,0.8088888888888889,0.0,81682.0,3.142857142857145,0,Control
1835,42392,20231107,74013270.0,0,0,0,0,955,775.0,27,0.8115183246073299,0.0282722513089005,325338.0,2.865806451612903,0,Test
1836,42405,20231107,74013406.0,0,0,0,0,163,114.0,3,0.6993865030674846,0.0184049079754601,44748.0,2.8070175438596494,0,Control
1837,42436,20231107,74016847.0,0,0,0,0,1154,942.0,12,0.8162911611785095,0.0103986135181975,362044.0,2.617834394904457,0,Control
1838,42444,20231107,74020378.0,0,0,0,0,350,231.0,4,0.66,0.0114285714285714,121783.0,3.1038961038961035,0,Test
1839,42451,20231107,74020395.0,0,0,0,0,827,525.0,8,0.6348246674727932,0.0096735187424425,183239.0,2.510476190476188,0,Test
1840,42470,20231107,74020449.0,0,0,0,0,407,270.0,1,0.6633906633906634,0.0024570024570024,103543.0,2.7296296296296285,0,Test
1841,42487,20231107,74020492.0,0,0,0,0,657,483.0,10,0.7351598173515982,0.015220700152207,211610.0,3.02070393374741,0,Control
1842,42502,20231107,74020551.0,0,0,0,0,323,212.0,3,0.6563467492260062,0.0092879256965944,89001.0,2.7452830188679256,0,Test
1843,42530,20231107,74020634.0,0,0,0,0,128,74.0,0,0.578125,0.0,46078.0,3.527027027027027,0,Test
1844,42537,20231107,74020653.0,0,0,0,0,180,87.0,1,0.4833333333333333,0.0055555555555555,35173.0,2.3793103448275867,0,Test
1845,42542,20231107,74020660.0,0,0,0,0,92,71.0,1,0.7717391304347826,0.0108695652173913,27666.0,2.549295774647887,0,Test
1846,42549,20231107,74020667.0,0,0,0,0,186,127.0,2,0.6827956989247311,0.010752688172043,68467.0,3.236220472440945,0,Test
1847,42607,20231107,74020828.0,0,0,0,0,441,374.0,4,0.8480725623582767,0.0090702947845804,160133.0,3.029411764705884,0,Test
1848,42616,20231107,74020871.0,0,0,0,0,146,119.0,0,0.815068493150685,0.0,49927.0,2.798319327731093,0,Test
1849,42630,20231107,74020908.0,0,0,0,0,159,111.0,1,0.6981132075471698,0.0062893081761006,50180.0,3.5045045045045047,0,Control
1850,42633,20231107,74020920.0,0,0,0,0,638,343.0,4,0.5376175548589341,0.006269592476489,129623.0,2.4081632653061207,0,Control
1851,42639,20231107,74020960.0,0,0,0,0,349,240.0,5,0.6876790830945558,0.0143266475644699,108314.0,3.0500000000000007,0,Test
1852,42640,20231107,74020961.0,0,0,0,0,162,112.0,0,0.691358024691358,0.0,79742.0,4.267857142857142,0,Control
1853,42652,20231107,74021008.0,0,0,0,0,825,706.0,11,0.8557575757575757,0.0133333333333333,308657.0,2.9348441926345625,0,Control
1854,42685,20231107,74021099.0,0,0,0,0,162,122.0,1,0.7530864197530864,0.0061728395061728,61024.0,3.262295081967216,0,Control
1855,42691,20231107,74021105.0,0,0,0,0,144,89.0,2,0.6180555555555556,0.0138888888888888,60272.0,3.898876404494382,0,Test
1856,42741,20231107,74021211.0,0,0,0,0,149,108.0,0,0.7248322147651006,0.0,74683.0,5.092592592592593,0,Control
1857,42780,20231107,74021302.0,0,0,0,0,245,187.0,1,0.763265306122449,0.0040816326530612,82992.0,2.679144385026739,0,Test
1858,42807,20231107,74021353.0,0,0,0,0,909,667.0,14,0.7337733773377337,0.0154015401540154,287265.0,2.784107946026986,0,Control
1859,42860,20231107,74021462.0,0,0,0,0,132,97.0,0,0.7348484848484849,0.0,43227.0,3.2061855670103108,0,Control
1860,42870,20231107,74021481.0,0,0,0,0,268,207.0,1,0.7723880597014925,0.003731343283582,78987.0,2.7632850241545888,0,Control
1861,42956,20231107,74021639.0,0,0,0,0,267,203.0,4,0.7602996254681648,0.0149812734082397,89857.0,2.9556650246305405,0,Test
1862,42986,20231107,74021733.0,0,0,0,0,276,235.0,4,0.8514492753623188,0.0144927536231884,158444.0,4.28085106382979,0,Control
1863,42990,20231107,74021738.0,0,0,0,0,150,97.0,1,0.6466666666666666,0.0066666666666666,63723.0,3.443298969072164,0,Test
1864,43045,20231107,74021823.0,0,0,0,0,166,114.0,1,0.6867469879518072,0.0060240963855421,92446.0,4.114035087719299,0,Test
1865,43074,20231107,74021880.0,0,0,0,0,110,46.0,1,0.4181818181818181,0.009090909090909,28394.0,3.130434782608696,0,Test
1866,43094,20231107,74021914.0,0,0,0,0,664,575.0,11,0.8659638554216867,0.0165662650602409,200600.0,2.584347826086955,0,Test
1867,43098,20231107,74021919.0,0,0,0,0,609,496.0,5,0.8144499178981938,0.0082101806239737,189031.0,2.8669354838709715,0,Control
1868,43104,20231107,74021928.0,0,0,0,0,155,88.0,2,0.567741935483871,0.0129032258064516,33766.0,2.8295454545454537,0,Test
1869,43131,20231107,74021975.0,0,0,0,0,178,121.0,1,0.6797752808988764,0.0056179775280898,49379.0,3.03305785123967,0,Test
1870,43134,20231107,74021978.0,0,0,0,0,139,95.0,0,0.6834532374100719,0.0,51592.0,3.831578947368421,0,Test
1871,43164,20231107,74214453.0,0,0,0,0,538,395.0,5,0.7342007434944238,0.0092936802973977,193728.0,3.124050632911392,0,Control
1872,43168,20231107,74215106.0,0,0,0,0,835,646.0,9,0.7736526946107785,0.0107784431137724,237233.0,2.6083591331269376,0,Test
1873,43225,20231107,74220627.0,0,0,0,0,107,85.0,0,0.794392523364486,0.0,42874.0,3.6705882352941184,0,Control
1874,43259,20231107,74220822.0,0,0,0,0,381,259.0,3,0.6797900262467191,0.0078740157480314,128536.0,3.2509652509652507,0,Control
1875,43277,20231107,74220910.0,0,0,0,0,357,222.0,3,0.6218487394957983,0.0084033613445378,101810.0,2.828828828828829,0,Control
1876,43305,20231107,74221041.0,0,0,0,0,396,292.0,3,0.7373737373737373,0.0075757575757575,124221.0,2.8321917808219177,0,Control
1877,43376,20231107,74221472.0,0,0,0,0,121,88.0,2,0.7272727272727273,0.0165289256198347,40816.0,2.897727272727272,0,Control
1878,43400,20231107,74321666.0,0,0,0,0,630,500.0,9,0.7936507936507936,0.0142857142857142,194892.0,2.7320000000000007,0,Test
1879,43402,20231107,74321670.0,0,0,0,0,875,492.0,7,0.5622857142857143,0.008,174776.0,2.5853658536585367,0,Test
1880,43423,20231107,74321719.0,0,0,0,0,171,121.0,2,0.7076023391812866,0.0116959064327485,45056.0,2.7603305785123973,0,Control
1881,43425,20231107,74321722.0,0,0,0,0,359,286.0,8,0.7966573816155988,0.022284122562674,134444.0,3.3006993006993026,0,Control
1882,43487,20231107,74321861.0,0,0,0,0,157,91.0,2,0.5796178343949044,0.0127388535031847,46766.0,3.384615384615385,0,Control
1883,43491,20231107,74321865.0,0,0,0,0,172,120.0,1,0.6976744186046512,0.005813953488372,55987.0,3.1750000000000016,0,Control
1884,43518,20231107,74321910.0,0,0,0,0,167,132.0,2,0.7904191616766467,0.0119760479041916,58824.0,3.022727272727273,0,Control
1885,43536,20231108,74013270.0,0,0,0,0,980,795.0,11,0.8112244897959183,0.0112244897959183,312791.0,2.6289308176100645,0,Test
1886,43549,20231108,74013406.0,0,0,0,0,120,81.0,3,0.675,0.025,32312.0,2.7654320987654315,0,Control
1887,43580,20231108,74016847.0,0,0,0,0,975,744.0,11,0.7630769230769231,0.0112820512820512,278728.0,2.489247311827956,0,Control
1888,43588,20231108,74020378.0,0,0,0,0,409,264.0,5,0.6454767726161369,0.0122249388753056,138313.0,3.3598484848484858,0,Test
1889,43595,20231108,74020395.0,0,0,0,0,664,507.0,10,0.7635542168674698,0.0150602409638554,192605.0,2.676528599605524,0,Test
1890,43614,20231108,74020449.0,0,0,0,0,376,254.0,1,0.675531914893617,0.0026595744680851,95933.0,2.8307086614173222,0,Test
1891,43631,20231108,74020492.0,0,0,0,0,612,485.0,13,0.7924836601307189,0.0212418300653594,206735.0,2.9855670103092806,0,Control
1892,43646,20231108,74020551.0,0,0,0,0,382,276.0,2,0.7225130890052356,0.0052356020942408,120681.0,3.032608695652174,0,Test
1893,43674,20231108,74020634.0,0,0,0,0,108,76.0,1,0.7037037037037037,0.0092592592592592,40563.0,3.0789473684210527,0,Test
1894,43681,20231108,74020653.0,0,0,0,0,201,140.0,1,0.6965174129353234,0.0049751243781094,65182.0,2.9928571428571438,0,Test
1895,43686,20231108,74020660.0,0,0,0,0,127,91.0,3,0.7165354330708661,0.0236220472440944,43746.0,2.89010989010989,0,Test
1896,43693,20231108,74020667.0,0,0,0,0,171,121.0,2,0.7076023391812866,0.0116959064327485,90177.0,3.966942148760332,0,Test
1897,43751,20231108,74020828.0,0,0,0,0,431,356.0,7,0.8259860788863109,0.0162412993039443,149842.0,2.8904494382022485,0,Test
1898,43760,20231108,74020871.0,0,0,0,0,187,149.0,1,0.7967914438502673,0.0053475935828877,63731.0,2.8255033557046976,0,Test
1899,43774,20231108,74020908.0,0,0,0,0,128,101.0,1,0.7890625,0.0078125,54335.0,4.178217821782179,0,Control
1900,43777,20231108,74020920.0,0,0,0,0,621,314.0,6,0.5056360708534622,0.0096618357487922,126946.0,2.7675159235668763,0,Control
1901,43783,20231108,74020960.0,0,0,0,0,399,295.0,7,0.7393483709273183,0.0175438596491228,155591.0,3.3999999999999995,0,Test
1902,43784,20231108,74020961.0,0,0,0,0,166,130.0,1,0.7831325301204819,0.0060240963855421,71325.0,3.607692307692308,0,Control
1903,43796,20231108,74021008.0,0,0,0,0,911,777.0,13,0.8529088913282108,0.0142700329308452,309126.0,2.801801801801799,0,Control
1904,43829,20231108,74021099.0,0,0,0,0,132,103.0,2,0.7803030303030303,0.0151515151515151,52352.0,3.446601941747575,0,Control
1905,43835,20231108,74021105.0,0,0,0,0,109,80.0,1,0.7339449541284404,0.0091743119266055,51702.0,3.925,0,Test
1906,43885,20231108,74021211.0,0,0,0,0,137,101.0,0,0.7372262773722628,0.0,73545.0,5.247524752475247,0,Control
1907,43924,20231108,74021302.0,0,0,0,0,256,182.0,2,0.7109375,0.0078125,83948.0,2.956043956043957,0,Test
1908,43951,20231108,74021353.0,0,0,0,0,958,760.0,9,0.7933194154488518,0.0093945720250521,312566.0,2.7605263157894715,0,Control
1909,44004,20231108,74021462.0,0,0,0,0,101,76.0,1,0.7524752475247525,0.0099009900990099,39059.0,3.684210526315789,0,Control
1910,44013,20231108,74021481.0,0,0,0,0,280,181.0,0,0.6464285714285715,0.0,74584.0,2.845303867403316,0,Control
1911,44099,20231108,74021639.0,0,0,0,0,182,126.0,5,0.6923076923076923,0.0274725274725274,59970.0,3.0793650793650804,0,Test
1912,44129,20231108,74021733.0,0,0,0,0,284,150.0,1,0.528169014084507,0.0035211267605633,104598.0,5.053333333333332,0,Control
1913,44133,20231108,74021738.0,0,0,0,0,204,143.0,0,0.7009803921568627,0.0,115817.0,4.307692307692307,0,Test
1914,44188,20231108,74021823.0,0,0,0,0,239,149.0,0,0.6234309623430963,0.0,114279.0,3.724832214765101,0,Test
1915,44216,20231108,74021880.0,0,0,0,0,112,82.0,2,0.7321428571428571,0.0178571428571428,61601.0,3.475609756097561,0,Test
1916,44236,20231108,74021914.0,0,0,0,0,661,575.0,5,0.869894099848714,0.0075642965204236,207372.0,2.624347826086956,0,Test
1917,44239,20231108,74021919.0,0,0,0,0,715,596.0,14,0.8335664335664336,0.0195804195804195,238344.0,2.909395973154364,0,Control
1918,44245,20231108,74021928.0,0,0,0,0,166,117.0,4,0.7048192771084337,0.0240963855421686,61857.0,3.384615384615384,0,Test
1919,44272,20231108,74021975.0,0,0,0,0,233,145.0,2,0.6223175965665236,0.0085836909871244,56957.0,3.1724137931034497,0,Test
1920,44275,20231108,74021978.0,0,0,0,0,127,103.0,1,0.8110236220472441,0.0078740157480314,61248.0,4.0291262135922326,0,Test
1921,44305,20231108,74214453.0,0,0,0,0,489,379.0,6,0.7750511247443763,0.0122699386503067,188853.0,3.2955145118733524,0,Control
1922,44309,20231108,74215106.0,0,0,0,0,732,586.0,10,0.8005464480874317,0.0136612021857923,213342.0,2.602389078498291,0,Test
1923,44366,20231108,74220627.0,0,0,0,0,103,79.0,0,0.7669902912621359,0.0,46412.0,3.759493670886076,0,Control
1924,44400,20231108,74220822.0,0,0,0,0,426,287.0,5,0.6737089201877934,0.0117370892018779,139259.0,3.114982578397213,0,Control
1925,44418,20231108,74220910.0,0,0,0,0,305,202.0,2,0.6622950819672131,0.0065573770491803,104511.0,2.9207920792079216,0,Control
1926,44446,20231108,74221041.0,0,0,0,0,360,290.0,5,0.8055555555555556,0.0138888888888888,136880.0,2.9068965517241376,0,Control
1927,44517,20231108,74221472.0,0,0,0,0,167,125.0,3,0.7485029940119761,0.0179640718562874,54028.0,2.704,0,Control
1928,44541,20231108,74321666.0,0,0,0,0,593,462.0,10,0.7790893760539629,0.0168634064080944,169842.0,2.525974025974024,0,Test
1929,44543,20231108,74321670.0,0,0,0,0,1408,806.0,10,0.5724431818181818,0.0071022727272727,298206.0,2.6439205955335003,0,Test
1930,44564,20231108,74321719.0,0,0,0,0,183,128.0,2,0.6994535519125683,0.0109289617486338,45337.0,2.6093750000000004,0,Control
1931,44566,20231108,74321722.0,0,0,0,0,393,303.0,2,0.7709923664122137,0.005089058524173,142590.0,3.1254125412541267,0,Control
1932,44628,20231108,74321861.0,0,0,0,0,126,79.0,1,0.626984126984127,0.0079365079365079,40165.0,3.278481012658228,0,Control
1933,44632,20231108,74321865.0,0,0,0,0,153,116.0,3,0.7581699346405228,0.0196078431372549,63234.0,3.525862068965518,0,Control
1934,44659,20231108,74321910.0,0,0,0,0,158,118.0,2,0.7468354430379747,0.0126582278481012,50274.0,3.008474576271187,0,Control
1935,44677,20231109,74013270.0,0,0,0,0,1149,927.0,19,0.8067885117493473,0.0165361183637946,378738.0,2.830636461704424,0,Test
1936,44690,20231109,74013406.0,0,0,0,0,147,88.0,4,0.5986394557823129,0.0272108843537414,34511.0,2.920454545454545,0,Control
1937,44721,20231109,74016847.0,0,0,0,0,961,758.0,18,0.7887617065556711,0.0187304890738813,297599.0,2.588390501319266,0,Control
1938,44729,20231109,74020378.0,0,0,0,0,438,278.0,4,0.634703196347032,0.0091324200913242,149724.0,3.187050359712229,0,Test
1939,44736,20231109,74020395.0,0,0,0,0,755,566.0,9,0.7496688741721854,0.0119205298013245,223171.0,2.715547703180213,0,Test
1940,44755,20231109,74020449.0,0,0,0,0,429,270.0,3,0.6293706293706294,0.0069930069930069,114056.0,3.192592592592593,0,Test
1941,44772,20231109,74020492.0,0,0,0,0,621,509.0,8,0.8196457326892109,0.0128824476650563,231841.0,3.117878192534382,0,Control
1942,44787,20231109,74020551.0,0,0,0,0,281,201.0,6,0.7153024911032029,0.0213523131672597,89200.0,3.1890547263681603,0,Test
1943,44815,20231109,74020634.0,0,0,0,0,163,123.0,2,0.754601226993865,0.0122699386503067,60204.0,2.813008130081301,0,Test
1944,44822,20231109,74020653.0,0,0,0,0,180,110.0,0,0.6111111111111112,0.0,50445.0,2.8636363636363646,0,Test
1945,44827,20231109,74020660.0,0,0,0,0,101,75.0,0,0.7425742574257426,0.0,36007.0,3.04,0,Test
1946,44834,20231109,74020667.0,0,0,0,0,143,121.0,2,0.8461538461538461,0.0139860139860139,74673.0,3.586776859504132,0,Test
1947,44892,20231109,74020828.0,0,0,0,0,444,372.0,5,0.8378378378378378,0.0112612612612612,147028.0,2.658602150537634,0,Test
1948,44901,20231109,74020871.0,0,0,0,0,12,11.0,0,0.9166666666666666,0.0,4171.0,2.8181818181818183,0,Test
1949,44914,20231109,74020908.0,0,0,0,0,189,147.0,5,0.7777777777777778,0.0264550264550264,83186.0,4.183673469387753,0,Control
1950,44917,20231109,74020920.0,0,0,0,0,600,361.0,5,0.6016666666666667,0.0083333333333333,147436.0,2.7506925207756234,0,Control
1951,44923,20231109,74020960.0,0,0,0,0,384,277.0,5,0.7213541666666666,0.0130208333333333,142475.0,3.2166064981949454,0,Test
1952,44924,20231109,74020961.0,0,0,0,0,143,98.0,2,0.6853146853146853,0.0139860139860139,67293.0,3.9183673469387754,0,Control
1953,44936,20231109,74021008.0,0,0,0,0,910,776.0,8,0.8527472527472527,0.0087912087912087,331294.0,2.978092783505156,0,Control
1954,44969,20231109,74021099.0,0,0,0,0,147,112.0,1,0.7619047619047619,0.0068027210884353,54427.0,3.473214285714286,0,Control
1955,44975,20231109,74021105.0,0,0,0,0,106,77.0,1,0.7264150943396226,0.0094339622641509,54446.0,4.259740259740261,0,Test
1956,45024,20231109,74021211.0,0,0,0,0,121,86.0,0,0.7107438016528925,0.0,60466.0,5.174418604651163,0,Control
1957,45063,20231109,74021302.0,0,0,0,0,267,210.0,7,0.7865168539325843,0.0262172284644194,96957.0,3.128571428571431,0,Test
1958,45090,20231109,74021353.0,0,0,0,0,900,716.0,8,0.7955555555555556,0.0088888888888888,290423.0,2.692737430167601,0,Control
1959,45143,20231109,74021462.0,0,0,0,0,127,89.0,3,0.7007874015748031,0.0236220472440944,43086.0,3.415730337078652,0,Control
1960,45152,20231109,74021481.0,0,0,0,0,275,214.0,3,0.7781818181818182,0.0109090909090909,79225.0,2.5794392523364515,0,Control
1961,45238,20231109,74021639.0,0,0,0,0,252,195.0,4,0.7738095238095238,0.0158730158730158,83757.0,3.005128205128204,0,Test
1962,45268,20231109,74021733.0,0,0,0,0,258,191.0,3,0.7403100775193798,0.0116279069767441,131837.0,4.261780104712042,0,Control
1963,45272,20231109,74021738.0,0,0,0,0,213,155.0,2,0.7276995305164319,0.0093896713615023,119752.0,4.2064516129032254,0,Test
1964,45326,20231109,74021823.0,0,0,0,0,186,128.0,0,0.6881720430107527,0.0,107753.0,4.0625,0,Test
1965,45353,20231109,74021880.0,0,0,0,0,135,90.0,2,0.6666666666666666,0.0148148148148148,72779.0,3.4444444444444446,0,Test
1966,45373,20231109,74021914.0,0,0,0,0,736,658.0,7,0.8940217391304348,0.0095108695652173,240330.0,2.636778115501522,0,Test
1967,45376,20231109,74021919.0,0,0,0,0,653,533.0,14,0.8162327718223583,0.0214395099540581,209604.0,2.846153846153851,0,Control
1968,45382,20231109,74021928.0,0,0,0,0,109,74.0,1,0.6788990825688074,0.0091743119266055,34649.0,3.1756756756756763,0,Test
1969,45409,20231109,74021975.0,0,0,0,0,179,122.0,1,0.6815642458100558,0.0055865921787709,51102.0,3.147540983606557,0,Test
1970,45412,20231109,74021978.0,0,0,0,0,170,119.0,2,0.7,0.0117647058823529,64792.0,3.34453781512605,0,Test
1971,45442,20231109,74214453.0,0,0,0,0,627,454.0,6,0.7240829346092504,0.0095693779904306,244688.0,3.275330396475772,0,Control
1972,45446,20231109,74215106.0,0,0,0,0,865,692.0,11,0.8,0.0127167630057803,252252.0,2.6329479768786133,0,Test
1973,45503,20231109,74220627.0,0,0,0,0,131,96.0,3,0.732824427480916,0.0229007633587786,49088.0,3.479166666666667,0,Control
1974,45537,20231109,74220822.0,0,0,0,0,450,279.0,4,0.62,0.0088888888888888,141288.0,3.240143369175628,0,Control
1975,45555,20231109,74220910.0,0,0,0,0,329,216.0,1,0.6565349544072948,0.0030395136778115,109811.0,3.0462962962962963,0,Control
1976,45583,20231109,74221041.0,0,0,0,0,361,283.0,4,0.7839335180055401,0.0110803324099723,124086.0,2.9964664310954063,0,Control
1977,45654,20231109,74221472.0,0,0,0,0,179,127.0,2,0.7094972067039106,0.0111731843575419,55957.0,2.8346456692913398,0,Control
1978,45678,20231109,74321666.0,0,0,0,0,681,520.0,10,0.7635829662261381,0.0146842878120411,193699.0,2.601923076923077,0,Test
1979,45680,20231109,74321670.0,0,0,0,0,1495,987.0,8,0.6602006688963211,0.0053511705685618,373947.0,2.677811550151976,0,Test
1980,45701,20231109,74321719.0,0,0,0,0,168,127.0,2,0.7559523809523809,0.0119047619047619,42753.0,2.3858267716535435,0,Control
1981,45703,20231109,74321722.0,0,0,0,0,461,328.0,4,0.7114967462039046,0.0086767895878524,152683.0,3.158536585365852,0,Control
1982,45765,20231109,74321861.0,0,0,0,0,171,119.0,5,0.695906432748538,0.0292397660818713,57493.0,3.3109243697479,0,Control
1983,45769,20231109,74321865.0,0,0,0,0,157,117.0,4,0.7452229299363057,0.0254777070063694,51574.0,2.7692307692307696,0,Control
1984,45796,20231109,74321910.0,0,0,0,0,126,107.0,3,0.8492063492063492,0.0238095238095238,51099.0,2.8411214953271027,0,Control
1985,45814,20231110,74013270.0,0,0,0,0,1170,931.0,27,0.7957264957264957,0.023076923076923,426486.0,3.0332975295381326,0,Test
1986,45827,20231110,74013406.0,0,0,0,0,193,148.0,4,0.7668393782383419,0.0207253886010362,65921.0,2.9864864864864877,0,Control
1987,45858,20231110,74016847.0,0,0,0,0,1038,813.0,11,0.7832369942196532,0.0105973025048169,322350.0,2.5350553505535074,0,Control
1988,45866,20231110,74020378.0,0,0,0,0,542,359.0,6,0.6623616236162362,0.011070110701107,205145.0,3.501392757660166,0,Test
1989,45873,20231110,74020395.0,0,0,0,0,808,605.0,6,0.7487623762376238,0.0074257425742574,274028.0,3.191735537190084,0,Test
1990,45891,20231110,74020449.0,0,0,0,0,553,304.0,1,0.5497287522603979,0.0018083182640144,138794.0,3.1842105263157894,0,Test
1991,45908,20231110,74020492.0,0,0,0,0,858,707.0,16,0.824009324009324,0.0186480186480186,325962.0,3.185289957567181,0,Control
1992,45923,20231110,74020551.0,0,0,0,0,388,274.0,5,0.7061855670103093,0.0128865979381443,140482.0,3.5291970802919708,0,Test
1993,45951,20231110,74020634.0,0,0,0,0,162,140.0,0,0.8641975308641975,0.0,76896.0,3.3214285714285703,0,Test
1994,45958,20231110,74020653.0,0,0,0,0,292,182.0,3,0.6232876712328768,0.0102739726027397,93829.0,3.1483516483516483,0,Test
1995,45963,20231110,74020660.0,0,0,0,0,67,53.0,1,0.7910447761194029,0.0149253731343283,23991.0,3.169811320754718,0,Test
1996,45970,20231110,74020667.0,0,0,0,0,238,203.0,1,0.8529411764705882,0.0042016806722689,134991.0,3.817733990147784,0,Test
1997,46028,20231110,74020828.0,0,0,0,0,478,417.0,8,0.8723849372384938,0.0167364016736401,171998.0,2.8321342925659483,0,Test
1998,46050,20231110,74020908.0,0,0,0,0,243,195.0,2,0.8024691358024691,0.0082304526748971,103868.0,4.071794871794871,0,Control
1999,46053,20231110,74020920.0,0,0,0,0,671,445.0,8,0.6631892697466468,0.0119225037257824,210190.0,3.116853932584269,0,Control
2000,46059,20231110,74020960.0,0,0,0,0,399,323.0,6,0.8095238095238095,0.0150375939849624,172142.0,3.3715170278637774,0,Test
2001,46060,20231110,74020961.0,0,0,0,0,232,182.0,1,0.7844827586206896,0.0043103448275862,118343.0,3.8736263736263754,0,Control
2002,46072,20231110,74021008.0,0,0,0,0,988,841.0,8,0.8512145748987854,0.0080971659919028,369313.0,3.1212841854934648,0,Control
2003,46105,20231110,74021099.0,0,0,0,0,47,38.0,0,0.8085106382978723,0.0,17387.0,3.263157894736842,0,Control
2004,46111,20231110,74021105.0,0,0,0,0,167,128.0,2,0.7664670658682635,0.0119760479041916,93193.0,4.093749999999998,0,Test
2005,46161,20231110,74021211.0,0,0,0,0,207,81.0,0,0.391304347826087,0.0,56525.0,5.8395061728395055,0,Control
2006,46200,20231110,74021302.0,0,0,0,0,316,231.0,6,0.7310126582278481,0.0189873417721519,114646.0,3.073593073593073,0,Test
2007,46227,20231110,74021353.0,0,0,0,0,1098,857.0,9,0.7805100182149363,0.0081967213114754,372468.0,2.9101516919486605,0,Control
2008,46280,20231110,74021462.0,0,0,0,0,166,126.0,1,0.7590361445783133,0.0060240963855421,56091.0,2.944444444444445,0,Control
2009,46290,20231110,74021481.0,0,0,0,0,338,259.0,3,0.7662721893491125,0.0088757396449704,102829.0,2.872586872586874,0,Control
2010,46376,20231110,74021639.0,0,0,0,0,341,260.0,6,0.7624633431085044,0.0175953079178885,135721.0,3.1923076923076934,0,Test
2011,46406,20231110,74021733.0,0,0,0,0,275,212.0,8,0.7709090909090909,0.029090909090909,148530.0,4.551886792452828,0,Control
2012,46410,20231110,74021738.0,0,0,0,0,277,198.0,1,0.7148014440433214,0.003610108303249,159196.0,4.136363636363639,0,Test
2013,46465,20231110,74021823.0,0,0,0,0,183,122.0,1,0.6666666666666666,0.0054644808743169,97578.0,3.934426229508198,0,Test
2014,46494,20231110,74021880.0,0,0,0,0,168,113.0,3,0.6726190476190477,0.0178571428571428,90198.0,3.336283185840708,0,Test
2015,46514,20231110,74021914.0,0,0,0,0,715,613.0,6,0.8573426573426574,0.0083916083916083,205390.0,2.44371941272431,0,Test
2016,46518,20231110,74021919.0,0,0,0,0,714,623.0,15,0.8725490196078431,0.0210084033613445,265705.0,3.016051364365967,0,Control
2017,46524,20231110,74021928.0,0,0,0,0,198,138.0,0,0.696969696969697,0.0,78055.0,3.702898550724639,0,Test
2018,46551,20231110,74021975.0,0,0,0,0,283,213.0,3,0.7526501766784452,0.0106007067137809,95294.0,3.380281690140845,0,Test
2019,46554,20231110,74021978.0,0,0,0,0,196,135.0,2,0.6887755102040817,0.010204081632653,79846.0,3.681481481481481,0,Test
2020,46585,20231110,74214453.0,0,0,0,0,831,594.0,1,0.7148014440433214,0.0012033694344163,340001.0,3.516835016835019,0,Control
2021,46589,20231110,74215106.0,0,0,0,0,862,709.0,9,0.8225058004640371,0.0104408352668213,262921.0,2.658674188998588,0,Test
2022,46646,20231110,74220627.0,0,0,0,0,187,144.0,3,0.7700534759358288,0.0160427807486631,79295.0,3.534722222222222,0,Control
2023,46680,20231110,74220822.0,0,0,0,0,472,358.0,3,0.7584745762711864,0.0063559322033898,215880.0,3.4916201117318466,0,Control
2024,46698,20231110,74220910.0,0,0,0,0,412,297.0,3,0.720873786407767,0.0072815533980582,166410.0,3.15824915824916,0,Control
2025,46726,20231110,74221041.0,0,0,0,0,441,350.0,5,0.7936507936507936,0.0113378684807256,189289.0,3.3428571428571434,0,Control
2026,46797,20231110,74221472.0,0,0,0,0,218,148.0,2,0.6788990825688074,0.0091743119266055,71916.0,3.081081081081083,0,Control
2027,46821,20231110,74321666.0,0,0,0,0,920,728.0,13,0.7913043478260869,0.0141304347826086,291312.0,2.804945054945054,0,Test
2028,46823,20231110,74321670.0,0,0,0,0,1429,872.0,14,0.6102169349195241,0.0097970608817354,340679.0,2.670871559633025,0,Test
2029,46844,20231110,74321719.0,0,0,0,0,240,179.0,1,0.7458333333333333,0.0041666666666666,78048.0,3.0111731843575407,0,Control
2030,46846,20231110,74321722.0,0,0,0,0,495,403.0,1,0.8141414141414142,0.002020202020202,215226.0,3.3796526054590554,0,Control
2031,46908,20231110,74321861.0,0,0,0,0,233,155.0,5,0.6652360515021459,0.0214592274678111,85872.0,3.8903225806451616,0,Control
2032,46912,20231110,74321865.0,0,0,0,0,254,187.0,7,0.7362204724409449,0.0275590551181102,102299.0,3.4117647058823533,0,Control
2033,46939,20231110,74321910.0,0,0,0,0,72,59.0,1,0.8194444444444444,0.0138888888888888,22111.0,2.915254237288136,0,Control
2034,46957,20231111,74013270.0,0,0,0,0,974,769.0,14,0.7895277207392197,0.0143737166324435,378420.0,3.2301690507152148,0,Test
2035,46970,20231111,74013406.0,0,0,0,0,349,279.0,2,0.7994269340974212,0.0057306590257879,126811.0,3.146953405017921,0,Control
2036,47001,20231111,74016847.0,0,0,0,0,854,687.0,20,0.8044496487119438,0.0234192037470726,312573.0,2.9053857350800563,0,Control
2037,47009,20231111,74020378.0,0,0,0,0,888,620.0,4,0.6981981981981982,0.0045045045045045,374999.0,3.9564516129032254,0,Test
2038,47016,20231111,74020395.0,0,0,0,0,697,496.0,5,0.7116212338593975,0.0071736011477761,232297.0,3.322580645161292,0,Test
2039,47034,20231111,74020449.0,0,0,0,0,847,582.0,5,0.6871310507674144,0.0059031877213695,289493.0,3.5876288659793825,0,Test
2040,47051,20231111,74020492.0,0,0,0,0,1164,1003.0,6,0.8616838487972509,0.0051546391752577,524363.0,3.7178464606181487,0,Control
2041,47066,20231111,74020551.0,0,0,0,0,485,349.0,4,0.7195876288659794,0.0082474226804123,181217.0,3.547277936962752,0,Test
2042,47094,20231111,74020634.0,0,0,0,0,258,233.0,1,0.9031007751937984,0.003875968992248,142160.0,3.815450643776824,0,Test
2043,47101,20231111,74020653.0,0,0,0,0,387,254.0,0,0.6563307493540051,0.0,142471.0,3.5629921259842514,0,Test
2044,47106,20231111,74020660.0,0,0,0,0,179,129.0,1,0.7206703910614525,0.0055865921787709,66073.0,3.35658914728682,0,Test
2045,47113,20231111,74020667.0,0,0,0,0,312,274.0,7,0.8782051282051282,0.0224358974358974,184009.0,3.708029197080294,0,Test
2046,47171,20231111,74020828.0,0,0,0,0,423,360.0,5,0.851063829787234,0.0118203309692671,180238.0,3.5027777777777778,0,Test
2047,47180,20231111,74020871.0,0,0,0,0,166,131.0,0,0.7891566265060241,0.0,69998.0,3.4656488549618327,0,Test
2048,47194,20231111,74020908.0,0,0,0,0,229,184.0,2,0.8034934497816594,0.0087336244541484,100870.0,4.217391304347825,0,Control
2049,47197,20231111,74020920.0,0,0,0,0,721,471.0,3,0.6532593619972261,0.0041608876560332,208271.0,2.910828025477707,0,Control
2050,47203,20231111,74020960.0,0,0,0,0,564,472.0,5,0.8368794326241135,0.0088652482269503,307082.0,3.927966101694913,0,Test
2051,47204,20231111,74020961.0,0,0,0,0,360,280.0,0,0.7777777777777778,0.0,219317.0,4.764285714285714,0,Control
2052,47216,20231111,74021008.0,0,0,0,0,1042,910.0,6,0.8733205374280231,0.0057581573896353,419272.0,3.237362637362641,0,Control
2053,47249,20231111,74021099.0,0,0,0,0,328,280.0,3,0.8536585365853658,0.0091463414634146,161579.0,4.33214285714286,0,Control
2054,47255,20231111,74021105.0,0,0,0,0,189,144.0,1,0.7619047619047619,0.0052910052910052,99613.0,4.083333333333336,0,Test
2055,47305,20231111,74021211.0,0,0,0,0,113,75.0,0,0.6637168141592921,0.0,57243.0,5.6933333333333325,0,Control
2056,47344,20231111,74021302.0,0,0,0,0,444,379.0,8,0.8536036036036037,0.018018018018018,201196.0,3.445910290237465,0,Test
2057,47371,20231111,74021353.0,0,0,0,0,1001,695.0,9,0.6943056943056943,0.0089910089910089,325186.0,3.1021582733812947,0,Control
2058,47424,20231111,74021462.0,0,0,0,0,165,119.0,1,0.7212121212121212,0.006060606060606,65450.0,3.630252100840336,0,Control
2059,47434,20231111,74021481.0,0,0,0,0,373,292.0,1,0.7828418230563002,0.002680965147453,117298.0,2.81164383561644,0,Control
2060,47520,20231111,74021639.0,0,0,0,0,428,329.0,3,0.7686915887850467,0.0070093457943925,182418.0,3.580547112462005,0,Test
2061,47550,20231111,74021733.0,0,0,0,0,343,233.0,3,0.6793002915451894,0.0087463556851311,174125.0,4.459227467811159,0,Control
2062,47554,20231111,74021738.0,0,0,0,0,239,180.0,1,0.7531380753138075,0.00418410041841,144853.0,4.23888888888889,0,Test
2063,47608,20231111,74021823.0,0,0,0,0,200,139.0,0,0.695,0.0,118691.0,4.007194244604318,0,Test
2064,47637,20231111,74021880.0,0,0,0,0,226,133.0,3,0.588495575221239,0.0132743362831858,99765.0,3.6917293233082713,0,Test
2065,47657,20231111,74021914.0,0,0,0,0,447,366.0,5,0.8187919463087249,0.0111856823266219,154868.0,2.9836065573770503,0,Test
2066,47661,20231111,74021919.0,0,0,0,0,680,570.0,7,0.8382352941176471,0.0102941176470588,238607.0,3.087719298245616,0,Control
2067,47667,20231111,74021928.0,0,0,0,0,361,320.0,3,0.8864265927977839,0.0083102493074792,184181.0,3.900000000000002,0,Test
2068,47694,20231111,74021975.0,0,0,0,0,258,192.0,3,0.7441860465116279,0.0116279069767441,96780.0,3.562500000000001,0,Test
2069,47697,20231111,74021978.0,0,0,0,0,262,184.0,1,0.7022900763358778,0.0038167938931297,102290.0,3.695652173913044,0,Test
2070,47728,20231111,74214453.0,0,0,0,0,832,577.0,2,0.6935096153846154,0.0024038461538461,328696.0,3.674176776429812,0,Control
2071,47732,20231111,74215106.0,0,0,0,0,732,588.0,8,0.8032786885245902,0.0109289617486338,230594.0,2.836734693877555,0,Test
2072,47789,20231111,74220627.0,0,0,0,0,175,144.0,4,0.8228571428571428,0.0228571428571428,88580.0,3.895833333333334,0,Control
2073,47823,20231111,74220822.0,0,0,0,0,706,601.0,6,0.8512747875354107,0.0084985835694051,414655.0,4.327787021630615,0,Control
2074,47841,20231111,74220910.0,0,0,0,0,505,317.0,1,0.6277227722772277,0.0019801980198019,192105.0,3.444794952681385,0,Control
2075,47869,20231111,74221041.0,0,0,0,0,488,405.0,6,0.8299180327868853,0.0122950819672131,208425.0,3.2864197530864185,0,Control
2076,47940,20231111,74221472.0,0,0,0,0,240,171.0,2,0.7125,0.0083333333333333,94584.0,3.543859649122808,0,Control
2077,47964,20231111,74321666.0,0,0,0,0,1172,917.0,16,0.7824232081911263,0.0136518771331058,386424.0,3.1243184296619364,0,Test
2078,47966,20231111,74321670.0,0,0,0,0,1135,745.0,13,0.6563876651982379,0.011453744493392,312322.0,2.9114093959731515,0,Test
2079,47987,20231111,74321719.0,0,0,0,0,286,204.0,0,0.7132867132867133,0.0,91601.0,3.3529411764705888,0,Control
2080,47989,20231111,74321722.0,0,0,0,0,720,565.0,6,0.7847222222222222,0.0083333333333333,296358.0,3.361061946902653,0,Control
2081,48051,20231111,74321861.0,0,0,0,0,304,211.0,6,0.694078947368421,0.0197368421052631,121886.0,4.01421800947867,0,Control
2082,48055,20231111,74321865.0,0,0,0,0,270,191.0,2,0.7074074074074074,0.0074074074074074,111956.0,3.5863874345549727,0,Control
2083,48082,20231111,74321910.0,0,0,0,0,186,149.0,0,0.8010752688172043,0.0,86048.0,3.771812080536911,0,Control
2084,48101,20231112,74013270.0,0,0,0,0,800,591.0,10,0.73875,0.0125,316469.0,3.351945854483924,0,Test
2085,48114,20231112,74013406.0,0,0,0,0,243,148.0,2,0.6090534979423868,0.0082304526748971,73656.0,3.527027027027027,0,Control
2086,48145,20231112,74016847.0,0,0,0,0,792,514.0,5,0.648989898989899,0.0063131313131313,224857.0,2.772373540856028,0,Control
2087,48153,20231112,74020378.0,0,0,0,0,703,455.0,6,0.647226173541963,0.0085348506401137,279675.0,3.707692307692311,0,Test
2088,48160,20231112,74020395.0,0,0,0,0,601,385.0,5,0.6405990016638935,0.0083194675540765,193404.0,3.72987012987013,0,Test
2089,48178,20231112,74020449.0,0,0,0,0,769,501.0,5,0.6514954486345904,0.0065019505851755,232216.0,3.4950099800399226,0,Test
2090,48195,20231112,74020492.0,0,0,0,0,1104,948.0,12,0.8586956521739131,0.0108695652173913,499210.0,3.6149789029535873,0,Control
2091,48211,20231112,74020551.0,0,0,0,0,302,219.0,5,0.7251655629139073,0.0165562913907284,116887.0,3.634703196347034,0,Test
2092,48239,20231112,74020634.0,0,0,0,0,215,189.0,1,0.8790697674418605,0.0046511627906976,104526.0,3.460317460317461,0,Test
2093,48246,20231112,74020653.0,0,0,0,0,265,159.0,0,0.6,0.0,83464.0,3.1572327044025155,0,Test
2094,48251,20231112,74020660.0,0,0,0,0,167,113.0,2,0.6766467065868264,0.0119760479041916,61286.0,3.557522123893805,0,Test
2095,48258,20231112,74020667.0,0,0,0,0,212,159.0,0,0.75,0.0,101196.0,3.735849056603772,0,Test
2096,48316,20231112,74020828.0,0,0,0,0,265,211.0,0,0.7962264150943397,0.0,106993.0,3.369668246445497,0,Test
2097,48325,20231112,74020871.0,0,0,0,0,168,128.0,1,0.7619047619047619,0.0059523809523809,68991.0,3.4687500000000004,0,Test
2098,48339,20231112,74020908.0,0,0,0,0,126,97.0,2,0.7698412698412699,0.0158730158730158,59433.0,4.896907216494843,0,Control
2099,48342,20231112,74020920.0,0,0,0,0,367,271.0,7,0.7384196185286104,0.0190735694822888,127001.0,3.0073800738007344,0,Control
2100,48348,20231112,74020960.0,0,0,0,0,337,250.0,6,0.7418397626112759,0.0178041543026706,153078.0,3.904,0,Test
2101,48349,20231112,74020961.0,0,0,0,0,280,214.0,3,0.7642857142857142,0.0107142857142857,179493.0,5.093457943925233,0,Control
2102,48361,20231112,74021008.0,0,0,0,0,765,633.0,9,0.8274509803921568,0.0117647058823529,286472.0,3.173775671406,0,Control
2103,48394,20231112,74021099.0,0,0,0,0,260,225.0,2,0.8653846153846154,0.0076923076923076,132205.0,4.355555555555557,0,Control
2104,48400,20231112,74021105.0,0,0,0,0,141,77.0,1,0.5460992907801419,0.0070921985815602,58260.0,4.493506493506493,0,Test
2105,48450,20231112,74021211.0,0,0,0,0,169,88.0,1,0.5207100591715976,0.0059171597633136,64851.0,5.693181818181819,0,Control
2106,48489,20231112,74021302.0,0,0,0,0,376,253.0,6,0.6728723404255319,0.0159574468085106,134657.0,3.3675889328063238,0,Test
2107,48516,20231112,74021353.0,0,0,0,0,642,431.0,4,0.6713395638629284,0.0062305295950155,196794.0,3.011600928074248,0,Control
2108,48569,20231112,74021462.0,0,0,0,0,76,48.0,0,0.631578947368421,0.0,30968.0,4.479166666666667,0,Control
2109,48579,20231112,74021481.0,0,0,0,0,365,241.0,1,0.6602739726027397,0.0027397260273972,87295.0,2.609958506224066,0,Control
2110,48665,20231112,74021639.0,0,0,0,0,347,205.0,5,0.590778097982709,0.0144092219020172,96080.0,3.1512195121951234,0,Test
2111,48695,20231112,74021733.0,0,0,0,0,35,11.0,0,0.3142857142857143,0.0,7810.0,4.727272727272728,0,Control
2112,48699,20231112,74021738.0,0,0,0,0,226,123.0,1,0.5442477876106194,0.0044247787610619,103847.0,4.414634146341461,0,Test
2113,48754,20231112,74021823.0,0,0,0,0,173,110.0,1,0.6358381502890174,0.0057803468208092,83991.0,3.9909090909090903,0,Test
2114,48783,20231112,74021880.0,0,0,0,0,131,90.0,0,0.6870229007633588,0.0,65572.0,3.466666666666668,0,Test
2115,48803,20231112,74021914.0,0,0,0,0,320,247.0,2,0.771875,0.00625,105333.0,2.898785425101215,0,Test
2116,48807,20231112,74021919.0,0,0,0,0,312,252.0,4,0.8076923076923077,0.0128205128205128,109979.0,3.158730158730159,0,Control
2117,48813,20231112,74021928.0,0,0,0,0,276,198.0,3,0.717391304347826,0.0108695652173913,100331.0,3.520202020202019,0,Test
2118,48840,20231112,74021975.0,0,0,0,0,242,151.0,7,0.6239669421487604,0.0289256198347107,67443.0,3.397350993377484,0,Test
2119,48843,20231112,74021978.0,0,0,0,0,240,155.0,2,0.6458333333333334,0.0083333333333333,86181.0,3.5806451612903225,0,Test
2120,48873,20231112,74214453.0,0,0,0,0,881,519.0,5,0.5891032917139614,0.0056753688989784,274877.0,3.350674373795762,0,Control
2121,48877,20231112,74215106.0,0,0,0,0,480,286.0,2,0.5958333333333333,0.0041666666666666,122080.0,3.1013986013986017,0,Test
2122,48934,20231112,74220627.0,0,0,0,0,126,86.0,2,0.6825396825396826,0.0158730158730158,55006.0,4.267441860465117,0,Control
2123,48968,20231112,74220822.0,0,0,0,0,654,313.0,6,0.4785932721712538,0.0091743119266055,196303.0,4.156549520766776,0,Control
2124,48986,20231112,74220910.0,0,0,0,0,174,78.0,1,0.4482758620689655,0.0057471264367816,44660.0,3.589743589743589,0,Control
2125,49014,20231112,74221041.0,0,0,0,0,411,294.0,3,0.7153284671532847,0.0072992700729927,142962.0,3.023809523809524,0,Control
2126,49085,20231112,74221472.0,0,0,0,0,208,99.0,2,0.4759615384615384,0.0096153846153846,55174.0,3.868686868686868,0,Control
2127,49109,20231112,74321666.0,0,0,0,0,1054,588.0,13,0.5578747628083491,0.0123339658444022,248382.0,3.0748299319727868,0,Test
2128,49111,20231112,74321670.0,0,0,0,0,583,343.0,1,0.5883361921097771,0.0017152658662092,151920.0,2.8396501457725947,0,Test
2129,49132,20231112,74321719.0,0,0,0,0,230,106.0,1,0.4608695652173913,0.0043478260869565,50547.0,3.39622641509434,0,Control
2130,49134,20231112,74321722.0,0,0,0,0,475,334.0,3,0.7031578947368421,0.0063157894736842,184733.0,3.6317365269461073,0,Control
2131,49196,20231112,74321861.0,0,0,0,0,184,108.0,2,0.5869565217391305,0.0108695652173913,65990.0,3.9351851851851847,0,Control
2132,49200,20231112,74321865.0,0,0,0,0,204,112.0,3,0.5490196078431373,0.0147058823529411,71678.0,3.732142857142857,0,Control
2133,49227,20231112,74321910.0,0,0,0,0,14,2.0,0,0.1428571428571428,0.0,481.0,2.5,0,Control
2134,49244,20231113,74013270.0,0,0,0,0,1008,802.0,27,0.7956349206349206,0.0267857142857142,337291.0,2.783042394014961,0,Test
2135,49257,20231113,74013406.0,0,0,0,0,172,118.0,2,0.686046511627907,0.0116279069767441,45159.0,2.542372881355934,0,Control
2136,49288,20231113,74016847.0,0,0,0,0,845,670.0,14,0.7928994082840237,0.0165680473372781,244569.0,2.498507462686566,0,Control
2137,49296,20231113,74020378.0,0,0,0,0,445,281.0,4,0.6314606741573033,0.0089887640449438,150823.0,3.2455516014234878,0,Test
2138,49303,20231113,74020395.0,0,0,0,0,688,508.0,8,0.7383720930232558,0.0116279069767441,192329.0,2.799212598425197,0,Test
2139,49321,20231113,74020449.0,0,0,0,0,485,294.0,2,0.6061855670103092,0.0041237113402061,125898.0,3.129251700680274,0,Test
2140,49338,20231113,74020492.0,0,0,0,0,705,565.0,5,0.8014184397163121,0.0070921985815602,270007.0,3.2212389380530966,0,Control
2141,49354,20231113,74020551.0,0,0,0,0,320,239.0,8,0.746875,0.025,110745.0,3.376569037656903,0,Test
2142,49382,20231113,74020634.0,0,0,0,0,145,107.0,1,0.7379310344827587,0.0068965517241379,48892.0,2.747663551401868,0,Test
2143,49389,20231113,74020653.0,0,0,0,0,195,141.0,2,0.7230769230769231,0.0102564102564102,58208.0,2.453900709219859,0,Test
2144,49394,20231113,74020660.0,0,0,0,0,86,61.0,0,0.7093023255813954,0.0,31089.0,3.000000000000001,0,Test
2145,49401,20231113,74020667.0,0,0,0,0,122,98.0,3,0.8032786885245902,0.0245901639344262,58629.0,3.510204081632654,0,Test
2146,49459,20231113,74020828.0,0,0,0,0,415,357.0,6,0.8602409638554217,0.0144578313253012,150156.0,2.952380952380954,0,Test
2147,49468,20231113,74020871.0,0,0,0,0,156,122.0,0,0.782051282051282,0.0,58969.0,3.2786885245901645,0,Test
2148,49482,20231113,74020908.0,0,0,0,0,131,102.0,1,0.7786259541984732,0.0076335877862595,50962.0,4.15686274509804,0,Control
2149,49485,20231113,74020920.0,0,0,0,0,485,385.0,3,0.7938144329896907,0.0061855670103092,151173.0,2.703896103896104,0,Control
2150,49491,20231113,74020960.0,0,0,0,0,380,305.0,10,0.8026315789473685,0.0263157894736842,171709.0,3.511475409836065,0,Test
2151,49492,20231113,74020961.0,0,0,0,0,138,104.0,2,0.7536231884057971,0.0144927536231884,73864.0,4.163461538461538,0,Control
2152,49504,20231113,74021008.0,0,0,0,0,784,660.0,8,0.8418367346938775,0.010204081632653,272686.0,2.922727272727274,0,Control
2153,49537,20231113,74021099.0,0,0,0,0,154,122.0,1,0.7922077922077922,0.0064935064935064,64116.0,3.6475409836065578,0,Control
2154,49543,20231113,74021105.0,0,0,0,0,125,88.0,0,0.704,0.0,60400.0,4.25,0,Test
2155,49593,20231113,74021211.0,0,0,0,0,131,93.0,3,0.7099236641221374,0.0229007633587786,63686.0,4.913978494623656,0,Control
2156,49632,20231113,74021302.0,0,0,0,0,200,131.0,0,0.655,0.0,64808.0,2.9618320610687023,0,Test
2157,49659,20231113,74021353.0,0,0,0,0,822,652.0,15,0.7931873479318735,0.0182481751824817,242110.0,2.5506134969325185,0,Control
2158,49712,20231113,74021462.0,0,0,0,0,105,74.0,1,0.7047619047619048,0.0095238095238095,31005.0,2.8783783783783776,0,Control
2159,49722,20231113,74021481.0,0,0,0,0,249,176.0,2,0.7068273092369478,0.0080321285140562,69557.0,2.806818181818181,0,Control
2160,49808,20231113,74021639.0,0,0,0,0,225,159.0,0,0.7066666666666667,0.0,74252.0,3.050314465408805,0,Test
2161,49838,20231113,74021733.0,0,0,0,0,229,200.0,2,0.8733624454148472,0.0087336244541484,155416.0,4.7600000000000025,0,Control
2162,49842,20231113,74021738.0,0,0,0,0,144,113.0,0,0.7847222222222222,0.0,85396.0,3.796460176991149,0,Test
2163,49897,20231113,74021823.0,0,0,0,0,137,98.0,0,0.7153284671532847,0.0,83414.0,4.3571428571428585,0,Test
2164,49926,20231113,74021880.0,0,0,0,0,93,68.0,1,0.7311827956989247,0.010752688172043,39185.0,2.5,0,Test
2165,49946,20231113,74021914.0,0,0,0,0,684,592.0,9,0.8654970760233918,0.0131578947368421,204046.0,2.41047297297297,0,Test
2166,49950,20231113,74021919.0,0,0,0,0,612,505.0,7,0.8251633986928104,0.011437908496732,179075.0,2.677227722772276,0,Control
2167,49956,20231113,74021928.0,0,0,0,0,151,92.0,2,0.609271523178808,0.0132450331125827,46395.0,3.510869565217392,0,Test
2168,49983,20231113,74021975.0,0,0,0,0,201,156.0,3,0.7761194029850746,0.0149253731343283,63674.0,2.9551282051282066,0,Test
2169,49986,20231113,74021978.0,0,0,0,0,130,86.0,1,0.6615384615384615,0.0076923076923076,50839.0,3.8604651162790673,0,Test
2170,50017,20231113,74214453.0,0,0,0,0,630,415.0,4,0.6587301587301587,0.0063492063492063,202682.0,3.416867469879519,0,Control
2171,50021,20231113,74215106.0,0,0,0,0,833,698.0,11,0.8379351740696278,0.0132052821128451,259621.0,2.6060171919770765,0,Test
2172,50078,20231113,74220627.0,0,0,0,0,125,95.0,3,0.76,0.024,61362.0,4.33684210526316,0,Control
2173,50111,20231113,74220822.0,0,0,0,0,518,332.0,1,0.640926640926641,0.0019305019305019,194503.0,3.5753012048192767,0,Control
2174,50129,20231113,74220910.0,0,0,0,0,306,176.0,0,0.5751633986928104,0.0,92828.0,3.261363636363636,0,Control
2175,50157,20231113,74221041.0,0,0,0,0,383,283.0,5,0.7389033942558747,0.0130548302872062,134080.0,3.11660777385159,0,Control
2176,50228,20231113,74221472.0,0,0,0,0,145,104.0,1,0.7172413793103448,0.0068965517241379,46932.0,2.798076923076924,0,Control
2177,50252,20231113,74321666.0,0,0,0,0,705,523.0,10,0.7418439716312056,0.0141843971631205,202648.0,2.694072657743785,0,Test
2178,50254,20231113,74321670.0,0,0,0,0,1046,848.0,20,0.8107074569789675,0.0191204588910133,311051.0,2.62971698113208,0,Test
2179,50275,20231113,74321719.0,0,0,0,0,189,129.0,2,0.6825396825396826,0.0105820105820105,46450.0,2.542635658914728,0,Control
2180,50277,20231113,74321722.0,0,0,0,0,397,305.0,5,0.7682619647355163,0.0125944584382871,147985.0,3.1213114754098354,0,Control
2181,50339,20231113,74321861.0,0,0,0,0,134,94.0,0,0.7014925373134329,0.0,50386.0,3.797872340425532,0,Control
2182,50343,20231113,74321865.0,0,0,0,0,168,94.0,3,0.5595238095238095,0.0178571428571428,48400.0,3.4255319148936176,0,Control
2183,50370,20231113,74321910.0,0,0,0,0,176,141.0,1,0.8011363636363636,0.0056818181818181,57445.0,3.340425531914894,0,Control
2184,50388,20231114,74013270.0,0,0,0,0,1093,855.0,22,0.7822506861848124,0.0201280878316559,356883.0,2.7461988304093574,0,Test
2185,50401,20231114,74013406.0,0,0,0,0,167,120.0,3,0.718562874251497,0.0179640718562874,45916.0,2.5166666666666666,0,Control
2186,50432,20231114,74016847.0,0,0,0,0,990,824.0,8,0.8323232323232324,0.008080808080808,318380.0,2.5254854368932094,0,Control
2187,50440,20231114,74020378.0,0,0,0,0,448,260.0,2,0.5803571428571429,0.0044642857142857,140832.0,3.4384615384615373,0,Test
2188,50447,20231114,74020395.0,0,0,0,0,701,490.0,8,0.6990014265335235,0.0114122681883024,193807.0,2.714285714285714,0,Test
2189,50465,20231114,74020449.0,0,0,0,0,522,326.0,4,0.6245210727969349,0.0076628352490421,137690.0,3.036809815950919,0,Test
2190,50482,20231114,74020492.0,0,0,0,0,827,652.0,4,0.788391777509069,0.0048367593712212,287920.0,3.0061349693251542,0,Control
2191,50497,20231114,74020551.0,0,0,0,0,246,188.0,6,0.7642276422764228,0.024390243902439,88042.0,3.255319148936169,0,Test
2192,50525,20231114,74020634.0,0,0,0,0,113,85.0,0,0.7522123893805309,0.0,37969.0,2.8000000000000003,0,Test
2193,50532,20231114,74020653.0,0,0,0,0,181,104.0,1,0.574585635359116,0.005524861878453,49798.0,3.028846153846155,0,Test
2194,50537,20231114,74020660.0,0,0,0,0,83,63.0,0,0.7590361445783133,0.0,26285.0,2.9365079365079367,0,Test
2195,50544,20231114,74020667.0,0,0,0,0,145,113.0,2,0.7793103448275862,0.0137931034482758,65027.0,3.371681415929203,0,Test
2196,50602,20231114,74020828.0,0,0,0,0,409,316.0,7,0.7726161369193154,0.0171149144254278,132154.0,2.8607594936708844,0,Test
2197,50611,20231114,74020871.0,0,0,0,0,165,136.0,1,0.8242424242424242,0.006060606060606,62885.0,2.933823529411764,0,Test
2198,50625,20231114,74020908.0,0,0,0,0,177,140.0,1,0.7909604519774012,0.0056497175141242,59994.0,3.421428571428572,0,Control
2199,50628,20231114,74020920.0,0,0,0,0,510,413.0,3,0.8098039215686275,0.0058823529411764,165539.0,2.5714285714285707,0,Control
2200,50634,20231114,74020960.0,0,0,0,0,441,347.0,10,0.7868480725623582,0.0226757369614512,166452.0,3.1325648414985587,0,Test
2201,50635,20231114,74020961.0,0,0,0,0,175,120.0,1,0.6857142857142857,0.0057142857142857,70867.0,3.758333333333335,0,Control
2202,50647,20231114,74021008.0,0,0,0,0,835,685.0,12,0.8203592814371258,0.0143712574850299,290951.0,2.9649635036496345,0,Control
2203,50680,20231114,74021099.0,0,0,0,0,120,101.0,1,0.8416666666666667,0.0083333333333333,60085.0,4.12871287128713,0,Control
2204,50686,20231114,74021105.0,0,0,0,0,131,93.0,1,0.7099236641221374,0.0076335877862595,60452.0,3.9892473118279552,0,Test
2205,50736,20231114,74021211.0,0,0,0,0,144,104.0,0,0.7222222222222222,0.0,68047.0,5.019230769230767,0,Control
2206,50775,20231114,74021302.0,0,0,0,0,254,190.0,5,0.7480314960629921,0.0196850393700787,86244.0,2.721052631578947,0,Test
2207,50802,20231114,74021353.0,0,0,0,0,850,675.0,9,0.7941176470588235,0.0105882352941176,277666.0,2.822222222222221,0,Control
2208,50855,20231114,74021462.0,0,0,0,0,133,84.0,1,0.631578947368421,0.0075187969924812,40882.0,3.3571428571428568,0,Control
2209,50865,20231114,74021481.0,0,0,0,0,252,189.0,0,0.75,0.0,72550.0,2.671957671957671,0,Control
2210,50951,20231114,74021639.0,0,0,0,0,259,207.0,4,0.7992277992277992,0.0154440154440154,92017.0,3.1159420289855064,0,Test
2211,50981,20231114,74021733.0,0,0,0,0,258,202.0,4,0.7829457364341085,0.0155038759689922,153396.0,4.574257425742573,0,Control
2212,50985,20231114,74021738.0,0,0,0,0,173,121.0,2,0.6994219653179191,0.0115606936416184,93777.0,3.768595041322314,0,Test
2213,51040,20231114,74021823.0,0,0,0,0,156,103.0,0,0.6602564102564102,0.0,87019.0,4.3203883495145625,0,Test
2214,51069,20231114,74021880.0,0,0,0,0,92,62.0,1,0.6739130434782609,0.0108695652173913,44234.0,3.225806451612904,0,Test
2215,51089,20231114,74021914.0,0,0,0,0,676,576.0,10,0.8520710059171598,0.014792899408284,188117.0,2.401041666666669,0,Test
2216,51093,20231114,74021919.0,0,0,0,0,708,573.0,7,0.809322033898305,0.0098870056497175,214288.0,2.708551483420594,0,Control
2217,51099,20231114,74021928.0,0,0,0,0,123,89.0,0,0.7235772357723578,0.0,40597.0,3.202247191011236,0,Test
2218,51126,20231114,74021975.0,0,0,0,0,190,139.0,0,0.7315789473684211,0.0,57638.0,3.115107913669067,0,Test
2219,51129,20231114,74021978.0,0,0,0,0,131,104.0,0,0.7938931297709924,0.0,63557.0,3.875,0,Test
2220,51160,20231114,74214453.0,0,0,0,0,616,400.0,4,0.6493506493506493,0.0064935064935064,202574.0,3.4275,0,Control
2221,51164,20231114,74215106.0,0,0,0,0,764,646.0,16,0.8455497382198953,0.0209424083769633,237578.0,2.6826625386996863,0,Test
2222,51221,20231114,74220627.0,0,0,0,0,118,99.0,2,0.8389830508474576,0.0169491525423728,53190.0,3.555555555555556,0,Control
2223,51255,20231114,74220822.0,0,0,0,0,455,325.0,4,0.7142857142857143,0.0087912087912087,172122.0,3.292307692307692,0,Control
2224,51273,20231114,74220910.0,0,0,0,0,311,217.0,4,0.6977491961414791,0.0128617363344051,111253.0,3.078341013824885,0,Control
2225,51301,20231114,74221041.0,0,0,0,0,381,315.0,11,0.8267716535433071,0.0288713910761154,152855.0,3.123809523809526,0,Control
2226,51372,20231114,74221472.0,0,0,0,0,197,89.0,3,0.4517766497461929,0.015228426395939,36728.0,2.764044943820225,0,Control
2227,51396,20231114,74321666.0,0,0,0,0,683,531.0,10,0.7774524158125915,0.0146412884333821,193321.0,2.598870056497174,0,Test
2228,51398,20231114,74321670.0,0,0,0,0,1120,744.0,11,0.6642857142857143,0.0098214285714285,266736.0,2.6384408602150566,0,Test
2229,51419,20231114,74321719.0,0,0,0,0,205,147.0,2,0.7170731707317073,0.0097560975609756,57005.0,2.768707482993199,0,Control
2230,51421,20231114,74321722.0,0,0,0,0,363,289.0,2,0.7961432506887053,0.0055096418732782,145427.0,3.3840830449826984,0,Control
2231,51483,20231114,74321861.0,0,0,0,0,132,96.0,0,0.7272727272727273,0.0,47974.0,3.1666666666666656,0,Control
2232,51487,20231114,74321865.0,0,0,0,0,176,121.0,2,0.6875,0.0113636363636363,66808.0,3.611570247933885,0,Control
2233,51514,20231114,74321910.0,0,0,0,0,164,133.0,0,0.8109756097560976,0.0,62143.0,3.293233082706767,0,Control
2234,51532,20231115,74013270.0,0,0,0,0,1026,825.0,25,0.804093567251462,0.0243664717348927,353717.0,2.9139393939393927,0,Test
2235,51545,20231115,74013406.0,0,0,0,0,172,135.0,1,0.7848837209302325,0.005813953488372,53410.0,2.5629629629629638,0,Control
2236,51576,20231115,74016847.0,0,0,0,0,940,751.0,15,0.798936170212766,0.0159574468085106,297594.0,2.5938748335552595,0,Control
2237,51583,20231115,74020378.0,0,0,0,0,439,263.0,5,0.5990888382687927,0.0113895216400911,142953.0,3.288973384030419,0,Test
2238,51590,20231115,74020395.0,0,0,0,0,649,508.0,9,0.7827426810477658,0.0138674884437596,203406.0,2.883858267716538,0,Test
2239,51608,20231115,74020449.0,0,0,0,0,555,378.0,3,0.6810810810810811,0.0054054054054054,176997.0,3.373015873015874,0,Test
2240,51625,20231115,74020492.0,0,0,0,0,760,581.0,8,0.7644736842105263,0.0105263157894736,264702.0,3.0430292598967315,0,Control
2241,51640,20231115,74020551.0,0,0,0,0,340,242.0,6,0.711764705882353,0.0176470588235294,109236.0,3.2933884297520675,0,Test
2242,51668,20231115,74020634.0,0,0,0,0,146,108.0,0,0.7397260273972602,0.0,61621.0,3.583333333333335,0,Test
2243,51675,20231115,74020653.0,0,0,0,0,192,134.0,2,0.6979166666666666,0.0104166666666666,59030.0,2.716417910447761,0,Test
2244,51680,20231115,74020660.0,0,0,0,0,112,82.0,2,0.7321428571428571,0.0178571428571428,31628.0,2.7073170731707314,0,Test
2245,51687,20231115,74020667.0,0,0,0,0,188,155.0,1,0.824468085106383,0.0053191489361702,98822.0,3.606451612903226,0,Test
2246,51745,20231115,74020828.0,0,0,0,0,501,414.0,9,0.8263473053892215,0.0179640718562874,186466.0,3.183574879227055,0,Test
2247,51754,20231115,74020871.0,0,0,0,0,162,127.0,2,0.7839506172839507,0.0123456790123456,57535.0,3.031496062992125,0,Test
2248,51768,20231115,74020908.0,0,0,0,0,164,116.0,4,0.7073170731707317,0.024390243902439,59976.0,4.1810344827586245,0,Control
2249,51771,20231115,74020920.0,0,0,0,0,481,382.0,5,0.7941787941787942,0.0103950103950103,158355.0,2.5340314136125666,0,Control
2250,51777,20231115,74020960.0,0,0,0,0,447,341.0,8,0.7628635346756152,0.017897091722595,181243.0,3.3870967741935485,0,Test
2251,51778,20231115,74020961.0,0,0,0,0,166,120.0,1,0.7228915662650602,0.0060240963855421,81076.0,4.25833333333333,0,Control
2252,51790,20231115,74021008.0,0,0,0,0,923,754.0,9,0.8169014084507042,0.0097508125677139,317086.0,2.941644562334216,0,Control
2253,51823,20231115,74021099.0,0,0,0,0,164,138.0,1,0.8414634146341463,0.0060975609756097,69104.0,3.6666666666666647,0,Control
2254,51829,20231115,74021105.0,0,0,0,0,97,74.0,0,0.7628865979381443,0.0,53824.0,4.081081081081082,0,Test
2255,51879,20231115,74021211.0,0,0,0,0,120,80.0,0,0.6666666666666666,0.0,60279.0,5.975000000000001,0,Control
2256,51918,20231115,74021302.0,0,0,0,0,251,191.0,2,0.7609561752988048,0.0079681274900398,94304.0,3.094240837696335,0,Test
2257,51945,20231115,74021353.0,0,0,0,0,862,713.0,14,0.8271461716937355,0.0162412993039443,296231.0,2.7896213183730727,0,Control
2258,51998,20231115,74021462.0,0,0,0,0,142,100.0,2,0.704225352112676,0.0140845070422535,50719.0,3.5400000000000023,0,Control
2259,52008,20231115,74021481.0,0,0,0,0,277,217.0,1,0.7833935018050542,0.003610108303249,91997.0,3.013824884792627,0,Control
2260,52094,20231115,74021639.0,0,0,0,0,308,238.0,0,0.7727272727272727,0.0,113237.0,3.042016806722688,0,Test
2261,52124,20231115,74021733.0,0,0,0,0,288,225.0,7,0.78125,0.0243055555555555,154049.0,4.124444444444444,0,Control
2262,52128,20231115,74021738.0,0,0,0,0,205,159.0,3,0.775609756097561,0.0146341463414634,137340.0,4.440251572327044,0,Test
2263,52183,20231115,74021823.0,0,0,0,0,129,90.0,1,0.6976744186046512,0.0077519379844961,71567.0,4.066666666666668,0,Test
2264,52212,20231115,74021880.0,0,0,0,0,139,98.0,1,0.7050359712230215,0.0071942446043165,76116.0,3.9387755102040822,0,Test
2265,52232,20231115,74021914.0,0,0,0,0,710,622.0,5,0.8760563380281691,0.0070422535211267,212984.0,2.45498392282958,0,Test
2266,52236,20231115,74021919.0,0,0,0,0,694,545.0,7,0.7853025936599424,0.0100864553314121,203079.0,2.7926605504587174,0,Control
2267,52242,20231115,74021928.0,0,0,0,0,143,95.0,1,0.6643356643356644,0.0069930069930069,43905.0,3.3263157894736834,0,Test
2268,52269,20231115,74021975.0,0,0,0,0,237,170.0,2,0.7172995780590717,0.0084388185654008,70441.0,3.1352941176470583,0,Test
2269,52272,20231115,74021978.0,0,0,0,0,167,105.0,2,0.6287425149700598,0.0119760479041916,65589.0,3.7142857142857135,0,Test
2270,52303,20231115,74214453.0,0,0,0,0,767,559.0,7,0.7288135593220338,0.0091264667535853,286041.0,3.171735241502682,0,Control
2271,52307,20231115,74215106.0,0,0,0,0,853,665.0,9,0.779601406799531,0.0105509964830011,255799.0,2.682706766917292,0,Test
2272,52364,20231115,74220627.0,0,0,0,0,125,89.0,1,0.712,0.008,48938.0,3.685393258426966,0,Control
2273,52398,20231115,74220822.0,0,0,0,0,483,330.0,2,0.6832298136645962,0.0041407867494824,170983.0,3.333333333333333,0,Control
2274,52416,20231115,74220910.0,0,0,0,0,315,221.0,5,0.7015873015873015,0.0158730158730158,120635.0,3.20814479638009,0,Control
2275,52444,20231115,74221041.0,0,0,0,0,453,370.0,2,0.8167770419426048,0.0044150110375275,180237.0,3.0432432432432432,0,Control
2276,52515,20231115,74221472.0,0,0,0,0,76,24.0,0,0.3157894736842105,0.0,14207.0,3.9166666666666665,0,Control
2277,52539,20231115,74321666.0,0,0,0,0,699,525.0,13,0.7510729613733905,0.0185979971387696,210600.0,2.826666666666666,0,Test
2278,52541,20231115,74321670.0,0,0,0,0,1189,900.0,17,0.7569386038687973,0.0142977291841883,325867.0,2.571111111111112,0,Test
2279,52562,20231115,74321719.0,0,0,0,0,184,132.0,2,0.717391304347826,0.0108695652173913,47489.0,2.553030303030304,0,Control
2280,52564,20231115,74321722.0,0,0,0,0,379,304.0,4,0.8021108179419525,0.0105540897097625,169117.0,3.417763157894736,0,Control
2281,52627,20231115,74321861.0,0,0,0,0,201,140.0,2,0.6965174129353234,0.0099502487562189,68795.0,3.3071428571428565,0,Control
2282,52631,20231115,74321865.0,0,0,0,0,217,152.0,1,0.7004608294930875,0.0046082949308755,66138.0,2.671052631578948,0,Control
2283,52658,20231115,74321910.0,0,0,0,0,185,155.0,2,0.8378378378378378,0.0108108108108108,76690.0,3.5548387096774205,0,Control
2284,52677,20231116,74013270.0,0,0,0,0,1085,855.0,22,0.7880184331797235,0.0202764976958525,369166.0,2.8350877192982447,0,Test
2285,52690,20231116,74013406.0,0,0,0,0,151,101.0,1,0.6688741721854304,0.0066225165562913,44028.0,2.8217821782178216,0,Control
2286,52721,20231116,74016847.0,0,0,0,0,1129,782.0,17,0.6926483613817538,0.0150575730735163,292001.0,2.58312020460358,0,Control
2287,52729,20231116,74020378.0,0,0,0,0,482,322.0,11,0.6680497925311203,0.0228215767634854,175093.0,3.2763975155279508,0,Test
2288,52736,20231116,74020395.0,0,0,0,0,803,595.0,9,0.7409713574097135,0.0112079701120797,236046.0,2.887394957983192,0,Test
2289,52754,20231116,74020449.0,0,0,0,0,514,383.0,2,0.745136186770428,0.0038910505836575,162079.0,3.0339425587467383,0,Test
2290,52771,20231116,74020492.0,0,0,0,0,692,577.0,7,0.8338150289017341,0.0101156069364161,256016.0,2.975736568457539,0,Control
2291,52786,20231116,74020551.0,0,0,0,0,210,176.0,4,0.8380952380952381,0.019047619047619,85682.0,3.409090909090909,0,Test
2292,52814,20231116,74020634.0,0,0,0,0,163,136.0,0,0.8343558282208589,0.0,67717.0,3.088235294117648,0,Test
2293,52821,20231116,74020653.0,0,0,0,0,145,79.0,1,0.5448275862068965,0.0068965517241379,39529.0,2.772151898734177,0,Test
2294,52826,20231116,74020660.0,0,0,0,0,115,83.0,3,0.7217391304347827,0.0260869565217391,39880.0,3.1325301204819285,0,Test
2295,52833,20231116,74020667.0,0,0,0,0,151,125.0,1,0.8278145695364238,0.0066225165562913,74015.0,3.600000000000001,0,Test
2296,52890,20231116,74020828.0,0,0,0,0,452,383.0,5,0.8473451327433629,0.0110619469026548,160369.0,2.859007832898171,0,Test
2297,52899,20231116,74020871.0,0,0,0,0,161,139.0,2,0.8633540372670807,0.0124223602484472,65115.0,3.043165467625899,0,Test
2298,52913,20231116,74020908.0,0,0,0,0,135,110.0,1,0.8148148148148148,0.0074074074074074,59879.0,4.390909090909091,0,Control
2299,52916,20231116,74020920.0,0,0,0,0,487,392.0,3,0.8049281314168378,0.0061601642710472,152139.0,2.5612244897959187,0,Control
2300,52922,20231116,74020960.0,0,0,0,0,351,278.0,6,0.792022792022792,0.017094017094017,154106.0,3.384892086330936,0,Test
2301,52923,20231116,74020961.0,0,0,0,0,159,112.0,1,0.7044025157232704,0.0062893081761006,62153.0,3.339285714285713,0,Control
2302,52935,20231116,74021008.0,0,0,0,0,872,775.0,5,0.8887614678899083,0.0057339449541284,323762.0,2.9148387096774178,0,Control
2303,52968,20231116,74021099.0,0,0,0,0,149,113.0,0,0.7583892617449665,0.0,62489.0,3.6194690265486726,0,Control
2304,52974,20231116,74021105.0,0,0,0,0,129,97.0,3,0.751937984496124,0.0232558139534883,67829.0,3.793814432989692,0,Test
2305,53024,20231116,74021211.0,0,0,0,0,144,95.0,0,0.6597222222222222,0.0,64248.0,5.1157894736842096,0,Control
2306,53063,20231116,74021302.0,0,0,0,0,276,207.0,2,0.75,0.0072463768115942,96582.0,3.0483091787439607,0,Test
2307,53090,20231116,74021353.0,0,0,0,0,1012,831.0,8,0.8211462450592886,0.0079051383399209,345667.0,2.753309265944647,0,Control
2308,53143,20231116,74021462.0,0,0,0,0,119,98.0,2,0.8235294117647058,0.0168067226890756,44815.0,3.418367346938775,0,Control
2309,53153,20231116,74021481.0,0,0,0,0,341,206.0,1,0.6041055718475073,0.002932551319648,87616.0,3.0145631067961163,0,Control
2310,53239,20231116,74021639.0,0,0,0,0,271,219.0,2,0.8081180811808119,0.007380073800738,102615.0,3.191780821917807,0,Test
2311,53269,20231116,74021733.0,0,0,0,0,261,223.0,5,0.8544061302681992,0.0191570881226053,148559.0,4.0762331838565045,0,Control
2312,53273,20231116,74021738.0,0,0,0,0,246,185.0,1,0.7520325203252033,0.0040650406504065,141722.0,3.816216216216215,0,Test
2313,53328,20231116,74021823.0,0,0,0,0,226,129.0,0,0.5707964601769911,0.0,103166.0,3.992248062015503,0,Test
2314,53357,20231116,74021880.0,0,0,0,0,121,69.0,0,0.5702479338842975,0.0,46938.0,3.072463768115942,0,Test
2315,53377,20231116,74021914.0,0,0,0,0,733,606.0,9,0.8267394270122783,0.0122783083219645,214302.0,2.537953795379537,0,Test
2316,53381,20231116,74021919.0,0,0,0,0,714,618.0,12,0.865546218487395,0.0168067226890756,239730.0,2.843042071197414,0,Control
2317,53387,20231116,74021928.0,0,0,0,0,177,133.0,1,0.751412429378531,0.0056497175141242,67867.0,3.345864661654137,0,Test
2318,53414,20231116,74021975.0,0,0,0,0,234,164.0,2,0.7008547008547008,0.0085470085470085,59472.0,2.951219512195123,0,Test
2319,53417,20231116,74021978.0,0,0,0,0,151,105.0,1,0.695364238410596,0.0066225165562913,65708.0,3.990476190476192,0,Test
2320,53448,20231116,74214453.0,0,0,0,0,696,508.0,7,0.7298850574712644,0.0100574712643678,274928.0,3.4370078740157486,0,Control
2321,53452,20231116,74215106.0,0,0,0,0,801,673.0,8,0.8401997503121099,0.0099875156054931,260658.0,2.7043090638930125,0,Test
2322,53509,20231116,74220627.0,0,0,0,0,136,104.0,1,0.7647058823529411,0.0073529411764705,58442.0,3.788461538461537,0,Control
2323,53543,20231116,74220822.0,0,0,0,0,457,337.0,3,0.737417943107221,0.0065645514223194,176861.0,3.3768545994065278,0,Control
2324,53561,20231116,74220910.0,0,0,0,0,321,216.0,2,0.6728971962616822,0.0062305295950155,117051.0,3.166666666666668,0,Control
2325,53589,20231116,74221041.0,0,0,0,0,423,347.0,7,0.8203309692671394,0.0165484633569739,168565.0,3.1210374639769447,0,Control
2326,53660,20231116,74221472.0,0,0,0,0,194,144.0,3,0.7422680412371134,0.0154639175257731,71034.0,3.263888888888888,0,Control
2327,53684,20231116,74321666.0,0,0,0,0,737,579.0,14,0.7856173677069199,0.0189959294436906,221561.0,2.7426597582038,0,Test
2328,53686,20231116,74321670.0,0,0,0,0,1237,909.0,15,0.7348423605497171,0.0121261115602263,330173.0,2.526952695269529,0,Test
2329,53707,20231116,74321719.0,0,0,0,0,168,118.0,1,0.7023809523809523,0.0059523809523809,44074.0,2.669491525423729,0,Control
2330,53709,20231116,74321722.0,0,0,0,0,374,263.0,4,0.7032085561497327,0.0106951871657754,129656.0,3.334600760456273,0,Control
2331,53772,20231116,74321861.0,0,0,0,0,178,134.0,4,0.7528089887640449,0.0224719101123595,70364.0,3.626865671641791,0,Control
2332,53776,20231116,74321865.0,0,0,0,0,216,156.0,1,0.7222222222222222,0.0046296296296296,75055.0,2.923076923076924,0,Control
2333,53803,20231116,74321910.0,0,0,0,0,199,181.0,1,0.9095477386934674,0.0050251256281407,86421.0,3.243093922651934,0,Control
2334,53821,20231117,74013270.0,0,0,0,0,1103,876.0,12,0.7941976427923844,0.0108794197642792,411142.0,3.0742009132420085,0,Test
2335,53834,20231117,74013406.0,0,0,0,0,188,154.0,5,0.8191489361702128,0.026595744680851,71720.0,3.1558441558441546,0,Control
2336,53865,20231117,74016847.0,0,0,0,0,1059,781.0,16,0.7374881964117092,0.0151085930122757,319928.0,2.7554417413572354,0,Control
2337,53873,20231117,74020378.0,0,0,0,0,470,312.0,0,0.6638297872340425,0.0,186680.0,3.5416666666666665,0,Test
2338,53880,20231117,74020395.0,0,0,0,0,811,651.0,1,0.8027127003699137,0.001233045622688,274394.0,2.806451612903227,0,Test
2339,53898,20231117,74020449.0,0,0,0,0,597,315.0,3,0.5276381909547738,0.0050251256281407,145599.0,3.2666666666666657,0,Test
2340,53915,20231117,74020492.0,0,0,0,0,918,731.0,8,0.7962962962962963,0.008714596949891,337299.0,3.0287277701778383,0,Control
2341,53931,20231117,74020551.0,0,0,0,0,263,197.0,1,0.7490494296577946,0.0038022813688212,104944.0,3.6548223350253815,0,Test
2342,53959,20231117,74020634.0,0,0,0,0,194,161.0,0,0.8298969072164949,0.0,83747.0,3.149068322981368,0,Test
2343,53966,20231117,74020653.0,0,0,0,0,246,177.0,1,0.7195121951219512,0.0040650406504065,102250.0,3.3107344632768343,0,Test
2344,53971,20231117,74020660.0,0,0,0,0,147,106.0,0,0.7210884353741497,0.0,44928.0,3.075471698113206,0,Test
2345,53978,20231117,74020667.0,0,0,0,0,225,196.0,0,0.8711111111111111,0.0,113360.0,3.2908163265306096,0,Test
2346,54036,20231117,74020828.0,0,0,0,0,496,437.0,3,0.8810483870967742,0.0060483870967741,186866.0,3.0297482837528618,0,Test
2347,54045,20231117,74020871.0,0,0,0,0,203,167.0,2,0.8226600985221675,0.0098522167487684,72656.0,2.988023952095807,0,Test
2348,54059,20231117,74020908.0,0,0,0,0,195,142.0,0,0.7282051282051282,0.0,74779.0,3.936619718309859,0,Control
2349,54062,20231117,74020920.0,0,0,0,0,599,464.0,6,0.7746243739565943,0.010016694490818,192036.0,2.663793103448275,0,Control
2350,54068,20231117,74020960.0,0,0,0,0,451,360.0,0,0.7982261640798226,0.0,195857.0,3.336111111111112,0,Test
2351,54069,20231117,74020961.0,0,0,0,0,161,119.0,0,0.7391304347826086,0.0,90427.0,4.714285714285716,0,Control
2352,54081,20231117,74021008.0,0,0,0,0,991,876.0,4,0.8839556004036327,0.0040363269424823,365862.0,3.0353881278538832,0,Control
2353,54114,20231117,74021099.0,0,0,0,0,190,160.0,0,0.8421052631578947,0.0,82552.0,3.5625000000000004,0,Control
2354,54120,20231117,74021105.0,0,0,0,0,156,106.0,1,0.6794871794871795,0.0064102564102564,76467.0,4.396226415094341,0,Test
2355,54170,20231117,74021211.0,0,0,0,0,153,104.0,1,0.6797385620915033,0.0065359477124183,79907.0,5.394230769230769,0,Control
2356,54209,20231117,74021302.0,0,0,0,0,326,218.0,1,0.6687116564417178,0.0030674846625766,102496.0,3.004587155963303,0,Test
2357,54236,20231117,74021353.0,0,0,0,0,1084,867.0,9,0.7998154981549815,0.0083025830258302,365695.0,2.830449826989617,0,Control
2358,54289,20231117,74021462.0,0,0,0,0,143,110.0,2,0.7692307692307693,0.0139860139860139,61479.0,3.372727272727273,0,Control
2359,54299,20231117,74021481.0,0,0,0,0,408,251.0,1,0.6151960784313726,0.0024509803921568,115114.0,3.1992031872509985,0,Control
2360,54385,20231117,74021639.0,0,0,0,0,337,268.0,2,0.7952522255192879,0.0059347181008902,126535.0,3.0895522388059686,0,Test
2361,54415,20231117,74021733.0,0,0,0,0,288,234.0,2,0.8125,0.0069444444444444,166266.0,4.568376068376066,0,Control
2362,54419,20231117,74021738.0,0,0,0,0,283,201.0,0,0.7102473498233216,0.0,162994.0,4.109452736318406,0,Test
2363,54474,20231117,74021823.0,0,0,0,0,151,104.0,0,0.6887417218543046,0.0,93807.0,4.413461538461535,0,Test
2364,54503,20231117,74021880.0,0,0,0,0,180,94.0,3,0.5222222222222223,0.0166666666666666,79329.0,4.053191489361701,0,Test
2365,54523,20231117,74021914.0,0,0,0,0,677,574.0,1,0.8478581979320532,0.001477104874446,212436.0,2.6550522648083645,0,Test
2366,54527,20231117,74021919.0,0,0,0,0,742,620.0,9,0.8355795148247979,0.0121293800539083,257643.0,2.9129032258064536,0,Control
2367,54533,20231117,74021928.0,0,0,0,0,190,137.0,0,0.7210526315789474,0.0,74937.0,3.7372262773722618,0,Test
2368,54560,20231117,74021975.0,0,0,0,0,285,206.0,3,0.7228070175438597,0.0105263157894736,84994.0,3.2621359223300965,0,Test
2369,54563,20231117,74021978.0,0,0,0,0,166,125.0,2,0.7530120481927711,0.0120481927710843,82642.0,4.216000000000002,0,Test
2370,54594,20231117,74214453.0,0,0,0,0,795,527.0,0,0.6628930817610063,0.0,278045.0,3.519924098671725,0,Control
2371,54598,20231117,74215106.0,0,0,0,0,924,776.0,3,0.8398268398268398,0.0032467532467532,319010.0,2.8247422680412355,0,Test
2372,54655,20231117,74220627.0,0,0,0,0,139,109.0,2,0.7841726618705036,0.014388489208633,61216.0,3.65137614678899,0,Control
2373,54689,20231117,74220822.0,0,0,0,0,477,343.0,0,0.7190775681341719,0.0,182813.0,3.4402332361516024,0,Control
2374,54707,20231117,74220910.0,0,0,0,0,421,284.0,0,0.6745843230403801,0.0,159975.0,3.02112676056338,0,Control
2375,54735,20231117,74221041.0,0,0,0,0,452,382.0,6,0.8451327433628318,0.0132743362831858,187781.0,3.1963350785340285,0,Control
2376,54806,20231117,74221472.0,0,0,0,0,207,148.0,3,0.714975845410628,0.0144927536231884,72158.0,3.4797297297297307,0,Control
2377,54830,20231117,74321666.0,0,0,0,0,925,695.0,9,0.7513513513513513,0.0097297297297297,275672.0,2.843165467625899,0,Test
2378,54832,20231117,74321670.0,0,0,0,0,1234,984.0,9,0.7974068071312804,0.0072933549432739,375049.0,2.621951219512197,0,Test
2379,54853,20231117,74321719.0,0,0,0,0,270,209.0,4,0.774074074074074,0.0148148148148148,78441.0,2.5741626794258377,0,Control
2380,54855,20231117,74321722.0,0,0,0,0,583,456.0,3,0.7821612349914236,0.0051457975986277,234696.0,3.287280701754388,0,Control
2381,54918,20231117,74321861.0,0,0,0,0,226,172.0,3,0.7610619469026548,0.0132743362831858,92226.0,3.848837209302324,0,Control
2382,54922,20231117,74321865.0,0,0,0,0,270,164.0,0,0.6074074074074074,0.0,87091.0,3.2500000000000004,0,Control
2383,54949,20231117,74321910.0,0,0,0,0,218,195.0,0,0.8944954128440367,0.0,87939.0,3.123076923076922,0,Control
2384,54967,20231118,74013270.0,0,0,0,0,1025,779.0,26,0.76,0.0253658536585365,400222.0,3.413350449293968,0,Test
2385,54980,20231118,74013406.0,0,0,0,0,300,240.0,7,0.8,0.0233333333333333,112434.0,3.233333333333333,0,Control
2386,55011,20231118,74016847.0,0,0,0,0,803,532.0,12,0.6625155666251556,0.0149439601494396,236534.0,2.9398496240601517,0,Control
2387,55019,20231118,74020378.0,0,0,0,0,993,643.0,9,0.6475327291037261,0.0090634441087613,366638.0,3.685847589424574,0,Test
2388,55026,20231118,74020395.0,0,0,0,0,669,462.0,6,0.6905829596412556,0.0089686098654708,222454.0,3.333333333333333,0,Test
2389,55044,20231118,74020449.0,0,0,0,0,879,589.0,5,0.6700796359499431,0.005688282138794,277804.0,3.33786078098472,0,Test
2390,55061,20231118,74020492.0,0,0,0,0,1307,1118.0,10,0.8553940321346595,0.0076511094108645,580760.0,3.6449016100178886,0,Control
2391,55077,20231118,74020551.0,0,0,0,0,335,251.0,2,0.7492537313432835,0.0059701492537313,141775.0,3.9203187250996,0,Test
2392,55105,20231118,74020634.0,0,0,0,0,258,228.0,0,0.8837209302325582,0.0,127473.0,3.5307017543859622,0,Test
2393,55112,20231118,74020653.0,0,0,0,0,317,235.0,2,0.7413249211356467,0.0063091482649842,128014.0,3.3021276595744684,0,Test
2394,55117,20231118,74020660.0,0,0,0,0,183,148.0,1,0.8087431693989071,0.0054644808743169,72369.0,3.2702702702702706,0,Test
2395,55124,20231118,74020667.0,0,0,0,0,278,235.0,4,0.8453237410071942,0.014388489208633,143721.0,3.5787234042553178,0,Test
2396,55182,20231118,74020828.0,0,0,0,0,424,348.0,7,0.8207547169811321,0.0165094339622641,175625.0,3.456896551724137,0,Test
2397,55191,20231118,74020871.0,0,0,0,0,223,178.0,4,0.7982062780269058,0.0179372197309417,88745.0,3.1011235955056184,0,Test
2398,55205,20231118,74020908.0,0,0,0,0,191,146.0,2,0.7643979057591623,0.0104712041884816,89528.0,4.424657534246575,0,Control
2399,55208,20231118,74020920.0,0,0,0,0,561,425.0,9,0.7575757575757576,0.0160427807486631,192770.0,2.960000000000001,0,Control
2400,55214,20231118,74020960.0,0,0,0,0,559,452.0,4,0.8085867620751341,0.0071556350626118,256922.0,3.4823008849557526,0,Test
2401,55215,20231118,74020961.0,0,0,0,0,264,213.0,1,0.8068181818181818,0.0037878787878787,174090.0,4.95774647887324,0,Control
2402,55227,20231118,74021008.0,0,0,0,0,961,821.0,7,0.854318418314256,0.0072840790842872,364538.0,3.224116930572475,0,Control
2403,55260,20231118,74021099.0,0,0,0,0,314,255.0,3,0.8121019108280255,0.0095541401273885,152573.0,4.384313725490194,0,Control
2404,55266,20231118,74021105.0,0,0,0,0,146,108.0,0,0.7397260273972602,0.0,72475.0,3.9351851851851833,0,Test
2405,55316,20231118,74021211.0,0,0,0,0,175,107.0,0,0.6114285714285714,0.0,81317.0,5.635514018691589,0,Control
2406,55355,20231118,74021302.0,0,0,0,0,392,308.0,7,0.7857142857142857,0.0178571428571428,172530.0,3.607142857142857,0,Test
2407,55382,20231118,74021353.0,0,0,0,0,859,669.0,10,0.7788125727590222,0.0116414435389988,290748.0,2.904334828101645,0,Control
2408,55435,20231118,74021462.0,0,0,0,0,155,114.0,4,0.7354838709677419,0.0258064516129032,65363.0,3.5964912280701764,0,Control
2409,55445,20231118,74021481.0,0,0,0,0,438,302.0,2,0.6894977168949772,0.0045662100456621,130836.0,3.182119205298012,0,Control
2410,55530,20231118,74021639.0,0,0,0,0,371,270.0,6,0.7277628032345014,0.0161725067385444,145322.0,3.5333333333333345,0,Test
2411,55560,20231118,74021733.0,0,0,0,0,236,172.0,0,0.7288135593220338,0.0,124441.0,5.040697674418604,0,Control
2412,55564,20231118,74021738.0,0,0,0,0,182,126.0,1,0.6923076923076923,0.0054945054945054,113642.0,4.611111111111111,0,Test
2413,55619,20231118,74021823.0,0,0,0,0,196,135.0,1,0.6887755102040817,0.0051020408163265,115540.0,3.9333333333333353,0,Test
2414,55648,20231118,74021880.0,0,0,0,0,154,100.0,3,0.6493506493506493,0.0194805194805194,79460.0,3.869999999999999,0,Test
2415,55668,20231118,74021914.0,0,0,0,0,419,336.0,5,0.801909307875895,0.0119331742243436,128683.0,2.717261904761906,0,Test
2416,55672,20231118,74021919.0,0,0,0,0,594,447.0,5,0.7525252525252525,0.0084175084175084,194523.0,3.053691275167783,0,Control
2417,55678,20231118,74021928.0,0,0,0,0,434,312.0,2,0.7188940092165899,0.0046082949308755,165227.0,3.4839743589743586,0,Test
2418,55705,20231118,74021975.0,0,0,0,0,245,170.0,6,0.6938775510204082,0.0244897959183673,80080.0,3.494117647058825,0,Test
2419,55708,20231118,74021978.0,0,0,0,0,270,180.0,1,0.6666666666666666,0.0037037037037037,106073.0,3.649999999999999,0,Test
2420,55739,20231118,74214453.0,0,0,0,0,840,597.0,8,0.7107142857142857,0.0095238095238095,330602.0,3.6884422110552753,0,Control
2421,55743,20231118,74215106.0,0,0,0,0,829,568.0,8,0.6851628468033776,0.0096501809408926,236153.0,2.977112676056338,0,Test
2422,55800,20231118,74220627.0,0,0,0,0,185,136.0,1,0.7351351351351352,0.0054054054054054,77840.0,3.838235294117646,0,Control
2423,55834,20231118,74220822.0,0,0,0,0,666,480.0,8,0.7207207207207207,0.012012012012012,286353.0,4.0062500000000005,0,Control
2424,55852,20231118,74220910.0,0,0,0,0,480,322.0,3,0.6708333333333333,0.00625,202734.0,3.667701863354038,0,Control
2425,55880,20231118,74221041.0,0,0,0,0,535,427.0,6,0.7981308411214953,0.011214953271028,226732.0,3.2248243559718963,0,Control
2426,55951,20231118,74221472.0,0,0,0,0,242,184.0,1,0.7603305785123967,0.0041322314049586,92511.0,3.548913043478261,0,Control
2427,55975,20231118,74321666.0,0,0,0,0,1176,956.0,19,0.8129251700680272,0.016156462585034,408168.0,3.167364016736404,0,Test
2428,55977,20231118,74321670.0,0,0,0,0,1005,701.0,16,0.6975124378109453,0.0159203980099502,288437.0,2.818830242510697,0,Test
2429,55998,20231118,74321719.0,0,0,0,0,324,230.0,1,0.7098765432098766,0.0030864197530864,90804.0,2.9913043478260866,0,Control
2430,56000,20231118,74321722.0,0,0,0,0,587,476.0,6,0.8109028960817717,0.0102214650766609,247683.0,3.426470588235293,0,Control
2431,56063,20231118,74321861.0,0,0,0,0,280,200.0,3,0.7142857142857143,0.0107142857142857,118878.0,4.12,0,Control
2432,56067,20231118,74321865.0,0,0,0,0,330,214.0,5,0.6484848484848484,0.0151515151515151,127572.0,3.640186915887852,0,Control
2433,56094,20231118,74321910.0,0,0,0,0,246,224.0,1,0.9105691056910568,0.0040650406504065,123174.0,3.678571428571428,0,Control
2434,56112,20231119,74013270.0,0,0,0,0,776,605.0,14,0.779639175257732,0.018041237113402,315582.0,3.3669421487603293,0,Test
2435,56125,20231119,74013406.0,0,0,0,0,308,242.0,1,0.7857142857142857,0.0032467532467532,115460.0,3.384297520661157,0,Control
2436,56156,20231119,74016847.0,0,0,0,0,643,455.0,11,0.7076205287713841,0.0171073094867807,218830.0,2.9472527472527466,0,Control
2437,56164,20231119,74020378.0,0,0,0,0,777,529.0,7,0.6808236808236808,0.009009009009009,296666.0,3.5765595463138,0,Test
2438,56171,20231119,74020395.0,0,0,0,0,504,352.0,4,0.6984126984126984,0.0079365079365079,179349.0,3.545454545454546,0,Test
2439,56189,20231119,74020449.0,0,0,0,0,820,563.0,4,0.6865853658536586,0.0048780487804878,280211.0,3.541740674955593,0,Test
2440,56206,20231119,74020492.0,0,0,0,0,987,846.0,13,0.8571428571428571,0.0131712259371833,459311.0,3.7423167848699768,0,Control
2441,56222,20231119,74020551.0,0,0,0,0,299,191.0,5,0.6387959866220736,0.0167224080267558,107367.0,3.727748691099477,0,Test
2442,56250,20231119,74020634.0,0,0,0,0,228,203.0,2,0.8903508771929824,0.0087719298245614,112965.0,3.403940886699509,0,Test
2443,56257,20231119,74020653.0,0,0,0,0,248,193.0,2,0.7782258064516129,0.0080645161290322,107629.0,3.528497409326426,0,Test
2444,56262,20231119,74020660.0,0,0,0,0,191,152.0,11,0.7958115183246073,0.0575916230366492,79585.0,3.473684210526316,0,Test
2445,56269,20231119,74020667.0,0,0,0,0,216,192.0,3,0.8888888888888888,0.0138888888888888,134397.0,4.062499999999999,0,Test
2446,56327,20231119,74020828.0,0,0,0,0,303,251.0,2,0.8283828382838284,0.0066006600660066,133025.0,3.5657370517928286,0,Test
2447,56336,20231119,74020871.0,0,0,0,0,170,127.0,3,0.7470588235294118,0.0176470588235294,73240.0,3.4488188976377945,0,Test
2448,56350,20231119,74020908.0,0,0,0,0,199,143.0,1,0.7185929648241206,0.0050251256281407,84238.0,4.601398601398602,0,Control
2449,56353,20231119,74020920.0,0,0,0,0,448,341.0,12,0.7611607142857143,0.0267857142857142,147843.0,2.7712609970674507,0,Control
2450,56359,20231119,74020960.0,0,0,0,0,557,459.0,7,0.8240574506283662,0.0125673249551166,253503.0,3.5991285403050117,0,Test
2451,56360,20231119,74020961.0,0,0,0,0,260,218.0,2,0.8384615384615385,0.0076923076923076,160513.0,4.463302752293578,0,Control
2452,56372,20231119,74021008.0,0,0,0,0,1101,957.0,2,0.8692098092643051,0.0018165304268846,432782.0,3.197492163009403,0,Control
2453,56405,20231119,74021099.0,0,0,0,0,307,267.0,4,0.8697068403908795,0.013029315960912,177502.0,4.644194756554304,0,Control
2454,56411,20231119,74021105.0,0,0,0,0,126,103.0,1,0.8174603174603174,0.0079365079365079,82749.0,4.621359223300972,0,Test
2455,56461,20231119,74021211.0,0,0,0,0,191,135.0,1,0.7068062827225131,0.0052356020942408,105050.0,5.5925925925925934,0,Control
2456,56500,20231119,74021302.0,0,0,0,0,352,285.0,5,0.8096590909090909,0.0142045454545454,151445.0,3.3017543859649106,0,Test
2457,56527,20231119,74021353.0,0,0,0,0,573,449.0,5,0.7835951134380453,0.0087260034904013,207791.0,3.044543429844098,0,Control
2458,56580,20231119,74021462.0,0,0,0,0,150,104.0,0,0.6933333333333334,0.0,56438.0,3.692307692307692,0,Control
2459,56590,20231119,74021481.0,0,0,0,0,375,264.0,3,0.704,0.008,124374.0,3.166666666666666,0,Control
2460,56676,20231119,74021639.0,0,0,0,0,377,268.0,9,0.7108753315649867,0.0238726790450928,129473.0,3.149253731343283,0,Test
2461,56706,20231119,74021733.0,0,0,0,0,292,241.0,7,0.8253424657534246,0.023972602739726,197123.0,4.937759336099586,0,Control
2462,56710,20231119,74021738.0,0,0,0,0,206,135.0,1,0.6553398058252428,0.0048543689320388,116979.0,4.348148148148146,0,Test
2463,56765,20231119,74021823.0,0,0,0,0,190,136.0,1,0.7157894736842105,0.0052631578947368,121962.0,4.250000000000001,0,Test
2464,56794,20231119,74021880.0,0,0,0,0,105,72.0,1,0.6857142857142857,0.0095238095238095,53231.0,3.541666666666667,0,Test
2465,56814,20231119,74021914.0,0,0,0,0,350,278.0,3,0.7942857142857143,0.0085714285714285,110358.0,2.830935251798561,0,Test
2466,56818,20231119,74021919.0,0,0,0,0,366,287.0,5,0.7841530054644809,0.0136612021857923,137983.0,3.362369337979097,0,Control
2467,56824,20231119,74021928.0,0,0,0,0,391,284.0,1,0.7263427109974424,0.0025575447570332,141068.0,3.376760563380282,0,Test
2468,56851,20231119,74021975.0,0,0,0,0,203,152.0,4,0.7487684729064039,0.0197044334975369,70654.0,3.2631578947368416,0,Test
2469,56854,20231119,74021978.0,0,0,0,0,216,160.0,1,0.7407407407407407,0.0046296296296296,89298.0,3.668750000000002,0,Test
2470,56886,20231119,74214453.0,0,0,0,0,746,565.0,12,0.7573726541554959,0.0160857908847185,330672.0,3.559292035398232,0,Control
2471,56890,20231119,74215106.0,0,0,0,0,551,435.0,7,0.7894736842105263,0.0127041742286751,201484.0,3.255172413793102,0,Test
2472,56947,20231119,74220627.0,0,0,0,0,136,99.0,4,0.7279411764705882,0.0294117647058823,69100.0,4.484848484848486,0,Control
2473,56981,20231119,74220822.0,0,0,0,0,677,539.0,4,0.7961595273264401,0.0059084194977843,322219.0,3.942486085343227,0,Control
2474,56999,20231119,74220910.0,0,0,0,0,359,230.0,3,0.6406685236768802,0.0083565459610027,139241.0,3.6391304347826097,0,Control
2475,57027,20231119,74221041.0,0,0,0,0,470,396.0,8,0.8425531914893617,0.0170212765957446,208641.0,3.3257575757575744,0,Control
2476,57098,20231119,74221472.0,0,0,0,0,225,160.0,2,0.7111111111111111,0.0088888888888888,82418.0,3.63125,0,Control
2477,57121,20231119,74321666.0,0,0,0,0,1046,821.0,10,0.7848948374760994,0.0095602294455066,356801.0,3.113276492082827,0,Test
2478,57123,20231119,74321670.0,0,0,0,0,594,451.0,11,0.7592592592592593,0.0185185185185185,194809.0,3.057649667405765,0,Test
2479,57144,20231119,74321719.0,0,0,0,0,291,206.0,2,0.7079037800687286,0.0068728522336769,86549.0,3.179611650485436,0,Control
2480,57146,20231119,74321722.0,0,0,0,0,552,375.0,8,0.6793478260869565,0.0144927536231884,200750.0,3.4133333333333327,0,Control
2481,57209,20231119,74321861.0,0,0,0,0,218,149.0,4,0.6834862385321101,0.018348623853211,82630.0,3.671140939597316,0,Control
2482,57213,20231119,74321865.0,0,0,0,0,251,170.0,2,0.6772908366533864,0.0079681274900398,93446.0,3.4470588235294124,0,Control
2483,57240,20231119,74321910.0,0,0,0,0,248,228.0,2,0.9193548387096774,0.0080645161290322,124146.0,3.7675438596491215,0,Control
2484,57258,20231120,74013270.0,0,0,0,0,913,740.0,25,0.8105147864184009,0.0273822562979189,320095.0,2.902702702702704,0,Test
2485,57271,20231120,74013406.0,0,0,0,0,128,97.0,4,0.7578125,0.03125,38244.0,2.8144329896907228,0,Control
2486,57302,20231120,74016847.0,0,0,0,0,840,675.0,12,0.8035714285714286,0.0142857142857142,252980.0,2.500740740740742,0,Control
2487,57310,20231120,74020378.0,0,0,0,0,479,314.0,4,0.6555323590814196,0.0083507306889352,168652.0,3.2738853503184706,0,Test
2488,57317,20231120,74020395.0,0,0,0,0,716,559.0,11,0.7807262569832403,0.0153631284916201,207985.0,2.713774597495525,0,Test
2489,57335,20231120,74020449.0,0,0,0,0,591,297.0,2,0.5025380710659898,0.0033840947546531,120180.0,2.912457912457913,0,Test
2490,57353,20231120,74020492.0,0,0,0,0,879,705.0,8,0.8020477815699659,0.0091012514220705,305603.0,3.036879432624112,0,Control
2491,57369,20231120,74020551.0,0,0,0,0,217,162.0,2,0.7465437788018433,0.0092165898617511,76240.0,3.351851851851852,0,Test
2492,57397,20231120,74020634.0,0,0,0,0,111,93.0,1,0.8378378378378378,0.009009009009009,49781.0,3.236559139784946,0,Test
2493,57404,20231120,74020653.0,0,0,0,0,214,143.0,3,0.6682242990654206,0.014018691588785,67245.0,2.8601398601398613,0,Test
2494,57409,20231120,74020660.0,0,0,0,0,109,78.0,1,0.7155963302752294,0.0091743119266055,35500.0,2.9871794871794872,0,Test
2495,57416,20231120,74020667.0,0,0,0,0,149,123.0,1,0.825503355704698,0.0067114093959731,67509.0,3.097560975609758,0,Test
2496,57474,20231120,74020828.0,0,0,0,0,478,388.0,7,0.8117154811715481,0.0146443514644351,153763.0,2.6804123711340204,0,Test
2497,57483,20231120,74020871.0,0,0,0,0,181,145.0,5,0.8011049723756906,0.0276243093922651,55732.0,2.6206896551724137,0,Test
2498,57497,20231120,74020908.0,0,0,0,0,137,119.0,4,0.8686131386861314,0.0291970802919708,60387.0,4.042016806722689,0,Control
2499,57500,20231120,74020920.0,0,0,0,0,433,335.0,4,0.7736720554272517,0.0092378752886836,130502.0,2.6417910447761224,0,Control
2500,57506,20231120,74020960.0,0,0,0,0,406,320.0,5,0.7881773399014779,0.0123152709359605,160949.0,3.0343749999999985,0,Test
2501,57507,20231120,74020961.0,0,0,0,0,164,118.0,0,0.7195121951219512,0.0,82272.0,4.169491525423729,0,Control
2502,57519,20231120,74021008.0,0,0,0,0,797,678.0,8,0.8506900878293601,0.0100376411543287,280314.0,2.92330383480826,0,Control
2503,57552,20231120,74021099.0,0,0,0,0,165,99.0,0,0.6,0.0,49436.0,3.797979797979797,0,Control
2504,57558,20231120,74021105.0,0,0,0,0,120,87.0,0,0.725,0.0,61290.0,4.057471264367816,0,Test
2505,57608,20231120,74021211.0,0,0,0,0,94,61.0,0,0.648936170212766,0.0,41118.0,4.918032786885245,0,Control
2506,57647,20231120,74021302.0,0,0,0,0,254,184.0,0,0.7244094488188977,0.0,81123.0,2.7826086956521734,0,Test
2507,57674,20231120,74021353.0,0,0,0,0,921,745.0,11,0.8089033659066233,0.011943539630836,301515.0,2.794630872483219,0,Control
2508,57727,20231120,74021462.0,0,0,0,0,134,79.0,2,0.5895522388059702,0.0149253731343283,40764.0,3.2405063291139244,0,Control
2509,57737,20231120,74021481.0,0,0,0,0,265,196.0,2,0.7396226415094339,0.0075471698113207,68001.0,2.714285714285714,0,Control
2510,57822,20231120,74021639.0,0,0,0,0,266,189.0,9,0.7105263157894737,0.0338345864661654,95311.0,2.9365079365079376,0,Test
2511,57852,20231120,74021733.0,0,0,0,0,233,179.0,3,0.7682403433476395,0.0128755364806866,139916.0,4.782122905027932,0,Control
2512,57856,20231120,74021738.0,0,0,0,0,185,120.0,2,0.6486486486486487,0.0108108108108108,92938.0,3.9250000000000007,0,Test
2513,57911,20231120,74021823.0,0,0,0,0,185,126.0,3,0.6810810810810811,0.0162162162162162,103769.0,3.976190476190476,0,Test
2514,57940,20231120,74021880.0,0,0,0,0,116,71.0,0,0.6120689655172413,0.0,50688.0,3.5774647887323936,0,Test
2515,57960,20231120,74021914.0,0,0,0,0,637,551.0,8,0.8649921507064364,0.0125588697017268,196550.0,2.578947368421052,0,Test
2516,57964,20231120,74021919.0,0,0,0,0,583,479.0,11,0.8216123499142367,0.0188679245283018,196850.0,2.866388308977038,0,Control
2517,57970,20231120,74021928.0,0,0,0,0,134,86.0,1,0.6417910447761194,0.0074626865671641,42046.0,3.313953488372093,0,Test
2518,57997,20231120,74021975.0,0,0,0,0,179,124.0,1,0.6927374301675978,0.0055865921787709,44658.0,2.766129032258063,0,Test
2519,58000,20231120,74021978.0,0,0,0,0,124,91.0,1,0.7338709677419355,0.0080645161290322,44577.0,3.0549450549450543,0,Test
2520,58032,20231120,74214453.0,0,0,0,0,617,271.0,1,0.4392220421393841,0.0016207455429497,139888.0,3.350553505535056,0,Control
2521,58036,20231120,74215106.0,0,0,0,0,838,688.0,9,0.8210023866348448,0.0107398568019093,254590.0,2.619186046511627,0,Test
2522,58093,20231120,74220627.0,0,0,0,0,96,67.0,2,0.6979166666666666,0.0208333333333333,37459.0,4.0149253731343295,0,Control
2523,58127,20231120,74220822.0,0,0,0,0,419,289.0,1,0.6897374701670644,0.0023866348448687,151363.0,3.4463667820069213,0,Control
2524,58145,20231120,74220910.0,0,0,0,0,317,181.0,4,0.5709779179810726,0.0126182965299684,98381.0,3.2983425414364644,0,Control
2525,58173,20231120,74221041.0,0,0,0,0,332,263.0,5,0.7921686746987951,0.0150602409638554,124814.0,3.0570342205323184,0,Control
2526,58244,20231120,74221472.0,0,0,0,0,181,127.0,1,0.7016574585635359,0.005524861878453,53276.0,3.023622047244094,0,Control
2527,58268,20231120,74321666.0,0,0,0,0,779,580.0,10,0.7445442875481386,0.0128369704749679,236808.0,2.8948275862068957,0,Test
2528,58270,20231120,74321670.0,0,0,0,0,1025,784.0,11,0.7648780487804878,0.0107317073170731,296789.0,2.695153061224487,0,Test
2529,58291,20231120,74321719.0,0,0,0,0,236,160.0,3,0.6779661016949152,0.0127118644067796,60794.0,2.8375,0,Control
2530,58293,20231120,74321722.0,0,0,0,0,488,370.0,5,0.7581967213114754,0.0102459016393442,171728.0,3.118918918918918,0,Control
2531,58356,20231120,74321861.0,0,0,0,0,201,122.0,1,0.6069651741293532,0.0049751243781094,62771.0,3.967213114754099,0,Control
2532,58360,20231120,74321865.0,0,0,0,0,227,152.0,3,0.6696035242290749,0.013215859030837,72364.0,2.8947368421052646,0,Control
2533,58387,20231120,74321910.0,0,0,0,0,169,140.0,2,0.8284023668639053,0.0118343195266272,66556.0,3.35,0,Control
2534,58406,20231121,74013270.0,0,0,0,0,1097,841.0,27,0.7666362807657247,0.0246125797629899,344827.0,2.79072532699168,0,Test
2535,58419,20231121,74013406.0,0,0,0,0,130,98.0,1,0.7538461538461538,0.0076923076923076,38368.0,2.704081632653061,0,Control
2536,58450,20231121,74016847.0,0,0,0,0,1001,681.0,10,0.6803196803196803,0.0099900099900099,257822.0,2.4684287812041124,0,Control
2537,58459,20231121,74020378.0,0,0,0,0,354,242.0,1,0.6836158192090396,0.0028248587570621,125591.0,3.0867768595041323,0,Test
2538,58466,20231121,74020395.0,0,0,0,0,670,501.0,8,0.7477611940298508,0.0119402985074626,186723.0,2.688622754491017,0,Test
2539,58484,20231121,74020449.0,0,0,0,0,578,280.0,2,0.4844290657439446,0.0034602076124567,118567.0,3.160714285714288,0,Test
2540,58501,20231121,74020492.0,0,0,0,0,1020,753.0,10,0.7382352941176471,0.0098039215686274,332618.0,3.0796812749004,0,Control
2541,58517,20231121,74020551.0,0,0,0,0,239,181.0,2,0.7573221757322176,0.00836820083682,79098.0,3.3093922651933707,0,Test
2542,58545,20231121,74020634.0,0,0,0,0,123,99.0,1,0.8048780487804879,0.008130081300813,53903.0,3.222222222222223,0,Test
2543,58552,20231121,74020653.0,0,0,0,0,219,145.0,1,0.6621004566210046,0.0045662100456621,56347.0,2.5655172413793106,0,Test
2544,58557,20231121,74020660.0,0,0,0,0,117,77.0,3,0.6581196581196581,0.0256410256410256,32409.0,2.9090909090909096,0,Test
2545,58564,20231121,74020667.0,0,0,0,0,155,120.0,2,0.7741935483870968,0.0129032258064516,85893.0,3.875,0,Test
2546,58622,20231121,74020828.0,0,0,0,0,426,372.0,7,0.8732394366197183,0.0164319248826291,152554.0,2.9408602150537644,0,Test
2547,58631,20231121,74020871.0,0,0,0,0,155,121.0,2,0.7806451612903226,0.0129032258064516,57453.0,3.157024793388429,0,Test
2548,58645,20231121,74020908.0,0,0,0,0,167,136.0,0,0.8143712574850299,0.0,64715.0,4.132352941176472,0,Control
2549,58648,20231121,74020920.0,0,0,0,0,452,352.0,5,0.7787610619469026,0.0110619469026548,137093.0,2.761363636363633,0,Control
2550,58654,20231121,74020960.0,0,0,0,0,421,334.0,3,0.7933491686460807,0.007125890736342,153005.0,3.0149700598802416,0,Test
2551,58655,20231121,74020961.0,0,0,0,0,173,132.0,1,0.7630057803468208,0.0057803468208092,87108.0,3.7045454545454537,0,Control
2552,58667,20231121,74021008.0,0,0,0,0,898,769.0,15,0.856347438752784,0.0167037861915367,344019.0,3.132639791937584,0,Control
2553,58700,20231121,74021099.0,0,0,0,0,196,156.0,1,0.7959183673469388,0.0051020408163265,80711.0,3.865384615384616,0,Control
2554,58706,20231121,74021105.0,0,0,0,0,122,76.0,0,0.6229508196721312,0.0,47605.0,3.723684210526317,0,Test
2555,58756,20231121,74021211.0,0,0,0,0,137,76.0,0,0.5547445255474452,0.0,51239.0,4.63157894736842,0,Control
2556,58795,20231121,74021302.0,0,0,0,0,217,169.0,4,0.7788018433179723,0.0184331797235023,78602.0,2.85207100591716,0,Test
2557,58822,20231121,74021353.0,0,0,0,0,1004,772.0,12,0.7689243027888446,0.0119521912350597,311278.0,2.659326424870464,0,Control
2558,58875,20231121,74021462.0,0,0,0,0,113,85.0,0,0.7522123893805309,0.0,45260.0,3.788235294117648,0,Control
2559,58885,20231121,74021481.0,0,0,0,0,217,138.0,0,0.6359447004608295,0.0,56138.0,2.985507246376812,0,Control
2560,58971,20231121,74021639.0,0,0,0,0,244,179.0,7,0.7336065573770492,0.0286885245901639,85092.0,3.039106145251397,0,Test
2561,59001,20231121,74021733.0,0,0,0,0,286,232.0,3,0.8111888111888111,0.0104895104895104,165871.0,4.443965517241377,0,Control
2562,59005,20231121,74021738.0,0,0,0,0,140,95.0,0,0.6785714285714286,0.0,72092.0,3.7157894736842096,0,Test
2563,59060,20231121,74021823.0,0,0,0,0,136,95.0,0,0.6985294117647058,0.0,86186.0,4.126315789473684,0,Test
2564,59089,20231121,74021880.0,0,0,0,0,103,70.0,0,0.6796116504854369,0.0,53047.0,3.6857142857142864,0,Test
2565,59109,20231121,74021914.0,0,0,0,0,679,553.0,6,0.8144329896907216,0.0088365243004418,194881.0,2.685352622061483,0,Test
2566,59113,20231121,74021919.0,0,0,0,0,670,583.0,11,0.8701492537313433,0.0164179104477611,213101.0,2.7564322469982856,0,Control
2567,59119,20231121,74021928.0,0,0,0,0,200,132.0,3,0.66,0.015,48424.0,2.8106060606060623,0,Test
2568,59146,20231121,74021975.0,0,0,0,0,205,145.0,3,0.7073170731707317,0.0146341463414634,60880.0,3.2758620689655165,0,Test
2569,59149,20231121,74021978.0,0,0,0,0,150,103.0,1,0.6866666666666666,0.0066666666666666,61908.0,3.8349514563106792,0,Test
2570,59181,20231121,74214453.0,0,0,0,0,621,421.0,4,0.677938808373591,0.0064412238325281,219853.0,3.232779097387174,0,Control
2571,59185,20231121,74215106.0,0,0,0,0,763,611.0,8,0.8007863695937091,0.0104849279161205,221491.0,2.527004909983637,0,Test
2572,59242,20231121,74220627.0,0,0,0,0,100,80.0,1,0.8,0.01,50456.0,4.3375,0,Control
2573,59276,20231121,74220822.0,0,0,0,0,433,291.0,2,0.6720554272517321,0.0046189376443418,151930.0,3.4432989690721647,0,Control
2574,59294,20231121,74220910.0,0,0,0,0,296,194.0,2,0.6554054054054054,0.0067567567567567,98370.0,3.0515463917525776,0,Control
2575,59322,20231121,74221041.0,0,0,0,0,393,301.0,6,0.7659033078880407,0.015267175572519,129849.0,2.7674418604651176,0,Control
2576,59393,20231121,74221472.0,0,0,0,0,211,155.0,3,0.7345971563981043,0.0142180094786729,72042.0,3.1096774193548384,0,Control
2577,59417,20231121,74321666.0,0,0,0,0,852,666.0,13,0.7816901408450704,0.0152582159624413,268445.0,2.7807807807807805,0,Test
2578,59419,20231121,74321670.0,0,0,0,0,1130,851.0,14,0.7530973451327434,0.0123893805309734,327524.0,2.743830787309046,0,Test
2579,59440,20231121,74321719.0,0,0,0,0,248,176.0,2,0.7096774193548387,0.0080645161290322,66923.0,3.017045454545457,0,Control
2580,59442,20231121,74321722.0,0,0,0,0,531,420.0,5,0.7909604519774012,0.0094161958568738,207075.0,3.488095238095237,0,Control
2581,59505,20231121,74321861.0,0,0,0,0,185,129.0,2,0.6972972972972973,0.0108108108108108,72783.0,3.968992248062015,0,Control
2582,59509,20231121,74321865.0,0,0,0,0,202,141.0,2,0.698019801980198,0.0099009900990099,71695.0,3.127659574468087,0,Control
2583,59536,20231121,74321910.0,0,0,0,0,191,161.0,1,0.8429319371727748,0.0052356020942408,77528.0,3.3105590062111814,0,Control
2584,59554,20231122,74013270.0,0,0,0,0,1057,749.0,19,0.7086092715231788,0.0179754020813623,315351.0,2.813084112149532,0,Test
2585,59567,20231122,74013406.0,0,0,0,0,145,79.0,3,0.5448275862068965,0.0206896551724137,31531.0,2.7468354430379747,0,Control
2586,59598,20231122,74016847.0,0,0,0,0,899,700.0,15,0.778642936596218,0.0166852057842046,274782.0,2.57,0,Control
2587,59607,20231122,74020378.0,0,0,0,0,395,249.0,3,0.6303797468354431,0.0075949367088607,118872.0,2.859437751004016,0,Test
2588,59614,20231122,74020395.0,0,0,0,0,675,509.0,10,0.7540740740740741,0.0148148148148148,211205.0,2.929273084479372,0,Test
2589,59632,20231122,74020449.0,0,0,0,0,503,350.0,1,0.6958250497017893,0.0019880715705765,152577.0,3.114285714285713,0,Test
2590,59649,20231122,74020492.0,0,0,0,0,850,737.0,10,0.8670588235294118,0.0117647058823529,337900.0,3.151967435549525,0,Control
2591,59665,20231122,74020551.0,0,0,0,0,205,155.0,3,0.7560975609756098,0.0146341463414634,72564.0,3.29032258064516,0,Test
2592,59693,20231122,74020634.0,0,0,0,0,103,81.0,0,0.7864077669902912,0.0,39893.0,3.283950617283952,0,Test
2593,59700,20231122,74020653.0,0,0,0,0,217,146.0,0,0.6728110599078341,0.0,63515.0,2.767123287671235,0,Test
2594,59705,20231122,74020660.0,0,0,0,0,113,87.0,3,0.7699115044247787,0.0265486725663716,41906.0,3.264367816091954,0,Test
2595,59712,20231122,74020667.0,0,0,0,0,152,122.0,0,0.8026315789473685,0.0,74852.0,3.5327868852459017,0,Test
2596,59769,20231122,74020828.0,0,0,0,0,443,362.0,9,0.8171557562076749,0.0203160270880361,148438.0,2.9917127071823217,0,Test
2597,59778,20231122,74020871.0,0,0,0,0,155,132.0,1,0.8516129032258064,0.0064516129032258,62282.0,3.159090909090909,0,Test
2598,59792,20231122,74020908.0,0,0,0,0,211,140.0,2,0.6635071090047393,0.0094786729857819,70667.0,4.142857142857146,0,Control
2599,59795,20231122,74020920.0,0,0,0,0,536,309.0,4,0.5764925373134329,0.0074626865671641,123860.0,2.6310679611650487,0,Control
2600,59801,20231122,74020960.0,0,0,0,0,451,326.0,6,0.7228381374722838,0.0133037694013303,168991.0,3.349693251533742,0,Test
2601,59802,20231122,74020961.0,0,0,0,0,169,137.0,4,0.8106508875739645,0.0236686390532544,105143.0,4.306569343065688,0,Control
2602,59814,20231122,74021008.0,0,0,0,0,845,733.0,7,0.8674556213017751,0.008284023668639,318196.0,3.0709413369713494,0,Control
2603,59847,20231122,74021099.0,0,0,0,0,173,137.0,1,0.791907514450867,0.0057803468208092,70070.0,3.5766423357664228,0,Control
2604,59853,20231122,74021105.0,0,0,0,0,43,28.0,0,0.6511627906976745,0.0,16537.0,3.4285714285714284,0,Test
2605,59903,20231122,74021211.0,0,0,0,0,130,83.0,0,0.6384615384615384,0.0,58664.0,5.156626506024095,0,Control
2606,59941,20231122,74021302.0,0,0,0,0,223,152.0,2,0.6816143497757847,0.0089686098654708,62666.0,2.815789473684211,0,Test
2607,59968,20231122,74021353.0,0,0,0,0,947,738.0,9,0.7793030623020063,0.0095036958817317,305494.0,2.7452574525745264,0,Control
2608,60021,20231122,74021462.0,0,0,0,0,124,94.0,1,0.7580645161290323,0.0080645161290322,45355.0,3.1276595744680846,0,Control
2609,60031,20231122,74021481.0,0,0,0,0,202,156.0,3,0.7722772277227723,0.0148514851485148,67227.0,3.1089743589743595,0,Control
2610,60117,20231122,74021639.0,0,0,0,0,244,183.0,2,0.75,0.0081967213114754,85194.0,2.9453551912568314,0,Test
2611,60147,20231122,74021733.0,0,0,0,0,314,250.0,8,0.7961783439490446,0.0254777070063694,177020.0,4.5360000000000005,0,Control
2612,60151,20231122,74021738.0,0,0,0,0,145,101.0,1,0.696551724137931,0.0068965517241379,73764.0,3.8613861386138617,0,Test
2613,60206,20231122,74021823.0,0,0,0,0,184,103.0,0,0.5597826086956522,0.0,79941.0,3.7087378640776696,0,Test
2614,60235,20231122,74021880.0,0,0,0,0,85,56.0,2,0.6588235294117647,0.0235294117647058,38930.0,3.2678571428571423,0,Test
2615,60255,20231122,74021914.0,0,0,0,0,664,561.0,8,0.8448795180722891,0.0120481927710843,190897.0,2.557932263814616,0,Test
2616,60259,20231122,74021919.0,0,0,0,0,606,513.0,12,0.8465346534653465,0.0198019801980198,186006.0,2.592592592592592,0,Control
2617,60265,20231122,74021928.0,0,0,0,0,154,85.0,0,0.551948051948052,0.0,36218.0,3.129411764705883,0,Test
2618,60292,20231122,74021975.0,0,0,0,0,159,124.0,2,0.779874213836478,0.0125786163522012,52871.0,3.0967741935483875,0,Test
2619,60295,20231122,74021978.0,0,0,0,0,94,68.0,0,0.723404255319149,0.0,46573.0,4.249999999999999,0,Test
2620,60327,20231122,74214453.0,0,0,0,0,680,286.0,7,0.4205882352941176,0.0102941176470588,139700.0,3.293706293706294,0,Control
2621,60331,20231122,74215106.0,0,0,0,0,855,700.0,9,0.8187134502923976,0.0105263157894736,263813.0,2.71,0,Test
2622,60387,20231122,74220627.0,0,0,0,0,122,96.0,0,0.7868852459016393,0.0,57090.0,3.9791666666666674,0,Control
2623,60421,20231122,74220822.0,0,0,0,0,422,303.0,2,0.7180094786729858,0.0047393364928909,165734.0,3.531353135313532,0,Control
2624,60439,20231122,74220910.0,0,0,0,0,301,197.0,0,0.654485049833887,0.0,104815.0,3.1116751269035547,0,Control
2625,60467,20231122,74221041.0,0,0,0,0,370,289.0,5,0.7810810810810811,0.0135135135135135,131152.0,2.878892733564011,0,Control
2626,60538,20231122,74221472.0,0,0,0,0,179,132.0,4,0.7374301675977654,0.0223463687150838,54349.0,3.106060606060607,0,Control
2627,60562,20231122,74321666.0,0,0,0,0,813,624.0,7,0.7675276752767528,0.008610086100861,242701.0,2.788461538461538,0,Test
2628,60564,20231122,74321670.0,0,0,0,0,1081,895.0,13,0.8279370952821462,0.0120259019426456,342141.0,2.689385474860338,0,Test
2629,60585,20231122,74321719.0,0,0,0,0,240,176.0,0,0.7333333333333333,0.0,64216.0,2.659090909090909,0,Control
2630,60587,20231122,74321722.0,0,0,0,0,566,432.0,5,0.7632508833922261,0.0088339222614841,193145.0,2.993055555555556,0,Control
2631,60651,20231122,74321861.0,0,0,0,0,152,111.0,2,0.7302631578947368,0.0131578947368421,55235.0,3.4054054054054057,0,Control
2632,60655,20231122,74321865.0,0,0,0,0,198,125.0,3,0.6313131313131313,0.0151515151515151,59287.0,3.0320000000000022,0,Control
2633,60682,20231122,74321910.0,0,0,0,0,180,150.0,3,0.8333333333333334,0.0166666666666666,67132.0,3.3399999999999994,0,Control
2634,60700,20231123,74013270.0,0,0,0,0,1010,706.0,12,0.699009900990099,0.0118811881188118,304718.0,2.8144475920679874,0,Test
2635,60713,20231123,74013406.0,0,0,0,0,163,128.0,3,0.7852760736196319,0.0184049079754601,54256.0,2.9609375000000004,0,Control
2636,60744,20231123,74016847.0,0,0,0,0,822,629.0,6,0.7652068126520681,0.0072992700729927,252356.0,2.518282988871223,0,Control
2637,60753,20231123,74020378.0,0,0,0,0,409,263.0,2,0.6430317848410758,0.0048899755501222,142189.0,3.269961977186312,0,Test
2638,60760,20231123,74020395.0,0,0,0,0,654,494.0,8,0.7553516819571865,0.0122324159021406,211982.0,2.852226720647774,0,Test
2639,60778,20231123,74020449.0,0,0,0,0,536,332.0,4,0.6194029850746269,0.0074626865671641,133835.0,2.819277108433736,0,Test
2640,60795,20231123,74020492.0,0,0,0,0,857,727.0,13,0.8483080513418904,0.0151691948658109,320289.0,3.061898211829436,0,Control
2641,60811,20231123,74020551.0,0,0,0,0,229,170.0,4,0.74235807860262,0.0174672489082969,73374.0,3.158823529411765,0,Test
2642,60839,20231123,74020634.0,0,0,0,0,125,103.0,0,0.824,0.0,46865.0,2.951456310679612,0,Test
2643,60847,20231123,74020653.0,0,0,0,0,184,113.0,3,0.6141304347826086,0.0163043478260869,52176.0,2.690265486725664,0,Test
2644,60852,20231123,74020660.0,0,0,0,0,113,74.0,1,0.6548672566371682,0.0088495575221238,37396.0,3.324324324324325,0,Test
2645,60859,20231123,74020667.0,0,0,0,0,144,117.0,2,0.8125,0.0138888888888888,70008.0,3.2905982905982905,0,Test
2646,60916,20231123,74020828.0,0,0,0,0,451,371.0,4,0.8226164079822617,0.0088691796008869,154194.0,2.954177897574123,0,Test
2647,60925,20231123,74020871.0,0,0,0,0,172,141.0,2,0.8197674418604651,0.0116279069767441,65904.0,2.950354609929077,0,Test
2648,60939,20231123,74020908.0,0,0,0,0,159,126.0,0,0.7924528301886793,0.0,69037.0,4.396825396825395,0,Control
2649,60942,20231123,74020920.0,0,0,0,0,446,361.0,7,0.8094170403587444,0.0156950672645739,150300.0,2.698060941828253,0,Control
2650,60948,20231123,74020960.0,0,0,0,0,387,261.0,5,0.6744186046511628,0.0129198966408268,143941.0,3.478927203065133,0,Test
2651,60949,20231123,74020961.0,0,0,0,0,136,88.0,0,0.6470588235294118,0.0,59662.0,3.727272727272727,0,Control
2652,60961,20231123,74021008.0,0,0,0,0,783,666.0,9,0.8505747126436781,0.0114942528735632,280162.0,2.986486486486485,0,Control
2653,60994,20231123,74021099.0,0,0,0,0,169,141.0,8,0.834319526627219,0.0473372781065088,70518.0,3.730496453900709,0,Control
2654,61000,20231123,74021105.0,0,0,0,0,136,98.0,2,0.7205882352941176,0.0147058823529411,70596.0,4.26530612244898,0,Test
2655,61050,20231123,74021211.0,0,0,0,0,74,53.0,0,0.7162162162162162,0.0,35980.0,4.660377358490568,0,Control
2656,61089,20231123,74021302.0,0,0,0,0,278,208.0,3,0.7482014388489209,0.0107913669064748,99240.0,3.0,0,Test
2657,61116,20231123,74021353.0,0,0,0,0,1053,878.0,12,0.8338081671415005,0.0113960113960113,372613.0,2.8348519362186773,0,Control
2658,61169,20231123,74021462.0,0,0,0,0,136,87.0,3,0.6397058823529411,0.0220588235294117,40572.0,3.540229885057471,0,Control
2659,61179,20231123,74021481.0,0,0,0,0,208,182.0,0,0.875,0.0,72734.0,2.928571428571427,0,Control
2660,61264,20231123,74021639.0,0,0,0,0,244,184.0,7,0.7540983606557377,0.0286885245901639,85318.0,3.114130434782609,0,Test
2661,61294,20231123,74021733.0,0,0,0,0,234,175.0,3,0.7478632478632479,0.0128205128205128,116653.0,4.125714285714287,0,Control
2662,61298,20231123,74021738.0,0,0,0,0,147,113.0,2,0.7687074829931972,0.0136054421768707,86335.0,3.95575221238938,0,Test
2663,61353,20231123,74021823.0,0,0,0,0,185,126.0,1,0.6810810810810811,0.0054054054054054,104233.0,3.706349206349204,0,Test
2664,61382,20231123,74021880.0,0,0,0,0,115,76.0,1,0.6608695652173913,0.008695652173913,60732.0,3.592105263157895,0,Test
2665,61402,20231123,74021914.0,0,0,0,0,652,550.0,6,0.843558282208589,0.00920245398773,195513.0,2.5872727272727305,0,Test
2666,61406,20231123,74021919.0,0,0,0,0,668,565.0,12,0.8458083832335329,0.0179640718562874,225182.0,2.8088495575221195,0,Control
2667,61412,20231123,74021928.0,0,0,0,0,193,129.0,1,0.6683937823834197,0.005181347150259,61769.0,3.37984496124031,0,Test
2668,61439,20231123,74021975.0,0,0,0,0,170,143.0,1,0.8411764705882353,0.0058823529411764,51195.0,2.657342657342659,0,Test
2669,61442,20231123,74021978.0,0,0,0,0,91,51.0,1,0.5604395604395604,0.0109890109890109,35794.0,4.176470588235295,0,Test
2670,61474,20231123,74214453.0,0,0,0,0,615,436.0,7,0.7089430894308943,0.0113821138211382,229970.0,3.266055045871557,0,Control
2671,61478,20231123,74215106.0,0,0,0,0,877,726.0,8,0.8278221208665907,0.0091220068415051,279812.0,2.840220385674931,0,Test
2672,61535,20231123,74220627.0,0,0,0,0,126,58.0,3,0.4603174603174603,0.0238095238095238,30994.0,3.0862068965517246,0,Control
2673,61569,20231123,74220822.0,0,0,0,0,510,359.0,1,0.703921568627451,0.0019607843137254,174708.0,3.373259052924792,0,Control
2674,61587,20231123,74220910.0,0,0,0,0,306,229.0,3,0.7483660130718954,0.0098039215686274,128308.0,3.2445414847161564,0,Control
2675,61615,20231123,74221041.0,0,0,0,0,347,290.0,4,0.8357348703170029,0.0115273775216138,130806.0,2.9034482758620697,0,Control
2676,61686,20231123,74221472.0,0,0,0,0,165,111.0,1,0.6727272727272727,0.006060606060606,48546.0,3.09009009009009,0,Control
2677,61710,20231123,74321666.0,0,0,0,0,787,639.0,16,0.8119440914866582,0.0203303684879288,246943.0,2.832550860719873,0,Test
2678,61712,20231123,74321670.0,0,0,0,0,1066,856.0,15,0.8030018761726079,0.0140712945590994,336239.0,2.6787383177570065,0,Test
2679,61733,20231123,74321719.0,0,0,0,0,232,171.0,2,0.7370689655172413,0.0086206896551724,62465.0,2.701754385964912,0,Control
2680,61735,20231123,74321722.0,0,0,0,0,418,316.0,7,0.7559808612440191,0.0167464114832535,142048.0,3.066455696202533,0,Control
2681,61799,20231123,74321861.0,0,0,0,0,162,111.0,4,0.6851851851851852,0.0246913580246913,60829.0,3.3423423423423424,0,Control
2682,61803,20231123,74321865.0,0,0,0,0,205,124.0,3,0.6048780487804878,0.0146341463414634,62490.0,3.0161290322580654,0,Control
2683,61830,20231123,74321910.0,0,0,0,0,190,160.0,0,0.8421052631578947,0.0,70918.0,2.9937500000000004,0,Control
2684,61849,20231124,74013270.0,0,0,0,0,1147,855.0,16,0.7454228421970357,0.013949433304272,419874.0,3.1497076023391792,0,Test
2685,61862,20231124,74013406.0,0,0,0,0,165,129.0,2,0.7818181818181819,0.0121212121212121,62491.0,2.9922480620155034,0,Control
2686,61893,20231124,74016847.0,0,0,0,0,1042,799.0,13,0.7667946257197696,0.0124760076775431,316901.0,2.617021276595745,0,Control
2687,61902,20231124,74020378.0,0,0,0,0,549,346.0,5,0.6302367941712204,0.0091074681238615,198786.0,3.317919075144511,0,Test
2688,61909,20231124,74020395.0,0,0,0,0,771,578.0,8,0.7496757457846952,0.0103761348897535,244384.0,2.91349480968858,0,Test
2689,61927,20231124,74020449.0,0,0,0,0,596,399.0,4,0.6694630872483222,0.0067114093959731,177949.0,3.170426065162909,0,Test
2690,61944,20231124,74020492.0,0,0,0,0,1132,985.0,9,0.8701413427561837,0.0079505300353356,458524.0,3.217258883248732,0,Control
2691,61960,20231124,74020551.0,0,0,0,0,244,187.0,5,0.7663934426229508,0.0204918032786885,95266.0,3.390374331550801,0,Test
2692,61988,20231124,74020634.0,0,0,0,0,156,132.0,0,0.8461538461538461,0.0,69154.0,3.212121212121212,0,Test
2693,61996,20231124,74020653.0,0,0,0,0,264,178.0,5,0.6742424242424242,0.0189393939393939,78433.0,2.679775280898877,0,Test
2694,62001,20231124,74020660.0,0,0,0,0,130,100.0,2,0.7692307692307693,0.0153846153846153,45510.0,2.910000000000001,0,Test
2695,62008,20231124,74020667.0,0,0,0,0,235,185.0,2,0.7872340425531915,0.0085106382978723,115515.0,3.4162162162162164,0,Test
2696,62065,20231124,74020828.0,0,0,0,0,500,402.0,4,0.804,0.008,197494.0,3.2910447761194037,0,Test
2697,62074,20231124,74020871.0,0,0,0,0,209,176.0,4,0.8421052631578947,0.0191387559808612,88823.0,3.3352272727272725,0,Test
2698,62088,20231124,74020908.0,0,0,0,0,207,164.0,3,0.7922705314009661,0.0144927536231884,75527.0,3.6463414634146334,0,Control
2699,62091,20231124,74020920.0,0,0,0,0,529,420.0,10,0.7939508506616257,0.0189035916824196,185993.0,2.8214285714285663,0,Control
2700,62097,20231124,74020960.0,0,0,0,0,345,214.0,3,0.6202898550724638,0.008695652173913,119238.0,3.317757009345792,0,Test
2701,62098,20231124,74020961.0,0,0,0,0,188,143.0,2,0.7606382978723404,0.0106382978723404,104742.0,4.419580419580417,0,Control
2702,62110,20231124,74021008.0,0,0,0,0,956,811.0,5,0.8483263598326359,0.0052301255230125,350486.0,3.032059186189888,0,Control
2703,62143,20231124,74021099.0,0,0,0,0,200,142.0,4,0.71,0.02,75231.0,3.732394366197182,0,Control
2704,62149,20231124,74021105.0,0,0,0,0,145,107.0,2,0.7379310344827587,0.0137931034482758,77607.0,4.242990654205609,0,Test
2705,62199,20231124,74021211.0,0,0,0,0,133,82.0,1,0.6165413533834586,0.0075187969924812,68456.0,6.231707317073171,0,Control
2706,62238,20231124,74021302.0,0,0,0,0,323,259.0,2,0.8018575851393189,0.0061919504643962,120639.0,2.9652509652509647,0,Test
2707,62265,20231124,74021353.0,0,0,0,0,896,727.0,9,0.8113839285714286,0.0100446428571428,330295.0,3.033012379642366,0,Control
2708,62318,20231124,74021462.0,0,0,0,0,146,118.0,4,0.8082191780821918,0.0273972602739726,67980.0,3.440677966101694,0,Control
2709,62328,20231124,74021481.0,0,0,0,0,229,179.0,1,0.7816593886462883,0.0043668122270742,83013.0,3.1731843575419,0,Control
2710,62413,20231124,74021639.0,0,0,0,0,290,208.0,7,0.7172413793103448,0.0241379310344827,106608.0,3.211538461538461,0,Test
2711,62443,20231124,74021733.0,0,0,0,0,314,246.0,6,0.7834394904458599,0.019108280254777,196040.0,4.691056910569106,0,Control
2712,62447,20231124,74021738.0,0,0,0,0,247,164.0,3,0.6639676113360324,0.0121457489878542,136626.0,4.256097560975607,0,Test
2713,62501,20231124,74021823.0,0,0,0,0,151,94.0,0,0.6225165562913907,0.0,80825.0,3.97872340425532,0,Test
2714,62530,20231124,74021880.0,0,0,0,0,142,101.0,0,0.7112676056338029,0.0,75677.0,3.5445544554455446,0,Test
2715,62550,20231124,74021914.0,0,0,0,0,656,570.0,6,0.8689024390243902,0.0091463414634146,213164.0,2.659649122807016,0,Test
2716,62554,20231124,74021919.0,0,0,0,0,747,595.0,12,0.7965194109772423,0.0160642570281124,237868.0,2.8252100840336154,0,Control
2717,62560,20231124,74021928.0,0,0,0,0,231,141.0,2,0.6103896103896104,0.0086580086580086,61182.0,3.063829787234043,0,Test
2718,62587,20231124,74021975.0,0,0,0,0,266,177.0,4,0.6654135338345865,0.0150375939849624,90186.0,3.7853107344632746,0,Test
2719,62590,20231124,74021978.0,0,0,0,0,180,120.0,1,0.6666666666666666,0.0055555555555555,80161.0,3.908333333333332,0,Test
2720,62622,20231124,74214453.0,0,0,0,0,811,484.0,6,0.5967940813810111,0.0073982737361282,255982.0,3.698347107438016,0,Control
2721,62626,20231124,74215106.0,0,0,0,0,895,714.0,8,0.7977653631284917,0.0089385474860335,277567.0,2.7044817927170883,0,Test
2722,62684,20231124,74220627.0,0,0,0,0,177,142.0,4,0.8022598870056498,0.0225988700564971,80850.0,3.767605633802817,0,Control
2723,62718,20231124,74220822.0,0,0,0,0,506,370.0,3,0.7312252964426877,0.0059288537549407,201599.0,3.443243243243244,0,Control
2724,62736,20231124,74220910.0,0,0,0,0,477,257.0,3,0.5387840670859538,0.0062893081761006,149026.0,3.443579766536966,0,Control
2725,62764,20231124,74221041.0,0,0,0,0,496,397.0,8,0.8004032258064516,0.0161290322580645,206054.0,3.2015113350125954,0,Control
2726,62835,20231124,74221472.0,0,0,0,0,193,138.0,1,0.7150259067357513,0.005181347150259,64845.0,3.1594202898550736,0,Control
2727,62859,20231124,74321666.0,0,0,0,0,872,692.0,18,0.7935779816513762,0.0206422018348623,293083.0,2.9118497109826618,0,Test
2728,62861,20231124,74321670.0,0,0,0,0,1217,965.0,16,0.7929334428923582,0.0131470829909613,382364.0,2.777202072538861,0,Test
2729,62882,20231124,74321719.0,0,0,0,0,257,165.0,3,0.642023346303502,0.0116731517509727,65344.0,2.8060606060606053,0,Control
2730,62884,20231124,74321722.0,0,0,0,0,552,451.0,4,0.8170289855072463,0.0072463768115942,228107.0,3.19068736141907,0,Control
2731,62947,20231124,74321861.0,0,0,0,0,225,192.0,5,0.8533333333333334,0.0222222222222222,117709.0,3.984375000000004,0,Control
2732,62951,20231124,74321865.0,0,0,0,0,269,161.0,2,0.5985130111524164,0.0074349442379182,80099.0,2.9689440993788816,0,Control
2733,62978,20231124,74321910.0,0,0,0,0,172,143.0,0,0.8313953488372093,0.0,73591.0,3.41958041958042,0,Control
2734,62996,20231125,74013270.0,0,0,0,0,1066,743.0,20,0.6969981238273921,0.0187617260787992,348967.0,3.0995962314939423,0,Test
2735,63009,20231125,74013406.0,0,0,0,0,295,229.0,1,0.7762711864406779,0.0033898305084745,115943.0,3.628820960698691,0,Control
2736,63040,20231125,74016847.0,0,0,0,0,833,615.0,15,0.7382953181272509,0.0180072028811524,280960.0,2.9154471544715475,0,Control
2737,63049,20231125,74020378.0,0,0,0,0,1053,651.0,8,0.6182336182336182,0.0075973409306742,361580.0,3.632872503840245,0,Test
2738,63056,20231125,74020395.0,0,0,0,0,631,450.0,2,0.7131537242472267,0.0031695721077654,222517.0,3.3222222222222237,0,Test
2739,63074,20231125,74020449.0,0,0,0,0,757,577.0,3,0.76221928665786,0.0039630118890356,287352.0,3.7053726169844032,0,Test
2740,63091,20231125,74020492.0,0,0,0,0,1247,1087.0,16,0.871692060946271,0.0128307939053728,564610.0,3.623735050597976,0,Control
2741,63107,20231125,74020551.0,0,0,0,0,292,199.0,4,0.6815068493150684,0.0136986301369863,115450.0,4.025125628140702,0,Test
2742,63135,20231125,74020634.0,0,0,0,0,291,273.0,0,0.9381443298969072,0.0,155196.0,3.5824175824175835,0,Test
2743,63142,20231125,74020653.0,0,0,0,0,429,320.0,3,0.745920745920746,0.0069930069930069,166331.0,3.2968750000000027,0,Test
2744,63147,20231125,74020660.0,0,0,0,0,187,140.0,1,0.7486631016042781,0.0053475935828877,68893.0,3.2357142857142867,0,Test
2745,63154,20231125,74020667.0,0,0,0,0,254,200.0,5,0.7874015748031497,0.0196850393700787,152683.0,4.245000000000001,0,Test
2746,63210,20231125,74020828.0,0,0,0,0,377,307.0,3,0.8143236074270557,0.0079575596816976,158789.0,3.543973941368079,0,Test
2747,63219,20231125,74020871.0,0,0,0,0,173,135.0,1,0.7803468208092486,0.0057803468208092,77752.0,3.5481481481481487,0,Test
2748,63233,20231125,74020908.0,0,0,0,0,214,164.0,2,0.7663551401869159,0.0093457943925233,87610.0,4.189024390243902,0,Control
2749,63236,20231125,74020920.0,0,0,0,0,501,395.0,6,0.7884231536926147,0.0119760479041916,175384.0,2.8379746835443047,0,Control
2750,63242,20231125,74020960.0,0,0,0,0,590,458.0,6,0.7762711864406779,0.0101694915254237,269573.0,3.724890829694324,0,Test
2751,63243,20231125,74020961.0,0,0,0,0,322,262.0,1,0.8136645962732919,0.0031055900621118,198598.0,4.622137404580154,0,Control
2752,63255,20231125,74021008.0,0,0,0,0,940,795.0,9,0.8457446808510638,0.0095744680851063,350070.0,3.177358490566036,0,Control
2753,63288,20231125,74021099.0,0,0,0,0,301,249.0,4,0.8272425249169435,0.0132890365448504,153665.0,4.168674698795181,0,Control
2754,63294,20231125,74021105.0,0,0,0,0,194,142.0,1,0.7319587628865979,0.0051546391752577,101501.0,4.239436619718312,0,Test
2755,63344,20231125,74021211.0,0,0,0,0,112,65.0,0,0.5803571428571429,0.0,43982.0,4.707692307692308,0,Control
2756,63383,20231125,74021302.0,0,0,0,0,359,315.0,5,0.8774373259052924,0.0139275766016713,160634.0,3.187301587301588,0,Test
2757,63410,20231125,74021353.0,0,0,0,0,869,705.0,8,0.8112773302646721,0.0092059838895281,321722.0,3.0581560283687965,0,Control
2758,63463,20231125,74021462.0,0,0,0,0,208,171.0,3,0.8221153846153846,0.0144230769230769,89666.0,3.52046783625731,0,Control
2759,63473,20231125,74021481.0,0,0,0,0,274,235.0,1,0.8576642335766423,0.0036496350364963,102161.0,3.08936170212766,0,Control
2760,63559,20231125,74021639.0,0,0,0,0,340,244.0,6,0.7176470588235294,0.0176470588235294,132347.0,3.434426229508196,0,Test
2761,63589,20231125,74021733.0,0,0,0,0,141,134.0,2,0.950354609929078,0.0141843971631205,109503.0,5.335820895522388,0,Control
2762,63593,20231125,74021738.0,0,0,0,0,197,143.0,0,0.7258883248730964,0.0,120475.0,4.118881118881121,0,Test
2763,63648,20231125,74021823.0,0,0,0,0,143,96.0,0,0.6713286713286714,0.0,84047.0,3.8854166666666665,0,Test
2764,63677,20231125,74021880.0,0,0,0,0,207,161.0,4,0.7777777777777778,0.0193236714975845,128338.0,3.819875776397516,0,Test
2765,63697,20231125,74021914.0,0,0,0,0,395,308.0,3,0.779746835443038,0.0075949367088607,127173.0,2.980519480519481,0,Test
2766,63701,20231125,74021919.0,0,0,0,0,616,529.0,11,0.8587662337662337,0.0178571428571428,223808.0,3.1587901701323275,0,Control
2767,63707,20231125,74021928.0,0,0,0,0,345,256.0,0,0.7420289855072464,0.0,137585.0,3.875,0,Test
2768,63734,20231125,74021975.0,0,0,0,0,229,167.0,4,0.7292576419213974,0.0174672489082969,83889.0,3.59880239520958,0,Test
2769,63737,20231125,74021978.0,0,0,0,0,170,122.0,1,0.7176470588235294,0.0058823529411764,71156.0,3.795081967213113,0,Test
2770,63769,20231125,74214453.0,0,0,0,0,881,605.0,5,0.6867196367763905,0.0056753688989784,360895.0,3.9900826446281017,0,Control
2771,63773,20231125,74215106.0,0,0,0,0,734,581.0,12,0.7915531335149864,0.0163487738419618,230288.0,2.8726333907056807,0,Test
2772,63831,20231125,74220627.0,0,0,0,0,131,103.0,2,0.7862595419847328,0.015267175572519,62780.0,4.145631067961166,0,Control
2773,63865,20231125,74220822.0,0,0,0,0,671,519.0,2,0.7734724292101341,0.0029806259314456,300123.0,3.816955684007707,0,Control
2774,63883,20231125,74220910.0,0,0,0,0,480,308.0,3,0.6416666666666667,0.00625,212712.0,3.948051948051949,0,Control
2775,63911,20231125,74221041.0,0,0,0,0,526,434.0,8,0.8250950570342205,0.0152091254752851,235246.0,3.513824884792628,0,Control
2776,63982,20231125,74221472.0,0,0,0,0,175,120.0,2,0.6857142857142857,0.0114285714285714,57829.0,3.1000000000000005,0,Control
2777,64006,20231125,74321666.0,0,0,0,0,1124,934.0,16,0.8309608540925267,0.0142348754448398,418452.0,3.2890792291220534,0,Test
2778,64008,20231125,74321670.0,0,0,0,0,952,721.0,20,0.7573529411764706,0.0210084033613445,308404.0,2.980582524271843,0,Test
2779,64029,20231125,74321719.0,0,0,0,0,295,231.0,2,0.7830508474576271,0.0067796610169491,92033.0,2.878787878787878,0,Control
2780,64031,20231125,74321722.0,0,0,0,0,537,436.0,4,0.8119180633147114,0.0074487895716946,237586.0,3.5688073394495423,0,Control
2781,64094,20231125,74321861.0,0,0,0,0,298,237.0,5,0.7953020134228188,0.0167785234899328,146582.0,4.210970464135023,0,Control
2782,64098,20231125,74321865.0,0,0,0,0,307,210.0,2,0.6840390879478827,0.006514657980456,121690.0,3.347619047619048,0,Control
2783,64125,20231125,74321910.0,0,0,0,0,227,213.0,2,0.9383259911894272,0.0088105726872246,123834.0,3.896713615023475,0,Control
2784,64143,20231126,74013270.0,0,0,0,0,828,593.0,10,0.716183574879227,0.0120772946859903,297555.0,3.303541315345699,0,Test
2785,64156,20231126,74013406.0,0,0,0,0,336,154.0,4,0.4583333333333333,0.0119047619047619,83704.0,3.8896103896103904,0,Control
2786,64187,20231126,74016847.0,0,0,0,0,698,473.0,5,0.6776504297994269,0.0071633237822349,209720.0,2.964059196617336,0,Control
2787,64196,20231126,74020378.0,0,0,0,0,722,465.0,5,0.6440443213296398,0.0069252077562326,239323.0,3.436559139784946,0,Test
2788,64203,20231126,74020395.0,0,0,0,0,482,348.0,7,0.7219917012448133,0.0145228215767634,170259.0,3.2471264367816106,0,Test
2789,64221,20231126,74020449.0,0,0,0,0,733,556.0,4,0.7585266030013642,0.0054570259208731,261083.0,3.429856115107914,0,Test
2790,64238,20231126,74020492.0,0,0,0,0,1170,1033.0,17,0.8829059829059829,0.0145299145299145,586995.0,3.834462729912876,0,Control
2791,64253,20231126,74020551.0,0,0,0,0,278,172.0,1,0.6187050359712231,0.0035971223021582,90802.0,3.6104651162790704,0,Test
2792,64281,20231126,74020634.0,0,0,0,0,237,213.0,1,0.8987341772151899,0.0042194092827004,121779.0,3.685446009389673,0,Test
2793,64288,20231126,74020653.0,0,0,0,0,307,207.0,2,0.6742671009771987,0.006514657980456,99072.0,3.08695652173913,0,Test
2794,64293,20231126,74020660.0,0,0,0,0,162,117.0,1,0.7222222222222222,0.0061728395061728,64563.0,3.555555555555554,0,Test
2795,64300,20231126,74020667.0,0,0,0,0,234,202.0,3,0.8632478632478633,0.0128205128205128,135814.0,3.881188118811881,0,Test
2796,64357,20231126,74020828.0,0,0,0,0,302,251.0,5,0.8311258278145696,0.0165562913907284,118675.0,3.2988047808764933,0,Test
2797,64366,20231126,74020871.0,0,0,0,0,155,114.0,5,0.7354838709677419,0.032258064516129,64667.0,3.307017543859651,0,Test
2798,64380,20231126,74020908.0,0,0,0,0,142,117.0,2,0.823943661971831,0.0140845070422535,61748.0,3.94017094017094,0,Control
2799,64383,20231126,74020920.0,0,0,0,0,595,175.0,3,0.2941176470588235,0.0050420168067226,82372.0,3.148571428571429,0,Control
2800,64389,20231126,74020960.0,0,0,0,0,541,427.0,6,0.789279112754159,0.011090573012939,260117.0,3.8032786885245895,0,Test
2801,64390,20231126,74020961.0,0,0,0,0,281,216.0,1,0.7686832740213523,0.0035587188612099,154283.0,4.407407407407412,0,Control
2802,64402,20231126,74021008.0,0,0,0,0,853,728.0,9,0.8534583821805393,0.0105509964830011,323300.0,3.1401098901098896,0,Control
2803,64435,20231126,74021099.0,0,0,0,0,290,259.0,3,0.8931034482758621,0.0103448275862068,160625.0,4.505791505791507,0,Control
2804,64441,20231126,74021105.0,0,0,0,0,72,53.0,0,0.7361111111111112,0.0,36212.0,4.169811320754718,0,Test
2805,64491,20231126,74021211.0,0,0,0,0,145,90.0,1,0.6206896551724138,0.0068965517241379,62319.0,5.08888888888889,0,Control
2806,64530,20231126,74021302.0,0,0,0,0,316,238.0,5,0.7531645569620253,0.0158227848101265,124655.0,3.3991596638655466,0,Test
2807,64557,20231126,74021353.0,0,0,0,0,668,519.0,10,0.7769461077844312,0.0149700598802395,244138.0,3.077071290944124,0,Control
2808,64610,20231126,74021462.0,0,0,0,0,130,83.0,3,0.6384615384615384,0.023076923076923,45724.0,3.783132530120482,0,Control
2809,64620,20231126,74021481.0,0,0,0,0,226,199.0,0,0.8805309734513275,0.0,85253.0,2.8090452261306527,0,Control
2810,64706,20231126,74021639.0,0,0,0,0,332,256.0,3,0.7710843373493976,0.0090361445783132,132375.0,3.3085937500000004,0,Test
2811,64736,20231126,74021733.0,0,0,0,0,88,73.0,3,0.8295454545454546,0.034090909090909,53934.0,5.082191780821916,0,Control
2812,64740,20231126,74021738.0,0,0,0,0,178,126.0,3,0.7078651685393258,0.0168539325842696,107921.0,4.246031746031744,0,Test
2813,64795,20231126,74021823.0,0,0,0,0,225,60.0,2,0.2666666666666666,0.0088888888888888,53679.0,3.983333333333333,0,Test
2814,64824,20231126,74021880.0,0,0,0,0,160,110.0,4,0.6875,0.025,79342.0,3.1636363636363645,0,Test
2815,64843,20231126,74021914.0,0,0,0,0,341,273.0,8,0.8005865102639296,0.0234604105571847,114801.0,2.838827838827837,0,Test
2816,64847,20231126,74021919.0,0,0,0,0,395,344.0,4,0.8708860759493671,0.010126582278481,167090.0,3.5087209302325566,0,Control
2817,64853,20231126,74021928.0,0,0,0,0,362,263.0,9,0.7265193370165746,0.0248618784530386,141622.0,4.045627376425853,0,Test
2818,64880,20231126,74021975.0,0,0,0,0,217,150.0,3,0.6912442396313364,0.0138248847926267,72457.0,3.6600000000000015,0,Test
2819,64883,20231126,74021978.0,0,0,0,0,203,151.0,0,0.7438423645320197,0.0,90578.0,3.682119205298015,0,Test
2820,64915,20231126,74214453.0,0,0,0,0,759,590.0,4,0.7773386034255599,0.0052700922266139,344101.0,3.554237288135593,0,Control
2821,64919,20231126,74215106.0,0,0,0,0,441,351.0,8,0.7959183673469388,0.0181405895691609,153271.0,2.9658119658119686,0,Test
2822,64977,20231126,74220627.0,0,0,0,0,114,92.0,4,0.8070175438596491,0.0350877192982456,62586.0,4.565217391304349,0,Control
2823,65011,20231126,74220822.0,0,0,0,0,609,448.0,8,0.735632183908046,0.0131362889983579,272342.0,3.999999999999993,0,Control
2824,65029,20231126,74220910.0,0,0,0,0,354,165.0,4,0.4661016949152542,0.0112994350282485,110826.0,3.757575757575758,0,Control
2825,65057,20231126,74221041.0,0,0,0,0,447,342.0,7,0.7651006711409396,0.0156599552572706,172594.0,3.508771929824561,0,Control
2826,65128,20231126,74221472.0,0,0,0,0,184,124.0,4,0.6739130434782609,0.0217391304347826,68364.0,3.78225806451613,0,Control
2827,65152,20231126,74321666.0,0,0,0,0,1026,802.0,9,0.7816764132553606,0.0087719298245614,339992.0,3.071072319201997,0,Test
2828,65154,20231126,74321670.0,0,0,0,0,881,308.0,9,0.3496027241770715,0.0102156640181611,141283.0,3.071428571428572,0,Test
2829,65175,20231126,74321719.0,0,0,0,0,260,178.0,1,0.6846153846153846,0.0038461538461538,88477.0,3.679775280898876,0,Control
2830,65177,20231126,74321722.0,0,0,0,0,443,348.0,3,0.7855530474040632,0.0067720090293453,192594.0,3.698275862068967,0,Control
2831,65240,20231126,74321861.0,0,0,0,0,177,132.0,1,0.7457627118644068,0.0056497175141242,73855.0,4.106060606060606,0,Control
2832,65244,20231126,74321865.0,0,0,0,0,247,170.0,3,0.6882591093117408,0.0121457489878542,90435.0,3.252941176470588,0,Control
2833,65271,20231126,74321910.0,0,0,0,0,184,158.0,3,0.8586956521739131,0.0163043478260869,87765.0,3.753164556962026,0,Control
2834,65289,20231127,74013270.0,0,0,0,0,1025,690.0,14,0.6731707317073171,0.0136585365853658,279048.0,2.775362318840579,0,Test
2835,65302,20231127,74013406.0,0,0,0,0,155,122.0,5,0.7870967741935484,0.032258064516129,44799.0,2.5901639344262297,0,Control
2836,65333,20231127,74016847.0,0,0,0,0,755,571.0,10,0.7562913907284768,0.0132450331125827,217296.0,2.4588441330998245,0,Control
2837,65342,20231127,74020378.0,0,0,0,0,488,293.0,2,0.6004098360655737,0.0040983606557377,154688.0,3.235494880546076,0,Test
2838,65349,20231127,74020395.0,0,0,0,0,663,457.0,8,0.6892911010558069,0.0120663650075414,182447.0,2.7571115973741778,0,Test
2839,65367,20231127,74020449.0,0,0,0,0,517,240.0,3,0.4642166344294003,0.0058027079303675,95762.0,2.733333333333331,0,Test
2840,65384,20231127,74020492.0,0,0,0,0,758,589.0,13,0.7770448548812665,0.0171503957783641,259364.0,2.894736842105264,0,Control
2841,65399,20231127,74020551.0,0,0,0,0,219,138.0,5,0.6301369863013698,0.0228310502283105,58984.0,2.847826086956521,0,Test
2842,65427,20231127,74020634.0,0,0,0,0,133,107.0,1,0.8045112781954887,0.0075187969924812,51120.0,3.0186915887850474,0,Test
2843,65434,20231127,74020653.0,0,0,0,0,154,85.0,1,0.551948051948052,0.0064935064935064,45191.0,3.1058823529411765,0,Test
2844,65439,20231127,74020660.0,0,0,0,0,83,43.0,1,0.5180722891566265,0.0120481927710843,21632.0,3.3953488372093013,0,Test
2845,65446,20231127,74020667.0,0,0,0,0,132,112.0,2,0.8484848484848485,0.0151515151515151,62319.0,3.2767857142857157,0,Test
2846,65503,20231127,74020828.0,0,0,0,0,408,329.0,8,0.8063725490196079,0.0196078431372549,143900.0,2.993920972644377,0,Test
2847,65512,20231127,74020871.0,0,0,0,0,140,100.0,2,0.7142857142857143,0.0142857142857142,46862.0,3.0800000000000005,0,Test
2848,65526,20231127,74020908.0,0,0,0,0,116,89.0,2,0.7672413793103449,0.0172413793103448,44955.0,3.955056179775281,0,Control
2849,65529,20231127,74020920.0,0,0,0,0,490,341.0,6,0.6959183673469388,0.0122448979591836,136357.0,2.8533724340175968,0,Control
2850,65535,20231127,74020960.0,0,0,0,0,300,219.0,4,0.73,0.0133333333333333,108974.0,3.114155251141552,0,Test
2851,65536,20231127,74020961.0,0,0,0,0,121,88.0,2,0.7272727272727273,0.0165289256198347,49461.0,3.4090909090909096,0,Control
2852,65548,20231127,74021008.0,0,0,0,0,764,610.0,10,0.7984293193717278,0.013089005235602,236327.0,2.7688524590163905,0,Control
2853,65581,20231127,74021099.0,0,0,0,0,95,72.0,1,0.7578947368421053,0.0105263157894736,33534.0,3.277777777777778,0,Control
2854,65587,20231127,74021105.0,0,0,0,0,92,67.0,1,0.7282608695652174,0.0108695652173913,46582.0,4.029850746268656,0,Test
2855,65637,20231127,74021211.0,0,0,0,0,95,49.0,0,0.5157894736842106,0.0,28865.0,4.755102040816326,0,Control
2856,65676,20231127,74021302.0,0,0,0,0,221,149.0,3,0.6742081447963801,0.0135746606334841,65369.0,2.953020134228188,0,Test
2857,65703,20231127,74021353.0,0,0,0,0,743,557.0,12,0.7496635262449529,0.0161507402422611,243886.0,2.8114901256732483,0,Control
2858,65756,20231127,74021462.0,0,0,0,0,110,83.0,3,0.7545454545454545,0.0272727272727272,38813.0,3.313253012048193,0,Control
2859,65766,20231127,74021481.0,0,0,0,0,220,184.0,0,0.8363636363636363,0.0,70846.0,2.853260869565218,0,Control
2860,65852,20231127,74021639.0,0,0,0,0,259,177.0,3,0.6833976833976834,0.0115830115830115,86154.0,2.9943502824858768,0,Test
2861,65882,20231127,74021733.0,0,0,0,0,75,58.0,2,0.7733333333333333,0.0266666666666666,39752.0,4.637931034482757,0,Control
2862,65886,20231127,74021738.0,0,0,0,0,168,110.0,1,0.6547619047619048,0.0059523809523809,79284.0,3.600000000000001,0,Test
2863,65941,20231127,74021823.0,0,0,0,0,183,122.0,4,0.6666666666666666,0.0218579234972677,86778.0,3.614754098360657,0,Test
2864,65970,20231127,74021880.0,0,0,0,0,97,64.0,2,0.6597938144329897,0.0206185567010309,45039.0,3.078125,0,Test
2865,65990,20231127,74021914.0,0,0,0,0,570,474.0,2,0.8315789473684211,0.0035087719298245,169482.0,2.5253164556962027,0,Test
2866,65994,20231127,74021919.0,0,0,0,0,494,388.0,8,0.7854251012145749,0.0161943319838056,151497.0,2.7371134020618566,0,Control
2867,66000,20231127,74021928.0,0,0,0,0,135,77.0,2,0.5703703703703704,0.0148148148148148,34166.0,3.3246753246753253,0,Test
2868,66027,20231127,74021975.0,0,0,0,0,215,136.0,5,0.6325581395348837,0.0232558139534883,50377.0,2.8014705882352944,0,Test
2869,66030,20231127,74021978.0,0,0,0,0,89,66.0,2,0.7415730337078652,0.0224719101123595,44220.0,4.090909090909093,0,Test
2870,66062,20231127,74214453.0,0,0,0,0,531,239.0,3,0.4500941619585687,0.0056497175141242,106426.0,3.251046025104602,0,Control
2871,66066,20231127,74215106.0,0,0,0,0,718,549.0,3,0.7646239554317549,0.0041782729805013,189443.0,2.5409836065573783,0,Test
2872,66124,20231127,74220627.0,0,0,0,0,66,54.0,1,0.8181818181818182,0.0151515151515151,27946.0,3.314814814814815,0,Control
2873,66158,20231127,74220822.0,0,0,0,0,406,261.0,2,0.6428571428571429,0.0049261083743842,134453.0,3.28735632183908,0,Control
2874,66176,20231127,74220910.0,0,0,0,0,250,163.0,1,0.652,0.004,91366.0,3.092024539877301,0,Control
2875,66204,20231127,74221041.0,0,0,0,0,366,262.0,6,0.7158469945355191,0.0163934426229508,125190.0,3.125954198473281,0,Control
2876,66275,20231127,74221472.0,0,0,0,0,173,109.0,2,0.630057803468208,0.0115606936416184,44532.0,2.788990825688073,0,Control
2877,66299,20231127,74321666.0,0,0,0,0,683,486.0,11,0.7115666178623719,0.0161054172767203,193558.0,2.74279835390946,0,Test
2878,66301,20231127,74321670.0,0,0,0,0,1089,709.0,17,0.6510560146923783,0.0156106519742883,280597.0,2.8222849083215777,0,Test
2879,66322,20231127,74321719.0,0,0,0,0,151,96.0,2,0.6357615894039735,0.0132450331125827,43124.0,2.895833333333333,0,Control
2880,66324,20231127,74321722.0,0,0,0,0,245,177.0,4,0.7224489795918367,0.0163265306122449,97502.0,3.282485875706213,0,Control
2881,66388,20231127,74321861.0,0,0,0,0,135,84.0,1,0.6222222222222222,0.0074074074074074,43033.0,3.547619047619048,0,Control
2882,66392,20231127,74321865.0,0,0,0,0,186,116.0,3,0.6236559139784946,0.0161290322580645,57163.0,2.939655172413794,0,Control
2883,66419,20231127,74321910.0,0,0,0,0,210,162.0,2,0.7714285714285715,0.0095238095238095,72074.0,2.8765432098765427,0,Control
2884,66437,20231128,74013270.0,0,0,0,0,934,697.0,17,0.7462526766595289,0.0182012847965738,289153.0,2.8464849354375907,0,Test
2885,66450,20231128,74013406.0,0,0,0,0,128,94.0,1,0.734375,0.0078125,45541.0,3.308510638297872,0,Control
2886,66481,20231128,74016847.0,0,0,0,0,812,644.0,11,0.7931034482758621,0.0135467980295566,244349.0,2.5015527950310568,0,Control
2887,66490,20231128,74020378.0,0,0,0,0,416,283.0,4,0.6802884615384616,0.0096153846153846,140794.0,3.183745583038869,0,Test
2888,66497,20231128,74020395.0,0,0,0,0,557,410.0,7,0.7360861759425493,0.0125673249551166,170305.0,2.9463414634146345,0,Test
2889,66515,20231128,74020449.0,0,0,0,0,453,299.0,4,0.6600441501103753,0.0088300220750551,131994.0,3.083612040133779,0,Test
2890,66532,20231128,74020492.0,0,0,0,0,802,633.0,10,0.7892768079800498,0.0124688279301745,304149.0,3.153238546603473,0,Control
2891,66546,20231128,74020551.0,0,0,0,0,172,126.0,2,0.7325581395348837,0.0116279069767441,56287.0,3.2063492063492065,0,Test
2892,66574,20231128,74020634.0,0,0,0,0,92,83.0,1,0.9021739130434784,0.0108695652173913,40646.0,2.915662650602409,0,Test
2893,66581,20231128,74020653.0,0,0,0,0,192,135.0,6,0.703125,0.03125,54749.0,2.7111111111111112,0,Test
2894,66586,20231128,74020660.0,0,0,0,0,94,68.0,0,0.723404255319149,0.0,30425.0,3.102941176470588,0,Test
2895,66593,20231128,74020667.0,0,0,0,0,121,98.0,0,0.8099173553719008,0.0,55314.0,3.3367346938775517,0,Test
2896,66650,20231128,74020828.0,0,0,0,0,421,369.0,5,0.8764845605700713,0.01187648456057,154872.0,2.9403794037940387,0,Test
2897,66659,20231128,74020871.0,0,0,0,0,154,122.0,3,0.7922077922077922,0.0194805194805194,55578.0,2.975409836065573,0,Test
2898,66673,20231128,74020908.0,0,0,0,0,124,103.0,0,0.8306451612903226,0.0,51987.0,3.941747572815535,0,Control
2899,66676,20231128,74020920.0,0,0,0,0,427,333.0,4,0.7798594847775175,0.009367681498829,121276.0,2.693693693693695,0,Control
2900,66682,20231128,74020960.0,0,0,0,0,350,270.0,7,0.7714285714285715,0.02,126349.0,3.0259259259259266,0,Test
2901,66683,20231128,74020961.0,0,0,0,0,126,102.0,1,0.8095238095238095,0.0079365079365079,68352.0,4.098039215686274,0,Control
2902,66695,20231128,74021008.0,0,0,0,0,731,616.0,13,0.8426812585499316,0.0177838577291381,258295.0,2.874999999999996,0,Control
2903,66728,20231128,74021099.0,0,0,0,0,130,97.0,4,0.7461538461538462,0.0307692307692307,56085.0,3.855670103092783,0,Control
2904,66734,20231128,74021105.0,0,0,0,0,102,69.0,0,0.6764705882352942,0.0,45058.0,3.739130434782608,0,Test
2905,66784,20231128,74021211.0,0,0,0,0,44,25.0,0,0.5681818181818182,0.0,11827.0,3.48,0,Control
2906,66823,20231128,74021302.0,0,0,0,0,218,162.0,1,0.7431192660550459,0.0045871559633027,75437.0,2.839506172839505,0,Test
2907,66850,20231128,74021353.0,0,0,0,0,840,662.0,11,0.7880952380952381,0.013095238095238,270024.0,2.678247734138973,0,Control
2908,66903,20231128,74021462.0,0,0,0,0,97,69.0,0,0.711340206185567,0.0,32915.0,3.420289855072462,0,Control
2909,66913,20231128,74021481.0,0,0,0,0,210,162.0,1,0.7714285714285715,0.0047619047619047,62695.0,2.555555555555556,0,Control
2910,66999,20231128,74021639.0,0,0,0,0,286,201.0,6,0.7027972027972028,0.0209790209790209,87387.0,3.044776119402985,0,Test
2911,67029,20231128,74021733.0,0,0,0,0,252,221.0,7,0.876984126984127,0.0277777777777777,151686.0,4.461538461538464,0,Control
2912,67033,20231128,74021738.0,0,0,0,0,147,96.0,1,0.6530612244897959,0.0068027210884353,61825.0,3.28125,0,Test
2913,67088,20231128,74021823.0,0,0,0,0,111,62.0,1,0.5585585585585585,0.009009009009009,53759.0,4.274193548387098,0,Test
2914,67117,20231128,74021880.0,0,0,0,0,89,63.0,4,0.7078651685393258,0.0449438202247191,54117.0,4.190476190476192,0,Test
2915,67137,20231128,74021914.0,0,0,0,0,636,546.0,11,0.8584905660377359,0.0172955974842767,203285.0,2.6153846153846128,0,Test
2916,67141,20231128,74021919.0,0,0,0,0,638,537.0,14,0.841692789968652,0.0219435736677116,206615.0,2.761638733705772,0,Control
2917,67147,20231128,74021928.0,0,0,0,0,152,99.0,3,0.6513157894736842,0.0197368421052631,39140.0,3.0909090909090917,0,Test
2918,67174,20231128,74021975.0,0,0,0,0,191,141.0,1,0.7382198952879581,0.0052356020942408,57439.0,3.304964539007092,0,Test
2919,67177,20231128,74021978.0,0,0,0,0,101,86.0,1,0.8514851485148515,0.0099009900990099,39801.0,3.011627906976744,0,Test
2920,67209,20231128,74214453.0,0,0,0,0,576,383.0,4,0.6649305555555556,0.0069444444444444,193218.0,3.22715404699739,0,Control
2921,67213,20231128,74215106.0,0,0,0,0,783,642.0,8,0.8199233716475096,0.0102171136653895,254336.0,2.8395638629283484,0,Test
2922,67272,20231128,74220627.0,0,0,0,0,104,85.0,2,0.8173076923076923,0.0192307692307692,47437.0,3.6,0,Control
2923,67306,20231128,74220822.0,0,0,0,0,397,271.0,2,0.6826196473551638,0.0050377833753148,147862.0,3.55350553505535,0,Control
2924,67324,20231128,74220910.0,0,0,0,0,301,199.0,2,0.6611295681063123,0.0066445182724252,115743.0,3.175879396984926,0,Control
2925,67352,20231128,74221041.0,0,0,0,0,398,314.0,7,0.7889447236180904,0.0175879396984924,154958.0,3.146496815286625,0,Control
2926,67423,20231128,74221472.0,0,0,0,0,169,115.0,1,0.6804733727810651,0.0059171597633136,51777.0,3.3391304347826085,0,Control
2927,67447,20231128,74321666.0,0,0,0,0,755,532.0,11,0.704635761589404,0.014569536423841,196852.0,2.642857142857145,0,Test
2928,67449,20231128,74321670.0,0,0,0,0,1093,779.0,17,0.7127172918572735,0.0155535224153705,291223.0,2.7137355584082163,0,Test
2929,67470,20231128,74321719.0,0,0,0,0,226,163.0,1,0.7212389380530974,0.0044247787610619,66827.0,2.932515337423311,0,Control
2930,67472,20231128,74321722.0,0,0,0,0,306,251.0,1,0.8202614379084967,0.0032679738562091,126756.0,3.223107569721114,0,Control
2931,67536,20231128,74321861.0,0,0,0,0,145,79.0,3,0.5448275862068965,0.0206896551724137,31749.0,3.2151898734177218,0,Control
2932,67540,20231128,74321865.0,0,0,0,0,203,142.0,1,0.6995073891625616,0.0049261083743842,66196.0,2.9366197183098586,0,Control
2933,67567,20231128,74321910.0,0,0,0,0,187,152.0,3,0.8128342245989305,0.0160427807486631,67498.0,2.8815789473684217,0,Control
2934,67585,20231129,74013270.0,0,0,0,0,1029,749.0,15,0.7278911564625851,0.0145772594752186,317868.0,2.8544726301735666,0,Test
2935,67598,20231129,74013406.0,0,0,0,0,167,108.0,1,0.6467065868263473,0.0059880239520958,41310.0,2.592592592592593,0,Control
2936,67629,20231129,74016847.0,0,0,0,0,841,656.0,9,0.7800237812128419,0.0107015457788347,245796.0,2.4253048780487783,0,Control
2937,67638,20231129,74020378.0,0,0,0,0,416,263.0,2,0.6322115384615384,0.0048076923076923,137430.0,3.2889733840304176,0,Test
2938,67645,20231129,74020395.0,0,0,0,0,766,607.0,10,0.7924281984334204,0.0130548302872062,245941.0,2.805601317957168,0,Test
2939,67663,20231129,74020449.0,0,0,0,0,508,300.0,4,0.5905511811023622,0.0078740157480314,126780.0,3.050000000000001,0,Test
2940,67680,20231129,74020492.0,0,0,0,0,793,581.0,8,0.7326607818411097,0.0100882723833543,261073.0,3.046471600688468,0,Control
2941,67695,20231129,74020551.0,0,0,0,0,238,182.0,3,0.7647058823529411,0.0126050420168067,91806.0,3.351648351648352,0,Test
2942,67723,20231129,74020634.0,0,0,0,0,120,103.0,6,0.8583333333333333,0.05,51216.0,3.048543689320388,0,Test
2943,67731,20231129,74020653.0,0,0,0,0,208,131.0,4,0.6298076923076923,0.0192307692307692,68508.0,3.221374045801527,0,Test
2944,67736,20231129,74020660.0,0,0,0,0,85,64.0,2,0.7529411764705882,0.0235294117647058,30900.0,3.4218750000000004,0,Test
2945,67743,20231129,74020667.0,0,0,0,0,144,121.0,2,0.8402777777777778,0.0138888888888888,66210.0,3.2066115702479343,0,Test
2946,67800,20231129,74020828.0,0,0,0,0,403,347.0,4,0.8610421836228288,0.009925558312655,148817.0,2.9193083573487035,0,Test
2947,67809,20231129,74020871.0,0,0,0,0,152,123.0,2,0.8092105263157895,0.0131578947368421,52811.0,2.72357723577236,0,Test
2948,67823,20231129,74020908.0,0,0,0,0,136,112.0,2,0.8235294117647058,0.0147058823529411,55774.0,3.9107142857142856,0,Control
2949,67826,20231129,74020920.0,0,0,0,0,502,389.0,4,0.7749003984063745,0.0079681274900398,161252.0,2.688946015424166,0,Control
2950,67832,20231129,74020960.0,0,0,0,0,357,284.0,8,0.7955182072829131,0.0224089635854341,156289.0,3.4190140845070425,0,Test
2951,67833,20231129,74020961.0,0,0,0,0,185,139.0,1,0.7513513513513513,0.0054054054054054,92250.0,3.992805755395684,0,Control
2952,67845,20231129,74021008.0,0,0,0,0,792,667.0,9,0.8421717171717171,0.0113636363636363,260705.0,2.73163418290855,0,Control
2953,67878,20231129,74021099.0,0,0,0,0,125,100.0,0,0.8,0.0,46891.0,3.2200000000000006,0,Control
2954,67884,20231129,74021105.0,0,0,0,0,95,69.0,1,0.7263157894736842,0.0105263157894736,55633.0,4.27536231884058,0,Test
2955,67934,20231129,74021211.0,0,0,0,0,142,63.0,0,0.4436619718309859,0.0,38349.0,4.793650793650793,0,Control
2956,67973,20231129,74021302.0,0,0,0,0,182,140.0,1,0.7692307692307693,0.0054945054945054,63579.0,3.085714285714285,0,Test
2957,68000,20231129,74021353.0,0,0,0,0,892,693.0,15,0.7769058295964125,0.0168161434977578,282916.0,2.763347763347765,0,Control
2958,68053,20231129,74021462.0,0,0,0,0,104,77.0,0,0.7403846153846154,0.0,38665.0,3.3246753246753245,0,Control
2959,68063,20231129,74021481.0,0,0,0,0,212,166.0,2,0.7830188679245284,0.0094339622641509,66712.0,2.9096385542168672,0,Control
2960,68149,20231129,74021639.0,0,0,0,0,200,153.0,4,0.765,0.02,74671.0,2.915032679738561,0,Test
2961,68179,20231129,74021733.0,0,0,0,0,220,170.0,7,0.7727272727272727,0.0318181818181818,117572.0,4.047058823529412,0,Control
2962,68183,20231129,74021738.0,0,0,0,0,116,83.0,2,0.7155172413793104,0.0172413793103448,56216.0,3.5060240963855427,0,Test
2963,68238,20231129,74021823.0,0,0,0,0,136,91.0,1,0.6691176470588235,0.0073529411764705,78967.0,4.329670329670329,0,Test
2964,68267,20231129,74021880.0,0,0,0,0,131,77.0,7,0.5877862595419847,0.0534351145038167,54410.0,3.2597402597402594,0,Test
2965,68287,20231129,74021914.0,0,0,0,0,677,579.0,5,0.8552437223042836,0.0073855243722304,207560.0,2.4956822107081145,0,Test
2966,68291,20231129,74021919.0,0,0,0,0,663,576.0,11,0.8687782805429864,0.0165912518853695,218250.0,2.708333333333332,0,Control
2967,68297,20231129,74021928.0,0,0,0,0,173,111.0,2,0.6416184971098265,0.0115606936416184,49626.0,3.414414414414414,0,Test
2968,68324,20231129,74021975.0,0,0,0,0,202,144.0,1,0.7128712871287128,0.0049504950495049,60116.0,3.125,0,Test
2969,68327,20231129,74021978.0,0,0,0,0,160,100.0,0,0.625,0.0,60951.0,3.77,0,Test
2970,68359,20231129,74214453.0,0,0,0,0,617,470.0,4,0.7617504051863857,0.006482982171799,267875.0,3.548936170212768,0,Control
2971,68363,20231129,74215106.0,0,0,0,0,786,631.0,7,0.8027989821882952,0.0089058524173027,239179.0,2.684627575277337,0,Test
2972,68422,20231129,74220627.0,0,0,0,0,94,67.0,0,0.7127659574468085,0.0,38646.0,3.4029850746268653,0,Control
2973,68456,20231129,74220822.0,0,0,0,0,410,287.0,3,0.7,0.0073170731707317,139161.0,3.128919860627177,0,Control
2974,68474,20231129,74220910.0,0,0,0,0,381,223.0,3,0.5853018372703412,0.0078740157480314,134251.0,3.3318385650224203,0,Control
2975,68502,20231129,74221041.0,0,0,0,0,409,314.0,5,0.7677261613691931,0.0122249388753056,137256.0,2.853503184713375,0,Control
2976,68573,20231129,74221472.0,0,0,0,0,156,106.0,1,0.6794871794871795,0.0064102564102564,47034.0,3.094339622641509,0,Control
2977,68597,20231129,74321666.0,0,0,0,0,776,551.0,10,0.7100515463917526,0.0128865979381443,200000.0,2.5480943738656987,0,Test
2978,68599,20231129,74321670.0,0,0,0,0,1032,838.0,18,0.812015503875969,0.0174418604651162,312245.0,2.6372315035799514,0,Test
2979,68620,20231129,74321719.0,0,0,0,0,175,116.0,3,0.6628571428571428,0.0171428571428571,43734.0,2.870689655172414,0,Control
2980,68622,20231129,74321722.0,0,0,0,0,315,241.0,2,0.765079365079365,0.0063492063492063,121121.0,3.0995850622406658,0,Control
2981,68686,20231129,74321861.0,0,0,0,0,135,111.0,1,0.8222222222222222,0.0074074074074074,58441.0,3.5675675675675675,0,Control
2982,68690,20231129,74321865.0,0,0,0,0,229,143.0,1,0.6244541484716157,0.0043668122270742,72675.0,3.1608391608391626,0,Control
2983,68717,20231129,74321910.0,0,0,0,0,187,151.0,1,0.8074866310160428,0.0053475935828877,67906.0,2.847682119205297,0,Control
2984,68735,20231130,74013270.0,0,0,0,0,950,684.0,23,0.72,0.0242105263157894,289562.0,2.802631578947369,0,Test
2985,68748,20231130,74013406.0,0,0,0,0,170,111.0,1,0.6529411764705882,0.0058823529411764,46359.0,2.639639639639639,0,Control
2986,68779,20231130,74016847.0,0,0,0,0,969,676.0,5,0.6976264189886481,0.0051599587203302,261392.0,2.5946745562130173,0,Control
2987,68788,20231130,74020378.0,0,0,0,0,412,229.0,2,0.5558252427184466,0.0048543689320388,132505.0,3.4366812227074264,0,Test
2988,68795,20231130,74020395.0,0,0,0,0,753,534.0,5,0.7091633466135459,0.0066401062416998,201870.0,2.719101123595505,0,Test
2989,68813,20231130,74020449.0,0,0,0,0,453,282.0,1,0.6225165562913907,0.0022075055187637,113144.0,2.9574468085106385,0,Test
2990,68831,20231130,74020492.0,0,0,0,0,681,550.0,19,0.8076358296622613,0.0279001468428781,262478.0,3.16363636363636,0,Control
2991,68846,20231130,74020551.0,0,0,0,0,245,189.0,1,0.7714285714285715,0.0040816326530612,96121.0,3.5873015873015874,0,Test
2992,68874,20231130,74020634.0,0,0,0,0,123,101.0,0,0.8211382113821138,0.0,49836.0,2.98019801980198,0,Test
2993,68882,20231130,74020653.0,0,0,0,0,205,123.0,3,0.6,0.0146341463414634,70274.0,3.252032520325205,0,Test
2994,68887,20231130,74020660.0,0,0,0,0,112,74.0,1,0.6607142857142857,0.0089285714285714,38108.0,3.0,0,Test
2995,68894,20231130,74020667.0,0,0,0,0,89,73.0,3,0.8202247191011236,0.0337078651685393,43192.0,3.3150684931506857,0,Test
2996,68951,20231130,74020828.0,0,0,0,0,404,331.0,6,0.8193069306930693,0.0148514851485148,141072.0,2.91238670694864,0,Test
2997,68960,20231130,74020871.0,0,0,0,0,147,114.0,2,0.7755102040816326,0.0136054421768707,53283.0,3.140350877192982,0,Test
2998,68974,20231130,74020908.0,0,0,0,0,102,74.0,0,0.7254901960784313,0.0,33512.0,3.905405405405407,0,Control
2999,68977,20231130,74020920.0,0,0,0,0,519,390.0,5,0.7514450867052023,0.0096339113680154,157484.0,2.630769230769231,0,Control
3000,68983,20231130,74020960.0,0,0,0,0,331,263.0,5,0.7945619335347432,0.0151057401812688,134367.0,3.300380228136881,0,Test
3001,68984,20231130,74020961.0,0,0,0,0,157,117.0,0,0.7452229299363057,0.0,73643.0,3.7606837606837606,0,Control
3002,68996,20231130,74021008.0,0,0,0,0,753,621.0,9,0.8247011952191236,0.0119521912350597,259091.0,2.925925925925928,0,Control
3003,69029,20231130,74021099.0,0,0,0,0,112,77.0,1,0.6875,0.0089285714285714,37739.0,3.571428571428572,0,Control
3004,69035,20231130,74021105.0,0,0,0,0,72,48.0,0,0.6666666666666666,0.0,34160.0,4.041666666666667,0,Test
3005,69085,20231130,74021211.0,0,0,0,0,80,50.0,0,0.625,0.0,30282.0,4.300000000000002,0,Control
3006,69124,20231130,74021302.0,0,0,0,0,256,204.0,1,0.796875,0.00390625,105215.0,3.112745098039216,0,Test
3007,69151,20231130,74021353.0,0,0,0,0,834,664.0,11,0.7961630695443646,0.013189448441247,268747.0,2.933734939759032,0,Control
3008,69204,20231130,74021462.0,0,0,0,0,94,67.0,1,0.7127659574468085,0.0106382978723404,37045.0,3.3134328358208944,0,Control
3009,69214,20231130,74021481.0,0,0,0,0,221,171.0,1,0.7737556561085973,0.004524886877828,60453.0,2.567251461988304,0,Control
3010,69300,20231130,74021639.0,0,0,0,0,260,177.0,3,0.6807692307692308,0.0115384615384615,91212.0,3.1977401129943503,0,Test
3011,69330,20231130,74021733.0,0,0,0,0,326,254.0,6,0.7791411042944786,0.0184049079754601,187077.0,4.712598425196849,0,Control
3012,69334,20231130,74021738.0,0,0,0,0,184,140.0,0,0.7608695652173914,0.0,109362.0,4.05,0,Test
3013,69389,20231130,74021823.0,0,0,0,0,103,53.0,2,0.5145631067961165,0.0194174757281553,41723.0,4.188679245283018,0,Test
3014,69418,20231130,74021880.0,0,0,0,0,142,81.0,3,0.5704225352112676,0.0211267605633802,65548.0,3.88888888888889,0,Test
3015,69438,20231130,74021914.0,0,0,0,0,591,498.0,10,0.8426395939086294,0.0169204737732656,179742.0,2.6024096385542186,0,Test
3016,69442,20231130,74021919.0,0,0,0,0,605,497.0,8,0.8214876033057851,0.0132231404958677,198216.0,2.9456740442655933,0,Control
3017,69448,20231130,74021928.0,0,0,0,0,141,98.0,0,0.6950354609929078,0.0,47075.0,3.489795918367346,0,Test
3018,69475,20231130,74021975.0,0,0,0,0,175,121.0,1,0.6914285714285714,0.0057142857142857,47198.0,2.892561983471073,0,Test
3019,69478,20231130,74021978.0,0,0,0,0,159,106.0,2,0.6666666666666666,0.0125786163522012,65586.0,3.971698113207548,0,Test
3020,69510,20231130,74214453.0,0,0,0,0,798,513.0,4,0.6428571428571429,0.0050125313283208,249452.0,3.313840155945419,0,Control
3021,69514,20231130,74215106.0,0,0,0,0,740,590.0,9,0.7972972972972973,0.0121621621621621,235463.0,2.6694915254237324,0,Test
3022,69573,20231130,74220627.0,0,0,0,0,94,60.0,1,0.6382978723404256,0.0106382978723404,35740.0,3.6333333333333337,0,Control
3023,69607,20231130,74220822.0,0,0,0,0,457,323.0,2,0.7067833698030634,0.0043763676148796,165234.0,3.504643962848298,0,Control
3024,69625,20231130,74220910.0,0,0,0,0,294,193.0,5,0.6564625850340136,0.0170068027210884,105800.0,3.0518134715025904,0,Control
3025,69653,20231130,74221041.0,0,0,0,0,318,244.0,5,0.7672955974842768,0.0157232704402515,115258.0,2.950819672131148,0,Control
3026,69724,20231130,74221472.0,0,0,0,0,149,111.0,2,0.7449664429530202,0.0134228187919463,49298.0,2.9639639639639634,0,Control
3027,69748,20231130,74321666.0,0,0,0,0,795,579.0,9,0.7283018867924528,0.0113207547169811,232355.0,2.7374784110535413,0,Test
3028,69750,20231130,74321670.0,0,0,0,0,1053,804.0,19,0.7635327635327636,0.0180436847103513,316241.0,2.756218905472635,0,Test
3029,69771,20231130,74321719.0,0,0,0,0,195,135.0,3,0.6923076923076923,0.0153846153846153,54359.0,2.933333333333332,0,Control
3030,69773,20231130,74321722.0,0,0,0,0,331,239.0,4,0.7220543806646526,0.0120845921450151,128893.0,3.677824267782427,0,Control
3031,69837,20231130,74321861.0,0,0,0,0,140,75.0,2,0.5357142857142857,0.0142857142857142,38079.0,3.413333333333333,0,Control
3032,69841,20231130,74321865.0,0,0,0,0,200,141.0,2,0.705,0.01,67845.0,3.0992907801418443,0,Control
3033,69868,20231130,74321910.0,0,0,0,0,218,164.0,3,0.7522935779816514,0.0137614678899082,77921.0,3.1951219512195133,0,Control
3034,69886,20231201,74013270.0,0,0,0,0,1299,849.0,20,0.6535796766743649,0.0153964588144726,391337.0,3.147232037691401,0,Test
3035,69899,20231201,74013406.0,0,0,0,0,177,142.0,3,0.8022598870056498,0.0169491525423728,54665.0,2.7957746478873244,0,Control
3036,69930,20231201,74016847.0,0,0,0,0,940,756.0,14,0.8042553191489362,0.0148936170212765,310035.0,2.648148148148151,0,Control
3037,69939,20231201,74020378.0,0,0,0,0,499,329.0,5,0.6593186372745491,0.0100200400801603,185501.0,3.47112462006079,0,Test
3038,69946,20231201,74020395.0,0,0,0,0,869,662.0,15,0.761795166858458,0.0172612197928653,296293.0,3.028700906344409,0,Test
3039,69964,20231201,74020449.0,0,0,0,0,548,300.0,0,0.5474452554744526,0.0,142169.0,3.2766666666666677,0,Test
3040,69982,20231201,74020492.0,0,0,0,0,999,819.0,22,0.8198198198198198,0.022022022022022,372356.0,3.166056166056165,0,Control
3041,69997,20231201,74020551.0,0,0,0,0,281,201.0,2,0.7153024911032029,0.0071174377224199,105717.0,3.5422885572139315,0,Test
3042,70025,20231201,74020634.0,0,0,0,0,174,161.0,1,0.9252873563218392,0.0057471264367816,73903.0,3.0496894409937894,0,Test
3043,70033,20231201,74020653.0,0,0,0,0,246,160.0,2,0.6504065040650406,0.008130081300813,82049.0,3.1187500000000004,0,Test
3044,70038,20231201,74020660.0,0,0,0,0,119,85.0,4,0.7142857142857143,0.0336134453781512,41263.0,3.4588235294117644,0,Test
3045,70045,20231201,74020667.0,0,0,0,0,193,162.0,1,0.8393782383419689,0.005181347150259,105874.0,3.901234567901235,0,Test
3046,70102,20231201,74020828.0,0,0,0,0,462,392.0,1,0.8484848484848485,0.0021645021645021,166399.0,2.7984693877551003,0,Test
3047,70111,20231201,74020871.0,0,0,0,0,173,139.0,2,0.8034682080924855,0.0115606936416184,61199.0,2.856115107913669,0,Test
3048,70125,20231201,74020908.0,0,0,0,0,183,154.0,2,0.8415300546448088,0.0109289617486338,77956.0,3.8831168831168825,0,Control
3049,70128,20231201,74020920.0,0,0,0,0,599,478.0,4,0.7979966611018364,0.006677796327212,206902.0,2.746861924686191,0,Control
3050,70134,20231201,74020960.0,0,0,0,0,452,363.0,5,0.8030973451327433,0.0110619469026548,205962.0,3.3636363636363646,0,Test
3051,70135,20231201,74020961.0,0,0,0,0,177,144.0,3,0.8135593220338984,0.0169491525423728,100415.0,4.236111111111112,0,Control
3052,70147,20231201,74021008.0,0,0,0,0,910,785.0,9,0.8626373626373627,0.0098901098901098,324431.0,2.940127388535034,0,Control
3053,70180,20231201,74021099.0,0,0,0,0,254,197.0,3,0.7755905511811023,0.0118110236220472,118368.0,3.842639593908631,0,Control
3054,70186,20231201,74021105.0,0,0,0,0,132,101.0,2,0.7651515151515151,0.0151515151515151,77404.0,4.504950495049504,0,Test
3055,70236,20231201,74021211.0,0,0,0,0,171,103.0,0,0.6023391812865497,0.0,77123.0,5.436893203883496,0,Control
3056,70274,20231201,74021302.0,0,0,0,0,327,231.0,6,0.7064220183486238,0.018348623853211,109713.0,2.987012987012987,0,Test
3057,70301,20231201,74021353.0,0,0,0,0,920,719.0,10,0.7815217391304348,0.0108695652173913,292101.0,2.8706536856745486,0,Control
3058,70354,20231201,74021462.0,0,0,0,0,140,105.0,3,0.75,0.0214285714285714,56834.0,3.5523809523809526,0,Control
3059,70364,20231201,74021481.0,0,0,0,0,289,239.0,2,0.8269896193771626,0.0069204152249134,92359.0,2.7698744769874484,0,Control
3060,70450,20231201,74021639.0,0,0,0,0,334,259.0,5,0.7754491017964071,0.0149700598802395,137082.0,3.25868725868726,0,Test
3061,70480,20231201,74021733.0,0,0,0,0,249,198.0,6,0.7951807228915663,0.0240963855421686,149539.0,4.681818181818181,0,Control
3062,70484,20231201,74021738.0,0,0,0,0,216,149.0,1,0.6898148148148148,0.0046296296296296,106273.0,3.597315436241612,0,Test
3063,70539,20231201,74021823.0,0,0,0,0,129,87.0,1,0.6744186046511628,0.0077519379844961,66965.0,3.7471264367816106,0,Test
3064,70568,20231201,74021880.0,0,0,0,0,168,125.0,1,0.7440476190476191,0.0059523809523809,100127.0,3.536000000000001,0,Test
3065,70588,20231201,74021914.0,0,0,0,0,611,520.0,4,0.851063829787234,0.0065466448445171,184910.0,2.644230769230768,0,Test
3066,70592,20231201,74021919.0,0,0,0,0,744,601.0,7,0.8077956989247311,0.0094086021505376,247174.0,2.980033277870217,0,Control
3067,70598,20231201,74021928.0,0,0,0,0,213,150.0,2,0.704225352112676,0.0093896713615023,73031.0,3.446666666666668,0,Test
3068,70625,20231201,74021975.0,0,0,0,0,260,206.0,4,0.7923076923076923,0.0153846153846153,86259.0,3.1019417475728166,0,Test
3069,70628,20231201,74021978.0,0,0,0,0,180,138.0,1,0.7666666666666667,0.0055555555555555,82798.0,3.7971014492753614,0,Test
3070,70660,20231201,74214453.0,0,0,0,0,918,662.0,7,0.7211328976034859,0.0076252723311546,357570.0,3.5347432024169185,0,Control
3071,70664,20231201,74215106.0,0,0,0,0,806,681.0,11,0.8449131513647643,0.0136476426799007,268427.0,2.7562408223201182,0,Test
3072,70722,20231201,74220627.0,0,0,0,0,126,101.0,4,0.8015873015873016,0.0317460317460317,53817.0,3.4950495049504946,0,Control
3073,70756,20231201,74220822.0,0,0,0,0,565,406.0,8,0.7185840707964601,0.0141592920353982,242829.0,3.672413793103449,0,Control
3074,70774,20231201,74220910.0,0,0,0,0,419,290.0,3,0.6921241050119332,0.0071599045346062,165681.0,3.2379310344827563,0,Control
3075,70802,20231201,74221041.0,0,0,0,0,456,367.0,10,0.8048245614035088,0.0219298245614035,184683.0,3.0544959128065416,0,Control
3076,70873,20231201,74221472.0,0,0,0,0,158,131.0,5,0.8291139240506329,0.0316455696202531,68192.0,3.7175572519083975,0,Control
3077,70897,20231201,74321666.0,0,0,0,0,813,623.0,8,0.7662976629766297,0.009840098400984,242528.0,2.828250401284106,0,Test
3078,70899,20231201,74321670.0,0,0,0,0,1151,928.0,23,0.8062554300608167,0.0199826238053866,371476.0,2.8028017241379315,0,Test
3079,70920,20231201,74321719.0,0,0,0,0,242,179.0,9,0.7396694214876033,0.0371900826446281,75803.0,2.9329608938547493,0,Control
3080,70922,20231201,74321722.0,0,0,0,0,442,366.0,7,0.8280542986425339,0.0158371040723981,187220.0,3.1612021857923494,0,Control
3081,70986,20231201,74321861.0,0,0,0,0,196,149.0,4,0.7602040816326531,0.0204081632653061,77837.0,3.355704697986577,0,Control
3082,70990,20231201,74321865.0,0,0,0,0,287,209.0,5,0.7282229965156795,0.0174216027874564,111979.0,3.435406698564593,0,Control
3083,71017,20231201,74321910.0,0,0,0,0,280,181.0,3,0.6464285714285715,0.0107142857142857,82517.0,3.104972375690608,0,Control
3084,71036,20231202,74013270.0,0,0,0,0,1142,715.0,17,0.6260945709281961,0.0148861646234676,347082.0,3.179020979020982,0,Test
3085,71049,20231202,74013406.0,0,0,0,0,302,238.0,3,0.7880794701986755,0.009933774834437,110862.0,3.147058823529413,0,Control
3086,71080,20231202,74016847.0,0,0,0,0,844,661.0,11,0.783175355450237,0.0130331753554502,285184.0,2.747352496217851,0,Control
3087,71089,20231202,74020378.0,0,0,0,0,770,553.0,5,0.7181818181818181,0.0064935064935064,312274.0,3.53526220614828,0,Test
3088,71096,20231202,74020395.0,0,0,0,0,718,512.0,11,0.713091922005571,0.0153203342618384,240906.0,3.253906249999997,0,Test
3089,71114,20231202,74020449.0,0,0,0,0,855,611.0,4,0.7146198830409357,0.0046783625730994,323892.0,3.774140752864155,0,Test
3090,71132,20231202,74020492.0,0,0,0,0,1177,997.0,14,0.8470688190314358,0.0118946474086661,513970.0,3.6048144433299902,0,Control
3091,71147,20231202,74020551.0,0,0,0,0,289,214.0,4,0.740484429065744,0.0138408304498269,116206.0,3.775700934579439,0,Test
3092,71175,20231202,74020634.0,0,0,0,0,263,249.0,1,0.946768060836502,0.0038022813688212,148135.0,3.875502008032128,0,Test
3093,71183,20231202,74020653.0,0,0,0,0,395,258.0,3,0.6531645569620254,0.0075949367088607,133044.0,3.406976744186047,0,Test
3094,71188,20231202,74020660.0,0,0,0,0,193,143.0,3,0.7409326424870466,0.0155440414507772,73175.0,3.5314685314685312,0,Test
3095,71195,20231202,74020667.0,0,0,0,0,288,255.0,2,0.8854166666666666,0.0069444444444444,172159.0,3.858823529411766,0,Test
3096,71252,20231202,74020828.0,0,0,0,0,379,298.0,10,0.7862796833773087,0.0263852242744063,146593.0,3.372483221476512,0,Test
3097,71261,20231202,74020871.0,0,0,0,0,147,107.0,2,0.7278911564625851,0.0136054421768707,53919.0,3.3177570093457955,0,Test
3098,71275,20231202,74020908.0,0,0,0,0,194,144.0,1,0.7422680412371134,0.0051546391752577,76293.0,4.305555555555556,0,Control
3099,71278,20231202,74020920.0,0,0,0,0,441,334.0,4,0.7573696145124716,0.0090702947845804,160268.0,2.9580838323353293,0,Control
3100,71284,20231202,74020960.0,0,0,0,0,598,470.0,11,0.7859531772575251,0.0183946488294314,286101.0,3.714893617021276,0,Test
3101,71285,20231202,74020961.0,0,0,0,0,297,225.0,3,0.7575757575757576,0.0101010101010101,170681.0,4.675555555555554,0,Control
3102,71297,20231202,74021008.0,0,0,0,0,852,689.0,10,0.8086854460093896,0.0117370892018779,306373.0,3.201741654571843,0,Control
3103,71330,20231202,74021099.0,0,0,0,0,240,197.0,6,0.8208333333333333,0.025,127187.0,4.796954314720814,0,Control
3104,71336,20231202,74021105.0,0,0,0,0,165,118.0,2,0.7151515151515152,0.0121212121212121,97156.0,4.906779661016949,0,Test
3105,71386,20231202,74021211.0,0,0,0,0,233,95.0,0,0.407725321888412,0.0,67515.0,5.378947368421052,0,Control
3106,71424,20231202,74021302.0,0,0,0,0,387,315.0,3,0.813953488372093,0.0077519379844961,169209.0,3.4412698412698406,0,Test
3107,71451,20231202,74021353.0,0,0,0,0,831,637.0,8,0.766546329723225,0.0096269554753309,283941.0,3.182103610675039,0,Control
3108,71504,20231202,74021462.0,0,0,0,0,159,103.0,3,0.6477987421383647,0.0188679245283018,58390.0,3.689320388349514,0,Control
3109,71514,20231202,74021481.0,0,0,0,0,254,192.0,0,0.7559055118110236,0.0,82826.0,2.916666666666666,0,Control
3110,71600,20231202,74021639.0,0,0,0,0,366,269.0,3,0.7349726775956285,0.0081967213114754,136042.0,3.152416356877324,0,Test
3111,71630,20231202,74021733.0,0,0,0,0,282,238.0,9,0.8439716312056738,0.0319148936170212,182859.0,4.567226890756302,0,Control
3112,71634,20231202,74021738.0,0,0,0,0,184,119.0,0,0.6467391304347826,0.0,93753.0,4.058823529411766,0,Test
3113,71689,20231202,74021823.0,0,0,0,0,164,114.0,3,0.6951219512195121,0.0182926829268292,87397.0,3.622807017543861,0,Test
3114,71718,20231202,74021880.0,0,0,0,0,157,108.0,3,0.6878980891719745,0.019108280254777,96250.0,3.925925925925926,0,Test
3115,71738,20231202,74021914.0,0,0,0,0,461,355.0,7,0.7700650759219089,0.0151843817787418,149883.0,2.96619718309859,0,Test
3116,71742,20231202,74021919.0,0,0,0,0,589,467.0,20,0.7928692699490663,0.0339558573853989,204735.0,3.1541755888650966,0,Control
3117,71748,20231202,74021928.0,0,0,0,0,357,279.0,5,0.7815126050420168,0.0140056022408963,156825.0,4.053763440860212,0,Test
3118,71775,20231202,74021975.0,0,0,0,0,262,177.0,2,0.6755725190839694,0.0076335877862595,76674.0,3.1977401129943503,0,Test
3119,71778,20231202,74021978.0,0,0,0,0,196,140.0,3,0.7142857142857143,0.0153061224489795,81048.0,3.4285714285714293,0,Test
3120,71810,20231202,74214453.0,0,0,0,0,745,563.0,1,0.7557046979865771,0.0013422818791946,368932.0,4.0479573712255785,0,Control
3121,71814,20231202,74215106.0,0,0,0,0,686,598.0,13,0.8717201166180758,0.0189504373177842,257808.0,2.963210702341136,0,Test
3122,71872,20231202,74220627.0,0,0,0,0,160,128.0,5,0.8,0.03125,92062.0,4.335937499999998,0,Control
3123,71906,20231202,74220822.0,0,0,0,0,631,484.0,4,0.7670364500792393,0.0063391442155309,295624.0,3.81198347107438,0,Control
3124,71924,20231202,74220910.0,0,0,0,0,455,303.0,5,0.6659340659340659,0.0109890109890109,167806.0,3.528052805280528,0,Control
3125,71952,20231202,74221041.0,0,0,0,0,503,400.0,6,0.7952286282306164,0.0119284294234592,208078.0,3.2849999999999966,0,Control
3126,72023,20231202,74221472.0,0,0,0,0,221,166.0,4,0.751131221719457,0.0180995475113122,84131.0,3.530120481927712,0,Control
3127,72047,20231202,74321666.0,0,0,0,0,1010,831.0,15,0.8227722772277227,0.0148514851485148,349546.0,3.0481347773766547,0,Test
3128,72049,20231202,74321670.0,0,0,0,0,871,701.0,14,0.8048220436280138,0.0160734787600459,298543.0,2.9243937232524986,0,Test
3129,72070,20231202,74321719.0,0,0,0,0,314,228.0,1,0.7261146496815286,0.0031847133757961,93233.0,2.969298245614034,0,Control
3130,72072,20231202,74321722.0,0,0,0,0,531,450.0,8,0.847457627118644,0.0150659133709981,250731.0,3.5755555555555563,0,Control
3131,72136,20231202,74321861.0,0,0,0,0,269,211.0,4,0.7843866171003717,0.0148698884758364,122227.0,3.6350710900473935,0,Control
3132,72140,20231202,74321865.0,0,0,0,0,312,227.0,3,0.7275641025641025,0.0096153846153846,120907.0,3.1365638766519823,0,Control
3133,72167,20231202,74321910.0,0,0,0,0,288,222.0,4,0.7708333333333334,0.0138888888888888,107913.0,3.6396396396396384,0,Control
3134,72185,20231203,74013270.0,0,0,0,0,824,503.0,12,0.6104368932038835,0.0145631067961165,279904.0,3.522862823061628,0,Test
3135,72198,20231203,74013406.0,0,0,0,0,248,183.0,4,0.7379032258064516,0.0161290322580645,80335.0,3.136612021857924,0,Control
3136,72229,20231203,74016847.0,0,0,0,0,785,567.0,8,0.7222929936305732,0.0101910828025477,255891.0,2.938271604938271,0,Control
3137,72238,20231203,74020378.0,0,0,0,0,731,459.0,10,0.627906976744186,0.0136798905608755,254449.0,3.607843137254904,0,Test
3138,72245,20231203,74020395.0,0,0,0,0,495,344.0,4,0.694949494949495,0.008080808080808,171174.0,3.4563953488372072,0,Test
3139,72263,20231203,74020449.0,0,0,0,0,773,529.0,2,0.684346701164295,0.0025873221216041,260734.0,3.4839319470699426,0,Test
3140,72281,20231203,74020492.0,0,0,0,0,1228,1035.0,10,0.8428338762214984,0.00814332247557,542849.0,3.6241545893719818,0,Control
3141,72296,20231203,74020551.0,0,0,0,0,270,194.0,0,0.7185185185185186,0.0,104289.0,3.706185567010309,0,Test
3142,72324,20231203,74020634.0,0,0,0,0,296,280.0,1,0.945945945945946,0.0033783783783783,146851.0,3.314285714285714,0,Test
3143,72332,20231203,74020653.0,0,0,0,0,308,205.0,4,0.6655844155844156,0.0129870129870129,106175.0,3.312195121951219,0,Test
3144,72337,20231203,74020660.0,0,0,0,0,187,140.0,4,0.7486631016042781,0.0213903743315508,76918.0,3.7142857142857153,0,Test
3145,72344,20231203,74020667.0,0,0,0,0,255,218.0,0,0.8549019607843137,0.0,139878.0,3.793577981651376,0,Test
3146,72401,20231203,74020828.0,0,0,0,0,338,262.0,6,0.7751479289940828,0.0177514792899408,125221.0,3.1870229007633584,0,Test
3147,72410,20231203,74020871.0,0,0,0,0,127,98.0,2,0.7716535433070866,0.0157480314960629,48182.0,3.316326530612244,0,Test
3148,72424,20231203,74020908.0,0,0,0,0,170,128.0,1,0.7529411764705882,0.0058823529411764,72630.0,4.546875000000001,0,Control
3149,72427,20231203,74020920.0,0,0,0,0,352,278.0,3,0.7897727272727273,0.0085227272727272,131729.0,3.053956834532373,0,Control
3150,72433,20231203,74020960.0,0,0,0,0,504,392.0,6,0.7777777777777778,0.0119047619047619,234104.0,3.7806122448979584,0,Test
3151,72434,20231203,74020961.0,0,0,0,0,292,205.0,1,0.702054794520548,0.0034246575342465,147716.0,4.165853658536583,0,Control
3152,72446,20231203,74021008.0,0,0,0,0,944,813.0,8,0.861228813559322,0.0084745762711864,385226.0,3.26322263222632,0,Control
3153,72479,20231203,74021099.0,0,0,0,0,246,189.0,2,0.7682926829268293,0.008130081300813,125022.0,4.925925925925927,0,Control
3154,72485,20231203,74021105.0,0,0,0,0,179,138.0,4,0.770949720670391,0.0223463687150838,95438.0,3.934782608695651,0,Test
3155,72535,20231203,74021211.0,0,0,0,0,200,126.0,2,0.63,0.01,95436.0,5.825396825396827,0,Control
3156,72573,20231203,74021302.0,0,0,0,0,290,224.0,7,0.7724137931034483,0.0241379310344827,115550.0,3.5267857142857157,0,Test
3157,72600,20231203,74021353.0,0,0,0,0,595,453.0,12,0.761344537815126,0.0201680672268907,212650.0,3.0463576158940406,0,Control
3158,72653,20231203,74021462.0,0,0,0,0,117,68.0,2,0.5811965811965812,0.017094017094017,38289.0,3.5735294117647056,0,Control
3159,72663,20231203,74021481.0,0,0,0,0,216,174.0,2,0.8055555555555556,0.0092592592592592,88071.0,3.2413793103448283,0,Control
3160,72749,20231203,74021639.0,0,0,0,0,305,220.0,10,0.7213114754098361,0.0327868852459016,119843.0,3.536363636363636,0,Test
3161,72779,20231203,74021733.0,0,0,0,0,516,460.0,7,0.8914728682170543,0.0135658914728682,396124.0,5.3630434782608685,0,Control
3162,72783,20231203,74021738.0,0,0,0,0,152,117.0,2,0.7697368421052632,0.0131578947368421,93323.0,4.128205128205127,0,Test
3163,72838,20231203,74021823.0,0,0,0,0,186,121.0,2,0.6505376344086021,0.010752688172043,109754.0,4.330578512396694,0,Test
3164,72867,20231203,74021880.0,0,0,0,0,96,72.0,2,0.75,0.0208333333333333,49047.0,2.8888888888888884,0,Test
3165,72887,20231203,74021914.0,0,0,0,0,347,274.0,3,0.7896253602305475,0.0086455331412103,114171.0,2.9014598540145986,0,Test
3166,72891,20231203,74021919.0,0,0,0,0,355,246.0,2,0.6929577464788732,0.0056338028169014,112567.0,3.154471544715447,0,Control
3167,72897,20231203,74021928.0,0,0,0,0,311,251.0,2,0.8070739549839229,0.0064308681672025,139027.0,3.8844621513944224,0,Test
3168,72924,20231203,74021975.0,0,0,0,0,229,168.0,2,0.7336244541484717,0.0087336244541484,84757.0,3.922619047619048,0,Test
3169,72927,20231203,74021978.0,0,0,0,0,188,129.0,3,0.6861702127659575,0.0159574468085106,77209.0,3.7906976744186074,0,Test
3170,72959,20231203,74214453.0,0,0,0,0,745,552.0,5,0.7409395973154362,0.0067114093959731,313727.0,3.610507246376812,0,Control
3171,72963,20231203,74215106.0,0,0,0,0,565,459.0,5,0.8123893805309734,0.0088495575221238,177897.0,2.797385620915034,0,Test
3172,73021,20231203,74220627.0,0,0,0,0,120,95.0,2,0.7916666666666666,0.0166666666666666,61983.0,4.105263157894738,0,Control
3173,73055,20231203,74220822.0,0,0,0,0,593,437.0,5,0.7369308600337268,0.0084317032040472,250008.0,3.7986270022883297,0,Control
3174,73073,20231203,74220910.0,0,0,0,0,372,248.0,5,0.6666666666666666,0.0134408602150537,143407.0,3.641129032258063,0,Control
3175,73101,20231203,74221041.0,0,0,0,0,340,268.0,3,0.788235294117647,0.0088235294117647,143638.0,3.3171641791044784,0,Control
3176,73172,20231203,74221472.0,0,0,0,0,149,107.0,2,0.7181208053691275,0.0134228187919463,50709.0,3.074766355140187,0,Control
3177,73196,20231203,74321666.0,0,0,0,0,810,629.0,15,0.7765432098765432,0.0185185185185185,282499.0,3.2321144674085835,0,Test
3178,73198,20231203,74321670.0,0,0,0,0,569,411.0,11,0.7223198594024605,0.0193321616871704,182275.0,3.0437956204379555,0,Test
3179,73219,20231203,74321719.0,0,0,0,0,311,231.0,2,0.7427652733118971,0.0064308681672025,100079.0,3.0303030303030294,0,Control
3180,73221,20231203,74321722.0,0,0,0,0,454,357.0,6,0.7863436123348018,0.013215859030837,203516.0,3.725490196078432,0,Control
3181,73285,20231203,74321861.0,0,0,0,0,183,146.0,6,0.7978142076502732,0.0327868852459016,80766.0,3.95890410958904,0,Control
3182,73289,20231203,74321865.0,0,0,0,0,231,160.0,2,0.6926406926406926,0.0086580086580086,83851.0,3.218750000000001,0,Control
3183,73316,20231203,74321910.0,0,0,0,0,332,278.0,1,0.8373493975903614,0.003012048192771,138308.0,3.395683453237408,0,Control
3184,73334,20231204,74013270.0,0,0,0,0,1032,721.0,24,0.6986434108527132,0.0232558139534883,300580.0,2.811373092926491,0,Test
3185,73347,20231204,74013406.0,0,0,0,0,146,89.0,2,0.6095890410958904,0.0136986301369863,33304.0,2.3820224719101115,0,Control
3186,73378,20231204,74016847.0,0,0,0,0,869,608.0,9,0.6996547756041427,0.0103567318757192,233267.0,2.6069078947368425,0,Control
3187,73387,20231204,74020378.0,0,0,0,0,409,258.0,2,0.6308068459657702,0.0048899755501222,146016.0,3.538759689922479,0,Test
3188,73394,20231204,74020395.0,0,0,0,0,648,488.0,3,0.7530864197530864,0.0046296296296296,186153.0,2.6987704918032804,0,Test
3189,73412,20231204,74020449.0,0,0,0,0,378,242.0,2,0.6402116402116402,0.0052910052910052,102981.0,3.0702479338842985,0,Test
3190,73430,20231204,74020492.0,0,0,0,0,714,562.0,14,0.7871148459383753,0.0196078431372549,248563.0,2.976868327402136,0,Control
3191,73445,20231204,74020551.0,0,0,0,0,230,136.0,1,0.591304347826087,0.0043478260869565,62362.0,3.4117647058823515,0,Test
3192,73473,20231204,74020634.0,0,0,0,0,212,183.0,5,0.8632075471698113,0.0235849056603773,87107.0,3.027322404371585,0,Test
3193,73481,20231204,74020653.0,0,0,0,0,146,78.0,4,0.5342465753424658,0.0273972602739726,41238.0,3.3589743589743595,0,Test
3194,73486,20231204,74020660.0,0,0,0,0,71,49.0,0,0.6901408450704225,0.0,20096.0,3.000000000000001,0,Test
3195,73493,20231204,74020667.0,0,0,0,0,166,143.0,4,0.8614457831325302,0.0240963855421686,77385.0,3.321678321678322,0,Test
3196,73550,20231204,74020828.0,0,0,0,0,410,311.0,5,0.7585365853658537,0.0121951219512195,132067.0,2.942122186495177,0,Test
3197,73559,20231204,74020871.0,0,0,0,0,140,100.0,2,0.7142857142857143,0.0142857142857142,45542.0,3.05,0,Test
3198,73573,20231204,74020908.0,0,0,0,0,136,109.0,0,0.8014705882352942,0.0,59698.0,4.302752293577981,0,Control
3199,73576,20231204,74020920.0,0,0,0,0,395,329.0,3,0.8329113924050633,0.0075949367088607,130757.0,2.693009118541033,0,Control
3200,73582,20231204,74020960.0,0,0,0,0,379,264.0,8,0.6965699208443272,0.021108179419525,131430.0,3.208333333333336,0,Test
3201,73583,20231204,74020961.0,0,0,0,0,152,100.0,1,0.6578947368421053,0.006578947368421,59443.0,3.669999999999998,0,Control
3202,73595,20231204,74021008.0,0,0,0,0,716,554.0,5,0.7737430167597765,0.0069832402234636,219058.0,2.8808664259927803,0,Control
3203,73628,20231204,74021099.0,0,0,0,0,79,47.0,0,0.5949367088607594,0.0,29482.0,4.893617021276596,0,Control
3204,73634,20231204,74021105.0,0,0,0,0,93,62.0,0,0.6666666666666666,0.0,42015.0,4.177419354838709,0,Test
3205,73684,20231204,74021211.0,0,0,0,0,42,26.0,0,0.6190476190476191,0.0,17734.0,4.730769230769232,0,Control
3206,73722,20231204,74021302.0,0,0,0,0,243,169.0,6,0.6954732510288066,0.0246913580246913,75798.0,2.9940828402366866,0,Test
3207,73749,20231204,74021353.0,0,0,0,0,803,627.0,10,0.7808219178082192,0.012453300124533,258373.0,2.792663476874004,0,Control
3208,73802,20231204,74021462.0,0,0,0,0,92,66.0,1,0.717391304347826,0.0108695652173913,30106.0,3.34848484848485,0,Control
3209,73812,20231204,74021481.0,0,0,0,0,235,148.0,0,0.6297872340425532,0.0,61007.0,2.9527027027027035,0,Control
3210,73898,20231204,74021639.0,0,0,0,0,228,165.0,3,0.7236842105263158,0.0131578947368421,78305.0,3.163636363636365,0,Test
3211,73928,20231204,74021733.0,0,0,0,0,254,193.0,2,0.7598425196850394,0.0078740157480314,128094.0,4.108808290155444,0,Control
3212,73932,20231204,74021738.0,0,0,0,0,132,83.0,0,0.6287878787878788,0.0,66227.0,4.024096385542168,0,Test
3213,73987,20231204,74021823.0,0,0,0,0,141,85.0,1,0.6028368794326241,0.0070921985815602,63313.0,3.917647058823529,0,Test
3214,74016,20231204,74021880.0,0,0,0,0,79,51.0,2,0.6455696202531646,0.0253164556962025,39481.0,3.2745098039215685,0,Test
3215,74036,20231204,74021914.0,0,0,0,0,433,352.0,5,0.812933025404157,0.0115473441108545,131271.0,2.6846590909090886,0,Test
3216,74040,20231204,74021919.0,0,0,0,0,536,414.0,9,0.7723880597014925,0.0167910447761194,160857.0,2.7463768115942018,0,Control
3217,74046,20231204,74021928.0,0,0,0,0,131,91.0,1,0.6946564885496184,0.0076335877862595,48396.0,3.461538461538461,0,Test
3218,74073,20231204,74021975.0,0,0,0,0,179,131.0,5,0.7318435754189944,0.0279329608938547,54266.0,3.1984732824427486,0,Test
3219,74076,20231204,74021978.0,0,0,0,0,111,83.0,0,0.7477477477477478,0.0,51492.0,3.879518072289157,0,Test
3220,74108,20231204,74214453.0,0,0,0,0,580,418.0,4,0.7206896551724138,0.0068965517241379,204115.0,3.1913875598086103,0,Control
3221,74112,20231204,74215106.0,0,0,0,0,732,575.0,5,0.7855191256830601,0.0068306010928961,228378.0,2.829565217391302,0,Test
3222,74169,20231204,74220627.0,0,0,0,0,79,57.0,2,0.7215189873417721,0.0253164556962025,30874.0,3.578947368421052,0,Control
3223,74203,20231204,74220822.0,0,0,0,0,366,235.0,1,0.6420765027322405,0.0027322404371584,116856.0,3.37872340425532,0,Control
3224,74221,20231204,74220910.0,0,0,0,0,222,134.0,2,0.6036036036036037,0.009009009009009,55855.0,2.5970149253731334,0,Control
3225,74249,20231204,74221041.0,0,0,0,0,350,275.0,3,0.7857142857142857,0.0085714285714285,115631.0,2.8327272727272725,0,Control
3226,74320,20231204,74221472.0,0,0,0,0,134,88.0,2,0.6567164179104478,0.0149253731343283,37978.0,3.3295454545454533,0,Control
3227,74344,20231204,74321666.0,0,0,0,0,695,553.0,15,0.7956834532374101,0.0215827338129496,216963.0,2.7558770343580448,0,Test
3228,74346,20231204,74321670.0,0,0,0,0,951,750.0,16,0.7886435331230284,0.0168243953732912,288453.0,2.661333333333335,0,Test
3229,74367,20231204,74321719.0,0,0,0,0,161,101.0,3,0.6273291925465838,0.0186335403726708,38563.0,2.801980198019802,0,Control
3230,74369,20231204,74321722.0,0,0,0,0,336,255.0,4,0.7589285714285714,0.0119047619047619,117544.0,3.1019607843137265,0,Control
3231,74433,20231204,74321861.0,0,0,0,0,119,85.0,0,0.7142857142857143,0.0,48795.0,3.905882352941176,0,Control
3232,74437,20231204,74321865.0,0,0,0,0,181,99.0,1,0.5469613259668509,0.005524861878453,50593.0,3.0000000000000004,0,Control
3233,74464,20231204,74321910.0,0,0,0,0,173,138.0,4,0.7976878612716763,0.0231213872832369,57913.0,2.797101449275364,0,Control
3234,74482,20231205,74013270.0,0,0,0,0,1136,655.0,18,0.5765845070422535,0.0158450704225352,287202.0,2.9022900763358743,0,Test
3235,74495,20231205,74013406.0,0,0,0,0,138,113.0,1,0.8188405797101449,0.0072463768115942,55087.0,2.9557522123893807,0,Control
3236,74526,20231205,74016847.0,0,0,0,0,1009,681.0,17,0.6749256689791873,0.0168483647175421,272605.0,2.6093979441997064,0,Control
3237,74535,20231205,74020378.0,0,0,0,0,376,246.0,1,0.6542553191489362,0.0026595744680851,129844.0,3.36178861788618,0,Test
3238,74542,20231205,74020395.0,0,0,0,0,675,458.0,4,0.6785185185185185,0.0059259259259259,177223.0,2.7882096069868982,0,Test
3239,74560,20231205,74020449.0,0,0,0,0,444,276.0,4,0.6216216216216216,0.009009009009009,117234.0,2.952898550724637,0,Test
3240,74578,20231205,74020492.0,0,0,0,0,815,633.0,7,0.7766871165644171,0.0085889570552147,295636.0,3.1721958925750404,0,Control
3241,74593,20231205,74020551.0,0,0,0,0,216,167.0,0,0.7731481481481481,0.0,72827.0,3.467065868263473,0,Test
3242,74621,20231205,74020634.0,0,0,0,0,216,173.0,1,0.8009259259259259,0.0046296296296296,93431.0,3.5144508670520245,0,Test
3243,74629,20231205,74020653.0,0,0,0,0,191,120.0,1,0.6282722513089005,0.0052356020942408,57970.0,3.1416666666666675,0,Test
3244,74634,20231205,74020660.0,0,0,0,0,81,64.0,1,0.7901234567901234,0.0123456790123456,28803.0,3.0625000000000004,0,Test
3245,74641,20231205,74020667.0,0,0,0,0,154,134.0,0,0.8701298701298701,0.0,80311.0,3.6641791044776126,0,Test
3246,74698,20231205,74020828.0,0,0,0,0,465,361.0,5,0.7763440860215054,0.010752688172043,153512.0,2.916897506925209,0,Test
3247,74707,20231205,74020871.0,0,0,0,0,166,109.0,3,0.6566265060240963,0.0180722891566265,48289.0,3.100917431192661,0,Test
3248,74721,20231205,74020908.0,0,0,0,0,125,76.0,1,0.608,0.008,33521.0,3.842105263157895,0,Control
3249,74724,20231205,74020920.0,0,0,0,0,501,357.0,7,0.7125748502994012,0.0139720558882235,145580.0,2.641456582633053,0,Control
3250,74730,20231205,74020960.0,0,0,0,0,357,264.0,7,0.7394957983193278,0.0196078431372549,145200.0,3.530303030303032,0,Test
3251,74731,20231205,74020961.0,0,0,0,0,173,114.0,2,0.6589595375722543,0.0115606936416184,64303.0,3.587719298245613,0,Control
3252,74743,20231205,74021008.0,0,0,0,0,716,521.0,8,0.7276536312849162,0.0111731843575419,213704.0,2.8502879078694807,0,Control
3253,74776,20231205,74021099.0,0,0,0,0,152,112.0,3,0.7368421052631579,0.0197368421052631,50419.0,3.464285714285715,0,Control
3254,74782,20231205,74021105.0,0,0,0,0,118,82.0,2,0.6949152542372882,0.0169491525423728,65699.0,4.439024390243904,0,Test
3255,74832,20231205,74021211.0,0,0,0,0,135,49.0,0,0.362962962962963,0.0,33094.0,4.8979591836734695,0,Control
3256,74870,20231205,74021302.0,0,0,0,0,262,191.0,1,0.7290076335877863,0.0038167938931297,95070.0,3.1413612565445046,0,Test
3257,74897,20231205,74021353.0,0,0,0,0,758,593.0,6,0.7823218997361477,0.0079155672823219,241534.0,2.740303541315346,0,Control
3258,74950,20231205,74021462.0,0,0,0,0,99,62.0,0,0.6262626262626263,0.0,25720.0,2.7258064516129026,0,Control
3259,74960,20231205,74021481.0,0,0,0,0,159,86.0,1,0.5408805031446541,0.0062893081761006,36843.0,2.976744186046512,0,Control
3260,75046,20231205,74021639.0,0,0,0,0,241,185.0,2,0.7676348547717843,0.0082987551867219,91975.0,3.200000000000001,0,Test
3261,75076,20231205,74021733.0,0,0,0,0,283,217.0,6,0.7667844522968198,0.0212014134275618,148028.0,4.50230414746544,0,Control
3262,75080,20231205,74021738.0,0,0,0,0,126,99.0,1,0.7857142857142857,0.0079365079365079,82460.0,4.141414141414142,0,Test
3263,75135,20231205,74021823.0,0,0,0,0,131,77.0,1,0.5877862595419847,0.0076335877862595,60046.0,3.948051948051949,0,Test
3264,75164,20231205,74021880.0,0,0,0,0,90,57.0,2,0.6333333333333333,0.0222222222222222,43406.0,3.2631578947368425,0,Test
3265,75184,20231205,74021914.0,0,0,0,0,612,533.0,10,0.8709150326797386,0.0163398692810457,186351.0,2.4484052532833043,0,Test
3266,75188,20231205,74021919.0,0,0,0,0,681,567.0,10,0.8325991189427313,0.0146842878120411,218977.0,2.7160493827160503,0,Control
3267,75194,20231205,74021928.0,0,0,0,0,148,110.0,1,0.7432432432432432,0.0067567567567567,49031.0,2.963636363636364,0,Test
3268,75221,20231205,74021975.0,0,0,0,0,183,134.0,4,0.73224043715847,0.0218579234972677,53349.0,2.96268656716418,0,Test
3269,75224,20231205,74021978.0,0,0,0,0,121,91.0,1,0.7520661157024794,0.0082644628099173,52676.0,3.582417582417582,0,Test
3270,75257,20231205,74214453.0,0,0,0,0,594,435.0,5,0.7323232323232324,0.0084175084175084,223262.0,3.26206896551724,0,Control
3271,75261,20231205,74215106.0,0,0,0,0,754,624.0,9,0.8275862068965517,0.0119363395225464,241166.0,2.7243589743589745,0,Test
3272,75319,20231205,74220627.0,0,0,0,0,102,77.0,2,0.7549019607843137,0.0196078431372549,45363.0,3.376623376623377,0,Control
3273,75353,20231205,74220822.0,0,0,0,0,420,289.0,7,0.6880952380952381,0.0166666666666666,151826.0,3.3564013840830467,0,Control
3274,75371,20231205,74220910.0,0,0,0,0,195,131.0,3,0.6717948717948717,0.0153846153846153,65753.0,3.3053435114503804,0,Control
3275,75399,20231205,74221041.0,0,0,0,0,356,291.0,10,0.8174157303370787,0.0280898876404494,124911.0,2.855670103092782,0,Control
3276,75470,20231205,74221472.0,0,0,0,0,156,123.0,3,0.7884615384615384,0.0192307692307692,56351.0,3.3983739837398383,0,Control
3277,75494,20231205,74321666.0,0,0,0,0,805,554.0,18,0.6881987577639752,0.0223602484472049,233424.0,2.945848375451264,0,Test
3278,75496,20231205,74321670.0,0,0,0,0,1159,761.0,26,0.6566005176876618,0.0224331320103537,292713.0,2.639947437582129,0,Test
3279,75517,20231205,74321719.0,0,0,0,0,186,127.0,1,0.6827956989247311,0.0053763440860215,50980.0,2.755905511811024,0,Control
3280,75519,20231205,74321722.0,0,0,0,0,394,280.0,5,0.7106598984771574,0.0126903553299492,141958.0,3.167857142857146,0,Control
3281,75583,20231205,74321861.0,0,0,0,0,186,108.0,4,0.5806451612903226,0.021505376344086,51419.0,3.75,0,Control
3282,75587,20231205,74321865.0,0,0,0,0,182,122.0,4,0.6703296703296703,0.0219780219780219,61638.0,3.0,0,Control
3283,75614,20231205,74321910.0,0,0,0,0,212,163.0,1,0.7688679245283019,0.0047169811320754,69945.0,3.0858895705521467,0,Control
3284,75632,20231206,74013270.0,0,0,0,0,1067,774.0,20,0.725398313027179,0.0187441424554826,329670.0,2.8914728682170527,0,Test
3285,75645,20231206,74013406.0,0,0,0,0,163,128.0,2,0.7852760736196319,0.0122699386503067,51495.0,2.6171875,0,Control
3286,75676,20231206,74016847.0,0,0,0,0,712,574.0,11,0.8061797752808989,0.0154494382022471,219363.0,2.562717770034844,0,Control
3287,75685,20231206,74020378.0,0,0,0,0,414,275.0,4,0.6642512077294686,0.0096618357487922,149288.0,3.2472727272727244,0,Test
3288,75692,20231206,74020395.0,0,0,0,0,669,473.0,12,0.7070254110612855,0.0179372197309417,184920.0,2.7843551797040176,0,Test
3289,75710,20231206,74020449.0,0,0,0,0,390,271.0,2,0.6948717948717948,0.0051282051282051,111234.0,2.977859778597788,0,Test
3290,75728,20231206,74020492.0,0,0,0,0,809,626.0,11,0.7737948084054388,0.0135970333745364,282546.0,3.027156549520768,0,Control
3291,75743,20231206,74020551.0,0,0,0,0,250,180.0,3,0.72,0.012,86578.0,3.3833333333333355,0,Test
3292,75771,20231206,74020634.0,0,0,0,0,132,112.0,0,0.8484848484848485,0.0,55594.0,3.080357142857142,0,Test
3293,75779,20231206,74020653.0,0,0,0,0,175,124.0,1,0.7085714285714285,0.0057142857142857,68770.0,3.362903225806453,0,Test
3294,75784,20231206,74020660.0,0,0,0,0,90,67.0,0,0.7444444444444445,0.0,29939.0,3.119402985074628,0,Test
3295,75791,20231206,74020667.0,0,0,0,0,154,137.0,2,0.8896103896103896,0.0129870129870129,77309.0,3.474452554744526,0,Test
3296,75848,20231206,74020828.0,0,0,0,0,422,347.0,8,0.8222748815165877,0.0189573459715639,156030.0,3.066282420749279,0,Test
3297,75857,20231206,74020871.0,0,0,0,0,158,120.0,2,0.759493670886076,0.0126582278481012,56071.0,3.2583333333333337,0,Test
3298,75871,20231206,74020908.0,0,0,0,0,135,92.0,1,0.6814814814814815,0.0074074074074074,48802.0,4.195652173913043,0,Control
3299,75874,20231206,74020920.0,0,0,0,0,421,342.0,5,0.8123515439429929,0.01187648456057,132192.0,2.5350877192982457,0,Control
3300,75880,20231206,74020960.0,0,0,0,0,371,298.0,7,0.8032345013477089,0.0188679245283018,156279.0,3.3288590604026864,0,Test
3301,75881,20231206,74020961.0,0,0,0,0,176,125.0,2,0.7102272727272727,0.0113636363636363,72917.0,3.8480000000000008,0,Control
3302,75893,20231206,74021008.0,0,0,0,0,773,619.0,13,0.8007761966364813,0.0168175937904269,251766.0,2.9725363489499186,0,Control
3303,75926,20231206,74021099.0,0,0,0,0,103,92.0,4,0.8932038834951457,0.0388349514563106,47661.0,3.521739130434784,0,Control
3304,75932,20231206,74021105.0,0,0,0,0,105,76.0,0,0.7238095238095238,0.0,44165.0,3.2236842105263155,0,Test
3305,75982,20231206,74021211.0,0,0,0,0,173,25.0,1,0.1445086705202312,0.0057803468208092,17397.0,5.36,0,Control
3306,76020,20231206,74021302.0,0,0,0,0,234,169.0,5,0.7222222222222222,0.0213675213675213,85229.0,3.195266272189349,0,Test
3307,76047,20231206,74021353.0,0,0,0,0,835,694.0,13,0.8311377245508982,0.0155688622754491,298111.0,2.916426512968301,0,Control
3308,76100,20231206,74021462.0,0,0,0,0,123,80.0,0,0.6504065040650406,0.0,39123.0,3.187500000000001,0,Control
3309,76110,20231206,74021481.0,0,0,0,0,158,80.0,0,0.5063291139240507,0.0,34000.0,2.825000000000001,0,Control
3310,76196,20231206,74021639.0,0,0,0,0,201,136.0,3,0.6766169154228856,0.0149253731343283,71388.0,3.2279411764705874,0,Test
3311,76226,20231206,74021733.0,0,0,0,0,205,156.0,3,0.7609756097560976,0.0146341463414634,107126.0,4.435897435897437,0,Control
3312,76230,20231206,74021738.0,0,0,0,0,130,92.0,1,0.7076923076923077,0.0076923076923076,69594.0,3.826086956521739,0,Test
3313,76285,20231206,74021823.0,0,0,0,0,136,92.0,0,0.6764705882352942,0.0,74956.0,4.27173913043478,0,Test
3314,76314,20231206,74021880.0,0,0,0,0,54,33.0,0,0.6111111111111112,0.0,22164.0,3.424242424242425,0,Test
3315,76334,20231206,74021914.0,0,0,0,0,611,537.0,9,0.8788870703764321,0.0147299509001636,187553.0,2.459962756052142,0,Test
3316,76338,20231206,74021919.0,0,0,0,0,645,533.0,9,0.8263565891472868,0.013953488372093,206338.0,2.840525328330204,0,Control
3317,76344,20231206,74021928.0,0,0,0,0,131,81.0,0,0.6183206106870229,0.0,41430.0,3.5432098765432096,0,Test
3318,76371,20231206,74021975.0,0,0,0,0,146,111.0,1,0.7602739726027398,0.0068493150684931,50583.0,3.2072072072072078,0,Test
3319,76374,20231206,74021978.0,0,0,0,0,124,92.0,3,0.7419354838709677,0.0241935483870967,56312.0,4.010869565217392,0,Test
3320,76408,20231206,74214453.0,0,0,0,0,586,461.0,8,0.7866894197952219,0.0136518771331058,251690.0,3.436008676789587,0,Control
3321,76412,20231206,74215106.0,0,0,0,0,700,573.0,9,0.8185714285714286,0.0128571428571428,226767.0,2.712041884816757,0,Test
3322,76470,20231206,74220627.0,0,0,0,0,115,84.0,3,0.7304347826086957,0.0260869565217391,42019.0,2.952380952380952,0,Control
3323,76504,20231206,74220822.0,0,0,0,0,399,273.0,0,0.6842105263157895,0.0,139760.0,3.1794871794871784,0,Control
3324,76522,20231206,74220910.0,0,0,0,0,280,121.0,1,0.4321428571428571,0.0035714285714285,59533.0,3.280991735537189,0,Control
3325,76550,20231206,74221041.0,0,0,0,0,339,264.0,4,0.7787610619469026,0.0117994100294985,118213.0,2.9886363636363638,0,Control
3326,76621,20231206,74221472.0,0,0,0,0,139,102.0,0,0.7338129496402878,0.0,48118.0,3.1960784313725497,0,Control
3327,76645,20231206,74321666.0,0,0,0,0,775,602.0,18,0.7767741935483871,0.0232258064516129,239058.0,2.9152823920265774,0,Test
3328,76647,20231206,74321670.0,0,0,0,0,1108,843.0,17,0.7608303249097473,0.0153429602888086,336815.0,2.7793594306049814,0,Test
3329,76668,20231206,74321719.0,0,0,0,0,194,128.0,4,0.6597938144329897,0.0206185567010309,53058.0,2.9921874999999982,0,Control
3330,76670,20231206,74321722.0,0,0,0,0,363,277.0,9,0.7630853994490359,0.024793388429752,143955.0,3.389891696750905,0,Control
3331,76734,20231206,74321861.0,0,0,0,0,164,100.0,2,0.6097560975609756,0.0121951219512195,50405.0,3.960000000000002,0,Control
3332,76738,20231206,74321865.0,0,0,0,0,217,117.0,1,0.5391705069124424,0.0046082949308755,63459.0,3.1965811965811977,0,Control
3333,76765,20231206,74321910.0,0,0,0,0,177,144.0,1,0.8135593220338984,0.0056497175141242,60443.0,3.013888888888889,0,Control
3334,76783,20231207,74013270.0,0,0,0,0,1123,809.0,26,0.7203918076580588,0.0231522707034728,351153.0,2.876390605686028,0,Test
3335,76796,20231207,74013406.0,0,0,0,0,145,111.0,0,0.7655172413793103,0.0,47075.0,2.7387387387387387,0,Control
3336,76827,20231207,74016847.0,0,0,0,0,776,615.0,6,0.7925257731958762,0.0077319587628865,240681.0,2.4520325203252025,0,Control
3337,76836,20231207,74020378.0,0,0,0,0,390,238.0,3,0.6102564102564103,0.0076923076923076,132113.0,3.693277310924372,0,Test
3338,76843,20231207,74020395.0,0,0,0,0,514,370.0,5,0.7198443579766537,0.0097276264591439,145424.0,2.7891891891891896,0,Test
3339,76861,20231207,74020449.0,0,0,0,0,359,236.0,0,0.6573816155988857,0.0,92842.0,2.932203389830509,0,Test
3340,76879,20231207,74020492.0,0,0,0,0,835,665.0,13,0.7964071856287425,0.0155688622754491,315175.0,3.1939849624060157,0,Control
3341,76894,20231207,74020551.0,0,0,0,0,205,160.0,1,0.7804878048780488,0.0048780487804878,75611.0,3.656250000000001,0,Test
3342,76922,20231207,74020634.0,0,0,0,0,152,121.0,0,0.7960526315789473,0.0,66175.0,3.5041322314049577,0,Test
3343,76930,20231207,74020653.0,0,0,0,0,155,91.0,3,0.5870967741935483,0.0193548387096774,44541.0,2.9340659340659343,0,Test
3344,76935,20231207,74020660.0,0,0,0,0,88,68.0,1,0.7727272727272727,0.0113636363636363,32416.0,3.0147058823529416,0,Test
3345,76942,20231207,74020667.0,0,0,0,0,193,167.0,0,0.8652849740932642,0.0,108118.0,3.616766467065868,0,Test
3346,76999,20231207,74020828.0,0,0,0,0,468,383.0,8,0.8183760683760684,0.017094017094017,161447.0,3.091383812010444,0,Test
3347,77008,20231207,74020871.0,0,0,0,0,141,107.0,2,0.7588652482269503,0.0141843971631205,47191.0,3.102803738317756,0,Test
3348,77022,20231207,74020908.0,0,0,0,0,148,90.0,0,0.6081081081081081,0.0,50732.0,4.48888888888889,0,Control
3349,77025,20231207,74020920.0,0,0,0,0,412,318.0,8,0.7718446601941747,0.0194174757281553,142044.0,2.918238993710691,0,Control
3350,77031,20231207,74020960.0,0,0,0,0,334,256.0,4,0.7664670658682635,0.0119760479041916,136894.0,3.3085937500000004,0,Test
3351,77032,20231207,74020961.0,0,0,0,0,172,103.0,1,0.5988372093023255,0.005813953488372,66838.0,3.5728155339805823,0,Control
3352,77044,20231207,74021008.0,0,0,0,0,908,701.0,14,0.7720264317180616,0.0154185022026431,284252.0,2.945791726105563,0,Control
3353,77077,20231207,74021099.0,0,0,0,0,163,120.0,3,0.7361963190184049,0.0184049079754601,63751.0,3.741666666666668,0,Control
3354,77083,20231207,74021105.0,0,0,0,0,136,101.0,3,0.7426470588235294,0.0220588235294117,67315.0,3.792079207920792,0,Test
3355,77133,20231207,74021211.0,0,0,0,0,197,57.0,0,0.2893401015228426,0.0,35207.0,4.526315789473686,0,Control
3356,77171,20231207,74021302.0,0,0,0,0,228,172.0,1,0.7543859649122807,0.0043859649122807,75626.0,2.7674418604651154,0,Test
3357,77198,20231207,74021353.0,0,0,0,0,851,716.0,9,0.8413631022326674,0.0105757931844888,294817.0,2.708100558659217,0,Control
3358,77251,20231207,74021462.0,0,0,0,0,125,87.0,3,0.696,0.024,47100.0,3.8160919540229887,0,Control
3359,77261,20231207,74021481.0,0,0,0,0,195,129.0,1,0.6615384615384615,0.0051282051282051,58604.0,2.961240310077521,0,Control
3360,77347,20231207,74021639.0,0,0,0,0,202,154.0,6,0.7623762376237624,0.0297029702970297,83215.0,3.5649350649350646,0,Test
3361,77377,20231207,74021733.0,0,0,0,0,261,199.0,5,0.7624521072796935,0.0191570881226053,143188.0,4.381909547738695,0,Control
3362,77381,20231207,74021738.0,0,0,0,0,162,115.0,1,0.7098765432098766,0.0061728395061728,92181.0,3.999999999999997,0,Test
3363,77436,20231207,74021823.0,0,0,0,0,104,81.0,1,0.7788461538461539,0.0096153846153846,72640.0,4.0740740740740735,0,Test
3364,77465,20231207,74021880.0,0,0,0,0,93,56.0,0,0.6021505376344086,0.0,39902.0,3.0357142857142856,0,Test
3365,77485,20231207,74021914.0,0,0,0,0,706,611.0,16,0.8654390934844193,0.0226628895184136,227895.0,2.5679214402618653,0,Test
3366,77489,20231207,74021919.0,0,0,0,0,638,521.0,16,0.8166144200626959,0.0250783699059561,220261.0,2.9865642994241823,0,Control
3367,77495,20231207,74021928.0,0,0,0,0,118,82.0,0,0.6949152542372882,0.0,39358.0,3.390243902439024,0,Test
3368,77522,20231207,74021975.0,0,0,0,0,173,129.0,5,0.7456647398843931,0.0289017341040462,58592.0,3.30232558139535,0,Test
3369,77525,20231207,74021978.0,0,0,0,0,127,91.0,0,0.7165354330708661,0.0,52526.0,4.021978021978024,0,Test
3370,77560,20231207,74214453.0,0,0,0,0,556,422.0,5,0.7589928057553957,0.0089928057553956,216246.0,3.274881516587679,0,Control
3371,77564,20231207,74215106.0,0,0,0,0,717,598.0,10,0.8340306834030683,0.0139470013947001,243006.0,2.857859531772579,0,Test
3372,77622,20231207,74220627.0,0,0,0,0,109,83.0,5,0.7614678899082569,0.0458715596330275,41873.0,3.5542168674698797,0,Control
3373,77656,20231207,74220822.0,0,0,0,0,384,275.0,5,0.7161458333333334,0.0130208333333333,148682.0,3.6945454545454535,0,Control
3374,77674,20231207,74220910.0,0,0,0,0,271,155.0,2,0.5719557195571956,0.007380073800738,78019.0,3.4064516129032265,0,Control
3375,77702,20231207,74221041.0,0,0,0,0,292,220.0,3,0.7534246575342466,0.0102739726027397,107607.0,2.936363636363637,0,Control
3376,77773,20231207,74221472.0,0,0,0,0,125,99.0,0,0.792,0.0,44633.0,3.2222222222222223,0,Control
3377,77797,20231207,74321666.0,0,0,0,0,783,586.0,19,0.7484035759897829,0.0242656449553001,236436.0,2.810580204778156,0,Test
3378,77799,20231207,74321670.0,0,0,0,0,1135,846.0,20,0.745374449339207,0.0176211453744493,320222.0,2.627659574468087,0,Test
3379,77820,20231207,74321719.0,0,0,0,0,185,128.0,3,0.6918918918918919,0.0162162162162162,49234.0,2.804687499999999,0,Control
3380,77822,20231207,74321722.0,0,0,0,0,345,256.0,7,0.7420289855072464,0.0202898550724637,118903.0,2.855468749999999,0,Control
3381,77886,20231207,74321861.0,0,0,0,0,162,113.0,2,0.6975308641975309,0.0123456790123456,61490.0,3.584070796460177,0,Control
3382,77890,20231207,74321865.0,0,0,0,0,168,133.0,2,0.7916666666666666,0.0119047619047619,71231.0,3.233082706766917,0,Control
3383,77917,20231207,74321910.0,0,0,0,0,197,155.0,2,0.7868020304568528,0.0101522842639593,59910.0,2.7354838709677414,0,Control
3384,77935,20231208,74013270.0,0,0,0,0,1174,850.0,18,0.7240204429301533,0.0153321976149914,428735.0,3.2682352941176496,0,Test
3385,77948,20231208,74013406.0,0,0,0,0,218,153.0,5,0.7018348623853211,0.0229357798165137,68597.0,3.117647058823529,0,Control
3386,77979,20231208,74016847.0,0,0,0,0,887,707.0,22,0.7970687711386697,0.0248027057497181,292409.0,2.6718528995756725,0,Control
3387,77988,20231208,74020378.0,0,0,0,0,487,317.0,3,0.6509240246406571,0.0061601642710472,176760.0,3.498422712933753,0,Test
3388,77995,20231208,74020395.0,0,0,0,0,572,411.0,3,0.7185314685314685,0.0052447552447552,186921.0,3.1289537712895394,0,Test
3389,78013,20231208,74020449.0,0,0,0,0,486,307.0,2,0.6316872427983539,0.0041152263374485,138126.0,3.2117263843648205,0,Test
3390,78031,20231208,74020492.0,0,0,0,0,932,788.0,15,0.8454935622317596,0.0160944206008583,364824.0,3.0532994923857872,0,Control
3391,78045,20231208,74020551.0,0,0,0,0,214,142.0,1,0.6635514018691588,0.0046728971962616,70001.0,3.422535211267605,0,Test
3392,78073,20231208,74020634.0,0,0,0,0,150,127.0,0,0.8466666666666667,0.0,68995.0,3.188976377952757,0,Test
3393,78081,20231208,74020653.0,0,0,0,0,86,64.0,0,0.7441860465116279,0.0,30575.0,2.78125,0,Test
3394,78086,20231208,74020660.0,0,0,0,0,123,90.0,0,0.7317073170731707,0.0,45601.0,3.544444444444444,0,Test
3395,78093,20231208,74020667.0,0,0,0,0,251,211.0,5,0.8406374501992032,0.0199203187250996,146136.0,3.905213270142178,0,Test
3396,78150,20231208,74020828.0,0,0,0,0,362,264.0,4,0.7292817679558011,0.011049723756906,109183.0,2.9015151515151514,0,Test
3397,78159,20231208,74020871.0,0,0,0,0,206,147.0,4,0.7135922330097088,0.0194174757281553,78156.0,3.414965986394558,0,Test
3398,78173,20231208,74020908.0,0,0,0,0,143,99.0,2,0.6923076923076923,0.0139860139860139,51374.0,3.989898989898992,0,Control
3399,78176,20231208,74020920.0,0,0,0,0,564,424.0,5,0.75177304964539,0.0088652482269503,194467.0,2.95990566037736,0,Control
3400,78182,20231208,74020960.0,0,0,0,0,378,278.0,6,0.7354497354497355,0.0158730158730158,157593.0,3.3741007194244608,0,Test
3401,78183,20231208,74020961.0,0,0,0,0,207,126.0,3,0.6086956521739131,0.0144927536231884,87928.0,3.928571428571431,0,Control
3402,78195,20231208,74021008.0,0,0,0,0,1002,836.0,20,0.8343313373253493,0.0199600798403193,357876.0,3.041866028708135,0,Control
3403,78228,20231208,74021099.0,0,0,0,0,175,138.0,6,0.7885714285714286,0.0342857142857142,71583.0,3.673913043478263,0,Control
3404,78234,20231208,74021105.0,0,0,0,0,161,123.0,1,0.7639751552795031,0.0062111801242236,86098.0,3.959349593495935,0,Test
3405,78284,20231208,74021211.0,0,0,0,0,180,87.0,1,0.4833333333333333,0.0055555555555555,59734.0,5.390804597701148,0,Control
3406,78322,20231208,74021302.0,0,0,0,0,214,175.0,3,0.8177570093457944,0.014018691588785,83930.0,3.177142857142857,0,Test
3407,78349,20231208,74021353.0,0,0,0,0,907,736.0,17,0.8114663726571113,0.0187431091510474,309169.0,2.750000000000004,0,Control
3408,78402,20231208,74021462.0,0,0,0,0,160,119.0,3,0.74375,0.01875,63683.0,3.3361344537815136,0,Control
3409,78412,20231208,74021481.0,0,0,0,0,230,181.0,2,0.7869565217391304,0.008695652173913,81122.0,2.895027624309393,0,Control
3410,78498,20231208,74021639.0,0,0,0,0,214,155.0,2,0.7242990654205608,0.0093457943925233,94164.0,3.670967741935485,0,Test
3411,78528,20231208,74021733.0,0,0,0,0,296,239.0,14,0.8074324324324325,0.0472972972972973,166659.0,4.527196652719662,0,Control
3412,78532,20231208,74021738.0,0,0,0,0,199,120.0,1,0.6030150753768844,0.0050251256281407,89420.0,3.8250000000000015,0,Test
3413,78587,20231208,74021823.0,0,0,0,0,173,109.0,2,0.630057803468208,0.0115606936416184,90391.0,3.944954128440368,0,Test
3414,78616,20231208,74021880.0,0,0,0,0,167,121.0,0,0.7245508982035929,0.0,97486.0,3.851239669421487,0,Test
3415,78636,20231208,74021914.0,0,0,0,0,677,535.0,10,0.7902511078286558,0.0147710487444608,216436.0,2.764485981308407,0,Test
3416,78640,20231208,74021919.0,0,0,0,0,708,546.0,10,0.7711864406779662,0.0141242937853107,239981.0,3.146520146520148,0,Control
3417,78646,20231208,74021928.0,0,0,0,0,176,126.0,2,0.7159090909090909,0.0113636363636363,64824.0,3.53968253968254,0,Test
3418,78673,20231208,74021975.0,0,0,0,0,240,182.0,3,0.7583333333333333,0.0125,90407.0,3.71978021978022,0,Test
3419,78676,20231208,74021978.0,0,0,0,0,191,121.0,1,0.6335078534031413,0.0052356020942408,74938.0,3.950413223140498,0,Test
3420,78711,20231208,74214453.0,0,0,0,0,545,399.0,2,0.7321100917431193,0.0036697247706422,221673.0,3.330827067669172,0,Control
3421,78715,20231208,74215106.0,0,0,0,0,753,611.0,11,0.8114209827357237,0.0146082337317397,229479.0,2.746317512274961,0,Test
3422,78773,20231208,74220627.0,0,0,0,0,135,105.0,5,0.7777777777777778,0.037037037037037,63415.0,3.933333333333332,0,Control
3423,78807,20231208,74220822.0,0,0,0,0,521,335.0,3,0.6429942418426103,0.0057581573896353,184771.0,3.805970149253732,0,Control
3424,78825,20231208,74220910.0,0,0,0,0,438,251.0,3,0.5730593607305936,0.0068493150684931,162489.0,3.569721115537848,0,Control
3425,78853,20231208,74221041.0,0,0,0,0,341,270.0,7,0.7917888563049853,0.0205278592375366,129101.0,2.914814814814811,0,Control
3426,78924,20231208,74221472.0,0,0,0,0,193,155.0,4,0.8031088082901554,0.0207253886010362,81034.0,3.5612903225806454,0,Control
3427,78948,20231208,74321666.0,0,0,0,0,902,744.0,24,0.8248337028824834,0.0266075388026607,320219.0,3.0188172043010737,0,Test
3428,78950,20231208,74321670.0,0,0,0,0,1135,916.0,27,0.8070484581497798,0.0237885462555066,370601.0,2.792576419213975,0,Test
3429,78971,20231208,74321719.0,0,0,0,0,174,119.0,2,0.6839080459770115,0.0114942528735632,47682.0,2.9075630252100844,0,Control
3430,78973,20231208,74321722.0,0,0,0,0,452,357.0,4,0.7898230088495575,0.0088495575221238,195080.0,3.487394957983194,0,Control
3431,79036,20231208,74321861.0,0,0,0,0,219,158.0,5,0.7214611872146118,0.0228310502283105,83890.0,3.867088607594938,0,Control
3432,79040,20231208,74321865.0,0,0,0,0,177,131.0,4,0.7401129943502824,0.0225988700564971,74382.0,3.419847328244276,0,Control
3433,79067,20231208,74321910.0,0,0,0,0,217,180.0,3,0.8294930875576036,0.0138248847926267,83209.0,3.31111111111111,0,Control
3434,79086,20231209,74013270.0,0,0,0,0,997,652.0,21,0.6539618856569709,0.0210631895687061,322264.0,3.225460122699387,0,Test
3435,79099,20231209,74013406.0,0,0,0,0,310,269.0,4,0.867741935483871,0.0129032258064516,118323.0,3.089219330855017,0,Control
3436,79129,20231209,74016847.0,0,0,0,0,618,476.0,12,0.7702265372168284,0.0194174757281553,216029.0,2.892857142857145,0,Control
3437,79138,20231209,74020378.0,0,0,0,0,784,560.0,7,0.7142857142857143,0.0089285714285714,321692.0,3.719642857142856,0,Test
3438,79145,20231209,74020395.0,0,0,0,0,434,292.0,4,0.6728110599078341,0.0092165898617511,147544.0,3.383561643835614,0,Test
3439,79163,20231209,74020449.0,0,0,0,0,568,402.0,4,0.7077464788732394,0.0070422535211267,196912.0,3.380597014925375,0,Test
3440,79181,20231209,74020492.0,0,0,0,0,1146,799.0,10,0.6972076788830716,0.0087260034904013,429206.0,3.675844806007509,0,Control
3441,79195,20231209,74020551.0,0,0,0,0,261,209.0,1,0.8007662835249042,0.003831417624521,107895.0,3.6411483253588512,0,Test
3442,79223,20231209,74020634.0,0,0,0,0,236,213.0,1,0.902542372881356,0.0042372881355932,125969.0,3.910798122065728,0,Test
3443,79231,20231209,74020653.0,0,0,0,0,281,198.0,2,0.7046263345195729,0.0071174377224199,109954.0,3.4545454545454546,0,Test
3444,79236,20231209,74020660.0,0,0,0,0,155,122.0,0,0.7870967741935484,0.0,72092.0,3.606557377049179,0,Test
3445,79243,20231209,74020667.0,0,0,0,0,244,200.0,1,0.819672131147541,0.0040983606557377,145464.0,4.124999999999999,0,Test
3446,79300,20231209,74020828.0,0,0,0,0,388,289.0,8,0.7448453608247423,0.0206185567010309,152429.0,3.43598615916955,0,Test
3447,79309,20231209,74020871.0,0,0,0,0,116,74.0,5,0.6379310344827587,0.043103448275862,38553.0,3.472972972972973,0,Test
3448,79323,20231209,74020908.0,0,0,0,0,205,143.0,2,0.697560975609756,0.0097560975609756,84130.0,4.538461538461542,0,Control
3449,79326,20231209,74020920.0,0,0,0,0,482,374.0,5,0.7759336099585062,0.0103734439834024,178859.0,2.9812834224598928,0,Control
3450,79332,20231209,74020960.0,0,0,0,0,602,423.0,6,0.7026578073089701,0.0099667774086378,253964.0,3.617021276595743,0,Test
3451,79333,20231209,74020961.0,0,0,0,0,339,276.0,5,0.8141592920353983,0.0147492625368731,187009.0,4.217391304347821,0,Control
3452,79345,20231209,74021008.0,0,0,0,0,860,668.0,7,0.7767441860465116,0.0081395348837209,303294.0,3.232035928143711,0,Control
3453,79378,20231209,74021099.0,0,0,0,0,332,274.0,3,0.8253012048192772,0.0090361445783132,168536.0,4.3576642335766405,0,Control
3454,79384,20231209,74021105.0,0,0,0,0,179,136.0,2,0.7597765363128491,0.0111731843575419,100954.0,4.632352941176472,0,Test
3455,79434,20231209,74021211.0,0,0,0,0,160,65.0,1,0.40625,0.00625,43255.0,5.06153846153846,0,Control
3456,79472,20231209,74021302.0,0,0,0,0,358,280.0,4,0.7821229050279329,0.0111731843575419,150504.0,3.4821428571428577,0,Test
3457,79499,20231209,74021353.0,0,0,0,0,783,642.0,9,0.8199233716475096,0.0114942528735632,305246.0,3.161993769470404,0,Control
3458,79552,20231209,74021462.0,0,0,0,0,127,70.0,2,0.5511811023622047,0.0157480314960629,36814.0,3.585714285714285,0,Control
3459,79562,20231209,74021481.0,0,0,0,0,252,203.0,1,0.8055555555555556,0.0039682539682539,75249.0,2.950738916256157,0,Control
3460,79648,20231209,74021639.0,0,0,0,0,313,234.0,5,0.7476038338658147,0.0159744408945686,118804.0,3.05982905982906,0,Test
3461,79678,20231209,74021733.0,0,0,0,0,386,290.0,7,0.7512953367875648,0.0181347150259067,224395.0,5.024137931034483,0,Control
3462,79682,20231209,74021738.0,0,0,0,0,225,152.0,1,0.6755555555555556,0.0044444444444444,121068.0,4.157894736842106,0,Test
3463,79737,20231209,74021823.0,0,0,0,0,197,132.0,0,0.6700507614213198,0.0,128889.0,4.606060606060605,0,Test
3464,79766,20231209,74021880.0,0,0,0,0,140,91.0,3,0.65,0.0214285714285714,79087.0,3.8571428571428577,0,Test
3465,79786,20231209,74021914.0,0,0,0,0,454,380.0,4,0.8370044052863436,0.0088105726872246,164568.0,3.076315789473687,0,Test
3466,79790,20231209,74021919.0,0,0,0,0,512,406.0,14,0.79296875,0.02734375,185783.0,3.256157635467982,0,Control
3467,79796,20231209,74021928.0,0,0,0,0,292,231.0,4,0.791095890410959,0.0136986301369863,132210.0,4.0822510822510845,0,Test
3468,79823,20231209,74021975.0,0,0,0,0,238,179.0,6,0.7521008403361344,0.0252100840336134,86263.0,3.519553072625698,0,Test
3469,79826,20231209,74021978.0,0,0,0,0,181,128.0,2,0.7071823204419889,0.011049723756906,77889.0,3.9296874999999982,0,Test
3470,79860,20231209,74214453.0,0,0,0,0,547,427.0,3,0.7806215722120659,0.0054844606946983,261604.0,3.646370023419203,0,Control
3471,79864,20231209,74215106.0,0,0,0,0,628,522.0,2,0.8312101910828026,0.0031847133757961,222396.0,3.1360153256704977,0,Test
3472,79922,20231209,74220627.0,0,0,0,0,120,87.0,2,0.725,0.0166666666666666,75238.0,5.402298850574713,0,Control
3473,79956,20231209,74220822.0,0,0,0,0,620,457.0,6,0.7370967741935484,0.0096774193548387,264329.0,3.835886214442012,0,Control
3474,79974,20231209,74220910.0,0,0,0,0,413,256.0,5,0.6198547215496368,0.0121065375302663,164570.0,3.80078125,0,Control
3475,80002,20231209,74221041.0,0,0,0,0,349,258.0,6,0.7392550143266475,0.0171919770773638,142631.0,3.5542635658914725,0,Control
3476,80073,20231209,74221472.0,0,0,0,0,168,117.0,4,0.6964285714285714,0.0238095238095238,64800.0,3.8632478632478624,0,Control
3477,80097,20231209,74321666.0,0,0,0,0,1154,975.0,16,0.8448873483535528,0.0138648180242634,425663.0,3.2399999999999998,0,Test
3478,80099,20231209,74321670.0,0,0,0,0,845,628.0,23,0.7431952662721893,0.0272189349112426,276844.0,3.011146496815287,0,Test
3479,80120,20231209,74321719.0,0,0,0,0,373,286.0,2,0.7667560321715817,0.0053619302949061,131861.0,3.213286713286713,0,Control
3480,80122,20231209,74321722.0,0,0,0,0,480,379.0,4,0.7895833333333333,0.0083333333333333,233546.0,3.881266490765175,0,Control
3481,80186,20231209,74321861.0,0,0,0,0,310,240.0,6,0.7741935483870968,0.0193548387096774,143193.0,4.079166666666663,0,Control
3482,80190,20231209,74321865.0,0,0,0,0,196,142.0,2,0.7244897959183674,0.010204081632653,89280.0,3.373239436619719,0,Control
3483,80216,20231209,74321910.0,0,0,0,0,352,304.0,2,0.8636363636363636,0.0056818181818181,157905.0,3.467105263157895,0,Control
3484,80234,20231210,74013270.0,0,0,0,0,759,513.0,15,0.6758893280632411,0.0197628458498023,272712.0,3.3352826510721245,0,Test
3485,80247,20231210,74013406.0,0,0,0,0,265,214.0,4,0.8075471698113208,0.0150943396226415,95708.0,3.1401869158878504,0,Control
3486,80277,20231210,74016847.0,0,0,0,0,612,383.0,5,0.6258169934640523,0.0081699346405228,170416.0,2.832898172323757,0,Control
3487,80286,20231210,74020378.0,0,0,0,0,723,509.0,5,0.7040110650069157,0.0069156293222683,290116.0,3.5717092337917493,0,Test
3488,80293,20231210,74020395.0,0,0,0,0,279,177.0,6,0.6344086021505376,0.021505376344086,97684.0,3.553672316384181,0,Test
3489,80311,20231210,74020449.0,0,0,0,0,534,445.0,7,0.8333333333333334,0.0131086142322097,210129.0,3.4719101123595517,0,Test
3490,80329,20231210,74020492.0,0,0,0,0,1088,918.0,17,0.84375,0.015625,530625.0,3.885620915032683,0,Control
3491,80343,20231210,74020551.0,0,0,0,0,194,152.0,6,0.7835051546391752,0.0309278350515463,83908.0,3.7039473684210527,0,Test
3492,80371,20231210,74020634.0,0,0,0,0,228,202.0,0,0.8859649122807017,0.0,103871.0,3.252475247524753,0,Test
3493,80379,20231210,74020653.0,0,0,0,0,260,187.0,2,0.7192307692307692,0.0076923076923076,90291.0,2.9572192513368982,0,Test
3494,80384,20231210,74020660.0,0,0,0,0,141,105.0,2,0.7446808510638298,0.0141843971631205,61706.0,3.771428571428572,0,Test
3495,80391,20231210,74020667.0,0,0,0,0,208,173.0,1,0.8317307692307693,0.0048076923076923,120111.0,4.098265895953755,0,Test
3496,80448,20231210,74020828.0,0,0,0,0,306,248.0,2,0.8104575163398693,0.0065359477124183,129785.0,3.5887096774193545,0,Test
3497,80457,20231210,74020871.0,0,0,0,0,158,122.0,0,0.7721518987341772,0.0,65922.0,3.5000000000000004,0,Test
3498,80471,20231210,74020908.0,0,0,0,0,148,101.0,1,0.6824324324324325,0.0067567567567567,57370.0,4.089108910891088,0,Control
3499,80474,20231210,74020920.0,0,0,0,0,344,277.0,2,0.8052325581395349,0.005813953488372,141822.0,3.126353790613718,0,Control
3500,80480,20231210,74020960.0,0,0,0,0,442,288.0,5,0.6515837104072398,0.0113122171945701,184399.0,4.041666666666672,0,Test
3501,80481,20231210,74020961.0,0,0,0,0,275,214.0,3,0.7781818181818182,0.0109090909090909,164484.0,4.621495327102802,0,Control
3502,80493,20231210,74021008.0,0,0,0,0,802,606.0,15,0.7556109725685786,0.0187032418952618,294966.0,3.4240924092409224,0,Control
3503,80526,20231210,74021099.0,0,0,0,0,286,229.0,2,0.8006993006993007,0.0069930069930069,134207.0,4.161572052401747,0,Control
3504,80532,20231210,74021105.0,0,0,0,0,128,79.0,0,0.6171875,0.0,58884.0,4.354430379746835,0,Test
3505,80582,20231210,74021211.0,0,0,0,0,181,91.0,3,0.5027624309392266,0.0165745856353591,73492.0,6.0879120879120885,0,Control
3506,80620,20231210,74021302.0,0,0,0,0,353,294.0,2,0.8328611898016998,0.0056657223796034,156501.0,3.42857142857143,0,Test
3507,80647,20231210,74021353.0,0,0,0,0,616,482.0,4,0.7824675324675324,0.0064935064935064,234134.0,3.1161825726141053,0,Control
3508,80709,20231210,74021481.0,0,0,0,0,264,207.0,1,0.7840909090909091,0.0037878787878787,92002.0,2.9661835748792256,0,Control
3509,80795,20231210,74021639.0,0,0,0,0,277,195.0,4,0.703971119133574,0.0144404332129963,100248.0,3.33846153846154,0,Test
3510,80825,20231210,74021733.0,0,0,0,0,285,209.0,14,0.7333333333333333,0.0491228070175438,158828.0,4.75598086124402,0,Control
3511,80829,20231210,74021738.0,0,0,0,0,200,111.0,0,0.555,0.0,81936.0,4.171171171171174,0,Test
3512,80884,20231210,74021823.0,0,0,0,0,248,162.0,1,0.6532258064516129,0.0040322580645161,150028.0,4.512345679012343,0,Test
3513,80913,20231210,74021880.0,0,0,0,0,65,34.0,1,0.5230769230769231,0.0153846153846153,29970.0,3.852941176470588,0,Test
3514,80933,20231210,74021914.0,0,0,0,0,359,288.0,5,0.8022284122562674,0.0139275766016713,126011.0,3.0138888888888884,0,Test
3515,80937,20231210,74021919.0,0,0,0,0,410,304.0,4,0.7414634146341463,0.0097560975609756,133583.0,3.2072368421052646,0,Control
3516,80943,20231210,74021928.0,0,0,0,0,274,212.0,1,0.7737226277372263,0.0036496350364963,109104.0,3.750000000000001,0,Test
3517,80970,20231210,74021975.0,0,0,0,0,205,141.0,1,0.6878048780487804,0.0048780487804878,78260.0,4.049645390070921,0,Test
3518,80973,20231210,74021978.0,0,0,0,0,150,117.0,0,0.78,0.0,65654.0,3.863247863247864,0,Test
3519,81008,20231210,74214453.0,0,0,0,0,564,451.0,6,0.799645390070922,0.0106382978723404,261880.0,3.4811529933481147,0,Control
3520,81012,20231210,74215106.0,0,0,0,0,538,413.0,4,0.7676579925650557,0.0074349442379182,164962.0,2.849878934624697,0,Test
3521,81070,20231210,74220627.0,0,0,0,0,126,89.0,1,0.7063492063492064,0.0079365079365079,60928.0,3.9101123595505625,0,Control
3522,81104,20231210,74220822.0,0,0,0,0,575,423.0,4,0.7356521739130435,0.0069565217391304,245168.0,3.839243498817967,0,Control
3523,81122,20231210,74220910.0,0,0,0,0,281,180.0,2,0.6405693950177936,0.0071174377224199,110900.0,3.761111111111111,0,Control
3524,81150,20231210,74221041.0,0,0,0,0,350,297.0,2,0.8485714285714285,0.0057142857142857,161495.0,3.4107744107744105,0,Control
3525,81221,20231210,74221472.0,0,0,0,0,157,112.0,2,0.7133757961783439,0.0127388535031847,73070.0,4.508928571428572,0,Control
3526,81245,20231210,74321666.0,0,0,0,0,1028,829.0,20,0.806420233463035,0.0194552529182879,390457.0,3.3293124246079646,0,Test
3527,81247,20231210,74321670.0,0,0,0,0,553,409.0,13,0.7396021699819169,0.023508137432188,200712.0,3.3300733496332504,0,Test
3528,81268,20231210,74321719.0,0,0,0,0,254,190.0,6,0.7480314960629921,0.0236220472440944,83001.0,3.157894736842105,0,Control
3529,81270,20231210,74321722.0,0,0,0,0,468,357.0,7,0.7628205128205128,0.0149572649572649,199125.0,3.6638655462184895,0,Control
3530,81334,20231210,74321861.0,0,0,0,0,207,166.0,2,0.8019323671497585,0.0096618357487922,98623.0,4.204819277108434,0,Control
3531,81338,20231210,74321865.0,0,0,0,0,190,137.0,3,0.7210526315789474,0.0157894736842105,90452.0,3.941605839416058,0,Control
3532,81365,20231210,74321910.0,0,0,0,0,268,230.0,3,0.8582089552238806,0.0111940298507462,115464.0,3.404347826086956,0,Control
3533,81383,20231211,74013270.0,0,0,0,0,890,663.0,21,0.744943820224719,0.0235955056179775,292458.0,2.9622926093514343,0,Test
3534,81396,20231211,74013406.0,0,0,0,0,145,101.0,1,0.696551724137931,0.0068965517241379,41788.0,2.8712871287128707,0,Control
3535,81427,20231211,74016847.0,0,0,0,0,748,576.0,13,0.7700534759358288,0.017379679144385,217749.0,2.5885416666666643,0,Control
3536,81436,20231211,74020378.0,0,0,0,0,457,268.0,2,0.5864332603938731,0.0043763676148796,136255.0,3.2798507462686546,0,Test
3537,81443,20231211,74020395.0,0,0,0,0,385,256.0,3,0.6649350649350649,0.0077922077922077,98899.0,2.6835937500000027,0,Test
3538,81461,20231211,74020449.0,0,0,0,0,380,238.0,4,0.6263157894736842,0.0105263157894736,100271.0,3.0210084033613445,0,Test
3539,81479,20231211,74020492.0,0,0,0,0,709,545.0,8,0.768688293370945,0.0112834978843441,238434.0,3.0568807339449524,0,Control
3540,81493,20231211,74020551.0,0,0,0,0,191,136.0,2,0.7120418848167539,0.0104712041884816,67391.0,3.5955882352941178,0,Test
3541,81521,20231211,74020634.0,0,0,0,0,128,100.0,0,0.78125,0.0,49350.0,3.079999999999999,0,Test
3542,81529,20231211,74020653.0,0,0,0,0,144,92.0,1,0.6388888888888888,0.0069444444444444,45989.0,3.054347826086957,0,Test
3543,81534,20231211,74020660.0,0,0,0,0,97,72.0,2,0.7422680412371134,0.0206185567010309,31937.0,2.9305555555555567,0,Test
3544,81541,20231211,74020667.0,0,0,0,0,133,110.0,2,0.8270676691729323,0.0150375939849624,62685.0,3.363636363636363,0,Test
3545,81598,20231211,74020828.0,0,0,0,0,354,278.0,9,0.7853107344632768,0.0254237288135593,124040.0,3.025179856115109,0,Test
3546,81607,20231211,74020871.0,0,0,0,0,134,104.0,3,0.7761194029850746,0.0223880597014925,47740.0,2.9903846153846163,0,Test
3547,81621,20231211,74020908.0,0,0,0,0,93,54.0,0,0.5806451612903226,0.0,29465.0,4.4444444444444455,0,Control
3548,81624,20231211,74020920.0,0,0,0,0,412,334.0,4,0.8106796116504854,0.0097087378640776,142746.0,2.7724550898203595,0,Control
3549,81630,20231211,74020960.0,0,0,0,0,354,247.0,4,0.6977401129943502,0.0112994350282485,124856.0,3.2753036437246976,0,Test
3550,81631,20231211,74020961.0,0,0,0,0,124,77.0,0,0.6209677419354839,0.0,53845.0,4.220779220779221,0,Control
3551,81643,20231211,74021008.0,0,0,0,0,765,588.0,6,0.7686274509803922,0.0078431372549019,236049.0,2.8452380952380967,0,Control
3552,81676,20231211,74021099.0,0,0,0,0,98,71.0,1,0.7244897959183674,0.010204081632653,37458.0,3.422535211267605,0,Control
3553,81682,20231211,74021105.0,0,0,0,0,111,74.0,0,0.6666666666666666,0.0,52186.0,4.351351351351353,0,Test
3554,81731,20231211,74021211.0,0,0,0,0,123,68.0,1,0.5528455284552846,0.008130081300813,53975.0,5.382352941176469,0,Control
3555,81769,20231211,74021302.0,0,0,0,0,220,153.0,4,0.6954545454545454,0.0181818181818181,76437.0,3.183006535947712,0,Test
3556,81796,20231211,74021353.0,0,0,0,0,802,638.0,12,0.7955112219451371,0.0149625935162094,270080.0,2.7601880877742926,0,Control
3557,81857,20231211,74021481.0,0,0,0,0,225,165.0,0,0.7333333333333333,0.0,62723.0,2.818181818181817,0,Control
3558,81943,20231211,74021639.0,0,0,0,0,240,163.0,4,0.6791666666666667,0.0166666666666666,70337.0,3.282208588957055,0,Test
3559,81973,20231211,74021733.0,0,0,0,0,318,249.0,2,0.7830188679245284,0.0062893081761006,175499.0,4.674698795180722,0,Control
3560,81977,20231211,74021738.0,0,0,0,0,193,128.0,2,0.6632124352331606,0.0103626943005181,84489.0,3.640625000000001,0,Test
3561,82032,20231211,74021823.0,0,0,0,0,145,92.0,0,0.6344827586206897,0.0,63657.0,3.6630434782608696,0,Test
3562,82061,20231211,74021880.0,0,0,0,0,99,64.0,0,0.6464646464646465,0.0,53043.0,3.5000000000000004,0,Test
3563,82081,20231211,74021914.0,0,0,0,0,552,485.0,6,0.8786231884057971,0.0108695652173913,168974.0,2.5051546391752564,0,Test
3564,82085,20231211,74021919.0,0,0,0,0,519,396.0,6,0.7630057803468208,0.0115606936416184,152312.0,2.757575757575755,0,Control
3565,82091,20231211,74021928.0,0,0,0,0,117,83.0,2,0.7094017094017094,0.017094017094017,42339.0,3.4096385542168672,0,Test
3566,82118,20231211,74021975.0,0,0,0,0,151,108.0,1,0.7152317880794702,0.0066225165562913,45441.0,3.259259259259261,0,Test
3567,82121,20231211,74021978.0,0,0,0,0,115,68.0,2,0.591304347826087,0.017391304347826,43840.0,3.98529411764706,0,Test
3568,82156,20231211,74214453.0,0,0,0,0,468,339.0,3,0.7243589743589743,0.0064102564102564,184220.0,3.235988200589972,0,Control
3569,82160,20231211,74215106.0,0,0,0,0,683,552.0,10,0.808199121522694,0.0146412884333821,214186.0,2.7246376811594226,0,Test
3570,82218,20231211,74220627.0,0,0,0,0,90,73.0,0,0.8111111111111111,0.0,45420.0,4.246575342465752,0,Control
3571,82252,20231211,74220822.0,0,0,0,0,341,246.0,0,0.7214076246334311,0.0,138114.0,3.703252032520324,0,Control
3572,82270,20231211,74220910.0,0,0,0,0,258,153.0,2,0.5930232558139535,0.0077519379844961,82741.0,2.915032679738561,0,Control
3573,82298,20231211,74221041.0,0,0,0,0,271,207.0,6,0.7638376383763837,0.022140221402214,100346.0,3.2705314009661843,0,Control
3574,82369,20231211,74221472.0,0,0,0,0,116,80.0,1,0.6896551724137931,0.0086206896551724,37048.0,3.312500000000001,0,Control
3575,82393,20231211,74321666.0,0,0,0,0,737,575.0,11,0.7801899592944369,0.0149253731343283,231285.0,2.7930434782608677,0,Test
3576,82395,20231211,74321670.0,0,0,0,0,887,713.0,15,0.8038331454340474,0.0169109357384441,268408.0,2.6830294530154277,0,Test
3577,82416,20231211,74321719.0,0,0,0,0,151,102.0,3,0.6754966887417219,0.0198675496688741,33838.0,2.6960784313725483,0,Control
3578,82418,20231211,74321722.0,0,0,0,0,319,239.0,4,0.7492163009404389,0.012539184952978,124139.0,3.426778242677825,0,Control
3579,82482,20231211,74321861.0,0,0,0,0,128,85.0,2,0.6640625,0.015625,42235.0,3.48235294117647,0,Control
3580,82486,20231211,74321865.0,0,0,0,0,142,100.0,1,0.704225352112676,0.0070422535211267,50837.0,2.87,0,Control
3581,82513,20231211,74321910.0,0,0,0,0,191,141.0,5,0.7382198952879581,0.0261780104712041,73713.0,3.354609929078015,0,Control
3582,82531,20231212,74013270.0,0,0,0,0,934,674.0,28,0.721627408993576,0.0299785867237687,288815.0,2.922848664688427,0,Test
3583,82544,20231212,74013406.0,0,0,0,0,154,120.0,2,0.7792207792207793,0.0129870129870129,49133.0,2.558333333333333,0,Control
3584,82575,20231212,74016847.0,0,0,0,0,770,619.0,16,0.8038961038961039,0.0207792207792207,245651.0,2.6365105008077543,0,Control
3585,82584,20231212,74020378.0,0,0,0,0,433,283.0,2,0.6535796766743649,0.0046189376443418,147129.0,3.229681978798587,0,Test
3586,82591,20231212,74020395.0,0,0,0,0,425,318.0,5,0.7482352941176471,0.0117647058823529,134376.0,2.90880503144654,0,Test
3587,82609,20231212,74020449.0,0,0,0,0,389,280.0,2,0.7197943444730077,0.0051413881748071,115824.0,3.0392857142857124,0,Test
3588,82627,20231212,74020492.0,0,0,0,0,765,606.0,9,0.792156862745098,0.0117647058823529,281589.0,3.075907590759074,0,Control
3589,82641,20231212,74020551.0,0,0,0,0,159,117.0,3,0.7358490566037735,0.0188679245283018,54260.0,3.0427350427350426,0,Test
3590,82669,20231212,74020634.0,0,0,0,0,115,92.0,1,0.8,0.008695652173913,44341.0,2.8478260869565224,0,Test
3591,82677,20231212,74020653.0,0,0,0,0,157,89.0,1,0.5668789808917197,0.0063694267515923,43681.0,3.168539325842696,0,Test
3592,82682,20231212,74020660.0,0,0,0,0,133,103.0,2,0.7744360902255639,0.0150375939849624,46464.0,2.8640776699029136,0,Test
3593,82689,20231212,74020667.0,0,0,0,0,137,106.0,1,0.7737226277372263,0.0072992700729927,69294.0,3.5377358490566038,0,Test
3594,82746,20231212,74020828.0,0,0,0,0,386,304.0,5,0.7875647668393783,0.0129533678756476,129270.0,2.9243421052631566,0,Test
3595,82755,20231212,74020871.0,0,0,0,0,153,123.0,1,0.803921568627451,0.0065359477124183,62117.0,2.97560975609756,0,Test
3596,82769,20231212,74020908.0,0,0,0,0,143,102.0,2,0.7132867132867133,0.0139860139860139,60050.0,4.558823529411765,0,Control
3597,82772,20231212,74020920.0,0,0,0,0,440,343.0,3,0.7795454545454545,0.0068181818181818,145526.0,2.7900874635568496,0,Control
3598,82778,20231212,74020960.0,0,0,0,0,341,251.0,5,0.7360703812316716,0.0146627565982404,134382.0,3.3824701195219133,0,Test
3599,82779,20231212,74020961.0,0,0,0,0,153,110.0,0,0.7189542483660131,0.0,69839.0,4.027272727272728,0,Control
3600,82791,20231212,74021008.0,0,0,0,0,812,648.0,16,0.7980295566502463,0.0197044334975369,275288.0,3.0324074074074074,0,Control
3601,82824,20231212,74021099.0,0,0,0,0,145,110.0,2,0.7586206896551724,0.0137931034482758,52312.0,3.490909090909092,0,Control
3602,82830,20231212,74021105.0,0,0,0,0,109,81.0,1,0.7431192660550459,0.0091743119266055,64569.0,4.567901234567902,0,Test
3603,82879,20231212,74021211.0,0,0,0,0,59,28.0,0,0.4745762711864407,0.0,18306.0,4.464285714285714,0,Control
3604,82917,20231212,74021302.0,0,0,0,0,7,0.0,0,0.0,0.0,,,0,Test
3605,82944,20231212,74021353.0,0,0,0,0,791,618.0,8,0.7812895069532237,0.0101137800252844,255226.0,2.7831715210355994,0,Control
3606,82996,20231212,74021462.0,0,0,0,0,93,60.0,1,0.6451612903225806,0.010752688172043,29005.0,3.316666666666668,0,Control
3607,83006,20231212,74021481.0,0,0,0,0,240,184.0,1,0.7666666666666667,0.0041666666666666,77647.0,3.0217391304347823,0,Control
3608,83092,20231212,74021639.0,0,0,0,0,82,53.0,3,0.6463414634146342,0.0365853658536585,32066.0,4.0,0,Test
3609,83122,20231212,74021733.0,0,0,0,0,221,166.0,3,0.751131221719457,0.0135746606334841,110796.0,4.36144578313253,0,Control
3610,83126,20231212,74021738.0,0,0,0,0,142,95.0,0,0.6690140845070423,0.0,74354.0,4.147368421052631,0,Test
3611,83181,20231212,74021823.0,0,0,0,0,133,90.0,0,0.6766917293233082,0.0,72579.0,3.855555555555554,0,Test
3612,83210,20231212,74021880.0,0,0,0,0,97,64.0,2,0.6597938144329897,0.0206185567010309,45831.0,3.71875,0,Test
3613,83230,20231212,74021914.0,0,0,0,0,586,511.0,8,0.8720136518771331,0.0136518771331058,191339.0,2.622309197651662,0,Test
3614,83234,20231212,74021919.0,0,0,0,0,580,499.0,8,0.8603448275862069,0.0137931034482758,189367.0,2.7094188376753494,0,Control
3615,83240,20231212,74021928.0,0,0,0,0,165,116.0,3,0.703030303030303,0.0181818181818181,56117.0,3.46551724137931,0,Test
3616,83267,20231212,74021975.0,0,0,0,0,181,137.0,2,0.7569060773480663,0.011049723756906,56855.0,3.21897810218978,0,Test
3617,83270,20231212,74021978.0,0,0,0,0,114,76.0,3,0.6666666666666666,0.0263157894736842,41171.0,3.6052631578947376,0,Test
3618,83305,20231212,74214453.0,0,0,0,0,427,342.0,10,0.8009367681498829,0.0234192037470726,190421.0,3.2894736842105288,0,Control
3619,83309,20231212,74215106.0,0,0,0,0,758,542.0,10,0.7150395778364116,0.0131926121372031,198112.0,2.6420664206642046,0,Test
3620,83367,20231212,74220627.0,0,0,0,0,90,75.0,0,0.8333333333333334,0.0,35922.0,3.28,0,Control
3621,83401,20231212,74220822.0,0,0,0,0,401,272.0,2,0.6783042394014963,0.0049875311720698,143187.0,3.481617647058821,0,Control
3622,83419,20231212,74220910.0,0,0,0,0,201,133.0,3,0.6616915422885572,0.0149253731343283,88184.0,3.353383458646615,0,Control
3623,83447,20231212,74221041.0,0,0,0,0,305,236.0,5,0.7737704918032787,0.0163934426229508,128126.0,3.372881355932203,0,Control
3624,83517,20231212,74221472.0,0,0,0,0,134,88.0,2,0.6567164179104478,0.0149253731343283,36508.0,3.022727272727272,0,Control
3625,83541,20231212,74321666.0,0,0,0,0,760,591.0,7,0.7776315789473685,0.0092105263157894,239431.0,2.852791878172588,0,Test
3626,83543,20231212,74321670.0,0,0,0,0,1017,782.0,13,0.7689282202556539,0.0127826941986234,308511.0,2.7212276214833757,0,Test
3627,83564,20231212,74321719.0,0,0,0,0,169,127.0,2,0.7514792899408284,0.0118343195266272,58635.0,3.377952755905511,0,Control
3628,83566,20231212,74321722.0,0,0,0,0,320,230.0,2,0.71875,0.00625,110786.0,3.126086956521739,0,Control
3629,83630,20231212,74321861.0,0,0,0,0,148,102.0,1,0.6891891891891891,0.0067567567567567,52122.0,3.558823529411764,0,Control
3630,83634,20231212,74321865.0,0,0,0,0,139,103.0,3,0.7410071942446043,0.0215827338129496,58269.0,3.1165048543689333,0,Control
3631,83661,20231212,74321910.0,0,0,0,0,184,149.0,1,0.8097826086956522,0.0054347826086956,59705.0,2.697986577181208,0,Control
3632,83679,20231213,74013270.0,0,0,0,0,877,664.0,18,0.7571265678449259,0.0205245153933865,288549.0,2.923192771084338,0,Test
3633,83692,20231213,74013406.0,0,0,0,0,175,113.0,2,0.6457142857142857,0.0114285714285714,49409.0,2.79646017699115,0,Control
3634,83723,20231213,74016847.0,0,0,0,0,830,673.0,9,0.810843373493976,0.0108433734939759,279790.0,2.723625557206536,0,Control
3635,83732,20231213,74020378.0,0,0,0,0,442,292.0,1,0.6606334841628959,0.002262443438914,146359.0,3.092465753424656,0,Test
3636,83739,20231213,74020395.0,0,0,0,0,564,415.0,10,0.7358156028368794,0.0177304964539007,161534.0,2.8602409638554205,0,Test
3637,83757,20231213,74020449.0,0,0,0,0,450,287.0,6,0.6377777777777778,0.0133333333333333,119641.0,2.94773519163763,0,Test
3638,83775,20231213,74020492.0,0,0,0,0,815,664.0,6,0.8147239263803681,0.007361963190184,303740.0,3.070783132530124,0,Control
3639,83789,20231213,74020551.0,0,0,0,0,176,148.0,1,0.8409090909090909,0.0056818181818181,79474.0,3.547297297297298,0,Test
3640,83817,20231213,74020634.0,0,0,0,0,130,109.0,0,0.8384615384615385,0.0,53289.0,3.009174311926606,0,Test
3641,83825,20231213,74020653.0,0,0,0,0,114,84.0,0,0.7368421052631579,0.0,55409.0,3.738095238095239,0,Test
3642,83830,20231213,74020660.0,0,0,0,0,100,63.0,0,0.63,0.0,32359.0,3.2857142857142865,0,Test
3643,83837,20231213,74020667.0,0,0,0,0,159,119.0,1,0.7484276729559748,0.0062893081761006,72583.0,3.5210084033613445,0,Test
3644,83893,20231213,74020828.0,0,0,0,0,421,320.0,8,0.7600950118764845,0.0190023752969121,149484.0,3.2312499999999997,0,Test
3645,83902,20231213,74020871.0,0,0,0,0,143,100.0,2,0.6993006993006993,0.0139860139860139,48247.0,3.05,0,Test
3646,83916,20231213,74020908.0,0,0,0,0,129,87.0,4,0.6744186046511628,0.0310077519379844,49274.0,4.482758620689654,0,Control
3647,83919,20231213,74020920.0,0,0,0,0,458,363.0,7,0.7925764192139738,0.0152838427947598,145452.0,2.757575757575757,0,Control
3648,83925,20231213,74020960.0,0,0,0,0,376,262.0,4,0.6968085106382979,0.0106382978723404,129476.0,3.1908396946564888,0,Test
3649,83926,20231213,74020961.0,0,0,0,0,182,130.0,0,0.7142857142857143,0.0,77866.0,3.5615384615384627,0,Control
3650,83938,20231213,74021008.0,0,0,0,0,935,704.0,10,0.7529411764705882,0.0106951871657754,298529.0,2.944602272727273,0,Control
3651,83971,20231213,74021099.0,0,0,0,0,120,85.0,2,0.7083333333333334,0.0166666666666666,38665.0,3.2588235294117647,0,Control
3652,83977,20231213,74021105.0,0,0,0,0,86,59.0,3,0.686046511627907,0.0348837209302325,34716.0,3.3728813559322037,0,Test
3653,84026,20231213,74021211.0,0,0,0,0,76,48.0,1,0.631578947368421,0.0131578947368421,36316.0,5.541666666666667,0,Control
3654,84090,20231213,74021353.0,0,0,0,0,924,727.0,15,0.7867965367965368,0.0162337662337662,309591.0,2.796423658872081,0,Control
3655,84142,20231213,74021462.0,0,0,0,0,90,59.0,0,0.6555555555555556,0.0,28639.0,3.3389830508474576,0,Control
3656,84152,20231213,74021481.0,0,0,0,0,192,163.0,0,0.8489583333333334,0.0,68650.0,2.9079754601226986,0,Control
3657,84267,20231213,74021733.0,0,0,0,0,286,212.0,4,0.7412587412587412,0.0139860139860139,156676.0,4.537735849056604,0,Control
3658,84271,20231213,74021738.0,0,0,0,0,155,95.0,2,0.6129032258064516,0.0129032258064516,68539.0,3.694736842105264,0,Test
3659,84326,20231213,74021823.0,0,0,0,0,124,73.0,1,0.5887096774193549,0.0080645161290322,55236.0,3.52054794520548,0,Test
3660,84355,20231213,74021880.0,0,0,0,0,93,60.0,2,0.6451612903225806,0.021505376344086,38049.0,2.9166666666666674,0,Test
3661,84375,20231213,74021914.0,0,0,0,0,611,516.0,8,0.8445171849427169,0.0130932896890343,200499.0,2.7519379844961214,0,Test
3662,84379,20231213,74021919.0,0,0,0,0,663,541.0,3,0.8159879336349924,0.004524886877828,212817.0,2.8447319778188564,0,Control
3663,84385,20231213,74021928.0,0,0,0,0,159,104.0,1,0.6540880503144654,0.0062893081761006,50733.0,3.259615384615385,0,Test
3664,84412,20231213,74021975.0,0,0,0,0,173,126.0,4,0.7283236994219653,0.0231213872832369,56602.0,3.142857142857142,0,Test
3665,84415,20231213,74021978.0,0,0,0,0,111,83.0,0,0.7477477477477478,0.0,47980.0,3.72289156626506,0,Test
3666,84451,20231213,74214453.0,0,0,0,0,479,365.0,6,0.7620041753653445,0.0125260960334029,202621.0,3.23013698630137,0,Control
3667,84455,20231213,74215106.0,0,0,0,0,744,543.0,7,0.7298387096774194,0.0094086021505376,206035.0,2.624309392265192,0,Test
3668,84513,20231213,74220627.0,0,0,0,0,91,64.0,3,0.7032967032967034,0.0329670329670329,36901.0,3.6093750000000018,0,Control
3669,84547,20231213,74220822.0,0,0,0,0,438,299.0,3,0.682648401826484,0.0068493150684931,172098.0,3.7190635451505023,0,Control
3670,84565,20231213,74220910.0,0,0,0,0,237,141.0,2,0.5949367088607594,0.0084388185654008,96376.0,3.397163120567377,0,Control
3671,84593,20231213,74221041.0,0,0,0,0,368,295.0,4,0.8016304347826086,0.0108695652173913,134885.0,2.9966101694915266,0,Control
3672,84664,20231213,74221472.0,0,0,0,0,155,119.0,3,0.7677419354838709,0.0193548387096774,56417.0,3.394957983193277,0,Control
3673,84688,20231213,74321666.0,0,0,0,0,777,627.0,14,0.806949806949807,0.018018018018018,241986.0,2.776714513556619,0,Test
3674,84690,20231213,74321670.0,0,0,0,0,1052,768.0,11,0.7300380228136882,0.0104562737642585,300344.0,2.734375,0,Test
3675,84711,20231213,74321719.0,0,0,0,0,175,133.0,3,0.76,0.0171428571428571,54842.0,2.872180451127821,0,Control
3676,84713,20231213,74321722.0,0,0,0,0,309,224.0,2,0.7249190938511327,0.0064724919093851,105169.0,3.0937500000000004,0,Control
3677,84777,20231213,74321861.0,0,0,0,0,157,124.0,3,0.7898089171974523,0.019108280254777,57944.0,3.3145161290322576,0,Control
3678,84781,20231213,74321865.0,0,0,0,0,139,97.0,2,0.697841726618705,0.014388489208633,48998.0,3.0515463917525785,0,Control
3679,84808,20231213,74321910.0,0,0,0,0,226,182.0,5,0.8053097345132744,0.0221238938053097,72558.0,2.9175824175824188,0,Control
3680,84826,20231214,74013270.0,0,0,0,0,1005,801.0,20,0.7970149253731343,0.0199004975124378,352886.0,2.903870162297129,0,Test
3681,84839,20231214,74013406.0,0,0,0,0,180,119.0,1,0.6611111111111111,0.0055555555555555,63116.0,3.126050420168068,0,Control
3682,84870,20231214,74016847.0,0,0,0,0,841,675.0,12,0.8026159334126041,0.0142687277051129,263957.0,2.514074074074072,0,Control
3683,84879,20231214,74020378.0,0,0,0,0,506,348.0,1,0.6877470355731226,0.0019762845849802,191604.0,3.3678160919540243,0,Test
3684,84886,20231214,74020395.0,0,0,0,0,559,443.0,5,0.7924865831842576,0.0089445438282647,187753.0,2.957110609480813,0,Test
3685,84904,20231214,74020449.0,0,0,0,0,388,272.0,3,0.7010309278350515,0.0077319587628865,124054.0,3.150735294117648,0,Test
3686,84922,20231214,74020492.0,0,0,0,0,857,649.0,12,0.7572928821470245,0.014002333722287,303567.0,3.0570107858243456,0,Control
3687,84936,20231214,74020551.0,0,0,0,0,208,164.0,4,0.7884615384615384,0.0192307692307692,82310.0,3.4146341463414656,0,Test
3688,84964,20231214,74020634.0,0,0,0,0,88,65.0,0,0.7386363636363636,0.0,31126.0,2.984615384615385,0,Test
3689,84972,20231214,74020653.0,0,0,0,0,157,101.0,1,0.643312101910828,0.0063694267515923,53194.0,3.207920792079208,0,Test
3690,84977,20231214,74020660.0,0,0,0,0,91,62.0,3,0.6813186813186813,0.0329670329670329,30965.0,3.064516129032257,0,Test
3691,84984,20231214,74020667.0,0,0,0,0,132,113.0,1,0.8560606060606061,0.0075757575757575,73999.0,3.4336283185840704,0,Test
3692,85041,20231214,74020828.0,0,0,0,0,405,349.0,9,0.8617283950617284,0.0222222222222222,153193.0,3.054441260744988,0,Test
3693,85050,20231214,74020871.0,0,0,0,0,147,117.0,3,0.7959183673469388,0.0204081632653061,58641.0,3.3418803418803424,0,Test
3694,85064,20231214,74020908.0,0,0,0,0,107,68.0,1,0.6355140186915887,0.0093457943925233,38460.0,4.51470588235294,0,Control
3695,85067,20231214,74020920.0,0,0,0,0,464,380.0,2,0.8189655172413793,0.0043103448275862,160348.0,2.918421052631578,0,Control
3696,85073,20231214,74020960.0,0,0,0,0,361,267.0,6,0.739612188365651,0.0166204986149584,143707.0,3.3295880149812715,0,Test
3697,85074,20231214,74020961.0,0,0,0,0,116,86.0,1,0.7413793103448276,0.0086206896551724,55554.0,3.837209302325583,0,Control
3698,85086,20231214,74021008.0,0,0,0,0,948,773.0,6,0.8154008438818565,0.0063291139240506,320177.0,2.8357050452781363,0,Control
3699,85119,20231214,74021099.0,0,0,0,0,148,126.0,2,0.8513513513513513,0.0135135135135135,57025.0,3.3253968253968256,0,Control
3700,85125,20231214,74021105.0,0,0,0,0,74,58.0,0,0.7837837837837838,0.0,37389.0,3.672413793103448,0,Test
3701,85174,20231214,74021211.0,0,0,0,0,127,79.0,0,0.6220472440944882,0.0,57793.0,5.291139240506329,0,Control
3702,85212,20231214,74021302.0,0,0,0,0,1,1.0,0,1.0,0.0,478.0,2.0,0,Test
3703,85239,20231214,74021353.0,0,0,0,0,852,649.0,13,0.7617370892018779,0.0152582159624413,264962.0,2.7488443759630194,0,Control
3704,85291,20231214,74021462.0,0,0,0,0,95,66.0,0,0.6947368421052632,0.0,28907.0,3.2878787878787885,0,Control
3705,85301,20231214,74021481.0,0,0,0,0,258,202.0,2,0.7829457364341085,0.0077519379844961,88210.0,2.970297029702971,0,Control
3706,85416,20231214,74021733.0,0,0,0,0,194,164.0,4,0.845360824742268,0.0206185567010309,131993.0,5.00609756097561,0,Control
3707,85420,20231214,74021738.0,0,0,0,0,170,124.0,0,0.7294117647058823,0.0,102474.0,4.387096774193547,0,Test
3708,85475,20231214,74021823.0,0,0,0,0,146,96.0,1,0.6575342465753424,0.0068493150684931,78088.0,4.114583333333333,0,Test
3709,85504,20231214,74021880.0,0,0,0,0,111,75.0,4,0.6756756756756757,0.036036036036036,55800.0,3.3600000000000003,0,Test
3710,85524,20231214,74021914.0,0,0,0,0,635,568.0,7,0.8944881889763779,0.011023622047244,221318.0,2.834507042253519,0,Test
3711,85528,20231214,74021919.0,0,0,0,0,636,534.0,18,0.839622641509434,0.0283018867924528,224126.0,2.923220973782769,0,Control
3712,85534,20231214,74021928.0,0,0,0,0,186,141.0,3,0.7580645161290323,0.0161290322580645,76406.0,3.6737588652482263,0,Test
3713,85561,20231214,74021975.0,0,0,0,0,196,110.0,3,0.5612244897959183,0.0153061224489795,50062.0,3.1272727272727283,0,Test
3714,85564,20231214,74021978.0,0,0,0,0,116,84.0,0,0.7241379310344828,0.0,52559.0,3.952380952380955,0,Test
3715,85600,20231214,74214453.0,0,0,0,0,621,473.0,9,0.7616747181964574,0.0144927536231884,247654.0,3.274841437632133,0,Control
3716,85604,20231214,74215106.0,0,0,0,0,750,611.0,9,0.8146666666666667,0.012,231037.0,2.638297872340428,0,Test
3717,85662,20231214,74220627.0,0,0,0,0,75,56.0,2,0.7466666666666667,0.0266666666666666,25056.0,3.125000000000001,0,Control
3718,85696,20231214,74220822.0,0,0,0,0,479,369.0,5,0.7703549060542797,0.0104384133611691,194278.0,3.357723577235773,0,Control
3719,85714,20231214,74220910.0,0,0,0,0,279,164.0,4,0.5878136200716846,0.014336917562724,76013.0,2.792682926829268,0,Control
3720,85742,20231214,74221041.0,0,0,0,0,383,291.0,5,0.7597911227154047,0.0130548302872062,148972.0,3.092783505154639,0,Control
3721,85813,20231214,74221472.0,0,0,0,0,148,101.0,1,0.6824324324324325,0.0067567567567567,43344.0,2.960396039603961,0,Control
3722,85837,20231214,74321666.0,0,0,0,0,779,628.0,12,0.8061617458279846,0.0154043645699614,250007.0,2.7802547770700627,0,Test
3723,85839,20231214,74321670.0,0,0,0,0,969,777.0,13,0.8018575851393189,0.0134158926728586,301509.0,2.763191763191763,0,Test
3724,85860,20231214,74321719.0,0,0,0,0,196,145.0,1,0.7397959183673469,0.0051020408163265,51177.0,2.76551724137931,0,Control
3725,85862,20231214,74321722.0,0,0,0,0,228,148.0,2,0.6491228070175439,0.0087719298245614,76018.0,3.256756756756757,0,Control
3726,85926,20231214,74321861.0,0,0,0,0,157,113.0,3,0.7197452229299363,0.019108280254777,59443.0,3.601769911504425,0,Control
3727,85930,20231214,74321865.0,0,0,0,0,194,151.0,2,0.7783505154639175,0.0103092783505154,81364.0,3.298013245033112,0,Control
3728,85957,20231214,74321910.0,0,0,0,0,208,164.0,6,0.7884615384615384,0.0288461538461538,73154.0,2.8902439024390247,0,Control
3729,85976,20231215,74013270.0,1201,204,56,573,987,742.0,34,0.6178184845961698,0.0344478216818642,350562.0,3.1401617250673834,0,Test
3730,85989,20231215,74013406.0,0,0,0,0,230,176.0,4,0.7652173913043478,0.017391304347826,82500.0,3.164772727272727,0,Control
3731,86019,20231215,74016847.0,0,0,0,0,840,668.0,14,0.7952380952380952,0.0166666666666666,296045.0,2.820359281437125,0,Control
3732,86028,20231215,74020378.0,0,0,0,0,627,433.0,3,0.6905901116427432,0.0047846889952153,246768.0,3.5635103926096985,0,Test
3733,86035,20231215,74020395.0,0,0,0,0,703,554.0,5,0.7880512091038406,0.0071123755334281,230128.0,2.7436823104693144,0,Test
3734,86053,20231215,74020449.0,469,72,11,285,450,356.0,6,0.7590618336886994,0.0133333333333333,158974.0,3.2780898876404496,0,Test
3735,86071,20231215,74020492.0,0,0,0,0,949,765.0,6,0.8061116965226555,0.006322444678609,349349.0,3.129411764705886,0,Control
3736,86085,20231215,74020551.0,0,0,0,0,253,176.0,2,0.6956521739130435,0.0079051383399209,96574.0,3.8238636363636367,0,Test
3737,86113,20231215,74020634.0,0,0,0,0,134,109.0,0,0.8134328358208955,0.0,60657.0,3.26605504587156,0,Test
3738,86121,20231215,74020653.0,0,0,0,0,141,103.0,1,0.7304964539007093,0.0070921985815602,54578.0,3.2038834951456314,0,Test
3739,86126,20231215,74020660.0,67,9,4,31,123,85.0,4,1.2686567164179106,0.032520325203252,42641.0,3.447058823529413,0,Test
3740,86133,20231215,74020667.0,0,0,0,0,186,169.0,7,0.9086021505376344,0.0376344086021505,104874.0,3.355029585798817,0,Test
3741,86190,20231215,74020828.0,210,56,6,151,431,338.0,7,1.6095238095238096,0.0162412993039443,166228.0,3.4970414201183413,0,Test
3742,86199,20231215,74020871.0,97,22,3,50,159,126.0,3,1.2989690721649485,0.0188679245283018,61945.0,3.3412698412698414,0,Test
3743,86213,20231215,74020908.0,0,0,0,0,144,107.0,1,0.7430555555555556,0.0069444444444444,55006.0,4.093457943925231,0,Control
3744,86216,20231215,74020920.0,0,0,0,0,614,440.0,8,0.7166123778501629,0.013029315960912,199156.0,2.8499999999999983,0,Control
3745,86222,20231215,74020960.0,0,0,0,0,351,266.0,6,0.7578347578347578,0.017094017094017,152017.0,3.5263157894736827,0,Test
3746,86223,20231215,74020961.0,0,0,0,0,162,130.0,3,0.8024691358024691,0.0185185185185185,95566.0,4.392307692307694,0,Control
3747,86235,20231215,74021008.0,0,0,0,0,1098,932.0,11,0.848816029143898,0.0100182149362477,411465.0,3.07510729613734,0,Control
3748,86268,20231215,74021099.0,0,0,0,0,179,142.0,2,0.7932960893854749,0.0111731843575419,71577.0,3.570422535211267,0,Control
3749,86274,20231215,74021105.0,0,0,0,0,106,74.0,4,0.6981132075471698,0.0377358490566037,56592.0,4.027027027027028,0,Test
3750,86323,20231215,74021211.0,0,0,0,0,167,88.0,0,0.5269461077844312,0.0,61428.0,5.238636363636364,0,Control
3751,86362,20231215,74021302.0,65,5,3,48,192,144.0,2,2.2153846153846155,0.0104166666666666,74988.0,3.166666666666666,0,Test
3752,86389,20231215,74021353.0,0,0,0,0,924,678.0,9,0.7337662337662337,0.0097402597402597,294824.0,2.7935103244837767,0,Control
3753,86442,20231215,74021462.0,0,0,0,0,105,29.0,1,0.2761904761904762,0.0095238095238095,13582.0,2.655172413793103,0,Control
3754,86452,20231215,74021481.0,0,0,0,0,288,237.0,0,0.8229166666666666,0.0,104531.0,3.08016877637131,0,Control
3755,86538,20231215,74021639.0,136,22,2,78,154,107.0,5,0.7867647058823529,0.0324675324675324,56897.0,3.2803738317757,0,Test
3756,86568,20231215,74021733.0,0,0,0,0,276,212.0,3,0.7681159420289855,0.0108695652173913,166266.0,4.976415094339621,0,Control
3757,86572,20231215,74021738.0,0,0,0,0,287,198.0,1,0.6898954703832753,0.0034843205574912,140145.0,3.696969696969697,0,Test
3758,86627,20231215,74021823.0,0,0,0,0,186,123.0,1,0.6612903225806451,0.0053763440860215,105916.0,4.178861788617888,0,Test
3759,86656,20231215,74021880.0,128,12,10,58,127,108.0,2,0.84375,0.0157480314960629,87552.0,3.5833333333333344,0,Test
3760,86676,20231215,74021914.0,239,59,13,147,576,471.0,14,1.9707112970711296,0.0243055555555555,195733.0,2.847133757961787,0,Test
3761,86680,20231215,74021919.0,0,0,0,0,625,522.0,9,0.8352,0.0144,228890.0,3.0996168582375465,0,Control
3762,86686,20231215,74021928.0,0,0,0,0,178,135.0,3,0.7584269662921348,0.0168539325842696,73494.0,3.585185185185184,0,Test
3763,86713,20231215,74021975.0,250,24,12,133,206,183.0,8,0.732,0.0388349514563106,95979.0,3.863387978142079,0,Test
3764,86716,20231215,74021978.0,117,6,2,76,170,71.0,0,0.6068376068376068,0.0,44541.0,4.098591549295773,0,Test
3765,86752,20231215,74214453.0,0,0,0,0,716,558.0,2,0.7793296089385475,0.0027932960893854,310194.0,3.2795698924731176,0,Control
3766,86756,20231215,74215106.0,507,120,27,318,632,557.0,15,1.0986193293885602,0.0237341772151898,230339.0,2.949730700179536,0,Test
3767,86814,20231215,74220627.0,0,0,0,0,104,81.0,0,0.7788461538461539,0.0,53692.0,4.333333333333333,0,Control
3768,86848,20231215,74220822.0,0,0,0,0,564,398.0,6,0.7056737588652482,0.0106382978723404,224267.0,3.63819095477387,0,Control
3769,86866,20231215,74220910.0,0,0,0,0,456,309.0,2,0.6776315789473685,0.0043859649122807,193467.0,3.3559870550161808,0,Control
3770,86894,20231215,74221041.0,0,0,0,0,479,389.0,3,0.8121085594989561,0.0062630480167014,215215.0,3.3521850899742933,0,Control
3771,86965,20231215,74221472.0,0,0,0,0,179,144.0,4,0.8044692737430168,0.0223463687150838,69305.0,3.1736111111111103,0,Control
3772,86989,20231215,74321666.0,927,126,36,399,766,647.0,20,0.697950377562028,0.0261096605744125,275554.0,3.0046367851622886,0,Test
3773,86991,20231215,74321670.0,1078,143,52,538,985,810.0,38,0.75139146567718,0.0385786802030456,331818.0,2.95061728395062,0,Test
3774,87012,20231215,74321719.0,0,0,0,0,233,170.0,3,0.7296137339055794,0.0128755364806866,77118.0,3.1823529411764717,0,Control
3775,87014,20231215,74321722.0,0,0,0,0,379,317.0,5,0.8364116094986808,0.0131926121372031,154659.0,3.2082018927444773,0,Control
3776,87078,20231215,74321861.0,0,0,0,0,210,162.0,4,0.7714285714285715,0.019047619047619,89150.0,3.5925925925925943,0,Control
3777,87082,20231215,74321865.0,0,0,0,0,248,170.0,3,0.6854838709677419,0.0120967741935483,100012.0,3.3647058823529408,0,Control
3778,87109,20231215,74321910.0,0,0,0,0,242,188.0,2,0.7768595041322314,0.0082644628099173,90809.0,3.0531914893617027,0,Control
3779,87127,20231216,74013270.0,1174,196,38,548,777,667.0,31,0.5681431005110733,0.0398970398970398,342334.0,3.385307346326833,0,Test
3780,87140,20231216,74013406.0,0,0,0,0,299,245.0,2,0.8193979933110368,0.0066889632107023,118151.0,3.2489795918367337,0,Control
3781,87171,20231216,74016847.0,0,0,0,0,919,609.0,11,0.6626768226332971,0.0119695321001088,243639.0,2.840722495894913,0,Control
3782,87180,20231216,74020378.0,0,0,0,0,1028,744.0,5,0.7237354085603113,0.0048638132295719,447302.0,3.788978494623651,0,Test
3783,87187,20231216,74020395.0,0,0,0,0,579,453.0,15,0.7823834196891192,0.0259067357512953,215398.0,3.2450331125827843,0,Test
3784,87205,20231216,74020449.0,907,133,16,586,654,562.0,11,0.619625137816979,0.0168195718654434,282378.0,3.84875444839858,0,Test
3785,87223,20231216,74020492.0,0,0,0,0,1238,1074.0,21,0.8675282714054927,0.0169628432956381,560161.0,3.630353817504651,0,Control
3786,87237,20231216,74020551.0,0,0,0,0,284,236.0,1,0.8309859154929577,0.0035211267605633,138449.0,4.088983050847461,0,Test
3787,87265,20231216,74020634.0,0,0,0,0,254,231.0,2,0.9094488188976378,0.0078740157480314,144538.0,3.805194805194806,0,Test
3788,87273,20231216,74020653.0,0,0,0,0,380,282.0,10,0.7421052631578947,0.0263157894736842,141742.0,3.3900709219858167,0,Test
3789,87278,20231216,74020660.0,199,35,12,98,124,101.0,8,0.507537688442211,0.064516129032258,51966.0,3.2871287128712874,0,Test
3790,87285,20231216,74020667.0,0,0,0,0,263,215.0,2,0.8174904942965779,0.0076045627376425,152970.0,3.967441860465116,0,Test
3791,87342,20231216,74020828.0,396,98,19,279,332,283.0,8,0.7146464646464646,0.0240963855421686,162775.0,4.021201413427556,0,Test
3792,87351,20231216,74020871.0,163,34,4,93,99,91.0,2,0.558282208588957,0.0202020202020202,53194.0,3.593406593406594,0,Test
3793,87365,20231216,74020908.0,0,0,0,0,188,153.0,3,0.8138297872340425,0.0159574468085106,78677.0,4.039215686274508,0,Control
3794,87368,20231216,74020920.0,0,0,0,0,666,424.0,5,0.6366366366366366,0.0075075075075075,208868.0,3.080188679245281,0,Control
3795,87374,20231216,74020960.0,0,0,0,0,382,271.0,4,0.7094240837696335,0.0104712041884816,170831.0,3.856088560885608,0,Test
3796,87375,20231216,74020961.0,0,0,0,0,261,208.0,3,0.7969348659003831,0.0114942528735632,168696.0,4.812500000000002,0,Control
3797,87387,20231216,74021008.0,0,0,0,0,971,818.0,12,0.8424304840370752,0.0123583934088568,373010.0,3.1784841075794605,0,Control
3798,87420,20231216,74021099.0,0,0,0,0,280,227.0,3,0.8107142857142857,0.0107142857142857,135905.0,4.334801762114536,0,Control
3799,87426,20231216,74021105.0,0,0,0,0,157,114.0,1,0.7261146496815286,0.0063694267515923,80970.0,4.377192982456139,0,Test
3800,87475,20231216,74021211.0,0,0,0,0,141,91.0,0,0.6453900709219859,0.0,79401.0,6.538461538461538,0,Control
3801,87514,20231216,74021302.0,197,36,12,150,179,162.0,6,0.8223350253807107,0.0335195530726257,92384.0,3.635802469135802,0,Test
3802,87541,20231216,74021353.0,0,0,0,0,831,563.0,4,0.677496991576414,0.0048134777376654,293091.0,3.477797513321492,0,Control
3803,87594,20231216,74021462.0,0,0,0,0,147,102.0,2,0.6938775510204082,0.0136054421768707,56364.0,3.46078431372549,0,Control
3804,87604,20231216,74021481.0,0,0,0,0,352,288.0,3,0.8181818181818182,0.0085227272727272,130198.0,3.1979166666666665,0,Control
3805,87690,20231216,74021639.0,287,47,10,191,222,192.0,7,0.6689895470383276,0.0315315315315315,100242.0,3.427083333333332,0,Test
3806,87720,20231216,74021733.0,0,0,0,0,358,286.0,2,0.7988826815642458,0.0055865921787709,248428.0,4.9580419580419575,0,Control
3807,87724,20231216,74021738.0,0,0,0,0,269,167.0,0,0.620817843866171,0.0,143289.0,4.84431137724551,0,Test
3808,87779,20231216,74021823.0,0,0,0,0,162,117.0,0,0.7222222222222222,0.0,96710.0,3.829059829059828,0,Test
3809,87808,20231216,74021880.0,250,32,8,143,161,94.0,5,0.376,0.031055900621118,93113.0,4.361702127659573,0,Test
3810,87828,20231216,74021914.0,405,71,20,250,294,243.0,6,0.6,0.0204081632653061,110151.0,3.0493827160493834,0,Test
3811,87832,20231216,74021919.0,0,0,0,0,527,432.0,10,0.8197343453510436,0.0189753320683111,196186.0,3.2476851851851865,0,Control
3812,87838,20231216,74021928.0,0,0,0,0,330,261.0,1,0.7909090909090909,0.003030303030303,137658.0,3.9233716475095775,0,Test
3813,87865,20231216,74021975.0,298,33,4,165,184,155.0,2,0.5201342281879194,0.0108695652173913,83217.0,4.019354838709677,0,Test
3814,87868,20231216,74021978.0,261,21,4,165,185,147.0,5,0.5632183908045977,0.027027027027027,85791.0,3.972789115646256,0,Test
3815,87902,20231216,74214453.0,0,0,0,0,807,648.0,9,0.8029739776951673,0.0111524163568773,364750.0,3.5169753086419755,0,Control
3816,87906,20231216,74215106.0,761,155,25,424,505,456.0,32,0.5992115637319316,0.0633663366336633,200189.0,3.021929824561404,0,Test
3817,87964,20231216,74220627.0,0,0,0,0,131,103.0,3,0.7862595419847328,0.0229007633587786,72993.0,4.427184466019417,0,Control
3818,87998,20231216,74220822.0,0,0,0,0,685,516.0,4,0.7532846715328467,0.0058394160583941,293948.0,3.821705426356591,0,Control
3819,88016,20231216,74220910.0,0,0,0,0,517,323.0,3,0.6247582205029013,0.0058027079303675,216191.0,3.789473684210526,0,Control
3820,88044,20231216,74221041.0,0,0,0,0,475,398.0,5,0.8378947368421052,0.0105263157894736,234731.0,3.6206030150753783,0,Control
3821,88115,20231216,74221472.0,0,0,0,0,179,135.0,0,0.7541899441340782,0.0,64638.0,3.4444444444444446,0,Control
3822,88139,20231216,74321666.0,1234,190,68,626,977,872.0,40,0.706645056726094,0.0409416581371545,397505.0,3.3405963302752264,0,Test
3823,88141,20231216,74321670.0,1228,116,46,590,726,578.0,39,0.4706840390879478,0.0537190082644628,263520.0,3.1193771626297533,0,Test
3824,88162,20231216,74321719.0,0,0,0,0,299,202.0,6,0.6755852842809364,0.020066889632107,95374.0,3.247524752475247,0,Control
3825,88164,20231216,74321722.0,0,0,0,0,489,380.0,2,0.7770961145194274,0.0040899795501022,230710.0,3.910526315789472,0,Control
3826,88228,20231216,74321861.0,0,0,0,0,308,250.0,6,0.8116883116883117,0.0194805194805194,148378.0,3.852,0,Control
3827,88232,20231216,74321865.0,0,0,0,0,244,159.0,2,0.6516393442622951,0.0081967213114754,93965.0,3.3962264150943384,0,Control
3828,88259,20231216,74321910.0,0,0,0,0,207,182.0,0,0.8792270531400966,0.0,96440.0,3.675824175824176,0,Control
3829,88277,20231217,74013270.0,927,130,35,496,718,506.0,22,0.5458468176914779,0.0306406685236768,277019.0,3.4743083003952577,0,Test
3830,88290,20231217,74013406.0,0,0,0,0,255,186.0,1,0.7294117647058823,0.0039215686274509,84573.0,3.1989247311827977,0,Control
3831,88321,20231217,74016847.0,0,0,0,0,779,510.0,7,0.6546854942233633,0.0089858793324775,235475.0,2.9313725490196068,0,Control
3832,88330,20231217,74020378.0,0,0,0,0,882,602.0,9,0.6825396825396826,0.010204081632653,351771.0,3.9186046511627945,0,Test
3833,88337,20231217,74020395.0,0,0,0,0,442,308.0,10,0.6968325791855203,0.0226244343891402,141367.0,3.2727272727272734,0,Test
3834,88355,20231217,74020449.0,781,86,13,519,579,498.0,13,0.6376440460947503,0.0224525043177892,249893.0,3.63855421686747,0,Test
3835,88373,20231217,74020492.0,0,0,0,0,1123,998.0,16,0.8886910062333037,0.0142475512021371,551977.0,3.863727454909821,0,Control
3836,88387,20231217,74020551.0,0,0,0,0,262,210.0,6,0.8015267175572519,0.0229007633587786,126024.0,4.047619047619048,0,Test
3837,88415,20231217,74020634.0,0,0,0,0,184,146.0,0,0.7934782608695652,0.0,86423.0,3.5273972602739723,0,Test
3838,88423,20231217,74020653.0,0,0,0,0,146,115.0,2,0.7876712328767124,0.0136986301369863,55602.0,3.3826086956521757,0,Test
3839,88428,20231217,74020660.0,181,39,9,79,101,86.0,5,0.4751381215469613,0.0495049504950495,46138.0,3.418604651162792,0,Test
3840,88435,20231217,74020667.0,0,0,0,0,236,194.0,2,0.8220338983050848,0.0084745762711864,139193.0,4.041237113402062,0,Test
3841,88492,20231217,74020828.0,340,108,17,217,269,236.0,15,0.6941176470588235,0.0557620817843866,130052.0,3.652542372881357,0,Test
3842,88501,20231217,74020871.0,104,18,5,62,72,51.0,0,0.4903846153846153,0.0,31754.0,4.23529411764706,0,Test
3843,88515,20231217,74020908.0,0,0,0,0,173,120.0,1,0.6936416184971098,0.0057803468208092,70034.0,4.625,0,Control
3844,88518,20231217,74020920.0,0,0,0,0,481,246.0,2,0.5114345114345115,0.0041580041580041,116786.0,3.08130081300813,0,Control
3845,88524,20231217,74020960.0,0,0,0,0,438,316.0,4,0.7214611872146118,0.0091324200913242,197244.0,4.003164556962023,0,Test
3846,88525,20231217,74020961.0,0,0,0,0,263,217.0,5,0.8250950570342205,0.0190114068441064,171521.0,4.7373271889400925,0,Control
3847,88537,20231217,74021008.0,0,0,0,0,934,768.0,8,0.8222698072805139,0.0085653104925053,347544.0,3.2187500000000027,0,Control
3848,88570,20231217,74021099.0,0,0,0,0,263,215.0,4,0.8174904942965779,0.0152091254752851,132409.0,4.293023255813951,0,Control
3849,88576,20231217,74021105.0,0,0,0,0,135,105.0,1,0.7777777777777778,0.0074074074074074,77444.0,4.4,0,Test
3850,88625,20231217,74021211.0,0,0,0,0,124,35.0,1,0.282258064516129,0.0080645161290322,24571.0,5.142857142857143,0,Control
3851,88663,20231217,74021302.0,130,31,6,103,120,108.0,6,0.8307692307692308,0.05,63761.0,3.990740740740738,0,Test
3852,88690,20231217,74021353.0,0,0,0,0,724,546.0,9,0.7541436464088398,0.0124309392265193,265940.0,3.1538461538461555,0,Control
3853,88743,20231217,74021462.0,0,0,0,0,112,76.0,5,0.6785714285714286,0.0446428571428571,37764.0,3.3421052631578947,0,Control
3854,88753,20231217,74021481.0,0,0,0,0,299,237.0,3,0.7926421404682275,0.0100334448160535,112819.0,3.2953586497890286,0,Control
3855,88839,20231217,74021639.0,299,46,13,184,221,180.0,10,0.6020066889632107,0.0452488687782805,101303.0,3.672222222222222,0,Test
3856,88869,20231217,74021733.0,0,0,0,0,372,305.0,5,0.8198924731182796,0.0134408602150537,246355.0,5.026229508196721,0,Control
3857,88873,20231217,74021738.0,0,0,0,0,133,83.0,0,0.6240601503759399,0.0,73995.0,4.771084337349397,0,Test
3858,88928,20231217,74021823.0,0,0,0,0,188,131.0,3,0.6968085106382979,0.0159574468085106,117599.0,4.175572519083971,0,Test
3859,88957,20231217,74021880.0,171,13,1,114,124,100.0,0,0.5847953216374269,0.0,86257.0,3.92,0,Test
3860,88977,20231217,74021914.0,341,46,16,207,241,203.0,5,0.5953079178885631,0.0207468879668049,94526.0,3.2709359605911343,0,Test
3861,88981,20231217,74021919.0,0,0,0,0,391,287.0,9,0.7340153452685422,0.0230179028132992,143753.0,3.442508710801392,0,Control
3862,88987,20231217,74021928.0,0,0,0,0,293,229.0,2,0.7815699658703071,0.0068259385665529,132304.0,4.109170305676855,0,Test
3863,89014,20231217,74021975.0,240,34,7,138,156,142.0,5,0.5916666666666667,0.032051282051282,78359.0,4.119718309859155,0,Test
3864,89017,20231217,74021978.0,190,11,5,122,142,113.0,3,0.5947368421052631,0.0211267605633802,58319.0,3.353982300884956,0,Test
3865,89052,20231217,74214453.0,0,0,0,0,477,367.0,5,0.7693920335429769,0.010482180293501,214351.0,3.6893732970027218,0,Control
3866,89056,20231217,74215106.0,611,108,31,336,407,348.0,17,0.5695581014729951,0.0417690417690417,160642.0,3.1264367816091974,0,Test
3867,89114,20231217,74220627.0,0,0,0,0,116,93.0,1,0.8017241379310345,0.0086206896551724,55132.0,3.913978494623656,0,Control
3868,89148,20231217,74220822.0,0,0,0,0,632,497.0,10,0.7863924050632911,0.0158227848101265,295833.0,3.965794768611672,0,Control
3869,89166,20231217,74220910.0,0,0,0,0,382,270.0,3,0.7068062827225131,0.0078534031413612,184313.0,3.7962962962962967,0,Control
3870,89194,20231217,74221041.0,0,0,0,0,413,342.0,3,0.8280871670702179,0.0072639225181598,196942.0,3.435672514619884,0,Control
3871,89265,20231217,74221472.0,0,0,0,0,164,129.0,7,0.7865853658536586,0.0426829268292682,69099.0,3.8837209302325593,0,Control
3872,89289,20231217,74321666.0,1085,152,62,530,814,715.0,18,0.6589861751152074,0.0221130221130221,337004.0,3.423776223776223,0,Test
3873,89291,20231217,74321670.0,816,95,41,324,407,334.0,24,0.409313725490196,0.0589680589680589,160391.0,3.329341317365269,0,Test
3874,89312,20231217,74321719.0,0,0,0,0,266,205.0,1,0.7706766917293233,0.0037593984962406,90319.0,3.258536585365853,0,Control
3875,89314,20231217,74321722.0,0,0,0,0,486,404.0,3,0.831275720164609,0.0061728395061728,216829.0,3.502475247524752,0,Control
3876,89378,20231217,74321861.0,0,0,0,0,220,166.0,1,0.7545454545454545,0.0045454545454545,94542.0,3.753012048192769,0,Control
3877,89382,20231217,74321865.0,0,0,0,0,214,159.0,5,0.7429906542056075,0.0233644859813084,87129.0,3.3459119496855343,0,Control
3878,89409,20231217,74321910.0,0,0,0,0,239,208.0,3,0.8702928870292888,0.0125523012552301,107046.0,3.5288461538461533,0,Control
3879,89427,20231218,74013270.0,1047,207,41,475,687,582.0,44,0.5558739255014327,0.0640465793304221,253924.0,2.939862542955323,0,Test
3880,89440,20231218,74013406.0,0,0,0,0,160,133.0,4,0.83125,0.025,52591.0,2.61654135338346,0,Control
3881,89470,20231218,74016847.0,0,0,0,0,777,584.0,9,0.7516087516087516,0.0115830115830115,231443.0,2.702054794520553,0,Control
3882,89479,20231218,74020378.0,0,0,0,0,447,263.0,2,0.5883668903803132,0.0044742729306487,134917.0,3.365019011406845,0,Test
3883,89486,20231218,74020395.0,0,0,0,0,555,429.0,9,0.772972972972973,0.0162162162162162,169496.0,2.7016317016316997,0,Test
3884,89504,20231218,74020449.0,518,36,7,294,329,266.0,8,0.5135135135135135,0.0243161094224924,109557.0,2.898496240601504,0,Test
3885,89522,20231218,74020492.0,0,0,0,0,836,671.0,19,0.8026315789473685,0.0227272727272727,304201.0,3.0834575260804766,0,Control
3886,89536,20231218,74020551.0,0,0,0,0,200,160.0,3,0.8,0.015,79232.0,3.3937499999999994,0,Test
3887,89564,20231218,74020634.0,0,0,0,0,134,106.0,0,0.7910447761194029,0.0,48019.0,3.0283018867924523,0,Test
3888,89572,20231218,74020653.0,0,0,0,0,128,102.0,2,0.796875,0.015625,44051.0,3.176470588235294,0,Test
3889,89577,20231218,74020660.0,108,19,3,48,58,45.0,5,0.4166666666666667,0.0862068965517241,22365.0,3.28888888888889,0,Test
3890,89584,20231218,74020667.0,0,0,0,0,158,137.0,3,0.8670886075949367,0.0189873417721519,79475.0,3.3284671532846715,0,Test
3891,89641,20231218,74020828.0,431,105,18,251,295,262.0,15,0.6078886310904872,0.0508474576271186,114562.0,3.011450381679392,0,Test
3892,89650,20231218,74020871.0,141,30,7,78,93,86.0,8,0.6099290780141844,0.086021505376344,43476.0,3.418604651162791,0,Test
3893,89664,20231218,74020908.0,0,0,0,0,123,98.0,4,0.7967479674796748,0.032520325203252,52217.0,4.275510204081632,0,Control
3894,89667,20231218,74020920.0,0,0,0,0,344,264.0,3,0.7674418604651163,0.0087209302325581,111457.0,2.7348484848484858,0,Control
3895,89673,20231218,74020960.0,0,0,0,0,284,228.0,2,0.8028169014084507,0.0070422535211267,120538.0,3.3245614035087727,0,Test
3896,89674,20231218,74020961.0,0,0,0,0,140,107.0,0,0.7642857142857142,0.0,61039.0,3.401869158878504,0,Control
3897,89686,20231218,74021008.0,0,0,0,0,776,605.0,8,0.779639175257732,0.0103092783505154,236542.0,2.8165289256198345,0,Control
3898,89719,20231218,74021099.0,0,0,0,0,123,86.0,2,0.6991869918699187,0.016260162601626,53455.0,4.0,0,Control
3899,89725,20231218,74021105.0,0,0,0,0,85,63.0,1,0.7411764705882353,0.0117647058823529,45076.0,4.063492063492062,0,Test
3900,89775,20231218,74021211.0,0,0,0,0,133,87.0,0,0.6541353383458647,0.0,62264.0,5.241379310344828,0,Control
3901,89814,20231218,74021302.0,182,36,8,135,161,128.0,5,0.7032967032967034,0.031055900621118,64796.0,3.515625,0,Test
3902,89841,20231218,74021353.0,0,0,0,0,772,630.0,4,0.8160621761658031,0.005181347150259,263509.0,2.7015873015873,0,Control
3903,89894,20231218,74021462.0,0,0,0,0,96,74.0,1,0.7708333333333334,0.0104166666666666,37480.0,3.472972972972972,0,Control
3904,89904,20231218,74021481.0,0,0,0,0,225,174.0,3,0.7733333333333333,0.0133333333333333,72141.0,2.96551724137931,0,Control
3905,89990,20231218,74021639.0,259,28,4,147,170,140.0,9,0.5405405405405406,0.0529411764705882,67085.0,3.1000000000000005,0,Test
3906,90019,20231218,74021733.0,0,0,0,0,259,203.0,7,0.7837837837837838,0.027027027027027,143608.0,4.492610837438427,0,Control
3907,90023,20231218,74021738.0,0,0,0,0,96,72.0,0,0.75,0.0,55363.0,4.152777777777777,0,Test
3908,90078,20231218,74021823.0,0,0,0,0,182,130.0,1,0.7142857142857143,0.0054945054945054,116356.0,4.484615384615385,0,Test
3909,90107,20231218,74021880.0,149,13,7,74,103,63.0,3,0.4228187919463087,0.029126213592233,42730.0,3.0,0,Test
3910,90127,20231218,74021914.0,665,106,38,377,446,400.0,14,0.6015037593984962,0.0313901345291479,154872.0,2.7149999999999976,0,Test
3911,90131,20231218,74021919.0,0,0,0,0,455,373.0,11,0.8197802197802198,0.0241758241758241,147181.0,2.780160857908847,0,Control
3912,90137,20231218,74021928.0,0,0,0,0,118,86.0,1,0.7288135593220338,0.0084745762711864,49149.0,3.895348837209301,0,Test
3913,90164,20231218,74021975.0,214,28,3,122,140,111.0,9,0.5186915887850467,0.0642857142857142,51573.0,3.423423423423424,0,Test
3914,90167,20231218,74021978.0,177,19,1,112,121,72.0,2,0.4067796610169492,0.0165289256198347,41412.0,3.986111111111111,0,Test
3915,90202,20231218,74214453.0,0,0,0,0,545,397.0,10,0.728440366972477,0.018348623853211,217040.0,3.536523929471031,0,Control
3916,90206,20231218,74215106.0,818,152,34,456,541,489.0,24,0.597799511002445,0.044362292051756,202432.0,2.9018404907975457,0,Test
3917,90264,20231218,74220627.0,0,0,0,0,96,80.0,0,0.8333333333333334,0.0,47637.0,3.9875,0,Control
3918,90298,20231218,74220822.0,0,0,0,0,424,299.0,3,0.7051886792452831,0.0070754716981132,153664.0,3.377926421404681,0,Control
3919,90316,20231218,74220910.0,0,0,0,0,245,169.0,3,0.689795918367347,0.0122448979591836,88399.0,3.124260355029583,0,Control
3920,90344,20231218,74221041.0,0,0,0,0,351,270.0,4,0.7692307692307693,0.0113960113960113,123926.0,2.977777777777777,0,Control
3921,90415,20231218,74221472.0,0,0,0,0,95,73.0,3,0.7684210526315789,0.031578947368421,33676.0,2.986301369863013,0,Control
3922,90439,20231218,74321666.0,870,94,45,394,651,552.0,27,0.6344827586206897,0.0414746543778801,233638.0,3.0271739130434807,0,Test
3923,90441,20231218,74321670.0,1346,124,79,617,808,643.0,31,0.4777117384843982,0.0383663366336633,259040.0,2.813374805598755,0,Test
3924,90462,20231218,74321719.0,0,0,0,0,149,109.0,3,0.7315436241610739,0.0201342281879194,42545.0,2.779816513761468,0,Control
3925,90464,20231218,74321722.0,0,0,0,0,303,248.0,5,0.8184818481848185,0.0165016501650165,123817.0,3.3104838709677438,0,Control
3926,90528,20231218,74321861.0,0,0,0,0,142,113.0,1,0.795774647887324,0.0070422535211267,62990.0,3.787610619469026,0,Control
3927,90532,20231218,74321865.0,0,0,0,0,160,114.0,4,0.7125,0.025,63850.0,3.298245614035087,0,Control
3928,90559,20231218,74321910.0,0,0,0,0,170,132.0,3,0.7764705882352941,0.0176470588235294,52724.0,2.643939393939394,0,Control
3929,90577,20231219,74013270.0,925,123,39,460,724,515.0,46,0.5567567567567567,0.0635359116022099,219979.0,2.8543689320388363,0,Test
3930,90590,20231219,74013406.0,0,0,0,0,149,119.0,2,0.7986577181208053,0.0134228187919463,42565.0,2.596638655462185,0,Control
3931,90621,20231219,74016847.0,0,0,0,0,855,667.0,12,0.7801169590643274,0.0140350877192982,264260.0,2.644677661169415,0,Control
3932,90630,20231219,74020378.0,0,0,0,0,413,288.0,3,0.6973365617433414,0.0072639225181598,167339.0,3.486111111111112,0,Test
3933,90637,20231219,74020395.0,0,0,0,0,614,457.0,10,0.744299674267101,0.01628664495114,178625.0,2.713347921225385,0,Test
3934,90655,20231219,74020449.0,507,54,11,318,363,291.0,10,0.5739644970414202,0.0275482093663911,118806.0,3.0652920962199337,0,Test
3935,90673,20231219,74020492.0,0,0,0,0,844,667.0,10,0.7902843601895735,0.0118483412322274,313880.0,3.101949025487257,0,Control
3936,90687,20231219,74020551.0,0,0,0,0,209,162.0,2,0.7751196172248804,0.0095693779904306,81039.0,3.314814814814816,0,Test
3937,90715,20231219,74020634.0,0,0,0,0,96,74.0,2,0.7708333333333334,0.0208333333333333,43378.0,3.5,0,Test
3938,90723,20231219,74020653.0,0,0,0,0,179,126.0,1,0.7039106145251397,0.0055865921787709,58643.0,3.0317460317460303,0,Test
3939,90728,20231219,74020660.0,131,12,7,59,71,61.0,2,0.465648854961832,0.028169014084507,26950.0,3.114754098360656,0,Test
3940,90735,20231219,74020667.0,0,0,0,0,148,112.0,5,0.7567567567567568,0.0337837837837837,66038.0,3.5446428571428568,0,Test
3941,90792,20231219,74020828.0,429,119,15,288,339,300.0,20,0.6993006993006993,0.0589970501474926,130581.0,2.936666666666666,0,Test
3942,90801,20231219,74020871.0,188,29,7,107,121,111.0,5,0.5904255319148937,0.0413223140495867,53215.0,2.9099099099099104,0,Test
3943,90814,20231219,74020908.0,0,0,0,0,121,90.0,6,0.743801652892562,0.0495867768595041,45278.0,3.900000000000001,0,Control
3944,90817,20231219,74020920.0,0,0,0,0,408,328.0,4,0.803921568627451,0.0098039215686274,129123.0,2.570121951219513,0,Control
3945,90823,20231219,74020960.0,0,0,0,0,303,227.0,4,0.7491749174917491,0.0132013201320132,135167.0,3.665198237885462,0,Test
3946,90824,20231219,74020961.0,0,0,0,0,116,85.0,0,0.7327586206896551,0.0,54647.0,3.964705882352943,0,Control
3947,90836,20231219,74021008.0,0,0,0,0,831,683.0,9,0.8219013237063778,0.0108303249097472,290354.0,2.8740849194729137,0,Control
3948,90869,20231219,74021099.0,0,0,0,0,156,124.0,4,0.7948717948717948,0.0256410256410256,64276.0,3.4274193548387104,0,Control
3949,90875,20231219,74021105.0,0,0,0,0,119,89.0,0,0.7478991596638656,0.0,52814.0,3.550561797752809,0,Test
3950,90925,20231219,74021211.0,0,0,0,0,126,78.0,0,0.6190476190476191,0.0,44916.0,4.602564102564104,0,Control
3951,90964,20231219,74021302.0,108,19,2,75,177,0.0,0,0.0,0.0,,,0,Test
3952,90991,20231219,74021353.0,0,0,0,0,892,756.0,10,0.8475336322869955,0.0112107623318385,326725.0,2.825396825396824,0,Control
3953,91044,20231219,74021462.0,0,0,0,0,105,69.0,2,0.6571428571428571,0.019047619047619,41075.0,3.8695652173913033,0,Control
3954,91054,20231219,74021481.0,0,0,0,0,251,184.0,0,0.7330677290836654,0.0,67552.0,2.722826086956522,0,Control
3955,91140,20231219,74021639.0,281,33,9,177,219,180.0,15,0.6405693950177936,0.0684931506849315,89836.0,3.255555555555554,0,Test
3956,91170,20231219,74021733.0,0,0,0,0,287,225.0,7,0.7839721254355401,0.024390243902439,170133.0,4.671111111111115,0,Control
3957,91174,20231219,74021738.0,0,0,0,0,195,123.0,1,0.6307692307692307,0.0051282051282051,91465.0,3.796747967479675,0,Test
3958,91229,20231219,74021823.0,0,0,0,0,181,113.0,4,0.6243093922651933,0.0220994475138121,89705.0,3.752212389380531,0,Test
3959,91258,20231219,74021880.0,120,20,0,66,83,51.0,6,0.425,0.072289156626506,41358.0,3.9019607843137263,0,Test
3960,91278,20231219,74021914.0,714,104,35,408,477,441.0,18,0.6176470588235294,0.0377358490566037,182517.0,2.9024943310657605,0,Test
3961,91282,20231219,74021919.0,0,0,0,0,601,498.0,7,0.8286189683860233,0.0116472545757071,201168.0,2.771084337349396,0,Control
3962,91288,20231219,74021928.0,0,0,0,0,134,91.0,2,0.6791044776119403,0.0149253731343283,44296.0,3.0109890109890114,0,Test
3963,91315,20231219,74021975.0,177,17,7,104,124,105.0,7,0.5932203389830508,0.0564516129032258,41271.0,2.8476190476190477,0,Test
3964,91318,20231219,74021978.0,154,15,4,90,100,87.0,5,0.564935064935065,0.05,53956.0,3.827586206896552,0,Test
3965,91353,20231219,74214453.0,0,0,0,0,529,386.0,12,0.7296786389413988,0.0226843100189035,205068.0,3.163212435233161,0,Control
3966,91357,20231219,74215106.0,729,142,27,455,547,479.0,28,0.6570644718792867,0.0511882998171846,182528.0,2.720250521920667,0,Test
3967,91415,20231219,74220627.0,0,0,0,0,88,71.0,0,0.8068181818181818,0.0,47959.0,4.380281690140847,0,Control
3968,91449,20231219,74220822.0,0,0,0,0,390,287.0,1,0.735897435897436,0.0025641025641025,156963.0,3.5853658536585384,0,Control
3969,91467,20231219,74220910.0,0,0,0,0,245,152.0,4,0.6204081632653061,0.0163265306122449,82932.0,3.118421052631579,0,Control
3970,91495,20231219,74221041.0,0,0,0,0,345,237.0,4,0.6869565217391305,0.0115942028985507,112296.0,2.8860759493670893,0,Control
3971,91566,20231219,74221472.0,0,0,0,0,134,94.0,2,0.7014925373134329,0.0149253731343283,42923.0,3.1276595744680846,0,Control
3972,91590,20231219,74321666.0,1199,141,54,555,680,589.0,34,0.4912427022518765,0.05,234266.0,2.8879456706281807,0,Test
3973,91592,20231219,74321670.0,1363,168,63,719,904,741.0,50,0.5436537050623624,0.0553097345132743,298437.0,2.775978407557356,0,Test
3974,91613,20231219,74321719.0,0,0,0,0,173,124.0,1,0.7167630057803468,0.0057803468208092,46364.0,2.717741935483871,0,Control
3975,91615,20231219,74321722.0,0,0,0,0,345,250.0,9,0.7246376811594203,0.0260869565217391,131478.0,3.2960000000000007,0,Control
3976,91679,20231219,74321861.0,0,0,0,0,156,118.0,2,0.7564102564102564,0.0128205128205128,57696.0,3.245762711864407,0,Control
3977,91683,20231219,74321865.0,0,0,0,0,177,129.0,7,0.7288135593220338,0.03954802259887,64495.0,2.9457364341085284,0,Control
3978,91711,20231219,74321910.0,0,0,0,0,192,152.0,3,0.7916666666666666,0.015625,67295.0,3.0394736842105265,0,Control
3979,91729,20231220,74013270.0,1131,153,48,541,721,598.0,37,0.5287356321839081,0.0513176144244105,275187.0,2.8026755852842804,0,Test
3980,91742,20231220,74013406.0,0,0,0,0,186,110.0,2,0.5913978494623656,0.010752688172043,42176.0,2.8,0,Control
3981,91773,20231220,74016847.0,0,0,0,0,801,634.0,7,0.7915106117353309,0.0087390761548064,265183.0,2.750788643533124,0,Control
3982,91782,20231220,74020378.0,0,0,0,0,398,274.0,6,0.6884422110552764,0.0150753768844221,153619.0,3.386861313868612,0,Test
3983,91789,20231220,74020395.0,0,0,0,0,523,392.0,9,0.7495219885277247,0.017208413001912,166839.0,2.8520408163265296,0,Test
3984,91807,20231220,74020449.0,535,68,10,330,377,301.0,11,0.5626168224299065,0.0291777188328912,143574.0,3.4053156146179395,0,Test
3985,91825,20231220,74020492.0,0,0,0,0,810,642.0,15,0.7925925925925926,0.0185185185185185,311395.0,3.09657320872274,0,Control
3986,91839,20231220,74020551.0,0,0,0,0,188,154.0,2,0.8191489361702128,0.0106382978723404,78348.0,3.616883116883116,0,Test
3987,91867,20231220,74020634.0,0,0,0,0,156,110.0,0,0.7051282051282052,0.0,55699.0,3.1272727272727274,0,Test
3988,91875,20231220,74020653.0,0,0,0,0,165,108.0,2,0.6545454545454545,0.0121212121212121,46023.0,2.4907407407407405,0,Test
3989,91880,20231220,74020660.0,122,14,8,68,86,67.0,4,0.5491803278688525,0.0465116279069767,33022.0,3.149253731343284,0,Test
3990,91887,20231220,74020667.0,0,0,0,0,151,111.0,1,0.7350993377483444,0.0066225165562913,66177.0,3.4594594594594588,0,Test
3991,91944,20231220,74020828.0,188,36,10,121,153,121.0,4,0.6436170212765957,0.0261437908496732,56876.0,3.2396694214876027,0,Test
3992,91953,20231220,74020871.0,180,44,8,108,129,112.0,6,0.6222222222222222,0.0465116279069767,57321.0,3.2678571428571423,0,Test
3993,91966,20231220,74020908.0,0,0,0,0,168,140.0,2,0.8333333333333334,0.0119047619047619,71443.0,3.942857142857143,0,Control
3994,91969,20231220,74020920.0,0,0,0,0,407,239.0,6,0.5872235872235873,0.0147420147420147,100626.0,2.8368200836820083,0,Control
3995,91975,20231220,74020960.0,0,0,0,0,324,270.0,9,0.8333333333333334,0.0277777777777777,143008.0,3.355555555555556,0,Test
3996,91976,20231220,74020961.0,0,0,0,0,97,72.0,0,0.7422680412371134,0.0,46989.0,4.125000000000001,0,Control
3997,91988,20231220,74021008.0,0,0,0,0,857,711.0,8,0.8296382730455076,0.0093348891481913,296894.0,2.908579465541487,0,Control
3998,92021,20231220,74021099.0,0,0,0,0,152,100.0,4,0.6578947368421053,0.0263157894736842,58676.0,3.77,0,Control
3999,92027,20231220,74021105.0,0,0,0,0,150,105.0,0,0.7,0.0,75556.0,4.152380952380952,0,Test
4000,92077,20231220,74021211.0,0,0,0,0,101,65.0,0,0.6435643564356436,0.0,49441.0,5.461538461538461,0,Control
4001,92116,20231220,74021302.0,306,59,8,219,290,164.0,6,0.5359477124183006,0.0206896551724137,88619.0,3.225609756097561,0,Test
4002,92143,20231220,74021353.0,0,0,0,0,123,79.0,1,0.6422764227642277,0.008130081300813,25779.0,2.4430379746835444,0,Control
4003,92196,20231220,74021462.0,0,0,0,0,98,52.0,1,0.5306122448979592,0.010204081632653,28652.0,3.75,0,Control
4004,92206,20231220,74021481.0,0,0,0,0,270,173.0,0,0.6407407407407407,0.0,62541.0,2.664739884393064,0,Control
4005,92292,20231220,74021639.0,217,22,7,144,171,127.0,6,0.5852534562211982,0.0350877192982456,59437.0,3.0551181102362204,0,Test
4006,92322,20231220,74021733.0,0,0,0,0,294,203.0,10,0.6904761904761905,0.0340136054421768,139213.0,4.65024630541872,0,Control
4007,92326,20231220,74021738.0,0,0,0,0,154,90.0,0,0.5844155844155844,0.0,68801.0,3.844444444444445,0,Test
4008,92381,20231220,74021823.0,0,0,0,0,79,25.0,1,0.3164556962025316,0.0126582278481012,19675.0,3.88,0,Test
4009,92410,20231220,74021880.0,141,17,6,72,89,73.0,4,0.5177304964539007,0.0449438202247191,58552.0,3.835616438356164,0,Test
4010,92430,20231220,74021914.0,704,106,34,421,481,448.0,11,0.6363636363636364,0.0228690228690228,174604.0,2.743303571428573,0,Test
4011,92434,20231220,74021919.0,0,0,0,0,669,566.0,13,0.8460388639760837,0.0194319880418535,236309.0,2.946996466431094,0,Control
4012,92440,20231220,74021928.0,0,0,0,0,140,99.0,2,0.7071428571428572,0.0142857142857142,50045.0,3.434343434343434,0,Test
4013,92467,20231220,74021975.0,222,22,6,125,144,124.0,6,0.5585585585585585,0.0416666666666666,52312.0,3.209677419354838,0,Test
4014,92470,20231220,74021978.0,145,19,0,83,90,70.0,3,0.4827586206896552,0.0333333333333333,40917.0,3.8142857142857167,0,Test
4015,92507,20231220,74214453.0,0,0,0,0,548,450.0,5,0.8211678832116789,0.0091240875912408,232844.0,3.2444444444444427,0,Control
4016,92511,20231220,74215106.0,798,141,31,537,643,544.0,23,0.681704260651629,0.0357698289269051,222070.0,2.854779411764703,0,Test
4017,92569,20231220,74220627.0,0,0,0,0,106,80.0,2,0.7547169811320755,0.0188679245283018,42985.0,3.9375,0,Control
4018,92603,20231220,74220822.0,0,0,0,0,428,307.0,2,0.7172897196261683,0.0046728971962616,160361.0,3.3941368078175893,0,Control
4019,92621,20231220,74220910.0,0,0,0,0,267,179.0,2,0.6704119850187266,0.0074906367041198,115390.0,3.5530726256983214,0,Control
4020,92649,20231220,74221041.0,0,0,0,0,446,328.0,8,0.7354260089686099,0.0179372197309417,151733.0,2.999999999999999,0,Control
4021,92720,20231220,74221472.0,0,0,0,0,130,105.0,3,0.8076923076923077,0.023076923076923,55178.0,3.4666666666666672,0,Control
4022,92744,20231220,74321666.0,1203,130,52,553,662,555.0,20,0.4613466334164589,0.0302114803625377,239571.0,3.016216216216216,0,Test
4023,92746,20231220,74321670.0,1468,165,75,723,918,774.0,55,0.5272479564032697,0.059912854030501,295590.0,2.69250645994832,0,Test
4024,92767,20231220,74321719.0,0,0,0,0,191,141.0,2,0.7382198952879581,0.0104712041884816,56824.0,2.879432624113476,0,Control
4025,92769,20231220,74321722.0,0,0,0,0,348,275.0,5,0.7902298850574713,0.014367816091954,135178.0,3.1890909090909108,0,Control
4026,92833,20231220,74321861.0,0,0,0,0,179,136.0,2,0.7597765363128491,0.0111731843575419,78544.0,3.713235294117647,0,Control
4027,92837,20231220,74321865.0,0,0,0,0,224,158.0,5,0.7053571428571429,0.0223214285714285,81227.0,2.943037974683544,0,Control
4028,92865,20231220,74321910.0,0,0,0,0,208,165.0,3,0.7932692307692307,0.0144230769230769,71073.0,3.115151515151515,0,Control
4029,92883,20231221,74013270.0,1369,241,62,702,850,706.0,50,0.5157048940832725,0.0588235294117647,340512.0,2.915014164305948,0,Test
4030,92896,20231221,74013406.0,0,0,0,0,154,123.0,3,0.7987012987012987,0.0194805194805194,58894.0,3.1056910569105693,0,Control
4031,92927,20231221,74016847.0,0,0,0,0,882,639.0,10,0.7244897959183674,0.0113378684807256,264690.0,2.622848200312987,0,Control
4032,92936,20231221,74020378.0,0,0,0,0,489,321.0,2,0.656441717791411,0.0040899795501022,167756.0,3.2149532710280364,0,Test
4033,92943,20231221,74020395.0,0,0,0,0,574,433.0,10,0.7543554006968641,0.0174216027874564,171158.0,2.729792147806004,0,Test
4034,92962,20231221,74020449.0,611,68,7,371,408,317.0,4,0.5188216039279869,0.0098039215686274,135427.0,3.141955835962146,0,Test
4035,92980,20231221,74020492.0,0,0,0,0,785,633.0,9,0.8063694267515924,0.0114649681528662,294743.0,3.0821484992101102,0,Control
4036,92994,20231221,74020551.0,0,0,0,0,192,151.0,6,0.7864583333333334,0.03125,71249.0,3.284768211920531,0,Test
4037,93022,20231221,74020634.0,0,0,0,0,171,136.0,0,0.7953216374269005,0.0,67636.0,2.970588235294117,0,Test
4038,93030,20231221,74020653.0,0,0,0,0,170,107.0,2,0.6294117647058823,0.0117647058823529,45669.0,2.8691588785046727,0,Test
4039,93035,20231221,74020660.0,105,20,6,48,59,56.0,3,0.5333333333333333,0.0508474576271186,25923.0,3.035714285714285,0,Test
4040,93042,20231221,74020667.0,0,0,0,0,162,136.0,5,0.8395061728395061,0.0308641975308641,88090.0,3.9485294117647056,0,Test
4041,93099,20231221,74020828.0,216,48,11,140,163,154.0,7,0.7129629629629629,0.0429447852760736,69647.0,3.045454545454547,0,Test
4042,93108,20231221,74020871.0,180,25,12,115,133,117.0,3,0.65,0.0225563909774436,64512.0,3.3504273504273505,0,Test
4043,93121,20231221,74020908.0,0,0,0,0,154,118.0,1,0.7662337662337663,0.0064935064935064,62566.0,4.211864406779659,0,Control
4044,93124,20231221,74020920.0,0,0,0,0,482,354.0,6,0.7344398340248963,0.0124481327800829,157324.0,2.9350282485875683,0,Control
4045,93130,20231221,74020960.0,0,0,0,0,340,281.0,5,0.8264705882352941,0.0147058823529411,173995.0,3.384341637010678,0,Test
4046,93131,20231221,74020961.0,0,0,0,0,79,62.0,1,0.7848101265822784,0.0126582278481012,43322.0,3.983870967741935,0,Control
4047,93143,20231221,74021008.0,0,0,0,0,916,779.0,11,0.8504366812227074,0.0120087336244541,323311.0,2.9679075738125773,0,Control
4048,93176,20231221,74021099.0,0,0,0,0,175,133.0,3,0.76,0.0171428571428571,70809.0,3.5563909774436078,0,Control
4049,93182,20231221,74021105.0,0,0,0,0,137,93.0,0,0.6788321167883211,0.0,75318.0,4.204301075268817,0,Test
4050,93232,20231221,74021211.0,0,0,0,0,121,86.0,1,0.7107438016528925,0.0082644628099173,57591.0,5.395348837209303,0,Control
4051,93270,20231221,74021302.0,324,59,5,224,255,197.0,6,0.6080246913580247,0.0235294117647058,97704.0,3.36548223350254,0,Test
4052,93297,20231221,74021353.0,0,0,0,0,875,711.0,13,0.8125714285714286,0.0148571428571428,297923.0,2.83403656821378,0,Control
4053,93350,20231221,74021462.0,0,0,0,0,104,85.0,4,0.8173076923076923,0.0384615384615384,41118.0,3.2352941176470598,0,Control
4054,93360,20231221,74021481.0,0,0,0,0,287,126.0,0,0.4390243902439024,0.0,57702.0,3.277777777777779,0,Control
4055,93446,20231221,74021639.0,255,37,4,170,197,155.0,4,0.6078431372549019,0.0203045685279187,76202.0,3.1677419354838707,0,Test
4056,93476,20231221,74021733.0,0,0,0,0,250,164.0,7,0.656,0.028,112820.0,4.353658536585365,0,Control
4057,93480,20231221,74021738.0,0,0,0,0,183,131.0,3,0.7158469945355191,0.0163934426229508,107586.0,4.076335877862594,0,Test
4058,93535,20231221,74021823.0,0,0,0,0,182,131.0,1,0.7197802197802198,0.0054945054945054,96573.0,3.572519083969465,0,Test
4059,93564,20231221,74021880.0,147,9,6,83,95,77.0,4,0.5238095238095238,0.0421052631578947,61413.0,3.558441558441558,0,Test
4060,93584,20231221,74021914.0,716,113,49,422,504,455.0,14,0.6354748603351955,0.0277777777777777,178983.0,2.683516483516486,0,Test
4061,93588,20231221,74021919.0,0,0,0,0,633,547.0,13,0.8641390205371248,0.0205371248025276,220304.0,2.875685557586836,0,Control
4062,93594,20231221,74021928.0,0,0,0,0,139,98.0,2,0.7050359712230215,0.014388489208633,54302.0,3.3571428571428577,0,Test
4063,93621,20231221,74021975.0,215,25,6,134,151,130.0,5,0.6046511627906976,0.0331125827814569,54586.0,3.576923076923077,0,Test
4064,93624,20231221,74021978.0,168,19,6,99,110,90.0,1,0.5357142857142857,0.009090909090909,47987.0,3.7222222222222223,0,Test
4065,93661,20231221,74214453.0,0,0,0,0,642,477.0,3,0.7429906542056075,0.0046728971962616,257753.0,3.2662473794549265,0,Control
4066,93665,20231221,74215106.0,782,133,28,508,598,519.0,24,0.6636828644501279,0.040133779264214,220641.0,2.974951830443161,0,Test
4067,93723,20231221,74220627.0,0,0,0,0,97,74.0,2,0.7628865979381443,0.0206185567010309,38963.0,3.635135135135135,0,Control
4068,93757,20231221,74220822.0,0,0,0,0,460,342.0,9,0.7434782608695653,0.0195652173913043,174007.0,3.4122807017543844,0,Control
4069,93775,20231221,74220910.0,0,0,0,0,350,247.0,4,0.7057142857142857,0.0114285714285714,128753.0,2.898785425101215,0,Control
4070,93803,20231221,74221041.0,0,0,0,0,425,328.0,6,0.7717647058823529,0.0141176470588235,150694.0,2.9725609756097526,0,Control
4071,93874,20231221,74221472.0,0,0,0,0,165,129.0,2,0.7818181818181819,0.0121212121212121,68043.0,3.5736434108527138,0,Control
4072,93898,20231221,74321666.0,1261,161,53,628,756,631.0,35,0.500396510705789,0.0462962962962962,268524.0,2.97147385103011,0,Test
4073,93900,20231221,74321670.0,1405,157,101,759,960,856.0,56,0.6092526690391459,0.0583333333333333,338034.0,2.830607476635515,0,Test
4074,93921,20231221,74321719.0,0,0,0,0,238,179.0,5,0.7521008403361344,0.0210084033613445,67067.0,2.804469273743019,0,Control
4075,93923,20231221,74321722.0,0,0,0,0,461,277.0,3,0.6008676789587852,0.0065075921908893,132720.0,3.184115523465703,0,Control
4076,93987,20231221,74321861.0,0,0,0,0,171,139.0,3,0.8128654970760234,0.0175438596491228,76528.0,3.719424460431655,0,Control
4077,93991,20231221,74321865.0,0,0,0,0,203,141.0,0,0.6945812807881774,0.0,70498.0,3.1843971631205674,0,Control
4078,94019,20231221,74321910.0,0,0,0,0,199,147.0,0,0.7386934673366834,0.0,63070.0,3.0340136054421776,0,Control
4079,94039,20231222,74013270.0,1327,211,64,722,873,748.0,50,0.5636774679728711,0.0572737686139748,399149.0,3.2232620320855627,0,Test
4080,94052,20231222,74013406.0,0,0,0,0,184,149.0,5,0.8097826086956522,0.0271739130434782,68669.0,3.046979865771813,0,Control
4081,94083,20231222,74016847.0,0,0,0,0,1082,667.0,15,0.6164510166358595,0.0138632162661737,270557.0,2.6026986506746663,0,Control
4082,94092,20231222,74020378.0,0,0,0,0,579,410.0,9,0.7081174438687392,0.0155440414507772,234207.0,3.580487804878047,0,Test
4083,94099,20231222,74020395.0,0,0,0,0,704,552.0,15,0.7840909090909091,0.0213068181818181,238696.0,2.891304347826088,0,Test
4084,94118,20231222,74020449.0,594,66,19,370,472,332.0,16,0.5589225589225589,0.0338983050847457,152469.0,3.2469879518072284,0,Test
4085,94136,20231222,74020492.0,0,0,0,0,1064,895.0,12,0.8411654135338346,0.0112781954887218,415591.0,3.0715083798882654,0,Control
4086,94150,20231222,74020551.0,129,19,5,73,261,219.0,9,1.697674418604651,0.0344827586206896,126590.0,3.762557077625572,0,Test
4087,94178,20231222,74020634.0,0,0,0,0,172,142.0,0,0.8255813953488372,0.0,74685.0,3.359154929577465,0,Test
4088,94186,20231222,74020653.0,0,0,0,0,201,158.0,2,0.7860696517412935,0.0099502487562189,71276.0,2.8860759493670893,0,Test
4089,94191,20231222,74020660.0,145,21,10,64,79,64.0,2,0.4413793103448276,0.0253164556962025,35654.0,3.2656250000000018,0,Test
4090,94198,20231222,74020667.0,0,0,0,0,197,166.0,0,0.8426395939086294,0.0,105436.0,3.4759036144578315,0,Test
4091,94255,20231222,74020828.0,363,101,15,263,309,266.0,8,0.7327823691460055,0.0258899676375404,113880.0,2.9323308270676685,0,Test
4092,94264,20231222,74020871.0,242,49,10,158,178,158.0,5,0.6528925619834711,0.0280898876404494,79067.0,3.259493670886076,0,Test
4093,94278,20231222,74020908.0,0,0,0,0,161,117.0,1,0.7267080745341615,0.0062111801242236,60345.0,4.051282051282051,0,Control
4094,94281,20231222,74020920.0,0,0,0,0,574,440.0,6,0.7665505226480837,0.0104529616724738,197561.0,3.0340909090909083,0,Control
4095,94287,20231222,74020960.0,0,0,0,0,374,303.0,8,0.8101604278074866,0.0213903743315508,200297.0,3.650165016501648,0,Test
4096,94288,20231222,74020961.0,0,0,0,0,101,77.0,3,0.7623762376237624,0.0297029702970297,50217.0,3.805194805194807,0,Control
4097,94300,20231222,74021008.0,0,0,0,0,966,813.0,9,0.8416149068322981,0.0093167701863354,370675.0,3.1439114391143885,0,Control
4098,94333,20231222,74021099.0,0,0,0,0,161,140.0,1,0.8695652173913043,0.0062111801242236,84696.0,3.985714285714285,0,Control
4099,94339,20231222,74021105.0,0,0,0,0,138,98.0,2,0.7101449275362319,0.0144927536231884,72538.0,4.469387755102038,0,Test
4100,94389,20231222,74021211.0,0,0,0,0,134,92.0,1,0.6865671641791045,0.0074626865671641,76943.0,6.0978260869565215,0,Control
4101,94428,20231222,74021302.0,282,55,10,188,228,176.0,8,0.624113475177305,0.0350877192982456,94692.0,3.386363636363636,0,Test
4102,94455,20231222,74021353.0,0,0,0,0,851,677.0,8,0.7955346650998825,0.0094007050528789,294446.0,2.852289512555391,0,Control
4103,94508,20231222,74021462.0,0,0,0,0,121,86.0,3,0.7107438016528925,0.024793388429752,45524.0,3.476744186046511,0,Control
4104,94518,20231222,74021481.0,0,0,0,0,291,168.0,1,0.5773195876288659,0.0034364261168384,72906.0,2.9285714285714297,0,Control
4105,94604,20231222,74021639.0,410,36,12,291,326,286.0,7,0.697560975609756,0.0214723926380368,136230.0,3.1223776223776203,0,Test
4106,94634,20231222,74021733.0,0,0,0,0,231,165.0,7,0.7142857142857143,0.0303030303030303,140450.0,5.0969696969696985,0,Control
4107,94638,20231222,74021738.0,0,0,0,0,238,179.0,2,0.7521008403361344,0.0084033613445378,136706.0,3.9888268156424576,0,Test
4108,94693,20231222,74021823.0,0,0,0,0,164,118.0,1,0.7195121951219512,0.0060975609756097,91016.0,3.90677966101695,0,Test
4109,94722,20231222,74021880.0,203,15,7,120,135,108.0,6,0.5320197044334976,0.0444444444444444,82209.0,3.62037037037037,0,Test
4110,94742,20231222,74021914.0,841,110,57,534,638,582.0,23,0.6920332936979786,0.0360501567398119,235096.0,2.756013745704468,0,Test
4111,94746,20231222,74021919.0,0,0,0,0,695,581.0,7,0.8359712230215828,0.0100719424460431,247352.0,3.0275387263339084,0,Control
4112,94752,20231222,74021928.0,151,19,1,101,157,118.0,3,0.7814569536423841,0.019108280254777,62656.0,3.610169491525424,0,Test
4113,94779,20231222,74021975.0,289,35,3,161,188,148.0,6,0.5121107266435986,0.0319148936170212,77538.0,3.8310810810810807,0,Test
4114,94782,20231222,74021978.0,205,30,3,129,143,116.0,8,0.5658536585365853,0.0559440559440559,74396.0,4.172413793103448,0,Test
4115,94819,20231222,74214453.0,0,0,0,0,749,600.0,5,0.8010680907877169,0.0066755674232309,334432.0,3.341666666666669,0,Control
4116,94823,20231222,74215106.0,775,132,35,544,662,565.0,21,0.7290322580645161,0.0317220543806646,243322.0,3.024778761061946,0,Test
4117,94881,20231222,74220627.0,0,0,0,0,101,78.0,4,0.7722772277227723,0.0396039603960396,54076.0,4.282051282051283,0,Control
4118,94915,20231222,74220822.0,0,0,0,0,495,370.0,6,0.7474747474747475,0.0121212121212121,216392.0,3.718918918918921,0,Control
4119,94933,20231222,74220910.0,0,0,0,0,404,292.0,3,0.7227722772277227,0.0074257425742574,178577.0,3.523972602739726,0,Control
4120,94961,20231222,74221041.0,0,0,0,0,434,365.0,2,0.8410138248847926,0.0046082949308755,192772.0,3.221917808219177,0,Control
4121,95032,20231222,74221472.0,0,0,0,0,176,136.0,1,0.7727272727272727,0.0056818181818181,67094.0,3.110294117647058,0,Control
4122,95056,20231222,74321666.0,1239,141,55,642,767,640.0,34,0.516545601291364,0.044328552803129,267711.0,3.040625000000001,0,Test
4123,95058,20231222,74321670.0,1102,115,59,648,881,631.0,39,0.5725952813067151,0.0442678774120317,273125.0,2.95879556259905,0,Test
4124,95079,20231222,74321719.0,0,0,0,0,218,167.0,2,0.7660550458715596,0.0091743119266055,77048.0,3.317365269461079,0,Control
4125,95081,20231222,74321722.0,0,0,0,0,459,360.0,5,0.7843137254901961,0.0108932461873638,194562.0,3.3999999999999995,0,Control
4126,95145,20231222,74321861.0,0,0,0,0,179,135.0,0,0.7541899441340782,0.0,74707.0,3.755555555555556,0,Control
4127,95149,20231222,74321865.0,0,0,0,0,270,206.0,5,0.762962962962963,0.0185185185185185,118525.0,3.359223300970872,0,Control
4128,95177,20231222,74321910.0,0,0,0,0,255,203.0,1,0.796078431372549,0.0039215686274509,90869.0,3.1083743842364537,0,Control
4129,95198,20231223,74013270.0,1124,158,50,627,745,626.0,35,0.5569395017793595,0.046979865771812,353052.0,3.424920127795527,0,Test
4130,95211,20231223,74013406.0,0,0,0,0,261,210.0,7,0.8045977011494253,0.0268199233716475,105720.0,3.485714285714285,0,Control
4131,95242,20231223,74016847.0,0,0,0,0,892,647.0,17,0.7253363228699552,0.0190582959641255,296479.0,2.948995363214838,0,Control
4132,95251,20231223,74020378.0,0,0,0,0,887,642.0,8,0.7237880496054115,0.0090191657271702,393226.0,4.03115264797508,0,Test
4133,95258,20231223,74020395.0,0,0,0,0,564,411.0,10,0.7287234042553191,0.0177304964539007,214071.0,3.579075425790755,0,Test
4134,95277,20231223,74020449.0,877,104,18,565,745,598.0,10,0.6818700114025086,0.0134228187919463,298401.0,3.586956521739129,0,Test
4135,95295,20231223,74020492.0,0,0,0,0,1187,1072.0,13,0.903117101937658,0.0109519797809604,560370.0,3.547574626865667,0,Control
4136,95309,20231223,74020551.0,237,39,10,134,295,237.0,7,1.0,0.023728813559322,139832.0,4.059071729957807,0,Test
4137,95337,20231223,74020634.0,0,0,0,0,226,208.0,2,0.9203539823008848,0.0088495575221238,126309.0,3.764423076923076,0,Test
4138,95345,20231223,74020653.0,0,0,0,0,182,151.0,2,0.8296703296703297,0.0109890109890109,84632.0,3.748344370860927,0,Test
4139,95350,20231223,74020660.0,201,38,5,111,122,106.0,6,0.527363184079602,0.0491803278688524,57072.0,3.5660377358490574,0,Test
4140,95357,20231223,74020667.0,0,0,0,0,268,226.0,3,0.8432835820895522,0.0111940298507462,156706.0,4.115044247787609,0,Test
4141,95414,20231223,74020828.0,396,75,15,268,309,279.0,12,0.7045454545454546,0.0388349514563106,134573.0,3.351254480286739,0,Test
4142,95423,20231223,74020871.0,172,39,9,88,109,97.0,8,0.563953488372093,0.073394495412844,56694.0,3.8659793814433,0,Test
4143,95436,20231223,74020908.0,0,0,0,0,193,149.0,0,0.772020725388601,0.0,78892.0,4.114093959731542,0,Control
4144,95439,20231223,74020920.0,0,0,0,0,532,407.0,5,0.7650375939849624,0.0093984962406015,188798.0,3.137592137592138,0,Control
4145,95445,20231223,74020960.0,0,0,0,0,505,419.0,9,0.8297029702970297,0.0178217821782178,280531.0,4.014319809069211,0,Test
4146,95446,20231223,74020961.0,0,0,0,0,196,163.0,3,0.8316326530612245,0.0153061224489795,137559.0,4.773006134969324,0,Control
4147,95458,20231223,74021008.0,0,0,0,0,927,767.0,9,0.8274002157497303,0.0097087378640776,351928.0,3.1186440677966085,0,Control
4148,95491,20231223,74021099.0,0,0,0,0,309,260.0,2,0.8414239482200647,0.0064724919093851,156577.0,4.130769230769232,0,Control
4149,95497,20231223,74021105.0,0,0,0,0,194,148.0,4,0.7628865979381443,0.0206185567010309,109521.0,4.277027027027025,0,Test
4150,95547,20231223,74021211.0,0,0,0,0,160,99.0,0,0.61875,0.0,81099.0,5.979797979797981,0,Control
4151,95586,20231223,74021302.0,424,71,20,312,363,304.0,9,0.7169811320754716,0.024793388429752,154844.0,3.526315789473685,0,Test
4152,95613,20231223,74021353.0,0,0,0,0,786,645.0,13,0.8206106870229007,0.0165394402035623,293690.0,3.1705426356589155,0,Control
4153,95666,20231223,74021462.0,0,0,0,0,134,78.0,4,0.582089552238806,0.0298507462686567,51723.0,4.346153846153847,0,Control
4154,95676,20231223,74021481.0,0,0,0,0,338,264.0,2,0.7810650887573964,0.0059171597633136,128121.0,3.356060606060608,0,Control
4155,95762,20231223,74021639.0,389,54,8,261,303,249.0,8,0.6401028277634961,0.0264026402640264,134552.0,3.3534136546184747,0,Test
4156,95792,20231223,74021733.0,0,0,0,0,183,118.0,3,0.644808743169399,0.0163934426229508,84136.0,4.788135593220341,0,Control
4157,95796,20231223,74021738.0,0,0,0,0,232,165.0,2,0.7112068965517241,0.0086206896551724,138808.0,4.266666666666667,0,Test
4158,95851,20231223,74021823.0,0,0,0,0,154,99.0,1,0.6428571428571429,0.0064935064935064,106823.0,5.050505050505053,0,Test
4159,95880,20231223,74021880.0,230,32,5,147,165,135.0,8,0.5869565217391305,0.0484848484848484,122110.0,4.185185185185182,0,Test
4160,95900,20231223,74021914.0,552,70,26,345,387,351.0,4,0.6358695652173914,0.0103359173126615,165597.0,3.279202279202281,0,Test
4161,95904,20231223,74021919.0,0,0,0,0,546,443.0,16,0.8113553113553114,0.0293040293040293,186526.0,2.997742663656884,0,Control
4162,95910,20231223,74021928.0,414,65,13,275,312,266.0,6,0.642512077294686,0.0192307692307692,150327.0,3.9360902255639103,0,Test
4163,95937,20231223,74021975.0,309,30,8,193,206,183.0,7,0.5922330097087378,0.0339805825242718,94030.0,3.5628415300546465,0,Test
4164,95940,20231223,74021978.0,232,29,4,138,149,129.0,3,0.5560344827586207,0.0201342281879194,90041.0,4.573643410852713,0,Test
4165,95977,20231223,74214453.0,0,0,0,0,783,625.0,12,0.7982120051085568,0.0153256704980842,380924.0,3.683200000000002,0,Control
4166,95981,20231223,74215106.0,750,114,23,483,565,494.0,23,0.6586666666666666,0.0407079646017699,218348.0,3.078947368421052,0,Test
4167,96039,20231223,74220627.0,0,0,0,0,126,91.0,0,0.7222222222222222,0.0,56168.0,4.131868131868132,0,Control
4168,96072,20231223,74220822.0,0,0,0,0,626,486.0,3,0.7763578274760383,0.0047923322683706,296728.0,4.043209876543209,0,Control
4169,96090,20231223,74220910.0,0,0,0,0,482,369.0,6,0.7655601659751037,0.0124481327800829,242194.0,3.644986449864496,0,Control
4170,96118,20231223,74221041.0,0,0,0,0,474,392.0,7,0.8270042194092827,0.0147679324894514,218499.0,3.51530612244898,0,Control
4171,96189,20231223,74221472.0,0,0,0,0,233,172.0,3,0.7381974248927039,0.0128755364806866,83016.0,3.5755813953488373,0,Control
4172,96213,20231223,74321666.0,1604,230,80,895,1075,931.0,40,0.580423940149626,0.0372093023255813,398342.0,3.059076262083782,0,Test
4173,96215,20231223,74321670.0,1019,140,64,556,941,373.0,25,0.366045142296369,0.026567481402763,157313.0,3.029490616621985,0,Test
4174,96236,20231223,74321719.0,0,0,0,0,274,198.0,2,0.7226277372262774,0.0072992700729927,92520.0,3.21717171717172,0,Control
4175,96238,20231223,74321722.0,0,0,0,0,488,408.0,6,0.8360655737704918,0.0122950819672131,233719.0,3.997549019607843,0,Control
4176,96302,20231223,74321861.0,0,0,0,0,269,215.0,3,0.7992565055762082,0.0111524163568773,132697.0,4.162790697674417,0,Control
4177,96306,20231223,74321865.0,0,0,0,0,304,203.0,8,0.6677631578947368,0.0263157894736842,116041.0,3.5320197044334973,0,Control
4178,96334,20231223,74321910.0,0,0,0,0,240,212.0,1,0.8833333333333333,0.0041666666666666,118383.0,3.7783018867924554,0,Control
4179,96353,20231224,74013270.0,1011,146,37,545,630,531.0,25,0.5252225519287834,0.0396825396825396,299550.0,3.4030131826742025,0,Test
4180,96366,20231224,74013406.0,0,0,0,0,303,248.0,7,0.8184818481848185,0.0231023102310231,121792.0,3.4637096774193563,0,Control
4181,96397,20231224,74016847.0,0,0,0,0,724,555.0,9,0.7665745856353591,0.0124309392265193,254324.0,2.9837837837837857,0,Control
4182,96406,20231224,74020378.0,0,0,0,0,862,596.0,7,0.691415313225058,0.0081206496519721,345904.0,3.750000000000001,0,Test
4183,96413,20231224,74020395.0,0,0,0,0,476,343.0,6,0.7205882352941176,0.0126050420168067,166640.0,3.3994169096209896,0,Test
4184,96432,20231224,74020449.0,660,103,13,434,694,543.0,15,0.8227272727272728,0.0216138328530259,269427.0,3.615101289134437,0,Test
4185,96450,20231224,74020492.0,0,0,0,0,1217,1064.0,18,0.8742810188989318,0.0147904683648315,577853.0,3.6137218045112807,0,Control
4186,96464,20231224,74020551.0,259,33,5,166,320,248.0,8,0.9575289575289576,0.025,133503.0,3.637096774193548,0,Test
4187,96492,20231224,74020634.0,0,0,0,0,245,232.0,0,0.946938775510204,0.0,141037.0,3.732758620689658,0,Test
4188,96500,20231224,74020653.0,0,0,0,0,317,230.0,0,0.7255520504731862,0.0,117619.0,3.4130434782608714,0,Test
4189,96505,20231224,74020660.0,158,20,5,87,97,85.0,2,0.5379746835443038,0.0206185567010309,45452.0,3.470588235294118,0,Test
4190,96512,20231224,74020667.0,0,0,0,0,248,213.0,4,0.8588709677419355,0.0161290322580645,150680.0,4.12206572769953,0,Test
4191,96569,20231224,74020828.0,351,90,11,249,280,254.0,9,0.7236467236467237,0.0321428571428571,135895.0,3.7047244094488176,0,Test
4192,96578,20231224,74020871.0,179,26,10,107,122,102.0,0,0.5698324022346368,0.0,58688.0,3.529411764705883,0,Test
4193,96591,20231224,74020908.0,0,0,0,0,141,102.0,2,0.723404255319149,0.0141843971631205,61310.0,4.637254901960784,0,Control
4194,96594,20231224,74020920.0,0,0,0,0,397,310.0,4,0.7808564231738035,0.0100755667506297,146359.0,3.116129032258065,0,Control
4195,96600,20231224,74020960.0,0,0,0,0,475,390.0,9,0.8210526315789474,0.0189473684210526,261945.0,3.9333333333333327,0,Test
4196,96601,20231224,74020961.0,0,0,0,0,173,138.0,2,0.7976878612716763,0.0115606936416184,103935.0,4.449275362318839,0,Control
4197,96613,20231224,74021008.0,0,0,0,0,869,722.0,12,0.8308400460299195,0.0138089758342922,358529.0,3.4085872576177305,0,Control
4198,96646,20231224,74021099.0,0,0,0,0,314,250.0,10,0.7961783439490446,0.0318471337579617,150996.0,4.147999999999998,0,Control
4199,96652,20231224,74021105.0,0,0,0,0,229,169.0,3,0.7379912663755459,0.0131004366812227,115989.0,3.93491124260355,0,Test
4200,96702,20231224,74021211.0,0,0,0,0,170,111.0,0,0.6529411764705882,0.0,83676.0,5.486486486486489,0,Control
4201,96741,20231224,74021302.0,365,67,16,275,324,266.0,6,0.7287671232876712,0.0185185185185185,143581.0,3.443609022556392,0,Test
4202,96768,20231224,74021353.0,0,0,0,0,714,567.0,9,0.7941176470588235,0.0126050420168067,280949.0,3.2857142857142856,0,Control
4203,96821,20231224,74021462.0,0,0,0,0,130,101.0,1,0.7769230769230769,0.0076923076923076,52638.0,3.485148514851486,0,Control
4204,96831,20231224,74021481.0,0,0,0,0,280,210.0,2,0.75,0.0071428571428571,90442.0,3.1428571428571423,0,Control
4205,96917,20231224,74021639.0,355,58,13,229,274,219.0,7,0.6169014084507042,0.0255474452554744,123869.0,3.506849315068492,0,Test
4206,96947,20231224,74021733.0,0,0,0,0,218,168.0,4,0.7706422018348624,0.018348623853211,145444.0,5.636904761904761,0,Control
4207,96951,20231224,74021738.0,0,0,0,0,224,152.0,0,0.6785714285714286,0.0,117659.0,3.9671052631578942,0,Test
4208,97006,20231224,74021823.0,0,0,0,0,169,106.0,0,0.6272189349112426,0.0,99264.0,4.528301886792454,0,Test
4209,97035,20231224,74021880.0,126,10,3,91,102,83.0,2,0.6587301587301587,0.0196078431372549,73223.0,4.16867469879518,0,Test
4210,97055,20231224,74021914.0,474,68,33,288,345,313.0,12,0.6603375527426161,0.0347826086956521,130547.0,2.9552715654952078,0,Test
4211,97059,20231224,74021919.0,0,0,0,0,242,201.0,3,0.8305785123966942,0.012396694214876,93236.0,3.253731343283582,0,Control
4212,97065,20231224,74021928.0,371,52,5,249,266,224.0,2,0.6037735849056604,0.0075187969924812,116657.0,3.767857142857144,0,Test
4213,97092,20231224,74021975.0,276,20,5,160,175,158.0,3,0.572463768115942,0.0171428571428571,71664.0,3.518987341772152,0,Test
4214,97095,20231224,74021978.0,228,38,11,142,164,131.0,5,0.5745614035087719,0.0304878048780487,77619.0,3.778625954198473,0,Test
4215,97132,20231224,74214453.0,0,0,0,0,576,451.0,6,0.7829861111111112,0.0104166666666666,248992.0,3.4678492239467875,0,Control
4216,97136,20231224,74215106.0,603,90,22,349,443,336.0,18,0.5572139303482587,0.0406320541760722,162588.0,3.2738095238095206,0,Test
4217,97195,20231224,74220627.0,0,0,0,0,134,105.0,1,0.7835820895522388,0.0074626865671641,70489.0,4.304761904761904,0,Control
4218,97229,20231224,74220822.0,0,0,0,0,598,461.0,2,0.7709030100334449,0.0033444816053511,271943.0,3.9175704989154014,0,Control
4219,97247,20231224,74220910.0,0,0,0,0,427,271.0,4,0.6346604215456675,0.009367681498829,163854.0,3.4760147601476024,0,Control
4220,97275,20231224,74221041.0,0,0,0,0,416,342.0,8,0.8221153846153846,0.0192307692307692,195372.0,3.418128654970759,0,Control
4221,97346,20231224,74221472.0,0,0,0,0,192,132.0,4,0.6875,0.0208333333333333,70413.0,3.674242424242424,0,Control
4222,97370,20231224,74321666.0,1364,164,58,743,868,761.0,27,0.5579178885630498,0.0311059907834101,362817.0,3.415243101182656,0,Test
4223,97372,20231224,74321670.0,647,74,22,345,463,297.0,19,0.4590417310664605,0.0410367170626349,140127.0,3.3939393939393936,0,Test
4224,97393,20231224,74321719.0,0,0,0,0,238,172.0,2,0.7226890756302521,0.0084033613445378,80104.0,3.3662790697674416,0,Control
4225,97395,20231224,74321722.0,0,0,0,0,450,332.0,4,0.7377777777777778,0.0088888888888888,162088.0,3.4156626506024117,0,Control
4226,97459,20231224,74321861.0,0,0,0,0,229,184.0,1,0.8034934497816594,0.0043668122270742,129409.0,4.782608695652178,0,Control
4227,97463,20231224,74321865.0,0,0,0,0,233,170.0,2,0.7296137339055794,0.0085836909871244,102439.0,3.61764705882353,0,Control
4228,97491,20231224,74321910.0,0,0,0,0,295,248.0,2,0.8406779661016949,0.0067796610169491,134789.0,3.4838709677419333,0,Control
4229,97511,20231225,74013270.0,1165,156,52,645,776,653.0,48,0.5605150214592275,0.0618556701030927,310105.0,2.9280245022970885,0,Test
4230,97524,20231225,74013406.0,0,0,0,0,176,138.0,4,0.7840909090909091,0.0227272727272727,62479.0,3.0652173913043463,0,Control
4231,97555,20231225,74016847.0,0,0,0,0,872,699.0,14,0.801605504587156,0.0160550458715596,279356.0,2.530758226037197,0,Control
4232,97564,20231225,74020378.0,0,0,0,0,511,344.0,6,0.6731898238747553,0.0117416829745596,186894.0,3.3982558139534875,0,Test
4233,97571,20231225,74020395.0,0,0,0,0,573,412.0,14,0.7190226876090751,0.0244328097731239,170438.0,2.919902912621362,0,Test
4234,97590,20231225,74020449.0,473,53,9,250,391,299.0,10,0.6321353065539113,0.0255754475703324,138730.0,3.414715719063543,0,Test
4235,97608,20231225,74020492.0,0,0,0,0,953,799.0,14,0.838405036726128,0.0146904512067156,389979.0,3.2365456821026264,0,Control
4236,97622,20231225,74020551.0,176,20,4,113,243,197.0,4,1.119318181818182,0.0164609053497942,99448.0,3.543147208121829,0,Test
4237,97650,20231225,74020634.0,0,0,0,0,116,94.0,0,0.8103448275862069,0.0,45535.0,3.127659574468085,0,Test
4238,97658,20231225,74020653.0,0,0,0,0,209,131.0,5,0.6267942583732058,0.0239234449760765,62376.0,3.0534351145038165,0,Test
4239,97663,20231225,74020660.0,135,22,6,58,74,58.0,6,0.4296296296296296,0.081081081081081,31074.0,3.2758620689655173,0,Test
4240,97670,20231225,74020667.0,0,0,0,0,168,129.0,1,0.7678571428571429,0.0059523809523809,79906.0,3.775193798449613,0,Test
4241,97727,20231225,74020828.0,429,98,24,290,347,310.0,18,0.7226107226107226,0.0518731988472622,147776.0,3.280645161290324,0,Test
4242,97736,20231225,74020871.0,175,30,7,100,123,98.0,6,0.56,0.048780487804878,46612.0,3.204081632653063,0,Test
4243,97750,20231225,74020908.0,0,0,0,0,132,98.0,2,0.7424242424242424,0.0151515151515151,54374.0,4.357142857142855,0,Control
4244,97753,20231225,74020920.0,0,0,0,0,476,371.0,8,0.7794117647058824,0.0168067226890756,163233.0,2.973045822102424,0,Control
4245,97759,20231225,74020960.0,0,0,0,0,353,290.0,7,0.8215297450424929,0.0198300283286118,158124.0,3.0655172413793097,0,Test
4246,97760,20231225,74020961.0,0,0,0,0,113,82.0,1,0.7256637168141593,0.0088495575221238,49426.0,3.5975609756097566,0,Control
4247,97772,20231225,74021008.0,0,0,0,0,804,686.0,15,0.8532338308457711,0.0186567164179104,288074.0,3.00728862973761,0,Control
4248,97805,20231225,74021099.0,0,0,0,0,151,121.0,3,0.8013245033112583,0.0198675496688741,66887.0,3.801652892561984,0,Control
4249,97811,20231225,74021105.0,0,0,0,0,162,51.0,1,0.3148148148148148,0.0061728395061728,34092.0,4.176470588235295,0,Test
4250,97861,20231225,74021211.0,0,0,0,0,144,89.0,1,0.6180555555555556,0.0069444444444444,65533.0,5.224719101123596,0,Control
4251,97900,20231225,74021302.0,272,34,14,196,243,153.0,1,0.5625,0.0041152263374485,73630.0,3.117647058823527,0,Test
4252,97927,20231225,74021353.0,0,0,0,0,854,684.0,14,0.8009367681498829,0.0163934426229508,288635.0,2.828947368421053,0,Control
4253,97980,20231225,74021462.0,0,0,0,0,104,79.0,0,0.7596153846153846,0.0,40262.0,3.4177215189873418,0,Control
4254,97990,20231225,74021481.0,0,0,0,0,283,223.0,1,0.7879858657243817,0.0035335689045936,95481.0,2.995515695067265,0,Control
4255,98076,20231225,74021639.0,214,29,8,135,163,123.0,6,0.5747663551401869,0.0368098159509202,56368.0,3.121951219512196,0,Test
4256,98106,20231225,74021733.0,0,0,0,0,250,182.0,7,0.728,0.028,121858.0,4.637362637362637,0,Control
4257,98110,20231225,74021738.0,0,0,0,0,185,122.0,0,0.6594594594594595,0.0,94849.0,4.024590163934426,0,Test
4258,98165,20231225,74021823.0,0,0,0,0,160,95.0,1,0.59375,0.00625,84745.0,4.210526315789474,0,Test
4259,98194,20231225,74021880.0,121,8,4,73,85,54.0,0,0.4462809917355372,0.0,43097.0,3.796296296296297,0,Test
4260,98214,20231225,74021914.0,628,69,35,403,465,429.0,18,0.6831210191082803,0.0387096774193548,157880.0,2.6083916083916097,0,Test
4261,98218,20231225,74021919.0,0,0,0,0,438,353.0,12,0.8059360730593608,0.0273972602739726,138714.0,2.8640226628895213,0,Control
4262,98224,20231225,74021928.0,185,16,8,113,126,106.0,2,0.572972972972973,0.0158730158730158,50440.0,3.3018867924528297,0,Test
4263,98251,20231225,74021975.0,225,26,5,132,163,122.0,10,0.5422222222222223,0.0613496932515337,56858.0,3.524590163934426,0,Test
4264,98254,20231225,74021978.0,207,25,4,126,140,115.0,5,0.5555555555555556,0.0357142857142857,68554.0,3.973913043478263,0,Test
4265,98291,20231225,74214453.0,0,0,0,0,572,449.0,10,0.784965034965035,0.0174825174825174,238667.0,3.2427616926503324,0,Control
4266,98295,20231225,74215106.0,749,83,33,474,550,489.0,21,0.6528704939919893,0.0381818181818181,192785.0,2.795501022494885,0,Test
4267,98354,20231225,74220627.0,0,0,0,0,127,91.0,2,0.7165354330708661,0.0157480314960629,49443.0,3.351648351648352,0,Control
4268,98388,20231225,74220822.0,0,0,0,0,474,341.0,4,0.7194092827004219,0.0084388185654008,170167.0,3.416422287390026,0,Control
4269,98406,20231225,74220910.0,0,0,0,0,320,232.0,4,0.725,0.0125,126253.0,3.159482758620689,0,Control
4270,98434,20231225,74221041.0,0,0,0,0,386,237.0,5,0.6139896373056994,0.0129533678756476,106957.0,2.8987341772151898,0,Control
4271,98505,20231225,74221472.0,0,0,0,0,167,102.0,3,0.6107784431137725,0.0179640718562874,52938.0,3.333333333333334,0,Control
4272,98529,20231225,74321666.0,1357,177,58,672,810,678.0,46,0.4996315401621223,0.0567901234567901,295079.0,2.992625368731564,0,Test
4273,98531,20231225,74321670.0,1075,140,44,628,1133,422.0,37,0.3925581395348837,0.0326566637246248,177768.0,2.957345971563983,0,Test
4274,98552,20231225,74321719.0,0,0,0,0,206,154.0,2,0.7475728155339806,0.0097087378640776,57842.0,2.5844155844155847,0,Control
4275,98554,20231225,74321722.0,0,0,0,0,328,247.0,5,0.7530487804878049,0.0152439024390243,128635.0,3.3886639676113357,0,Control
4276,98618,20231225,74321861.0,0,0,0,0,165,128.0,3,0.7757575757575758,0.0181818181818181,64469.0,3.656250000000002,0,Control
4277,98622,20231225,74321865.0,0,0,0,0,197,134.0,4,0.6802030456852792,0.0203045685279187,69831.0,3.171641791044777,0,Control
4278,98650,20231225,74321910.0,0,0,0,0,226,178.0,8,0.7876106194690266,0.0353982300884955,85619.0,3.3595505617977524,0,Control
4279,98672,20231226,74013270.0,1310,176,45,740,879,735.0,52,0.5610687022900763,0.0591581342434584,377465.0,3.262585034013606,0,Test
4280,98685,20231226,74013406.0,0,0,0,0,261,194.0,2,0.7432950191570882,0.0076628352490421,77692.0,2.804123711340205,0,Control
4281,98716,20231226,74016847.0,0,0,0,0,866,719.0,13,0.8302540415704388,0.0150115473441108,290791.0,2.5479833101529934,0,Control
4282,98725,20231226,74020378.0,0,0,0,0,617,412.0,4,0.6677471636952999,0.006482982171799,225767.0,3.439320388349513,0,Test
4283,98732,20231226,74020395.0,0,0,0,0,692,444.0,13,0.6416184971098265,0.01878612716763,210489.0,3.024774774774774,0,Test
4284,98751,20231226,74020449.0,475,46,10,300,504,389.0,7,0.8189473684210526,0.0138888888888888,177636.0,3.2339331619537264,0,Test
4285,98769,20231226,74020492.0,0,0,0,0,977,807.0,12,0.8259979529170931,0.0122824974411463,404587.0,3.3358116480793063,0,Control
4286,98783,20231226,74020551.0,151,14,3,102,259,213.0,7,1.4105960264900663,0.027027027027027,102382.0,3.305164319248829,0,Test
4287,98811,20231226,74020634.0,0,0,0,0,169,152.0,1,0.8994082840236687,0.0059171597633136,74292.0,3.032894736842106,0,Test
4288,98819,20231226,74020653.0,0,0,0,0,130,65.0,0,0.5,0.0,27590.0,3.107692307692308,0,Test
4289,98824,20231226,74020660.0,131,18,3,77,90,78.0,4,0.5954198473282443,0.0444444444444444,37196.0,3.243589743589744,0,Test
4290,98831,20231226,74020667.0,0,0,0,0,194,160.0,3,0.8247422680412371,0.0154639175257731,103213.0,3.83125,0,Test
4291,98887,20231226,74020828.0,444,90,21,300,342,314.0,8,0.7072072072072072,0.023391812865497,142245.0,3.03184713375796,0,Test
4292,98896,20231226,74020871.0,170,32,6,109,127,108.0,5,0.6352941176470588,0.0393700787401574,54121.0,3.1574074074074074,0,Test
4293,98910,20231226,74020908.0,0,0,0,0,133,108.0,3,0.8120300751879699,0.0225563909774436,56800.99,3.907407407407408,0,Control
4294,98913,20231226,74020920.0,0,0,0,0,508,386.0,8,0.7598425196850394,0.0157480314960629,169715.0,2.94559585492228,0,Control
4295,98919,20231226,74020960.0,0,0,0,0,444,362.0,7,0.8153153153153153,0.0157657657657657,194854.0,3.102209944751382,0,Test
4296,98920,20231226,74020961.0,0,0,0,0,54,23.0,0,0.4259259259259259,0.0,20156.0,5.173913043478261,0,Control
4297,98932,20231226,74021008.0,0,0,0,0,842,667.0,7,0.7921615201900237,0.008313539192399,279626.0,3.001499250374809,0,Control
4298,98965,20231226,74021099.0,0,0,0,0,167,116.0,4,0.6946107784431138,0.0239520958083832,71135.0,3.827586206896552,0,Control
4299,98971,20231226,74021105.0,0,0,0,0,155,117.0,0,0.7548387096774194,0.0,77211.0,4.04273504273504,0,Test
4300,99021,20231226,74021211.0,0,0,0,0,209,110.0,0,0.5263157894736842,0.0,78133.0,5.436363636363635,0,Control
4301,99060,20231226,74021302.0,338,47,10,241,277,217.0,7,0.6420118343195266,0.0252707581227436,107218.0,3.2350230414746544,0,Test
4302,99087,20231226,74021353.0,0,0,0,0,891,716.0,15,0.8035914702581369,0.0168350168350168,301880.0,2.875698324022348,0,Control
4303,99140,20231226,74021462.0,0,0,0,0,112,80.0,3,0.7142857142857143,0.0267857142857142,41356.0,3.5125000000000006,0,Control
4304,99150,20231226,74021481.0,0,0,0,0,275,211.0,4,0.7672727272727272,0.0145454545454545,99706.0,3.28436018957346,0,Control
4305,99236,20231226,74021639.0,328,39,10,202,232,193.0,10,0.5884146341463414,0.043103448275862,104890.0,3.595854922279793,0,Test
4306,99266,20231226,74021733.0,0,0,0,0,180,121.0,2,0.6722222222222223,0.0111111111111111,95174.0,5.1652892561983474,0,Control
4307,99270,20231226,74021738.0,0,0,0,0,235,163.0,0,0.6936170212765957,0.0,117322.0,3.822085889570552,0,Test
4308,99325,20231226,74021823.0,0,0,0,0,151,101.0,0,0.6688741721854304,0.0,73087.0,3.425742574257425,0,Test
4309,99354,20231226,74021880.0,146,17,5,97,118,82.0,5,0.5616438356164384,0.0423728813559322,68866.0,4.073170731707316,0,Test
4310,99374,20231226,74021914.0,736,97,34,455,525,487.0,25,0.6616847826086957,0.0476190476190476,189312.0,2.7310061601642674,0,Test
4311,99378,20231226,74021919.0,0,0,0,0,436,352.0,7,0.8073394495412844,0.0160550458715596,139923.0,2.931818181818183,0,Control
4312,99384,20231226,74021928.0,276,46,6,164,190,139.0,10,0.5036231884057971,0.0526315789473684,69330.0,3.3525179856115117,0,Test
4313,99412,20231226,74021975.0,297,25,5,177,194,177.0,7,0.5959595959595959,0.0360824742268041,79779.0,3.2768361581920917,0,Test
4314,99415,20231226,74021978.0,236,24,4,152,168,136.0,5,0.576271186440678,0.0297619047619047,79439.0,3.977941176470586,0,Test
4315,99451,20231226,74214453.0,0,0,0,0,610,494.0,6,0.8098360655737705,0.0098360655737704,274659.0,3.3704453441295525,0,Control
4316,99455,20231226,74215106.0,828,130,34,546,635,562.0,35,0.678743961352657,0.0551181102362204,242920.0,2.9306049822064097,0,Test
4317,99514,20231226,74220627.0,0,0,0,0,94,70.0,0,0.7446808510638298,0.0,37991.0,3.871428571428571,0,Control
4318,99548,20231226,74220822.0,0,0,0,0,469,309.0,1,0.6588486140724946,0.0021321961620469,170144.0,3.4368932038834954,0,Control
4319,99566,20231226,74220910.0,0,0,0,0,348,244.0,5,0.7011494252873564,0.014367816091954,148149.0,3.5409836065573783,0,Control
4320,99594,20231226,74221041.0,0,0,0,0,364,284.0,4,0.7802197802197802,0.0109890109890109,126426.0,2.9612676056338003,0,Control
4321,99665,20231226,74221472.0,0,0,0,0,182,144.0,1,0.7912087912087912,0.0054945054945054,68555.0,3.222222222222221,0,Control
4322,99689,20231226,74321666.0,1305,131,57,760,904,765.0,40,0.5862068965517241,0.0442477876106194,316466.0,2.890196078431374,0,Test
4323,99691,20231226,74321670.0,1193,157,61,681,848,734.0,57,0.6152556580050293,0.0672169811320754,289999.0,2.7125340599455017,0,Test
4324,99712,20231226,74321719.0,0,0,0,0,190,135.0,1,0.7105263157894737,0.0052631578947368,54031.0,2.955555555555556,0,Control
4325,99714,20231226,74321722.0,0,0,0,0,390,294.0,7,0.7538461538461538,0.0179487179487179,139542.0,3.159863945578231,0,Control
4326,99778,20231226,74321861.0,0,0,0,0,154,127.0,4,0.8246753246753247,0.0259740259740259,72379.0,3.811023622047244,0,Control
4327,99782,20231226,74321865.0,0,0,0,0,219,165.0,2,0.7534246575342466,0.0091324200913242,83148.0,2.8848484848484834,0,Control
4328,99810,20231226,74321910.0,0,0,0,0,189,154.0,5,0.8148148148148148,0.0264550264550264,72858.0,2.96103896103896,0,Control
4329,99831,20231227,74013270.0,1286,182,63,724,868,755.0,42,0.5870917573872473,0.0483870967741935,405561.0,3.3099337748344384,0,Test
4330,99844,20231227,74013406.0,0,0,0,0,361,159.0,1,0.4404432132963989,0.002770083102493,70578.0,3.201257861635221,0,Control
4331,99875,20231227,74016847.0,0,0,0,0,876,713.0,10,0.8139269406392694,0.0114155251141552,302665.0,2.7840112201963536,0,Control
4332,99884,20231227,74020378.0,0,0,0,0,649,441.0,6,0.6795069337442219,0.0092449922958397,243651.0,3.2290249433106566,0,Test
4333,99891,20231227,74020395.0,0,0,0,0,594,454.0,13,0.7643097643097643,0.0218855218855218,205205.0,3.013215859030836,0,Test
4334,99910,20231227,74020449.0,590,57,10,342,597,433.0,9,0.7338983050847457,0.0150753768844221,209186.0,3.263279445727483,0,Test
4335,99928,20231227,74020492.0,0,0,0,0,1058,894.0,17,0.8449905482041588,0.0160680529300567,433308.0,3.2438478747203607,0,Control
4336,99942,20231227,74020551.0,208,29,9,140,298,232.0,9,1.1153846153846154,0.0302013422818791,118256.0,3.508620689655172,0,Test
4337,99970,20231227,74020634.0,0,0,0,0,188,165.0,0,0.8776595744680851,0.0,85123.0,3.151515151515151,0,Test
4338,99978,20231227,74020653.0,0,0,0,0,262,159.0,0,0.6068702290076335,0.0,61065.0,2.6540880503144657,0,Test
4339,99983,20231227,74020660.0,148,21,6,76,100,69.0,3,0.4662162162162162,0.03,32143.0,3.1594202898550727,0,Test
4340,99990,20231227,74020667.0,0,0,0,0,228,197.0,3,0.8640350877192983,0.0131578947368421,122547.0,3.497461928934013,0,Test
4341,100047,20231227,74020828.0,385,64,14,278,344,285.0,14,0.7402597402597403,0.0406976744186046,119528.0,2.842105263157894,0,Test
4342,100056,20231227,74020871.0,145,37,9,81,95,85.0,3,0.5862068965517241,0.031578947368421,48275.0,3.6941176470588224,0,Test
4343,100070,20231227,74020908.0,0,0,0,0,153,123.0,6,0.803921568627451,0.0392156862745098,65231.0,4.178861788617887,0,Control
4344,100073,20231227,74020920.0,0,0,0,0,510,423.0,10,0.8294117647058824,0.0196078431372549,168699.0,2.6903073286052037,0,Control
4345,100079,20231227,74020960.0,0,0,0,0,402,326.0,6,0.8109452736318408,0.0149253731343283,187652.0,3.3282208588957043,0,Test
4346,100080,20231227,74020961.0,0,0,0,0,117,86.0,1,0.7350427350427351,0.0085470085470085,49583.0,3.348837209302326,0,Control
4347,100092,20231227,74021008.0,0,0,0,0,923,777.0,5,0.8418201516793066,0.0054171180931744,333415.0,3.0450450450450446,0,Control
4348,100124,20231227,74021099.0,0,0,0,0,153,114.0,3,0.7450980392156863,0.0196078431372549,66433.0,4.026315789473685,0,Control
4349,100130,20231227,74021105.0,0,0,0,0,120,103.0,0,0.8583333333333333,0.0,75809.0,4.223300970873787,0,Test
4350,100180,20231227,74021211.0,0,0,0,0,162,95.0,1,0.5864197530864198,0.0061728395061728,68863.0,5.210526315789473,0,Control
4351,100219,20231227,74021302.0,304,59,10,218,255,229.0,14,0.7532894736842105,0.0549019607843137,116140.0,3.218340611353712,0,Test
4352,100246,20231227,74021353.0,0,0,0,0,863,698.0,9,0.8088064889918888,0.0104287369640787,306630.0,2.849570200573069,0,Control
4353,100299,20231227,74021462.0,0,0,0,0,127,91.0,2,0.7165354330708661,0.0157480314960629,45541.0,3.2527472527472527,0,Control
4354,100309,20231227,74021481.0,0,0,0,0,347,111.0,1,0.3198847262247838,0.0028818443804034,42837.0,2.9009009009009006,0,Control
4355,100395,20231227,74021639.0,407,65,15,252,314,260.0,23,0.6388206388206388,0.0732484076433121,127550.0,3.1384615384615397,0,Test
4356,100425,20231227,74021733.0,0,0,0,0,309,244.0,4,0.7896440129449838,0.0129449838187702,178562.0,4.627049180327871,0,Control
4357,100429,20231227,74021738.0,0,0,0,0,285,218.0,2,0.7649122807017544,0.0070175438596491,193874.0,4.715596330275229,0,Test
4358,100484,20231227,74021823.0,0,0,0,0,192,136.0,0,0.7083333333333334,0.0,109120.0,3.8897058823529407,0,Test
4359,100512,20231227,74021880.0,161,18,1,104,123,88.0,6,0.546583850931677,0.048780487804878,69963.0,3.727272727272727,0,Test
4360,100532,20231227,74021914.0,674,86,30,443,507,463.0,15,0.6869436201780416,0.029585798816568,188471.0,2.7948164146868253,0,Test
4361,100536,20231227,74021919.0,0,0,0,0,463,359.0,15,0.775377969762419,0.0323974082073434,151957.0,2.997214484679663,0,Control
4362,100542,20231227,74021928.0,267,29,5,168,186,153.0,3,0.5730337078651685,0.0161290322580645,77316.0,3.562091503267975,0,Test
4363,100570,20231227,74021975.0,274,21,3,164,181,152.0,4,0.5547445255474452,0.0220994475138121,62892.0,3.0,0,Test
4364,100573,20231227,74021978.0,312,32,7,181,210,163.0,10,0.5224358974358975,0.0476190476190476,89990.0,3.8159509202453976,0,Test
4365,100609,20231227,74214453.0,0,0,0,0,757,598.0,5,0.7899603698811096,0.0066050198150594,334001.0,3.396321070234115,0,Control
4366,100613,20231227,74215106.0,839,118,48,530,646,566.0,30,0.6746126340882003,0.0464396284829721,228280.0,2.851590106007067,0,Test
4367,100672,20231227,74220627.0,0,0,0,0,116,87.0,2,0.75,0.0172413793103448,54189.0,3.873563218390803,0,Control
4368,100706,20231227,74220822.0,0,0,0,0,550,434.0,4,0.7890909090909091,0.0072727272727272,227812.0,3.691244239631336,0,Control
4369,100724,20231227,74220910.0,0,0,0,0,455,326.0,6,0.7164835164835165,0.0131868131868131,216314.0,3.886503067484663,0,Control
4370,100752,20231227,74221041.0,0,0,0,0,424,355.0,7,0.8372641509433962,0.0165094339622641,177630.0,3.160563380281689,0,Control
4371,100823,20231227,74221472.0,0,0,0,0,156,119.0,1,0.7628205128205128,0.0064102564102564,55975.0,3.067226890756302,0,Control
4372,100847,20231227,74321666.0,1409,188,68,743,888,779.0,49,0.552874378992193,0.0551801801801801,337537.0,2.9820282413350467,0,Test
4373,100849,20231227,74321670.0,1187,140,76,704,880,790.0,55,0.6655433866891323,0.0625,324528.0,2.9075949367088594,0,Test
4374,100870,20231227,74321719.0,0,0,0,0,208,160.0,4,0.7692307692307693,0.0192307692307692,58559.0,2.66875,0,Control
4375,100872,20231227,74321722.0,0,0,0,0,428,321.0,2,0.75,0.0046728971962616,156301.0,3.168224299065417,0,Control
4376,100936,20231227,74321861.0,0,0,0,0,201,150.0,2,0.746268656716418,0.0099502487562189,80351.0,3.713333333333333,0,Control
4377,100940,20231227,74321865.0,0,0,0,0,267,211.0,2,0.7902621722846442,0.0074906367041198,98985.0,2.876777251184836,0,Control
4378,100969,20231227,74321910.0,0,0,0,0,254,205.0,2,0.8070866141732284,0.0078740157480314,98751.0,3.073170731707317,0,Control
4379,100988,20240103,74013270.0,10,1,0,5,5,8.0,0,0.8,0.0,8313.0,5.125,0,Test
4380,100991,20240103,74016847.0,0,0,0,0,4,2.0,0,0.5,0.0,1096.0,4.5,0,Control
4381,100999,20240103,74020551.0,1,0,0,0,0,0.0,0,0.0,,,,0,Test
4382,101016,20240103,74021008.0,0,0,0,0,10,8.0,0,0.8,0.0,4407.0,3.125,0,Control
4383,101074,20240103,74214453.0,0,0,0,0,2,2.0,0,1.0,0.0,639.0,3.0,0,Control
4384,101086,20240103,74221041.0,0,0,0,0,2,2.0,0,1.0,0.0,649.0,1.5,0,Control
4485,103405,20240106,74013270.0,697,83,33,382,490,385.0,26,0.5523672883787661,0.0530612244897959,236248.0,3.4545454545454533,0,Test
4486,103418,20240106,74013406.0,0,0,0,0,269,205.0,3,0.7620817843866171,0.0111524163568773,97684.0,3.282926829268293,0,Control
4487,103449,20240106,74016847.0,0,0,0,0,601,461.0,9,0.7670549084858569,0.0149750415973377,231634.0,2.984815618221257,0,Control
4488,103458,20240106,74020378.0,0,0,0,0,777,529.0,9,0.6808236808236808,0.0115830115830115,363552.0,4.1039697542533045,0,Test
4489,103465,20240106,74020395.0,0,0,0,0,383,271.0,7,0.7075718015665796,0.0182767624020887,146045.0,3.3874538745387444,0,Test
4490,103484,20240106,74020449.0,896,98,12,581,964,527.0,12,0.5881696428571429,0.0124481327800829,265881.0,3.552182163187856,0,Test
4491,103501,20240106,74020492.0,0,0,0,0,1239,1078.0,12,0.8700564971751412,0.009685230024213,616569.0,3.882189239332096,0,Control
4492,103516,20240106,74020551.0,313,21,3,196,379,312.0,3,0.9968051118210862,0.0079155672823219,188867.0,4.08333333333333,0,Test
4493,103544,20240106,74020634.0,0,0,0,0,235,211.0,1,0.8978723404255319,0.0042553191489361,143721.0,4.099526066350711,0,Test
4494,103552,20240106,74020653.0,0,0,0,0,154,134.0,0,0.8701298701298701,0.0,81291.0,3.664179104477612,0,Test
4495,103557,20240106,74020660.0,257,38,10,162,184,162.0,7,0.6303501945525292,0.0380434782608695,81549.0,3.327160493827161,0,Test
4496,103564,20240106,74020667.0,0,0,0,0,169,141.0,2,0.834319526627219,0.0118343195266272,101876.0,4.29078014184397,0,Test
4497,103621,20240106,74020828.0,246,64,11,156,188,159.0,9,0.6463414634146342,0.0478723404255319,79269.0,3.0628930817610054,0,Test
4498,103630,20240106,74020871.0,127,27,7,73,90,69.0,3,0.5433070866141733,0.0333333333333333,39106.0,3.724637681159421,0,Test
4499,103644,20240106,74020908.0,0,0,0,0,196,163.0,0,0.8316326530612245,0.0,109777.0,5.000000000000001,0,Control
4500,103647,20240106,74020920.0,0,0,0,0,336,252.0,5,0.75,0.0148809523809523,123808.0,3.059523809523811,0,Control
4501,103653,20240106,74020960.0,0,0,0,0,309,237.0,3,0.7669902912621359,0.0097087378640776,152397.0,3.717299578059072,0,Test
4502,103654,20240106,74020961.0,0,0,0,0,237,192.0,2,0.810126582278481,0.0084388185654008,150723.0,4.541666666666668,0,Control
4503,103666,20240106,74021008.0,0,0,0,0,704,542.0,10,0.7698863636363636,0.0142045454545454,296471.0,3.7970479704797055,0,Control
4504,103700,20240106,74021099.0,0,0,0,0,210,195.0,2,0.9285714285714286,0.0095238095238095,141322.0,4.948717948717949,0,Control
4505,103706,20240106,74021105.0,0,0,0,0,147,106.0,0,0.7210884353741497,0.0,76235.0,4.037735849056603,0,Test
4506,103754,20240106,74021211.0,0,0,0,0,239,156.0,0,0.6527196652719666,0.0,120586.0,5.756410256410256,0,Control
4507,103793,20240106,74021302.0,336,58,8,258,288,258.0,13,0.7678571428571429,0.0451388888888888,149870.0,3.7209302325581386,0,Test
4508,103818,20240106,74021353.0,0,0,0,0,520,418.0,8,0.8038461538461539,0.0153846153846153,232123.0,3.5622009569377973,0,Control
4509,103871,20240106,74021462.0,0,0,0,0,136,92.0,0,0.6764705882352942,0.0,58118.0,3.6630434782608696,0,Control
4510,103881,20240106,74021481.0,0,0,0,0,307,238.0,3,0.7752442996742671,0.009771986970684,103957.0,3.1638655462184886,0,Control
4511,103966,20240106,74021639.0,318,37,8,222,259,218.0,13,0.6855345911949685,0.0501930501930501,136076.0,3.7660550458715623,0,Test
4512,103996,20240106,74021733.0,0,0,0,0,259,214.0,7,0.8262548262548263,0.027027027027027,173376.0,4.873831775700933,0,Control
4513,104000,20240106,74021738.0,0,0,0,0,375,271.0,0,0.7226666666666667,0.0,239985.0,4.808118081180812,0,Test
4514,104055,20240106,74021823.0,0,0,0,0,359,247.0,3,0.6880222841225627,0.0083565459610027,242020.0,5.097165991902835,0,Test
4515,104082,20240106,74021880.0,157,13,2,64,77,67.0,8,0.4267515923566879,0.1038961038961039,53153.0,3.2835820895522376,0,Test
4516,104102,20240106,74021914.0,336,43,15,219,247,214.0,3,0.6369047619047619,0.0121457489878542,112519.0,3.411214953271027,0,Test
4517,104106,20240106,74021919.0,0,0,0,0,299,244.0,4,0.8160535117056856,0.0133779264214046,132322.0,3.614754098360656,0,Control
4518,104112,20240106,74021928.0,319,48,3,251,265,236.0,3,0.7398119122257053,0.0113207547169811,144315.0,4.084745762711866,0,Test
4519,104138,20240106,74021975.0,211,31,5,150,170,130.0,7,0.6161137440758294,0.0411764705882352,66307.0,3.5230769230769226,0,Test
4520,104141,20240106,74021978.0,372,45,9,231,253,206.0,4,0.553763440860215,0.0158102766798418,129406.0,4.276699029126214,0,Test
4521,104178,20240106,74214453.0,0,0,0,0,733,593.0,5,0.8090040927694406,0.0068212824010914,385747.0,4.047217537942661,0,Control
4522,104182,20240106,74215106.0,457,59,23,258,313,271.0,11,0.5929978118161926,0.0351437699680511,131618.0,3.306273062730628,0,Test
4523,104241,20240106,74220627.0,0,0,0,0,99,74.0,0,0.7474747474747475,0.0,48548.0,4.229729729729731,0,Control
4524,104275,20240106,74220822.0,0,0,0,0,618,476.0,3,0.7702265372168284,0.0048543689320388,282624.0,3.859243697478989,0,Control
4525,104293,20240106,74220910.0,0,0,0,0,434,283.0,6,0.652073732718894,0.0138248847926267,175628.0,3.5901060070671376,0,Control
4526,104321,20240106,74221041.0,0,0,0,0,392,291.0,5,0.7423469387755102,0.0127551020408163,163123.0,3.522336769759448,0,Control
4527,104392,20240106,74221472.0,0,0,0,0,180,139.0,0,0.7722222222222223,0.0,80084.0,3.83453237410072,0,Control
4528,104416,20240106,74321666.0,1131,146,55,677,790,691.0,26,0.6109637488947833,0.0329113924050632,334283.0,3.532561505065127,0,Test
4529,104418,20240106,74321670.0,547,62,22,256,310,268.0,22,0.489945155393053,0.0709677419354838,142436.0,3.4402985074626877,0,Test
4530,104439,20240106,74321719.0,0,0,0,0,229,174.0,4,0.759825327510917,0.0174672489082969,82919.0,3.4425287356321843,0,Control
4531,104441,20240106,74321722.0,0,0,0,0,469,396.0,13,0.8443496801705757,0.0277185501066098,239962.0,3.8510101010101017,0,Control
4532,104504,20240106,74321861.0,0,0,0,0,87,72.0,3,0.8275862068965517,0.0344827586206896,50123.0,4.416666666666667,0,Control
4533,104508,20240106,74321865.0,0,0,0,0,209,152.0,3,0.7272727272727273,0.0143540669856459,93896.0,3.5921052631578947,0,Control
4534,104536,20240106,74321910.0,0,0,0,0,341,295.0,2,0.8651026392961877,0.0058651026392961,177567.0,3.803389830508475,0,Control
4535,104559,20240107,74013270.0,674,94,22,423,523,385.0,17,0.5712166172106825,0.0325047801147227,239058.0,3.477922077922076,0,Test
4536,104572,20240107,74013406.0,0,0,0,0,285,235.0,4,0.8245614035087719,0.0140350877192982,132960.0,3.7659574468085104,0,Control
4537,104603,20240107,74016847.0,0,0,0,0,510,392.0,9,0.7686274509803922,0.0176470588235294,210675.0,3.196428571428572,0,Control
4538,104612,20240107,74020378.0,0,0,0,0,856,605.0,9,0.7067757009345794,0.0105140186915887,435372.0,4.380165289256201,0,Test
4539,104619,20240107,74020395.0,0,0,0,0,506,353.0,4,0.6976284584980237,0.0079051383399209,182367.0,3.2832861189801696,0,Test
4540,104637,20240107,74020449.0,825,109,11,545,899,465.0,15,0.5636363636363636,0.0166852057842046,219926.0,3.602150537634408,0,Test
4541,104654,20240107,74020492.0,0,0,0,0,1243,1058.0,17,0.8511665325824618,0.0136765888978278,612712.0,3.882797731568998,0,Control
4542,104669,20240107,74020551.0,246,25,5,143,327,200.0,4,0.8130081300813008,0.0122324159021406,114281.0,3.9499999999999993,0,Test
4543,104697,20240107,74020634.0,0,0,0,0,249,234.0,0,0.9397590361445785,0.0,138922.0,3.7008547008547006,0,Test
4544,104705,20240107,74020653.0,0,0,0,0,308,246.0,1,0.7987012987012987,0.0032467532467532,144362.0,3.65040650406504,0,Test
4545,104710,20240107,74020660.0,248,35,8,164,187,158.0,7,0.6370967741935484,0.0374331550802139,74458.0,2.9303797468354422,0,Test
4546,104717,20240107,74020667.0,0,0,0,0,230,187.0,2,0.8130434782608695,0.008695652173913,134758.0,4.085561497326204,0,Test
4547,104774,20240107,74020828.0,193,48,3,131,146,127.0,4,0.6580310880829016,0.0273972602739726,78617.0,4.007874015748031,0,Test
4548,104783,20240107,74020871.0,104,7,4,71,77,65.0,0,0.625,0.0,41274.0,3.538461538461537,0,Test
4549,104797,20240107,74020908.0,0,0,0,0,180,135.0,4,0.75,0.0222222222222222,77454.0,4.392592592592592,0,Control
4550,104800,20240107,74020920.0,0,0,0,0,340,260.0,2,0.7647058823529411,0.0058823529411764,132120.0,3.234615384615384,0,Control
4551,104806,20240107,74020960.0,0,0,0,0,332,273.0,2,0.822289156626506,0.0060240963855421,183773.0,3.985347985347986,0,Test
4552,104807,20240107,74020961.0,0,0,0,0,268,210.0,4,0.7835820895522388,0.0149253731343283,170340.0,4.847619047619046,0,Control
4553,104819,20240107,74021008.0,0,0,0,0,648,505.0,18,0.779320987654321,0.0277777777777777,268725.0,3.510891089108911,0,Control
4554,104853,20240107,74021099.0,0,0,0,0,321,288.0,4,0.897196261682243,0.0124610591900311,200164.0,4.881944444444447,0,Control
4555,104859,20240107,74021105.0,0,0,0,0,196,141.0,1,0.7193877551020408,0.0051020408163265,130796.0,5.028368794326239,0,Test
4556,104909,20240107,74021211.0,0,0,0,0,200,57.0,0,0.285,0.0,37128.0,5.017543859649123,0,Control
4557,104948,20240107,74021302.0,349,56,7,279,316,266.0,10,0.7621776504297995,0.0316455696202531,139078.0,3.4135338345864663,0,Test
4558,104974,20240107,74021353.0,0,0,0,0,370,290.0,7,0.7837837837837838,0.0189189189189189,165763.0,3.631034482758622,0,Control
4559,105027,20240107,74021462.0,0,0,0,0,110,76.0,1,0.6909090909090909,0.009090909090909,46470.0,3.631578947368421,0,Control
4560,105037,20240107,74021481.0,0,0,0,0,246,191.0,1,0.7764227642276422,0.0040650406504065,96197.0,3.460732984293195,0,Control
4561,105122,20240107,74021639.0,249,38,5,173,199,160.0,8,0.642570281124498,0.0402010050251256,104350.0,4.006249999999999,0,Test
4562,105152,20240107,74021733.0,0,0,0,0,289,235.0,5,0.8131487889273357,0.0173010380622837,197224.0,5.340425531914894,0,Control
4563,105156,20240107,74021738.0,0,0,0,0,392,269.0,9,0.6862244897959183,0.0229591836734693,232874.0,4.687732342007439,0,Test
4564,105211,20240107,74021823.0,0,0,0,0,332,215.0,7,0.6475903614457831,0.0210843373493975,225327.0,5.1906976744186055,0,Test
4565,105238,20240107,74021880.0,126,13,3,75,93,71.0,7,0.5634920634920635,0.075268817204301,72936.0,4.95774647887324,0,Test
4566,105258,20240107,74021914.0,305,35,8,173,195,160.0,6,0.5245901639344263,0.0307692307692307,73752.0,2.90625,0,Test
4567,105262,20240107,74021919.0,0,0,0,0,214,170.0,3,0.794392523364486,0.014018691588785,88586.0,3.388235294117648,0,Control
4568,105268,20240107,74021928.0,268,37,5,217,250,204.0,8,0.7611940298507462,0.032,118109.0,4.04901960784314,0,Test
4569,105294,20240107,74021975.0,246,18,5,145,161,124.0,6,0.5040650406504065,0.0372670807453416,60216.0,3.5887096774193554,0,Test
4570,105297,20240107,74021978.0,429,44,8,221,248,201.0,5,0.4685314685314685,0.0201612903225806,133179.0,4.253731343283581,0,Test
4571,105334,20240107,74214453.0,0,0,0,0,639,531.0,5,0.8309859154929577,0.0078247261345852,343441.0,3.847457627118642,0,Control
4572,105338,20240107,74215106.0,483,62,16,324,377,317.0,15,0.6563146997929606,0.039787798408488,144440.0,3.233438485804416,0,Test
4573,105397,20240107,74220627.0,0,0,0,0,120,95.0,3,0.7916666666666666,0.025,64342.0,4.115789473684211,0,Control
4574,105431,20240107,74220822.0,0,0,0,0,552,438.0,1,0.7934782608695652,0.0018115942028985,278133.0,4.18949771689498,0,Control
4575,105449,20240107,74220910.0,0,0,0,0,380,198.0,4,0.5210526315789473,0.0105263157894736,130762.0,3.727272727272728,0,Control
4576,105477,20240107,74221041.0,0,0,0,0,412,336.0,2,0.8155339805825242,0.0048543689320388,186149.0,3.4434523809523827,0,Control
4577,105548,20240107,74221472.0,0,0,0,0,127,95.0,1,0.7480314960629921,0.0078740157480314,45316.0,3.273684210526316,0,Control
4578,105572,20240107,74321666.0,1244,175,66,714,838,737.0,24,0.592443729903537,0.0286396181384248,362516.0,3.602442333785616,0,Test
4579,105574,20240107,74321670.0,500,60,15,253,312,245.0,25,0.49,0.0801282051282051,125402.0,3.391836734693877,0,Test
4580,105595,20240107,74321719.0,0,0,0,0,225,165.0,5,0.7333333333333333,0.0222222222222222,70752.0,3.139393939393939,0,Control
4581,105597,20240107,74321722.0,0,0,0,0,441,347.0,3,0.7868480725623582,0.0068027210884353,186769.0,3.6484149855907786,0,Control
4582,105660,20240107,74321861.0,0,0,0,0,127,102.0,3,0.8031496062992126,0.0236220472440944,59382.0,3.892156862745098,0,Control
4583,105664,20240107,74321865.0,0,0,0,0,203,136.0,6,0.6699507389162561,0.0295566502463054,82482.0,3.3161764705882364,0,Control
4584,105692,20240107,74321910.0,0,0,0,0,312,275.0,3,0.8814102564102564,0.0096153846153846,160181.0,3.65818181818182,0,Control
4585,105715,20240108,74013270.0,678,91,23,397,481,353.0,20,0.5206489675516224,0.0415800415800415,199703.0,3.303116147308784,0,Test
4586,105728,20240108,74013406.0,0,0,0,0,284,222.0,4,0.7816901408450704,0.0140845070422535,117950.0,3.3423423423423446,0,Control
4587,105759,20240108,74016847.0,0,0,0,0,536,418.0,10,0.7798507462686567,0.0186567164179104,189443.0,2.901913875598088,0,Control
4588,105768,20240108,74020378.0,0,0,0,0,667,477.0,3,0.7151424287856072,0.0044977511244377,308841.0,3.8784067085953913,0,Test
4589,105775,20240108,74020395.0,0,0,0,0,339,251.0,12,0.7404129793510325,0.0353982300884955,121711.0,3.2350597609561755,0,Test
4590,105793,20240108,74020449.0,736,126,17,514,910,418.0,9,0.5679347826086957,0.0098901098901098,169371.0,3.267942583732056,0,Test
4591,105810,20240108,74020492.0,0,0,0,0,996,877.0,9,0.8805220883534136,0.0090361445783132,465830.0,3.533637400228049,0,Control
4592,105825,20240108,74020551.0,249,27,0,151,308,225.0,7,0.9036144578313252,0.0227272727272727,126307.0,4.039999999999998,0,Test
4593,105853,20240108,74020634.0,0,0,0,0,260,244.0,0,0.9384615384615383,0.0,144541.0,3.659836065573772,0,Test
4594,105861,20240108,74020653.0,0,0,0,0,238,180.0,1,0.7563025210084033,0.0042016806722689,102655.0,3.311111111111111,0,Test
4595,105866,20240108,74020660.0,214,26,8,144,157,134.0,2,0.6261682242990654,0.0127388535031847,73497.0,3.388059701492536,0,Test
4596,105873,20240108,74020667.0,0,0,0,0,193,149.0,3,0.772020725388601,0.0155440414507772,113878.0,4.328859060402684,0,Test
4597,105930,20240108,74020828.0,248,47,9,162,189,163.0,9,0.657258064516129,0.0476190476190476,88841.0,3.6380368098159512,0,Test
4598,105939,20240108,74020871.0,133,19,5,81,95,76.0,4,0.5714285714285714,0.0421052631578947,44829.0,3.500000000000001,0,Test
4599,105953,20240108,74020908.0,0,0,0,0,163,132.0,2,0.8098159509202454,0.0122699386503067,74364.0,4.303030303030301,0,Control
4600,105956,20240108,74020920.0,0,0,0,0,371,284.0,9,0.7654986522911051,0.0242587601078167,130679.0,3.0669014084507045,0,Control
4601,105962,20240108,74020960.0,0,0,0,0,357,296.0,9,0.8291316526610645,0.0252100840336134,173217.0,3.597972972972973,0,Test
4602,105963,20240108,74020961.0,0,0,0,0,221,176.0,5,0.7963800904977375,0.0226244343891402,135878.0,4.409090909090913,0,Control
4603,105975,20240108,74021008.0,0,0,0,0,576,479.0,8,0.8315972222222222,0.0138888888888888,224411.0,3.1795407098121093,0,Control
4604,106009,20240108,74021099.0,0,0,0,0,284,245.0,5,0.8626760563380281,0.0176056338028169,165502.0,4.710204081632655,0,Control
4605,106015,20240108,74021105.0,0,0,0,0,149,117.0,0,0.785234899328859,0.0,84777.0,4.085470085470086,0,Test
4606,106064,20240108,74021211.0,0,0,0,0,333,18.0,0,0.054054054054054,0.0,11754.0,4.944444444444445,0,Control
4607,106103,20240108,74021302.0,397,56,8,300,336,287.0,13,0.7229219143576826,0.0386904761904761,158240.0,3.456445993031359,0,Test
4608,106130,20240108,74021353.0,0,0,0,0,400,315.0,6,0.7875,0.015,143282.0,3.0476190476190466,0,Control
4609,106183,20240108,74021462.0,0,0,0,0,108,81.0,1,0.75,0.0092592592592592,45413.0,3.506172839506173,0,Control
4610,106193,20240108,74021481.0,0,0,0,0,258,205.0,2,0.7945736434108527,0.0077519379844961,112675.0,3.629268292682925,0,Control
4611,106278,20240108,74021639.0,272,47,10,205,247,198.0,11,0.7279411764705882,0.0445344129554655,118209.0,3.530303030303029,0,Test
4612,106308,20240108,74021733.0,0,0,0,0,206,158.0,4,0.7669902912621359,0.0194174757281553,126549.0,5.32278481012658,0,Control
4613,106312,20240108,74021738.0,0,0,0,0,301,204.0,2,0.6777408637873754,0.0066445182724252,197666.0,5.049019607843138,0,Test
4614,106366,20240108,74021823.0,0,0,0,0,341,235.0,3,0.6891495601173021,0.0087976539589442,226802.0,4.817021276595745,0,Test
4615,106393,20240108,74021880.0,149,19,4,90,121,69.0,7,0.4630872483221476,0.0578512396694214,58379.0,3.971014492753622,0,Test
4616,106413,20240108,74021914.0,308,43,11,177,201,169.0,5,0.5487012987012987,0.0248756218905472,78073.0,3.2603550295857997,0,Test
4617,106417,20240108,74021919.0,0,0,0,0,302,244.0,5,0.8079470198675497,0.0165562913907284,115292.0,3.278688524590162,0,Control
4618,106423,20240108,74021928.0,243,27,3,197,212,177.0,4,0.7283950617283951,0.0188679245283018,106698.0,4.418079096045196,0,Test
4619,106450,20240108,74021975.0,235,19,5,161,205,127.0,7,0.5404255319148936,0.0341463414634146,63757.0,3.622047244094489,0,Test
4620,106453,20240108,74021978.0,240,33,1,138,148,85.0,1,0.3541666666666667,0.0067567567567567,51129.0,4.364705882352942,0,Test
4621,106490,20240108,74214453.0,0,0,0,0,639,488.0,6,0.7636932707355243,0.0093896713615023,288631.0,3.758196721311476,0,Control
4622,106494,20240108,74215106.0,364,53,15,223,257,222.0,11,0.6098901098901099,0.0428015564202334,97325.0,3.1891891891891917,0,Test
4623,106553,20240108,74220627.0,0,0,0,0,80,55.0,0,0.6875,0.0,33736.0,3.5090909090909097,0,Control
4624,106587,20240108,74220822.0,0,0,0,0,594,443.0,5,0.7457912457912458,0.0084175084175084,265038.0,3.8668171557562063,0,Control
4625,106605,20240108,74220910.0,0,0,0,0,354,256.0,4,0.7231638418079096,0.0112994350282485,156948.0,3.50390625,0,Control
4626,106633,20240108,74221041.0,0,0,0,0,407,304.0,6,0.7469287469287469,0.0147420147420147,154581.0,3.2302631578947376,0,Control
4627,106704,20240108,74221472.0,0,0,0,0,124,87.0,2,0.7016129032258065,0.0161290322580645,54637.0,3.919540229885059,0,Control
4628,106728,20240108,74321666.0,1198,155,53,702,833,709.0,35,0.5918196994991652,0.042016806722689,331938.0,3.3540197461212955,0,Test
4629,106730,20240108,74321670.0,504,64,18,260,309,267.0,17,0.5297619047619048,0.0550161812297734,133459.0,3.3033707865168536,0,Test
4630,106751,20240108,74321719.0,0,0,0,0,204,150.0,1,0.7352941176470589,0.0049019607843137,52674.0,2.7733333333333325,0,Control
4631,106753,20240108,74321722.0,0,0,0,0,441,348.0,8,0.7891156462585034,0.0181405895691609,184112.0,3.548850574712642,0,Control
4632,106816,20240108,74321861.0,0,0,0,0,143,109.0,1,0.7622377622377622,0.0069930069930069,67989.0,4.220183486238528,0,Control
4633,106820,20240108,74321865.0,0,0,0,0,234,155.0,15,0.6623931623931624,0.0641025641025641,96230.0,3.419354838709677,0,Control
4634,106848,20240108,74321910.0,0,0,0,0,296,245.0,1,0.8277027027027027,0.0033783783783783,133616.0,3.5510204081632675,0,Control
4635,106871,20240109,74013270.0,834,130,33,490,620,480.0,49,0.5755395683453237,0.0790322580645161,219608.0,2.839583333333334,0,Test
4636,106884,20240109,74013406.0,0,0,0,0,153,110.0,2,0.7189542483660131,0.0130718954248366,46316.0,2.863636363636365,0,Control
4637,106915,20240109,74016847.0,0,0,0,0,696,542.0,10,0.7787356321839081,0.014367816091954,225342.0,2.734317343173434,0,Control
4638,106924,20240109,74020378.0,0,0,0,0,354,234.0,5,0.6610169491525424,0.0141242937853107,136185.0,3.444444444444445,0,Test
4639,106931,20240109,74020395.0,0,0,0,0,351,261.0,5,0.7435897435897436,0.0142450142450142,108108.0,2.812260536398467,0,Test
4640,106949,20240109,74020449.0,444,46,5,268,472,331.0,12,0.7454954954954955,0.0254237288135593,139478.0,2.9848942598187294,0,Test
4641,106966,20240109,74020492.0,0,0,0,0,815,657.0,18,0.8061349693251534,0.0220858895705521,308948.0,3.21917808219178,0,Control
4642,106980,20240109,74020551.0,122,11,4,69,147,126.0,2,1.0327868852459017,0.0136054421768707,67190.0,3.6507936507936503,0,Test
4643,107008,20240109,74020634.0,0,0,0,0,57,50.0,0,0.8771929824561403,0.0,18784.0,2.7000000000000006,0,Test
4644,107016,20240109,74020653.0,0,0,0,0,143,82.0,3,0.5734265734265734,0.0209790209790209,41267.0,3.280487804878048,0,Test
4645,107021,20240109,74020660.0,167,30,9,98,117,102.0,7,0.6107784431137725,0.0598290598290598,54255.0,3.1470588235294112,0,Test
4646,107028,20240109,74020667.0,0,0,0,0,146,107.0,3,0.7328767123287672,0.0205479452054794,70081.0,3.8130841121495336,0,Test
4647,107085,20240109,74020828.0,266,45,22,161,216,183.0,15,0.6879699248120301,0.0694444444444444,91400.0,3.218579234972677,0,Test
4648,107094,20240109,74020871.0,171,40,13,92,117,107.0,9,0.6257309941520468,0.0769230769230769,47663.0,2.757009345794391,0,Test
4649,107108,20240109,74020908.0,0,0,0,0,110,85.0,1,0.7727272727272727,0.009090909090909,38460.0,3.5764705882352947,0,Control
4650,107111,20240109,74020920.0,0,0,0,0,306,250.0,5,0.8169934640522876,0.0163398692810457,106715.0,2.851999999999999,0,Control
4651,107117,20240109,74020960.0,0,0,0,0,273,204.0,8,0.7472527472527473,0.0293040293040293,116192.0,3.3382352941176467,0,Test
4652,107118,20240109,74020961.0,0,0,0,0,144,109.0,1,0.7569444444444444,0.0069444444444444,68108.0,3.889908256880736,0,Control
4653,107130,20240109,74021008.0,0,0,0,0,705,528.0,10,0.7489361702127659,0.0141843971631205,223129.0,2.9299242424242418,0,Control
4654,107164,20240109,74021099.0,0,0,0,0,157,125.0,1,0.7961783439490446,0.0063694267515923,76969.0,4.287999999999999,0,Control
4655,107170,20240109,74021105.0,0,0,0,0,110,74.0,0,0.6727272727272727,0.0,55585.0,4.094594594594596,0,Test
4656,107220,20240109,74021211.0,0,0,0,0,126,63.0,0,0.5,0.0,50092.0,5.61904761904762,0,Control
4657,107259,20240109,74021302.0,328,40,17,221,262,199.0,5,0.6067073170731707,0.0190839694656488,95167.0,3.0100502512562795,0,Test
4658,107286,20240109,74021353.0,0,0,0,0,660,508.0,12,0.7696969696969697,0.0181818181818181,208236.0,2.8011811023622024,0,Control
4659,107339,20240109,74021462.0,0,0,0,0,94,65.0,1,0.6914893617021277,0.0106382978723404,33193.0,3.123076923076924,0,Control
4660,107349,20240109,74021481.0,0,0,0,0,243,178.0,2,0.7325102880658436,0.0082304526748971,80540.0,2.915730337078653,0,Control
4661,107435,20240109,74021639.0,262,26,15,175,214,172.0,7,0.6564885496183206,0.0327102803738317,97156.0,3.447674418604651,0,Test
4662,107465,20240109,74021733.0,0,0,0,0,225,179.0,5,0.7955555555555556,0.0222222222222222,128350.0,4.480446927374301,0,Control
4663,107469,20240109,74021738.0,0,0,0,0,172,134.0,0,0.7790697674418605,0.0,99271.0,4.119402985074627,0,Test
4664,107524,20240109,74021823.0,0,0,0,0,103,64.0,0,0.6213592233009708,0.0,52238.0,4.078125000000001,0,Test
4665,107552,20240109,74021880.0,105,7,4,64,79,53.0,2,0.5047619047619047,0.0253164556962025,36228.0,2.849056603773585,0,Test
4666,107572,20240109,74021914.0,509,55,32,327,371,341.0,9,0.6699410609037328,0.0242587601078167,123740.0,2.5483870967741957,0,Test
4667,107576,20240109,74021919.0,0,0,0,0,461,387.0,14,0.8394793926247288,0.0303687635574837,167238.0,3.0801033591731244,0,Control
4668,107582,20240109,74021928.0,203,21,8,128,145,107.0,4,0.5270935960591133,0.0275862068965517,55290.0,3.925233644859811,0,Test
4669,107610,20240109,74021975.0,189,18,6,113,136,113.0,8,0.5978835978835979,0.0588235294117647,56723.0,3.646017699115046,0,Test
4670,107613,20240109,74021978.0,133,10,2,73,81,61.0,1,0.4586466165413533,0.0123456790123456,38865.0,4.114754098360655,0,Test
4671,107650,20240109,74214453.0,0,0,0,0,435,344.0,6,0.7908045977011494,0.0137931034482758,189177.0,3.360465116279069,0,Control
4672,107654,20240109,74215106.0,745,88,19,478,560,489.0,27,0.6563758389261745,0.0482142857142857,200284.0,2.9079754601227,0,Test
4673,107713,20240109,74220627.0,0,0,0,0,116,81.0,3,0.6982758620689655,0.0258620689655172,50322.0,3.876543209876543,0,Control
4674,107747,20240109,74220822.0,0,0,0,0,397,259.0,0,0.6523929471032746,0.0,132989.0,3.2355212355212357,0,Control
4675,107765,20240109,74220910.0,0,0,0,0,264,180.0,5,0.6818181818181818,0.0189393939393939,93299.0,3.0388888888888888,0,Control
4676,107793,20240109,74221041.0,0,0,0,0,291,217.0,5,0.7457044673539519,0.0171821305841924,109600.0,3.2304147465437776,0,Control
4677,107864,20240109,74221472.0,0,0,0,0,100,74.0,2,0.74,0.02,38266.0,3.324324324324325,0,Control
4678,107888,20240109,74321666.0,874,79,33,465,541,477.0,23,0.545766590389016,0.0425138632162661,200911.0,3.115303983228513,0,Test
4679,107890,20240109,74321670.0,897,96,53,506,655,518.0,38,0.5774804905239688,0.0580152671755725,211364.0,2.801158301158303,0,Test
4680,107911,20240109,74321719.0,0,0,0,0,181,133.0,1,0.7348066298342542,0.005524861878453,51336.0,2.909774436090225,0,Control
4681,107913,20240109,74321722.0,0,0,0,0,327,239.0,3,0.7308868501529052,0.0091743119266055,130289.0,3.3933054393305446,0,Control
4682,107976,20240109,74321861.0,0,0,0,0,133,97.0,2,0.7293233082706767,0.0150375939849624,54421.0,3.6701030927835054,0,Control
4683,107980,20240109,74321865.0,0,0,0,0,142,97.0,2,0.6830985915492958,0.0140845070422535,44619.0,2.7010309278350517,0,Control
4684,108008,20240109,74321910.0,0,0,0,0,272,210.0,3,0.7720588235294118,0.0110294117647058,95919.0,3.104761904761905,0,Control
4685,108030,20240110,74013270.0,993,132,37,578,712,548.0,40,0.5518630412890232,0.0561797752808988,278589.0,3.06204379562044,0,Test
4686,108043,20240110,74013406.0,0,0,0,0,170,103.0,2,0.6058823529411764,0.0117647058823529,41351.0,2.747572815533981,0,Control
4687,108074,20240110,74016847.0,0,0,0,0,802,551.0,7,0.6870324189526185,0.0087281795511221,235450.0,2.764065335753175,0,Control
4688,108083,20240110,74020378.0,0,0,0,0,428,274.0,6,0.6401869158878505,0.014018691588785,159754.0,3.558394160583942,0,Test
4689,108090,20240110,74020395.0,0,0,0,0,439,304.0,11,0.6924829157175398,0.0250569476082004,121146.0,2.677631578947367,0,Test
4690,108107,20240110,74020449.0,401,36,5,247,429,308.0,8,0.7680798004987531,0.0186480186480186,143477.0,3.220779220779221,0,Test
4691,108124,20240110,74020492.0,0,0,0,0,798,645.0,12,0.8082706766917294,0.0150375939849624,317416.0,3.2961240310077518,0,Control
4692,108138,20240110,74020551.0,155,17,11,81,203,150.0,5,0.967741935483871,0.0246305418719211,78051.0,3.373333333333333,0,Test
4693,108166,20240110,74020634.0,0,0,0,0,177,154.0,1,0.8700564971751412,0.0056497175141242,85126.0,3.305194805194807,0,Test
4694,108174,20240110,74020653.0,0,0,0,0,178,98.0,2,0.550561797752809,0.0112359550561797,46829.0,3.295918367346938,0,Test
4695,108179,20240110,74020660.0,174,40,8,103,135,97.0,7,0.5574712643678161,0.0518518518518518,44102.0,2.979381443298969,0,Test
4696,108186,20240110,74020667.0,0,0,0,0,146,118.0,2,0.8082191780821918,0.0136986301369863,79262.0,3.694915254237289,0,Test
4697,108243,20240110,74020828.0,346,66,15,238,279,233.0,11,0.6734104046242775,0.039426523297491,111890.0,3.2145922746781115,0,Test
4698,108252,20240110,74020871.0,155,19,4,91,99,84.0,2,0.5419354838709678,0.0202020202020202,43076.0,3.238095238095237,0,Test
4699,108266,20240110,74020908.0,0,0,0,0,159,126.0,1,0.7924528301886793,0.0062893081761006,65473.0,3.8888888888888897,0,Control
4700,108269,20240110,74020920.0,0,0,0,0,420,314.0,5,0.7476190476190476,0.0119047619047619,142352.0,2.856687898089171,0,Control
4701,108275,20240110,74020960.0,0,0,0,0,295,224.0,4,0.7593220338983051,0.0135593220338983,112195.0,2.9910714285714253,0,Test
4702,108276,20240110,74020961.0,0,0,0,0,150,116.0,0,0.7733333333333333,0.0,70545.0,3.689655172413792,0,Control
4703,108288,20240110,74021008.0,0,0,0,0,734,559.0,7,0.7615803814713896,0.0095367847411444,248596.0,2.9767441860465125,0,Control
4704,108322,20240110,74021099.0,0,0,0,0,141,115.0,1,0.8156028368794326,0.0070921985815602,63457.0,4.034782608695652,0,Control
4705,108328,20240110,74021105.0,0,0,0,0,106,75.0,3,0.7075471698113207,0.0283018867924528,62534.0,4.840000000000001,0,Test
4706,108378,20240110,74021211.0,0,0,0,0,147,80.0,1,0.54421768707483,0.0068027210884353,59376.0,5.45,0,Control
4707,108417,20240110,74021302.0,269,38,8,200,225,188.0,8,0.6988847583643123,0.0355555555555555,97376.0,3.4095744680851063,0,Test
4708,108444,20240110,74021353.0,0,0,0,0,739,595.0,15,0.8051420838971584,0.020297699594046,257831.0,2.9394957983193257,0,Control
4709,108497,20240110,74021462.0,0,0,0,0,124,46.0,1,0.3709677419354839,0.0080645161290322,24806.0,3.5,0,Control
4710,108507,20240110,74021481.0,0,0,0,0,188,148.0,2,0.7872340425531915,0.0106382978723404,64556.0,3.101351351351351,0,Control
4711,108593,20240110,74021639.0,284,29,7,194,223,175.0,9,0.6161971830985915,0.0403587443946188,83627.0,3.05142857142857,0,Test
4712,108623,20240110,74021733.0,0,0,0,0,267,200.0,6,0.7490636704119851,0.0224719101123595,139371.0,4.4099999999999975,0,Control
4713,108627,20240110,74021738.0,0,0,0,0,171,124.0,1,0.7251461988304093,0.0058479532163742,111253.0,4.685483870967742,0,Test
4714,108682,20240110,74021823.0,0,0,0,0,195,131.0,0,0.6717948717948717,0.0,101444.0,4.015267175572519,0,Test
4715,108710,20240110,74021880.0,92,11,2,59,71,56.0,5,0.6086956521739131,0.0704225352112676,40080.0,3.142857142857143,0,Test
4716,108730,20240110,74021914.0,583,58,35,370,440,375.0,15,0.6432246998284734,0.034090909090909,139042.0,2.5333333333333345,0,Test
4717,108734,20240110,74021919.0,0,0,0,0,493,375.0,5,0.7606490872210954,0.0101419878296146,157097.0,3.0053333333333314,0,Control
4718,108740,20240110,74021928.0,185,15,2,125,135,108.0,2,0.5837837837837838,0.0148148148148148,56205.0,3.5092592592592604,0,Test
4719,108768,20240110,74021975.0,258,19,9,175,196,163.0,7,0.6317829457364341,0.0357142857142857,75361.0,3.570552147239264,0,Test
4720,108771,20240110,74021978.0,167,18,6,89,121,53.0,0,0.3173652694610778,0.0,30678.0,3.8490566037735854,0,Test
4721,108808,20240110,74214453.0,0,0,0,0,496,375.0,1,0.7560483870967742,0.002016129032258,217895.0,3.5733333333333355,0,Control
4722,108812,20240110,74215106.0,762,118,23,526,599,499.0,22,0.6548556430446194,0.0367278797996661,207818.0,2.901803607214431,0,Test
4723,108871,20240110,74220627.0,0,0,0,0,102,77.0,0,0.7549019607843137,0.0,37509.0,3.116883116883117,0,Control
4724,108905,20240110,74220822.0,0,0,0,0,399,260.0,1,0.6516290726817042,0.0025062656641604,134629.0,3.323076923076923,0,Control
4725,108923,20240110,74220910.0,0,0,0,0,260,168.0,6,0.6461538461538462,0.023076923076923,97061.0,3.4761904761904754,0,Control
4726,108951,20240110,74221041.0,0,0,0,0,346,270.0,3,0.7803468208092486,0.0086705202312138,126902.0,3.0296296296296297,0,Control
4727,109022,20240110,74221472.0,0,0,0,0,121,90.0,1,0.743801652892562,0.0082644628099173,39377.0,2.911111111111111,0,Control
4728,109046,20240110,74321666.0,1001,104,60,503,620,523.0,29,0.5224775224775224,0.0467741935483871,217206.0,3.011472275334608,0,Test
4729,109048,20240110,74321670.0,1115,132,59,588,724,627.0,41,0.5623318385650224,0.0566298342541436,266066.0,2.8548644338118025,0,Test
4730,109069,20240110,74321719.0,0,0,0,0,218,139.0,6,0.6376146788990825,0.0275229357798165,58525.0,2.899280575539568,0,Control
4731,109071,20240110,74321722.0,0,0,0,0,369,291.0,4,0.7886178861788617,0.010840108401084,162773.0,3.731958762886597,0,Control
4732,109134,20240110,74321861.0,0,0,0,0,120,94.0,3,0.7833333333333333,0.025,48669.0,3.297872340425533,0,Control
4733,109138,20240110,74321865.0,0,0,0,0,191,128.0,6,0.6701570680628273,0.031413612565445,66577.0,3.1406250000000004,0,Control
4734,109166,20240110,74321910.0,0,0,0,0,156,132.0,4,0.8461538461538461,0.0256410256410256,65443.0,3.0303030303030294,0,Control
4735,109188,20240111,74013270.0,1023,140,51,584,719,597.0,40,0.5835777126099707,0.0556328233657858,300580.0,2.959798994974874,0,Test
4736,109201,20240111,74013406.0,0,0,0,0,156,127.0,3,0.8141025641025641,0.0192307692307692,55676.0,3.291338582677165,0,Control
4737,109232,20240111,74016847.0,0,0,0,0,909,600.0,7,0.6600660066006601,0.0077007700770077,244181.0,2.651666666666665,0,Control
4738,109241,20240111,74020378.0,0,0,0,0,486,315.0,7,0.6481481481481481,0.0144032921810699,188853.0,3.422222222222224,0,Test
4739,109248,20240111,74020395.0,0,0,0,0,476,349.0,10,0.7331932773109243,0.0210084033613445,155773.0,2.8137535816618904,0,Test
4740,109266,20240111,74020449.0,373,19,10,229,424,326.0,6,0.8739946380697051,0.0141509433962264,152143.0,3.2208588957055224,0,Test
4741,109283,20240111,74020492.0,0,0,0,0,752,607.0,14,0.8071808510638298,0.0186170212765957,300307.0,3.194398682042833,0,Control
4742,109297,20240111,74020551.0,186,22,6,101,213,161.0,9,0.8655913978494624,0.0422535211267605,80978.0,3.6024844720496905,0,Test
4743,109325,20240111,74020634.0,0,0,0,0,158,131.0,0,0.8291139240506329,0.0,67484.0,3.1450381679389308,0,Test
4744,109333,20240111,74020653.0,0,0,0,0,141,104.0,2,0.7375886524822695,0.0141843971631205,56534.0,3.1826923076923084,0,Test
4745,109338,20240111,74020660.0,139,24,6,84,100,89.0,4,0.6402877697841727,0.04,46907.0,3.2921348314606758,0,Test
4746,109345,20240111,74020667.0,0,0,0,0,168,139.0,1,0.8273809523809523,0.0059523809523809,89752.0,3.58273381294964,0,Test
4747,109402,20240111,74020828.0,299,55,21,207,260,208.0,9,0.6956521739130435,0.0346153846153846,96016.0,2.951923076923076,0,Test
4748,109411,20240111,74020871.0,143,24,5,82,101,81.0,7,0.5664335664335665,0.0693069306930693,41446.0,3.3580246913580245,0,Test
4749,109425,20240111,74020908.0,0,0,0,0,160,102.0,2,0.6375,0.0125,52412.0,4.009803921568627,0,Control
4750,109428,20240111,74020920.0,0,0,0,0,455,354.0,3,0.778021978021978,0.0065934065934065,152407.0,2.827683615819207,0,Control
4751,109434,20240111,74020960.0,0,0,0,0,255,207.0,7,0.8117647058823529,0.0274509803921568,116418.0,3.294685990338163,0,Test
4752,109435,20240111,74020961.0,0,0,0,0,140,100.0,4,0.7142857142857143,0.0285714285714285,74649.0,4.190000000000002,0,Control
4753,109447,20240111,74021008.0,0,0,0,0,740,619.0,9,0.8364864864864865,0.0121621621621621,261810.0,2.8723747980613896,0,Control
4754,109481,20240111,74021099.0,0,0,0,0,183,143.0,4,0.7814207650273224,0.0218579234972677,76854.0,3.650349650349651,0,Control
4755,109487,20240111,74021105.0,0,0,0,0,104,85.0,3,0.8173076923076923,0.0288461538461538,60537.0,4.094117647058824,0,Test
4756,109537,20240111,74021211.0,0,0,0,0,122,61.0,0,0.5,0.0,44512.0,5.278688524590166,0,Control
4757,109576,20240111,74021302.0,276,36,11,196,233,182.0,7,0.6594202898550725,0.0300429184549356,84898.0,3.054945054945055,0,Test
4758,109603,20240111,74021353.0,0,0,0,0,748,600.0,10,0.8021390374331551,0.0133689839572192,245877.0,2.763333333333332,0,Control
4759,109656,20240111,74021462.0,0,0,0,0,75,61.0,1,0.8133333333333334,0.0133333333333333,33467.0,3.950819672131148,0,Control
4760,109666,20240111,74021481.0,0,0,0,0,180,144.0,0,0.8,0.0,69559.0,3.3402777777777777,0,Control
4761,109752,20240111,74021639.0,244,26,4,177,199,164.0,6,0.6721311475409836,0.0301507537688442,82100.0,3.256097560975608,0,Test
4762,109782,20240111,74021733.0,0,0,0,0,248,188.0,10,0.7580645161290323,0.0403225806451612,151602.0,4.547872340425531,0,Control
4763,109786,20240111,74021738.0,0,0,0,0,163,120.0,0,0.7361963190184049,0.0,105204.0,4.666666666666669,0,Test
4764,109841,20240111,74021823.0,0,0,0,0,140,94.0,1,0.6714285714285714,0.0071428571428571,91156.0,4.914893617021277,0,Test
4765,109869,20240111,74021880.0,90,9,3,60,70,54.0,4,0.6,0.0571428571428571,44816.0,3.481481481481481,0,Test
4766,109889,20240111,74021914.0,693,77,47,458,544,492.0,17,0.70995670995671,0.03125,197336.0,2.780487804878049,0,Test
4767,109893,20240111,74021919.0,0,0,0,0,496,426.0,10,0.8588709677419355,0.0201612903225806,178533.0,3.110328638497652,0,Control
4768,109899,20240111,74021928.0,210,26,0,139,156,118.0,9,0.5619047619047619,0.0576923076923076,61835.0,3.5000000000000004,0,Test
4769,109927,20240111,74021975.0,198,11,7,138,150,136.0,6,0.6868686868686869,0.04,61789.0,3.5882352941176467,0,Test
4770,109930,20240111,74021978.0,106,14,2,61,70,51.0,2,0.4811320754716981,0.0285714285714285,28936.0,3.490196078431372,0,Test
4771,109967,20240111,74214453.0,0,0,0,0,645,522.0,7,0.8093023255813954,0.0108527131782945,278928.0,3.2145593869731823,0,Control
4772,109971,20240111,74215106.0,708,98,37,463,559,489.0,31,0.690677966101695,0.0554561717352415,195728.0,2.7382413087934565,0,Test
4773,110030,20240111,74220627.0,0,0,0,0,169,138.0,2,0.8165680473372781,0.0118343195266272,89956.0,3.869565217391306,0,Control
4774,110064,20240111,74220822.0,0,0,0,0,394,282.0,12,0.7157360406091371,0.0304568527918781,153610.0,3.574468085106381,0,Control
4775,110082,20240111,74220910.0,0,0,0,0,303,215.0,1,0.7095709570957096,0.0033003300330033,124020.0,3.3441860465116275,0,Control
4776,110110,20240111,74221041.0,0,0,0,0,336,270.0,1,0.8035714285714286,0.0029761904761904,118592.0,2.7370370370370365,0,Control
4777,110181,20240111,74221472.0,0,0,0,0,140,106.0,1,0.7571428571428571,0.0071428571428571,48790.0,3.2075471698113214,0,Control
4778,110205,20240111,74321666.0,986,120,49,494,597,506.0,30,0.513184584178499,0.050251256281407,214471.0,2.9624505928853764,0,Test
4779,110207,20240111,74321670.0,1098,110,48,581,722,613.0,44,0.558287795992714,0.0609418282548476,252239.0,2.8743882544861346,0,Test
4780,110228,20240111,74321719.0,0,0,0,0,177,133.0,1,0.751412429378531,0.0056497175141242,56464.0,2.804511278195488,0,Control
4781,110230,20240111,74321722.0,0,0,0,0,385,295.0,1,0.7662337662337663,0.0025974025974025,158233.0,3.301694915254237,0,Control
4782,110293,20240111,74321861.0,0,0,0,0,151,110.0,7,0.7284768211920529,0.0463576158940397,59754.0,3.5181818181818176,0,Control
4783,110297,20240111,74321865.0,0,0,0,0,223,151.0,1,0.6771300448430493,0.0044843049327354,68592.0,2.76158940397351,0,Control
4784,110326,20240111,74321910.0,0,0,0,0,203,171.0,1,0.8423645320197044,0.0049261083743842,91969.0,3.228070175438596,0,Control
4785,110348,20240112,74013270.0,1174,150,55,655,783,699.0,54,0.5954003407155025,0.0689655172413793,374118.0,3.060085836909869,0,Test
4786,110361,20240112,74013406.0,0,0,0,0,245,175.0,6,0.7142857142857143,0.0244897959183673,76658.0,2.8571428571428577,0,Control
4787,110392,20240112,74016847.0,0,0,0,0,879,642.0,12,0.7303754266211604,0.0136518771331058,274503.0,2.7024922118380035,0,Control
4788,110401,20240112,74020378.0,0,0,0,0,436,308.0,5,0.7064220183486238,0.0114678899082568,180405.0,3.525974025974023,0,Test
4789,110408,20240112,74020395.0,0,0,0,0,508,388.0,12,0.7637795275590551,0.0236220472440944,185405.0,3.0463917525773208,0,Test
4790,110426,20240112,74020449.0,411,39,6,274,530,345.0,8,0.8394160583941606,0.0150943396226415,151124.0,2.9913043478260866,0,Test
4791,110443,20240112,74020492.0,0,0,0,0,997,828.0,14,0.8304914744232698,0.0140421263791374,419132.0,3.4384057971014497,0,Control
4792,110457,20240112,74020551.0,280,27,7,152,322,237.0,7,0.8464285714285714,0.0217391304347826,117551.0,3.3248945147679336,0,Test
4793,110485,20240112,74020634.0,0,0,0,0,191,163.0,0,0.8534031413612565,0.0,89003.0,3.2638036809815967,0,Test
4794,110493,20240112,74020653.0,0,0,0,0,213,146.0,0,0.6854460093896714,0.0,81072.0,3.472602739726027,0,Test
4795,110498,20240112,74020660.0,191,34,6,131,143,122.0,3,0.6387434554973822,0.0209790209790209,74909.0,3.459016393442622,0,Test
4796,110505,20240112,74020667.0,0,0,0,0,182,161.0,3,0.8846153846153846,0.0164835164835164,109004.0,3.801242236024846,0,Test
4797,110562,20240112,74020828.0,414,58,20,289,342,298.0,13,0.7198067632850241,0.0380116959064327,140311.0,3.030201342281877,0,Test
4798,110571,20240112,74020871.0,195,29,4,128,147,135.0,11,0.6923076923076923,0.0748299319727891,76200.0,3.340740740740741,0,Test
4799,110585,20240112,74020908.0,0,0,0,0,176,131.0,1,0.7443181818181818,0.0056818181818181,74905.0,4.274809160305342,0,Control
4800,110588,20240112,74020920.0,0,0,0,0,509,411.0,7,0.8074656188605108,0.0137524557956778,181932.0,2.8394160583941632,0,Control
4801,110594,20240112,74020960.0,0,0,0,0,359,292.0,4,0.8133704735376045,0.011142061281337,169279.0,3.3047945205479445,0,Test
4802,110595,20240112,74020961.0,0,0,0,0,189,137.0,1,0.7248677248677249,0.0052910052910052,101657.0,4.364963503649635,0,Control
4803,110607,20240112,74021008.0,0,0,0,0,765,637.0,12,0.8326797385620915,0.0156862745098039,293457.0,3.0596546310832027,0,Control
4804,110641,20240112,74021099.0,0,0,0,0,202,168.0,1,0.8316831683168316,0.0049504950495049,103275.0,4.166666666666666,0,Control
4805,110647,20240112,74021105.0,0,0,0,0,106,79.0,1,0.7452830188679245,0.0094339622641509,52352.0,3.886075949367089,0,Test
4806,110697,20240112,74021211.0,0,0,0,0,158,107.0,1,0.6772151898734177,0.0063291139240506,87847.0,5.850467289719626,0,Control
4807,110736,20240112,74021302.0,207,26,3,161,188,160.0,6,0.7729468599033816,0.0319148936170212,75372.0,3.050000000000001,0,Test
4808,110763,20240112,74021353.0,0,0,0,0,920,736.0,14,0.8,0.0152173913043478,334661.0,2.9660326086956537,0,Control
4809,110816,20240112,74021462.0,0,0,0,0,143,108.0,2,0.7552447552447552,0.0139860139860139,61560.0,3.5462962962962963,0,Control
4810,110826,20240112,74021481.0,0,0,0,0,198,168.0,5,0.8484848484848485,0.0252525252525252,93190.0,3.690476190476192,0,Control
4811,110912,20240112,74021639.0,248,37,7,180,201,176.0,10,0.7096774193548387,0.0497512437810945,94084.0,3.2897727272727284,0,Test
4812,110942,20240112,74021733.0,0,0,0,0,142,107.0,8,0.7535211267605634,0.056338028169014,96496.0,4.785046728971967,0,Control
4813,110946,20240112,74021738.0,0,0,0,0,232,165.0,0,0.7112068965517241,0.0,124583.0,3.9090909090909114,0,Test
4814,111001,20240112,74021823.0,0,0,0,0,125,86.0,0,0.688,0.0,69136.0,3.581395348837209,0,Test
4815,111029,20240112,74021880.0,101,13,3,70,81,71.0,3,0.7029702970297029,0.037037037037037,68697.0,4.028169014084505,0,Test
4816,111049,20240112,74021914.0,646,53,38,440,504,460.0,17,0.7120743034055728,0.0337301587301587,182655.0,2.847826086956523,0,Test
4817,111053,20240112,74021919.0,0,0,0,0,628,473.0,5,0.7531847133757962,0.0079617834394904,198304.0,3.0591966173361533,0,Control
4818,111059,20240112,74021928.0,208,17,2,120,135,99.0,2,0.4759615384615384,0.0148148148148148,51898.0,3.424242424242424,0,Test
4819,111087,20240112,74021975.0,270,14,4,184,199,156.0,4,0.5777777777777777,0.0201005025125628,78208.0,3.653846153846155,0,Test
4820,111090,20240112,74021978.0,131,11,0,65,72,61.0,1,0.465648854961832,0.0138888888888888,38993.0,3.9836065573770494,0,Test
4821,111127,20240112,74214453.0,0,0,0,0,671,516.0,10,0.7690014903129657,0.014903129657228,281616.0,3.296511627906976,0,Control
4822,111131,20240112,74215106.0,836,89,35,544,651,568.0,40,0.6794258373205742,0.0614439324116743,239616.0,3.0404929577464777,0,Test
4823,111190,20240112,74220627.0,0,0,0,0,127,94.0,2,0.7401574803149606,0.0157480314960629,59547.0,3.925531914893618,0,Control
4824,111224,20240112,74220822.0,0,0,0,0,479,354.0,9,0.7390396659707724,0.0187891440501043,205827.0,3.7146892655367223,0,Control
4825,111242,20240112,74220910.0,0,0,0,0,412,249.0,4,0.6043689320388349,0.0097087378640776,160878.0,3.6224899598393594,0,Control
4826,111270,20240112,74221041.0,0,0,0,0,389,317.0,5,0.8149100257069408,0.0128534704370179,157983.0,3.1041009463722404,0,Control
4827,111341,20240112,74221472.0,0,0,0,0,167,109.0,1,0.6526946107784432,0.0059880239520958,58734.0,3.36697247706422,0,Control
4828,111365,20240112,74321666.0,1232,162,56,655,788,687.0,51,0.5576298701298701,0.0647208121827411,280591.0,2.8791848617176123,0,Test
4829,111367,20240112,74321670.0,1243,155,60,742,920,767.0,54,0.6170555108608206,0.058695652173913,305899.0,2.71316818774446,0,Test
4830,111388,20240112,74321719.0,0,0,0,0,254,185.0,3,0.7283464566929134,0.0118110236220472,70440.0,2.5945945945945943,0,Control
4831,111390,20240112,74321722.0,0,0,0,0,436,354.0,7,0.8119266055045872,0.0160550458715596,186453.0,3.3983050847457648,0,Control
4832,111453,20240112,74321861.0,0,0,0,0,208,175.0,4,0.8413461538461539,0.0192307692307692,109207.0,3.8571428571428577,0,Control
4833,111457,20240112,74321865.0,0,0,0,0,232,168.0,5,0.7241379310344828,0.021551724137931,96047.0,3.119047619047618,0,Control
4834,111485,20240112,74321910.0,0,0,0,0,232,191.0,2,0.8232758620689655,0.0086206896551724,92202.0,3.2094240837696324,0,Control
4835,111507,20240113,74013270.0,977,156,36,596,715,596.0,40,0.6100307062436029,0.0559440559440559,344135.0,3.3657718120805367,0,Test
4836,111520,20240113,74013406.0,0,0,0,0,347,284.0,5,0.8184438040345822,0.0144092219020172,148286.0,3.577464788732394,0,Control
4837,111551,20240113,74016847.0,0,0,0,0,740,456.0,6,0.6162162162162163,0.0081081081081081,213340.0,2.973684210526316,0,Control
4838,111560,20240113,74020378.0,0,0,0,0,782,567.0,8,0.7250639386189258,0.0102301790281329,351593.0,3.71252204585538,0,Test
4839,111567,20240113,74020395.0,0,0,0,0,503,334.0,3,0.6640159045725647,0.0059642147117296,186967.0,3.314371257485031,0,Test
4840,111585,20240113,74020449.0,557,55,9,377,646,482.0,8,0.8653500897666068,0.0123839009287925,226618.0,3.327800829875519,0,Test
4841,111602,20240113,74020492.0,0,0,0,0,1195,1031.0,14,0.8627615062761507,0.0117154811715481,523740.0,3.3986420950533422,0,Control
4842,111616,20240113,74020551.0,254,18,9,147,317,241.0,7,0.9488188976377953,0.0220820189274447,124222.0,3.5062240663900406,0,Test
4843,111644,20240113,74020634.0,0,0,0,0,263,247.0,0,0.9391634980988594,0.0,163967.0,4.052631578947371,0,Test
4844,111652,20240113,74020653.0,0,0,0,0,255,212.0,3,0.8313725490196079,0.0117647058823529,120953.0,3.5754716981132084,0,Test
4845,111657,20240113,74020660.0,225,37,9,151,171,147.0,1,0.6533333333333333,0.0058479532163742,82809.0,3.945578231292519,0,Test
4846,111664,20240113,74020667.0,0,0,0,0,219,194.0,2,0.8858447488584474,0.0091324200913242,137235.0,4.041237113402061,0,Test
4847,111721,20240113,74020828.0,277,64,9,181,230,168.0,12,0.6064981949458483,0.0521739130434782,83453.0,3.3928571428571423,0,Test
4848,111730,20240113,74020871.0,131,24,8,89,108,82.0,4,0.6259541984732825,0.037037037037037,49875.0,3.609756097560976,0,Test
4849,111744,20240113,74020908.0,0,0,0,0,167,133.0,2,0.7964071856287425,0.0119760479041916,69592.0,4.052631578947368,0,Control
4850,111747,20240113,74020920.0,0,0,0,0,452,378.0,8,0.8362831858407079,0.0176991150442477,175160.0,2.9126984126984103,0,Control
4851,111753,20240113,74020960.0,0,0,0,0,474,387.0,7,0.8164556962025317,0.0147679324894514,239464.0,3.612403100775197,0,Test
4852,111754,20240113,74020961.0,0,0,0,0,269,223.0,5,0.828996282527881,0.0185873605947955,167547.0,4.291479820627803,0,Control
4853,111766,20240113,74021008.0,0,0,0,0,758,630.0,7,0.8311345646437994,0.0092348284960422,305010.0,3.287301587301588,0,Control
4854,111800,20240113,74021099.0,0,0,0,0,304,241.0,8,0.7927631578947368,0.0263157894736842,148634.0,4.402489626556016,0,Control
4855,111806,20240113,74021105.0,0,0,0,0,134,107.0,1,0.7985074626865671,0.0074626865671641,86327.0,4.644859813084114,0,Test
4856,111856,20240113,74021211.0,0,0,0,0,96,56.0,0,0.5833333333333334,0.0,43060.0,5.517857142857142,0,Control
4857,111895,20240113,74021302.0,373,59,13,280,327,282.0,15,0.7560321715817694,0.0458715596330275,149619.0,3.287234042553192,0,Test
4858,111922,20240113,74021353.0,0,0,0,0,642,507.0,5,0.7897196261682243,0.0077881619937694,239010.0,3.2209072978303737,0,Control
4859,111974,20240113,74021462.0,0,0,0,0,155,119.0,3,0.7677419354838709,0.0193548387096774,74631.0,3.478991596638654,0,Control
4860,111984,20240113,74021481.0,0,0,0,0,226,208.0,1,0.9203539823008848,0.0044247787610619,100274.0,3.389423076923077,0,Control
4861,112070,20240113,74021639.0,266,36,5,205,233,201.0,9,0.7556390977443609,0.03862660944206,112603.0,3.681592039800996,0,Test
4862,112100,20240113,74021733.0,0,0,0,0,276,189.0,7,0.6847826086956522,0.0253623188405797,154417.0,4.978835978835982,0,Control
4863,112104,20240113,74021738.0,0,0,0,0,121,83.0,0,0.6859504132231405,0.0,66773.0,4.313253012048193,0,Test
4864,112159,20240113,74021823.0,0,0,0,0,200,128.0,0,0.64,0.0,118082.0,4.390625000000003,0,Test
4865,112186,20240113,74021880.0,88,11,2,58,70,57.0,6,0.6477272727272727,0.0857142857142857,51227.0,4.19298245614035,0,Test
4866,112206,20240113,74021914.0,369,44,10,214,242,204.0,8,0.5528455284552846,0.0330578512396694,80255.0,2.916666666666667,0,Test
4867,112210,20240113,74021919.0,0,0,0,0,485,399.0,6,0.822680412371134,0.0123711340206185,177185.0,3.2305764411027567,0,Control
4868,112216,20240113,74021928.0,387,47,11,249,278,234.0,7,0.6046511627906976,0.0251798561151079,110593.0,3.444444444444444,0,Test
4869,112244,20240113,74021975.0,232,25,3,159,181,142.0,9,0.6120689655172413,0.0497237569060773,71524.0,3.640845070422535,0,Test
4870,112247,20240113,74021978.0,301,36,8,170,189,154.0,5,0.5116279069767442,0.0264550264550264,104213.0,3.876623376623376,0,Test
4871,112284,20240113,74214453.0,0,0,0,0,637,513.0,4,0.8053375196232339,0.0062794348508634,300387.0,3.5964912280701764,0,Control
4872,112288,20240113,74215106.0,849,101,34,574,670,567.0,24,0.6678445229681979,0.035820895522388,231287.0,3.0088183421516743,0,Test
4873,112347,20240113,74220627.0,0,0,0,0,167,123.0,4,0.7365269461077845,0.0239520958083832,77413.0,3.943089430894308,0,Control
4874,112381,20240113,74220822.0,0,0,0,0,630,499.0,1,0.792063492063492,0.0015873015873015,314421.0,4.0521042084168295,0,Control
4875,112399,20240113,74220910.0,0,0,0,0,434,319.0,8,0.7350230414746544,0.0184331797235023,207858.0,3.7492163009404407,0,Control
4876,112427,20240113,74221041.0,0,0,0,0,433,364.0,10,0.8406466512702079,0.023094688221709,190948.0,3.3269230769230744,0,Control
4877,112498,20240113,74221472.0,0,0,0,0,154,104.0,2,0.6753246753246753,0.0129870129870129,58787.0,3.7596153846153846,0,Control
4878,112522,20240113,74321666.0,1207,138,44,735,842,738.0,32,0.6114333057166529,0.0380047505938242,335695.0,3.3116531165311645,0,Test
4879,112524,20240113,74321670.0,914,91,38,475,596,492.0,35,0.5382932166301969,0.0587248322147651,226749.0,2.989837398373982,0,Test
4880,112545,20240113,74321719.0,0,0,0,0,263,203.0,3,0.7718631178707225,0.0114068441064638,87455.0,2.950738916256158,0,Control
4881,112547,20240113,74321722.0,0,0,0,0,551,420.0,10,0.7622504537205081,0.0181488203266787,231283.0,3.578571428571429,0,Control
4882,112610,20240113,74321861.0,0,0,0,0,283,220.0,4,0.7773851590106007,0.0141342756183745,125831.0,3.768181818181817,0,Control
4883,112614,20240113,74321865.0,0,0,0,0,271,209.0,4,0.7712177121771218,0.014760147601476,127347.0,3.4736842105263146,0,Control
4884,112642,20240113,74321910.0,0,0,0,0,345,289.0,1,0.8376811594202899,0.0028985507246376,157267.0,3.5778546712802743,0,Control
4885,112664,20240114,74013270.0,488,96,22,303,419,299.0,39,0.6127049180327869,0.0930787589498806,182409.0,3.3946488294314383,0,Test
4886,112677,20240114,74013406.0,0,0,0,0,302,222.0,4,0.7350993377483444,0.0132450331125827,108605.0,3.423423423423424,0,Control
4887,112708,20240114,74016847.0,0,0,0,0,564,440.0,7,0.7801418439716312,0.0124113475177304,206899.0,3.1022727272727284,0,Control
4888,112717,20240114,74020378.0,0,0,0,0,685,457.0,13,0.6671532846715329,0.018978102189781,296560.0,3.910284463894967,0,Test
4889,112724,20240114,74020395.0,0,0,0,0,368,285.0,9,0.7744565217391305,0.0244565217391304,133253.0,3.115789473684211,0,Test
4890,112742,20240114,74020449.0,569,65,12,372,787,443.0,1,0.7785588752196837,0.0012706480304955,204409.0,3.3972911963882595,0,Test
4891,112759,20240114,74020492.0,0,0,0,0,1167,1061.0,13,0.9091688089117396,0.0111396743787489,600052.0,3.7615457115928383,0,Control
4892,112773,20240114,74020551.0,200,16,3,128,259,196.0,3,0.98,0.0115830115830115,113731.0,3.8520408163265305,0,Test
4893,112801,20240114,74020634.0,0,0,0,0,214,197.0,0,0.9205607476635514,0.0,109091.0,3.228426395939084,0,Test
4894,112809,20240114,74020653.0,0,0,0,0,265,177.0,4,0.6679245283018868,0.0150943396226415,103717.0,3.4067796610169494,0,Test
4895,112814,20240114,74020660.0,215,33,12,116,143,124.0,6,0.5767441860465117,0.0419580419580419,73244.0,3.88709677419355,0,Test
4896,112821,20240114,74020667.0,0,0,0,0,240,211.0,2,0.8791666666666667,0.0083333333333333,143836.0,3.862559241706161,0,Test
4897,112878,20240114,74020828.0,288,62,9,202,229,195.0,9,0.6770833333333334,0.0393013100436681,103344.0,3.425641025641026,0,Test
4898,112887,20240114,74020871.0,119,18,9,74,94,74.0,5,0.6218487394957983,0.0531914893617021,40746.0,3.040540540540541,0,Test
4899,112901,20240114,74020908.0,0,0,0,0,167,123.0,3,0.7365269461077845,0.0179640718562874,81490.0,5.146341463414636,0,Control
4900,112904,20240114,74020920.0,0,0,0,0,368,273.0,6,0.7418478260869565,0.0163043478260869,132824.0,3.0146520146520133,0,Control
4901,112910,20240114,74020960.0,0,0,0,0,374,301.0,5,0.8048128342245989,0.0133689839572192,195308.0,3.84717607973422,0,Test
4902,112911,20240114,74020961.0,0,0,0,0,272,218.0,3,0.8014705882352942,0.0110294117647058,188610.0,4.958715596330281,0,Control
4903,112923,20240114,74021008.0,0,0,0,0,666,541.0,9,0.8123123123123123,0.0135135135135135,255182.0,3.256931608133089,0,Control
4904,112957,20240114,74021099.0,0,0,0,0,307,268.0,5,0.8729641693811075,0.01628664495114,180938.0,4.746268656716416,0,Control
4905,112963,20240114,74021105.0,0,0,0,0,142,102.0,1,0.7183098591549296,0.0070422535211267,87399.0,4.990196078431374,0,Test
4906,113013,20240114,74021211.0,0,0,0,0,173,108.0,0,0.6242774566473989,0.0,79002.0,4.962962962962962,0,Control
4907,113052,20240114,74021302.0,369,43,13,289,332,289.0,7,0.7831978319783198,0.0210843373493975,153887.0,3.50173010380623,0,Test
4908,113079,20240114,74021353.0,0,0,0,0,592,456.0,13,0.7702702702702703,0.0219594594594594,218773.0,3.2061403508771944,0,Control
4909,113131,20240114,74021462.0,0,0,0,0,125,92.0,3,0.736,0.024,58067.0,3.6413043478260874,0,Control
4910,113141,20240114,74021481.0,0,0,0,0,249,211.0,2,0.8473895582329317,0.0080321285140562,104204.0,3.469194312796207,0,Control
4911,113226,20240114,74021639.0,260,44,8,185,223,187.0,15,0.7192307692307692,0.0672645739910313,110471.0,3.86096256684492,0,Test
4912,113256,20240114,74021733.0,0,0,0,0,343,224.0,9,0.6530612244897959,0.0262390670553935,192053.0,5.218750000000004,0,Control
4913,113260,20240114,74021738.0,0,0,0,0,147,110.0,0,0.7482993197278912,0.0,100418.0,4.590909090909091,0,Test
4914,113315,20240114,74021823.0,0,0,0,0,193,133.0,2,0.689119170984456,0.0103626943005181,116020.0,4.518796992481203,0,Test
4915,113342,20240114,74021880.0,65,9,1,32,38,34.0,4,0.5230769230769231,0.1052631578947368,31076.0,3.323529411764706,0,Test
4916,113362,20240114,74021914.0,357,49,15,207,241,209.0,9,0.5854341736694678,0.0373443983402489,89249.0,3.0765550239234467,0,Test
4917,113366,20240114,74021919.0,0,0,0,0,361,269.0,6,0.7451523545706371,0.0166204986149584,133925.0,3.513011152416356,0,Control
4918,113372,20240114,74021928.0,334,31,5,240,255,218.0,4,0.6526946107784432,0.0156862745098039,113890.0,3.642201834862385,0,Test
4919,113400,20240114,74021975.0,278,33,6,196,219,177.0,7,0.6366906474820144,0.0319634703196347,86348.0,3.485875706214689,0,Test
4920,113403,20240114,74021978.0,241,29,2,121,128,100.0,2,0.4149377593360996,0.015625,65521.0,3.82,0,Test
4921,113440,20240114,74214453.0,0,0,0,0,592,458.0,4,0.7736486486486487,0.0067567567567567,274101.0,3.705240174672487,0,Control
4922,113444,20240114,74215106.0,391,56,20,239,280,247.0,13,0.6317135549872123,0.0464285714285714,127151.0,3.502024291497972,0,Test
4923,113503,20240114,74220627.0,0,0,0,0,137,98.0,1,0.7153284671532847,0.0072992700729927,66005.0,4.091836734693876,0,Control
4924,113537,20240114,74220822.0,0,0,0,0,541,387.0,1,0.7153419593345656,0.0018484288354898,239739.0,4.020671834625326,0,Control
4925,113555,20240114,74220910.0,0,0,0,0,343,236.0,7,0.6880466472303207,0.0204081632653061,146143.0,3.491525423728816,0,Control
4926,113583,20240114,74221041.0,0,0,0,0,374,310.0,5,0.8288770053475936,0.0133689839572192,162652.0,3.24516129032258,0,Control
4927,113654,20240114,74221472.0,0,0,0,0,129,101.0,1,0.7829457364341085,0.0077519379844961,55623.0,3.5643564356435644,0,Control
4928,113678,20240114,74321666.0,1172,155,43,618,724,610.0,40,0.5204778156996587,0.0552486187845303,288322.0,3.409836065573772,0,Test
4929,113680,20240114,74321670.0,696,73,22,308,371,287.0,25,0.4123563218390804,0.0673854447439353,138808.0,3.041811846689893,0,Test
4930,113701,20240114,74321719.0,0,0,0,0,249,179.0,2,0.7188755020080321,0.0080321285140562,81559.0,3.3743016759776543,0,Control
4931,113703,20240114,74321722.0,0,0,0,0,515,392.0,6,0.7611650485436893,0.0116504854368932,224834.0,3.709183673469388,0,Control
4932,113766,20240114,74321861.0,0,0,0,0,170,132.0,3,0.7764705882352941,0.0176470588235294,82340.0,4.265151515151515,0,Control
4933,113770,20240114,74321865.0,0,0,0,0,242,175.0,4,0.7231404958677686,0.0165289256198347,109076.0,3.411428571428572,0,Control
4934,113798,20240114,74321910.0,0,0,0,0,286,238.0,3,0.8321678321678322,0.0104895104895104,118088.0,3.1932773109243686,0,Control
4935,113820,20240115,74013270.0,567,83,23,348,444,310.0,20,0.54673721340388,0.045045045045045,160673.0,3.006451612903228,0,Test
4936,113833,20240115,74013406.0,0,0,0,0,196,135.0,4,0.6887755102040817,0.0204081632653061,63713.0,3.259259259259258,0,Control
4937,113864,20240115,74016847.0,0,0,0,0,802,558.0,15,0.6957605985037406,0.0187032418952618,223687.0,2.5573476702508966,0,Control
4938,113873,20240115,74020378.0,0,0,0,0,440,305.0,3,0.6931818181818182,0.0068181818181818,181071.0,3.3836065573770497,0,Test
4939,113880,20240115,74020395.0,0,0,0,0,664,440.0,9,0.6626506024096386,0.0135542168674698,180079.0,2.64318181818182,0,Test
4940,113898,20240115,74020449.0,407,38,3,253,527,276.0,4,0.6781326781326781,0.0075901328273244,133271.0,3.1630434782608705,0,Test
4941,113915,20240115,74020492.0,0,0,0,0,690,547.0,12,0.7927536231884058,0.017391304347826,270785.0,3.149908592321756,0,Control
4942,113929,20240115,74020551.0,180,18,5,114,220,187.0,6,1.038888888888889,0.0272727272727272,95851.0,3.5401069518716595,0,Test
4943,113957,20240115,74020634.0,0,0,0,0,142,114.0,1,0.8028169014084507,0.0070422535211267,61337.0,3.254385964912279,0,Test
4944,113965,20240115,74020653.0,0,0,0,0,158,112.0,2,0.7088607594936709,0.0126582278481012,53169.0,2.75,0,Test
4945,113970,20240115,74020660.0,125,20,9,71,86,72.0,2,0.576,0.0232558139534883,32728.0,2.9583333333333344,0,Test
4946,113977,20240115,74020667.0,0,0,0,0,143,119.0,2,0.8321678321678322,0.0139860139860139,79143.0,3.495798319327731,0,Test
4947,114032,20240115,74020828.0,400,67,24,278,325,303.0,15,0.7575,0.0461538461538461,152842.0,3.303630363036305,0,Test
4948,114041,20240115,74020871.0,157,33,12,87,109,93.0,6,0.5923566878980892,0.055045871559633,45184.0,3.172043010752688,0,Test
4949,114055,20240115,74020908.0,0,0,0,0,136,116.0,2,0.8529411764705882,0.0147058823529411,59175.0,4.0,0,Control
4950,114058,20240115,74020920.0,0,0,0,0,406,350.0,15,0.8620689655172413,0.0369458128078817,142803.0,2.7457142857142856,0,Control
4951,114064,20240115,74020960.0,0,0,0,0,295,254.0,6,0.8610169491525423,0.0203389830508474,121321.0,3.0078740157480324,0,Test
4952,114065,20240115,74020961.0,0,0,0,0,141,108.0,1,0.7659574468085106,0.0070921985815602,73807.0,4.175925925925926,0,Control
4953,114077,20240115,74021008.0,0,0,0,0,739,595.0,12,0.8051420838971584,0.0162381596752368,263202.0,3.038655462184872,0,Control
4954,114111,20240115,74021099.0,0,0,0,0,133,97.0,2,0.7293233082706767,0.0150375939849624,52018.0,3.79381443298969,0,Control
4955,114116,20240115,74021105.0,0,0,0,0,115,84.0,1,0.7304347826086957,0.008695652173913,64379.0,4.333333333333331,0,Test
4956,114166,20240115,74021211.0,0,0,0,0,167,86.0,0,0.5149700598802395,0.0,61563.0,5.453488372093027,0,Control
4957,114205,20240115,74021302.0,269,41,6,200,227,189.0,10,0.7026022304832714,0.0440528634361233,89473.0,2.904761904761905,0,Test
4958,114232,20240115,74021353.0,0,0,0,0,757,621.0,9,0.8203434610303831,0.011889035667107,259164.0,2.87600644122383,0,Control
4959,114285,20240115,74021462.0,0,0,0,0,113,79.0,3,0.6991150442477876,0.0265486725663716,47572.0,3.9620253164556978,0,Control
4960,114295,20240115,74021481.0,0,0,0,0,223,199.0,2,0.8923766816143498,0.0089686098654708,90306.0,2.944723618090453,0,Control
4961,114380,20240115,74021639.0,226,25,9,159,184,162.0,10,0.7168141592920354,0.0543478260869565,85281.0,3.111111111111112,0,Test
4962,114410,20240115,74021733.0,0,0,0,0,326,173.0,9,0.5306748466257669,0.0276073619631901,131458.0,4.907514450867053,0,Control
4963,114414,20240115,74021738.0,0,0,0,0,119,85.0,1,0.7142857142857143,0.0084033613445378,60690.0,3.5176470588235302,0,Test
4964,114469,20240115,74021823.0,0,0,0,0,174,124.0,0,0.7126436781609196,0.0,108540.0,4.669354838709677,0,Test
4965,114496,20240115,74021880.0,51,6,1,27,31,27.0,1,0.5294117647058824,0.032258064516129,21806.0,3.4814814814814814,0,Test
4966,114516,20240115,74021914.0,654,76,41,412,477,450.0,19,0.6880733944954128,0.0398322851153039,169704.0,2.722222222222221,0,Test
4967,114520,20240115,74021919.0,0,0,0,0,531,430.0,14,0.8097928436911488,0.0263653483992467,175789.0,2.9000000000000017,0,Control
4968,114526,20240115,74021928.0,158,12,3,106,120,94.0,4,0.5949367088607594,0.0333333333333333,43909.0,2.7872340425531927,0,Test
4969,114554,20240115,74021975.0,209,11,5,140,152,133.0,3,0.6363636363636364,0.0197368421052631,62655.0,3.278195488721804,0,Test
4970,114557,20240115,74021978.0,158,14,0,92,99,80.0,3,0.5063291139240507,0.0303030303030303,53380.0,3.775,0,Test
4971,114594,20240115,74214453.0,0,0,0,0,524,366.0,2,0.6984732824427481,0.0038167938931297,196365.0,3.2650273224043724,0,Control
4972,114598,20240115,74215106.0,780,101,33,533,633,561.0,38,0.7192307692307692,0.0600315955766192,223028.0,2.7825311942959035,0,Test
4973,114656,20240115,74220627.0,0,0,0,0,96,71.0,0,0.7395833333333334,0.0,46377.0,3.704225352112676,0,Control
4974,114690,20240115,74220822.0,0,0,0,0,406,290.0,5,0.7142857142857143,0.0123152709359605,169783.0,3.80344827586207,0,Control
4975,114708,20240115,74220910.0,0,0,0,0,296,162.0,1,0.5472972972972973,0.0033783783783783,86877.0,2.9135802469135808,0,Control
4976,114736,20240115,74221041.0,0,0,0,0,362,280.0,7,0.7734806629834254,0.0193370165745856,136185.0,3.053571428571427,0,Control
4977,114807,20240115,74221472.0,0,0,0,0,116,98.0,3,0.8448275862068966,0.0258620689655172,48808.0,3.4591836734693877,0,Control
4978,114831,20240115,74321666.0,1001,97,54,518,621,540.0,29,0.5394605394605395,0.0466988727858293,229618.0,2.9148148148148167,0,Test
4979,114833,20240115,74321670.0,1144,109,47,654,793,683.0,50,0.597027972027972,0.0630517023959646,270793.0,2.692532942898976,0,Test
4980,114854,20240115,74321719.0,0,0,0,0,149,118.0,5,0.7919463087248322,0.0335570469798657,51737.0,3.1440677966101687,0,Control
4981,114856,20240115,74321722.0,0,0,0,0,345,267.0,3,0.7739130434782608,0.008695652173913,139149.0,3.363295880149814,0,Control
4982,114919,20240115,74321861.0,0,0,0,0,133,106.0,2,0.7969924812030075,0.0150375939849624,52782.0,3.39622641509434,0,Control
4983,114923,20240115,74321865.0,0,0,0,0,215,148.0,4,0.6883720930232559,0.0186046511627906,70193.0,2.9391891891891886,0,Control
4984,114952,20240115,74321910.0,0,0,0,0,205,164.0,2,0.8,0.0097560975609756,74888.0,3.170731707317075,0,Control
4985,114974,20240116,74013270.0,910,112,34,538,643,531.0,37,0.5835164835164836,0.0575427682737169,251266.0,2.8983050847457617,0,Test
4986,114987,20240116,74013406.0,0,0,0,0,221,188.0,3,0.8506787330316742,0.0135746606334841,86038.0,2.946808510638299,0,Control
4987,115018,20240116,74016847.0,0,0,0,0,964,595.0,13,0.6172199170124482,0.0134854771784232,249132.0,2.5445378151260534,0,Control
4988,115027,20240116,74020378.0,0,0,0,0,422,271.0,3,0.6421800947867299,0.0071090047393364,151262.0,3.335793357933579,0,Test
4989,115034,20240116,74020395.0,0,0,0,0,565,426.0,14,0.7539823008849558,0.0247787610619469,184045.0,2.906103286384976,0,Test
4990,115052,20240116,74020449.0,384,27,7,248,535,302.0,4,0.7864583333333334,0.0074766355140186,122897.0,2.9834437086092733,0,Test
4991,115069,20240116,74020492.0,0,0,0,0,764,611.0,6,0.7997382198952879,0.0078534031413612,276132.0,3.0032733224222574,0,Control
4992,115083,20240116,74020551.0,178,18,6,124,247,202.0,10,1.1348314606741574,0.0404858299595141,107740.0,3.301980198019802,0,Test
4993,115111,20240116,74020634.0,0,0,0,0,127,106.0,1,0.8346456692913385,0.0078740157480314,51746.0,2.839622641509435,0,Test
4994,115119,20240116,74020653.0,0,0,0,0,177,114.0,0,0.6440677966101694,0.0,62088.0,3.149122807017544,0,Test
4995,115124,20240116,74020660.0,124,16,1,85,94,82.0,3,0.6612903225806451,0.0319148936170212,41330.0,3.1097560975609744,0,Test
4996,115131,20240116,74020667.0,0,0,0,0,151,110.0,3,0.7284768211920529,0.0198675496688741,65891.0,3.2909090909090923,0,Test
4997,115188,20240116,74020828.0,405,72,23,286,340,305.0,16,0.7530864197530864,0.0470588235294117,138429.0,3.065573770491804,0,Test
4998,115197,20240116,74020871.0,154,28,6,97,120,103.0,11,0.6688311688311688,0.0916666666666666,50989.0,3.407766990291263,0,Test
4999,115211,20240116,74020908.0,0,0,0,0,125,102.0,1,0.816,0.008,54818.0,3.9803921568627456,0,Control
5000,115214,20240116,74020920.0,0,0,0,0,452,366.0,5,0.8097345132743363,0.0110619469026548,157328.0,2.685792349726776,0,Control
5001,115220,20240116,74020960.0,0,0,0,0,353,274.0,4,0.7762039660056658,0.0113314447592068,155441.0,3.350364963503651,0,Test
5002,115221,20240116,74020961.0,0,0,0,0,138,105.0,3,0.7608695652173914,0.0217391304347826,70322.0,3.799999999999999,0,Control
5003,115233,20240116,74021008.0,0,0,0,0,676,532.0,6,0.7869822485207101,0.0088757396449704,222009.0,2.872180451127818,0,Control
5004,115267,20240116,74021099.0,0,0,0,0,134,107.0,1,0.7985074626865671,0.0074626865671641,53928.0,3.355140186915888,0,Control
5005,115272,20240116,74021105.0,0,0,0,0,132,92.0,2,0.696969696969697,0.0151515151515151,68103.0,4.152173913043478,0,Test
5006,115322,20240116,74021211.0,0,0,0,0,134,84.0,0,0.6268656716417911,0.0,57031.0,5.083333333333331,0,Control
5007,115360,20240116,74021302.0,216,23,9,154,181,137.0,5,0.6342592592592593,0.0276243093922651,70138.0,2.985401459854014,0,Test
5008,115387,20240116,74021353.0,0,0,0,0,749,601.0,16,0.8024032042723631,0.0213618157543391,266791.0,2.8935108153078217,0,Control
5009,115440,20240116,74021462.0,0,0,0,0,107,65.0,3,0.6074766355140186,0.02803738317757,28667.0,2.96923076923077,0,Control
5010,115450,20240116,74021481.0,0,0,0,0,213,133.0,3,0.6244131455399061,0.0140845070422535,62960.0,3.25563909774436,0,Control
5011,115536,20240116,74021639.0,211,22,4,163,181,150.0,7,0.7109004739336493,0.0386740331491712,76189.0,3.2266666666666675,0,Test
5012,115566,20240116,74021733.0,0,0,0,0,314,189.0,8,0.6019108280254777,0.0254777070063694,146716.0,4.402116402116402,0,Control
5013,115570,20240116,74021738.0,0,0,0,0,154,107.0,1,0.6948051948051948,0.0064935064935064,89088.0,4.392523364485979,0,Test
5014,115625,20240116,74021823.0,0,0,0,0,161,101.0,1,0.6273291925465838,0.0062111801242236,84255.0,3.930693069306929,0,Test
5015,115653,20240116,74021880.0,69,9,0,45,50,43.0,2,0.6231884057971014,0.04,34104.0,3.674418604651162,0,Test
5016,115673,20240116,74021914.0,648,49,30,421,479,445.0,19,0.6867283950617284,0.0396659707724425,165561.0,2.5483146067415725,0,Test
5017,115677,20240116,74021919.0,0,0,0,0,593,471.0,17,0.7942664418212478,0.0286677908937605,196424.0,2.983014861995755,0,Control
5018,115683,20240116,74021928.0,201,20,6,129,139,102.0,2,0.5074626865671642,0.014388489208633,50358.0,3.313725490196078,0,Test
5019,115711,20240116,74021975.0,228,16,4,150,162,135.0,6,0.5921052631578947,0.037037037037037,53946.0,2.970370370370369,0,Test
5020,115714,20240116,74021978.0,170,18,0,100,107,86.0,2,0.5058823529411764,0.0186915887850467,53419.0,3.9418604651162776,0,Test
5021,115751,20240116,74214453.0,0,0,0,0,360,2.0,0,0.0055555555555555,0.0,1197.0,3.5,0,Control
5022,115755,20240116,74215106.0,792,117,41,496,605,516.0,25,0.6515151515151515,0.0413223140495867,214732.0,2.8430232558139545,0,Test
5023,115813,20240116,74220627.0,0,0,0,0,106,79.0,3,0.7452830188679245,0.0283018867924528,44133.0,3.569620253164557,0,Control
5024,115847,20240116,74220822.0,0,0,0,0,405,297.0,5,0.7333333333333333,0.0123456790123456,161120.0,3.461279461279462,0,Control
5025,115865,20240116,74220910.0,0,0,0,0,326,195.0,4,0.598159509202454,0.0122699386503067,114106.0,3.307692307692308,0,Control
5026,115893,20240116,74221041.0,0,0,0,0,330,278.0,4,0.8424242424242424,0.0121212121212121,147677.0,3.165467625899281,0,Control
5027,115964,20240116,74221472.0,0,0,0,0,149,108.0,0,0.7248322147651006,0.0,52733.0,3.287037037037037,0,Control
5028,115988,20240116,74321666.0,966,88,39,515,612,512.0,25,0.5300207039337475,0.0408496732026143,221062.0,2.8535156250000004,0,Test
5029,115990,20240116,74321670.0,1042,99,53,566,716,594.0,35,0.5700575815738963,0.0488826815642458,243084.0,2.8400673400673364,0,Test
5030,116011,20240116,74321719.0,0,0,0,0,184,133.0,0,0.7228260869565217,0.0,50175.0,2.714285714285713,0,Control
5031,116013,20240116,74321722.0,0,0,0,0,322,250.0,1,0.7763975155279503,0.0031055900621118,135777.0,3.4280000000000013,0,Control
5032,116076,20240116,74321861.0,0,0,0,0,128,102.0,2,0.796875,0.015625,58379.0,3.42156862745098,0,Control
5033,116080,20240116,74321865.0,0,0,0,0,199,154.0,3,0.7738693467336684,0.0150753768844221,80181.0,3.0129870129870158,0,Control
5034,116109,20240116,74321910.0,0,0,0,0,191,155.0,1,0.8115183246073299,0.0052356020942408,73183.0,3.15483870967742,0,Control
5035,116130,20240117,74013270.0,1119,157,49,641,756,649.0,42,0.579982126899017,0.0555555555555555,308913.0,2.878274268104778,0,Test
5036,116143,20240117,74013406.0,0,0,0,0,243,178.0,2,0.7325102880658436,0.0082304526748971,75507.0,2.696629213483145,0,Control
5037,116174,20240117,74016847.0,0,0,0,0,835,617.0,9,0.7389221556886227,0.0107784431137724,258279.0,2.638573743922203,0,Control
5038,116183,20240117,74020378.0,0,0,0,0,342,205.0,3,0.5994152046783626,0.0087719298245614,120866.0,3.6243902439024382,0,Test
5039,116190,20240117,74020395.0,0,0,0,0,583,424.0,10,0.7272727272727273,0.0171526586620926,180435.0,2.738207547169813,0,Test
5040,116208,20240117,74020449.0,473,32,9,311,343,280.0,7,0.5919661733615222,0.0204081632653061,119898.0,2.8285714285714283,0,Test
5041,116225,20240117,74020492.0,0,0,0,0,792,626.0,11,0.7904040404040404,0.0138888888888888,305305.0,3.190095846645369,0,Control
5042,116239,20240117,74020551.0,283,36,8,172,204,158.0,9,0.558303886925795,0.0441176470588235,79414.0,3.4430379746835444,0,Test
5043,116267,20240117,74020634.0,0,0,0,0,139,118.0,1,0.8489208633093526,0.0071942446043165,58003.0,2.9661016949152543,0,Test
5044,116275,20240117,74020653.0,0,0,0,0,186,127.0,0,0.6827956989247311,0.0,59189.0,2.677165354330708,0,Test
5045,116280,20240117,74020660.0,101,15,5,58,69,56.0,3,0.5544554455445545,0.0434782608695652,26410.0,2.9285714285714284,0,Test
5046,116287,20240117,74020667.0,0,0,0,0,163,127.0,3,0.7791411042944786,0.0184049079754601,87379.0,3.779527559055117,0,Test
5047,116344,20240117,74020828.0,435,111,23,309,371,317.0,19,0.728735632183908,0.0512129380053908,145627.0,3.0220820189274447,0,Test
5048,116353,20240117,74020871.0,173,29,12,118,138,114.0,3,0.6589595375722543,0.0217391304347826,55306.0,3.026315789473684,0,Test
5049,116367,20240117,74020908.0,0,0,0,0,123,98.0,2,0.7967479674796748,0.016260162601626,53447.0,4.091836734693877,0,Control
5050,116370,20240117,74020920.0,0,0,0,0,503,328.0,9,0.6520874751491054,0.0178926441351888,141004.0,2.722560975609754,0,Control
5051,116376,20240117,74020960.0,0,0,0,0,364,298.0,6,0.8186813186813187,0.0164835164835164,158790.0,3.1610738255033564,0,Test
5052,116377,20240117,74020961.0,0,0,0,0,138,97.0,3,0.7028985507246377,0.0217391304347826,65452.0,3.8659793814433008,0,Control
5053,116389,20240117,74021008.0,0,0,0,0,831,682.0,7,0.8206979542719615,0.0084235860409145,294325.0,2.9134897360703813,0,Control
5054,116423,20240117,74021099.0,0,0,0,0,95,69.0,0,0.7263157894736842,0.0,38755.0,3.913043478260871,0,Control
5055,116428,20240117,74021105.0,0,0,0,0,66,41.0,0,0.6212121212121212,0.0,26468.0,3.414634146341464,0,Test
5056,116478,20240117,74021211.0,0,0,0,0,174,100.0,0,0.5747126436781609,0.0,67022.0,4.970000000000001,0,Control
5057,116517,20240117,74021302.0,229,37,12,148,185,142.0,8,0.6200873362445415,0.0432432432432432,72832.0,3.330985915492957,0,Test
5058,116544,20240117,74021353.0,0,0,0,0,852,670.0,13,0.7863849765258216,0.0152582159624413,270496.0,2.628358208955223,0,Control
5059,116597,20240117,74021462.0,0,0,0,0,119,84.0,1,0.7058823529411765,0.0084033613445378,47556.0,3.345238095238095,0,Control
5060,116607,20240117,74021481.0,0,0,0,0,202,173.0,0,0.8564356435643564,0.0,76047.0,2.855491329479769,0,Control
5061,116693,20240117,74021639.0,278,33,11,204,254,157.0,3,0.564748201438849,0.0118110236220472,81477.0,3.229299363057323,0,Test
5062,116723,20240117,74021733.0,0,0,0,0,279,174.0,3,0.6236559139784946,0.010752688172043,125301.0,4.413793103448276,0,Control
5063,116727,20240117,74021738.0,0,0,0,0,148,120.0,1,0.8108108108108109,0.0067567567567567,82995.0,3.666666666666668,0,Test
5064,116782,20240117,74021823.0,0,0,0,0,142,101.0,1,0.7112676056338029,0.0070422535211267,72801.0,3.6435643564356415,0,Test
5065,116810,20240117,74021880.0,87,8,1,55,64,53.0,2,0.6091954022988506,0.03125,38169.0,3.2452830188679256,0,Test
5066,116830,20240117,74021914.0,677,73,35,455,529,476.0,13,0.7031019202363368,0.0245746691871455,185568.0,2.722689075630249,0,Test
5067,116834,20240117,74021919.0,0,0,0,0,478,365.0,6,0.7635983263598326,0.0125523012552301,159464.0,3.1260273972602737,0,Control
5068,116840,20240117,74021928.0,163,15,1,101,110,86.0,6,0.5276073619631901,0.0545454545454545,43675.0,3.372093023255814,0,Test
5069,116868,20240117,74021975.0,206,20,5,138,155,124.0,3,0.6019417475728155,0.0193548387096774,54490.0,3.03225806451613,0,Test
5070,116871,20240117,74021978.0,169,36,6,94,115,86.0,1,0.5088757396449705,0.008695652173913,56513.0,4.02325581395349,0,Test
5071,116908,20240117,74214453.0,0,0,0,0,513,377.0,4,0.7348927875243665,0.0077972709551656,214288.0,3.1618037135278505,0,Control
5072,116912,20240117,74215106.0,817,123,53,544,678,585.0,38,0.7160342717258262,0.0560471976401179,237769.0,2.7794871794871776,0,Test
5073,116969,20240117,74220627.0,0,0,0,0,113,85.0,0,0.7522123893805309,0.0,48981.0,3.658823529411765,0,Control
5074,117003,20240117,74220822.0,0,0,0,0,404,279.0,1,0.6905940594059405,0.0024752475247524,151012.0,3.4229390681003595,0,Control
5075,117021,20240117,74220910.0,0,0,0,0,292,177.0,3,0.6061643835616438,0.0102739726027397,104172.0,3.259887005649719,0,Control
5076,117049,20240117,74221041.0,0,0,0,0,392,302.0,5,0.7704081632653061,0.0127551020408163,155253.0,3.115894039735099,0,Control
5077,117120,20240117,74221472.0,0,0,0,0,203,140.0,1,0.6896551724137931,0.0049261083743842,64548.0,3.0142857142857147,0,Control
5078,117144,20240117,74321666.0,936,103,40,484,588,502.0,37,0.5363247863247863,0.0629251700680272,211585.0,2.900398406374501,0,Test
5079,117146,20240117,74321670.0,1180,126,69,657,821,708.0,50,0.6,0.0609013398294762,276177.0,2.6666666666666687,0,Test
5080,117167,20240117,74321719.0,0,0,0,0,177,125.0,2,0.7062146892655368,0.0112994350282485,56489.0,3.3360000000000003,0,Control
5081,117169,20240117,74321722.0,0,0,0,0,378,280.0,4,0.7407407407407407,0.0105820105820105,153836.0,3.3678571428571424,0,Control
5082,117232,20240117,74321861.0,0,0,0,0,127,109.0,2,0.8582677165354331,0.0157480314960629,58117.0,3.4495412844036712,0,Control
5083,117236,20240117,74321865.0,0,0,0,0,206,132.0,5,0.6407766990291263,0.0242718446601941,73807.0,3.1818181818181808,0,Control
5084,117265,20240117,74321910.0,0,0,0,0,217,175.0,1,0.8064516129032258,0.0046082949308755,85103.0,3.165714285714284,0,Control
5085,117286,20240118,74013270.0,1032,149,44,614,736,644.0,54,0.624031007751938,0.0733695652173913,312604.0,2.914596273291928,0,Test
5086,117299,20240118,74013406.0,0,0,0,0,188,130.0,3,0.6914893617021277,0.0159574468085106,52087.0,2.53076923076923,0,Control
5087,117329,20240118,74016847.0,0,0,0,0,979,616.0,6,0.6292134831460674,0.0061287027579162,266491.0,2.6444805194805188,0,Control
5088,117338,20240118,74020378.0,0,0,0,0,404,261.0,7,0.6460396039603961,0.0173267326732673,157325.0,3.5517241379310334,0,Test
5089,117345,20240118,74020395.0,0,0,0,0,545,403.0,6,0.7394495412844037,0.0110091743119266,182038.0,3.0471464019851107,0,Test
5090,117363,20240118,74020449.0,514,42,5,323,371,262.0,6,0.5097276264591439,0.0161725067385444,113785.0,3.1793893129771,0,Test
5091,117380,20240118,74020492.0,0,0,0,0,748,583.0,15,0.7794117647058824,0.0200534759358288,286975.0,3.111492281303605,0,Control
5092,117394,20240118,74020551.0,302,40,12,188,222,190.0,14,0.6291390728476821,0.063063063063063,98513.0,3.3578947368421064,0,Test
5093,117422,20240118,74020634.0,0,0,0,0,117,103.0,3,0.8803418803418803,0.0256410256410256,54735.0,3.097087378640776,0,Test
5094,117430,20240118,74020653.0,0,0,0,0,170,108.0,3,0.6352941176470588,0.0176470588235294,55168.0,3.092592592592593,0,Test
5095,117435,20240118,74020660.0,115,11,3,71,82,67.0,6,0.5826086956521739,0.073170731707317,30890.0,2.9253731343283595,0,Test
5096,117442,20240118,74020667.0,0,0,0,0,147,121.0,3,0.8231292517006803,0.0204081632653061,84817.0,3.900826446280992,0,Test
5097,117499,20240118,74020828.0,391,77,19,296,341,312.0,16,0.7979539641943734,0.0469208211143695,142390.0,3.1217948717948696,0,Test
5098,117508,20240118,74020871.0,161,19,10,107,131,105.0,6,0.6521739130434783,0.0458015267175572,58338.0,3.2,0,Test
5099,117522,20240118,74020908.0,0,0,0,0,109,76.0,1,0.6972477064220184,0.0091743119266055,47961.0,4.789473684210526,0,Control
5100,117525,20240118,74020920.0,0,0,0,0,461,375.0,10,0.8134490238611713,0.0216919739696312,160937.0,2.7253333333333325,0,Control
5101,117531,20240118,74020960.0,0,0,0,0,295,232.0,3,0.7864406779661017,0.0101694915254237,124771.0,3.3189655172413794,0,Test
5102,117532,20240118,74020961.0,0,0,0,0,148,116.0,2,0.7837837837837838,0.0135135135135135,82630.0,3.8103448275862073,0,Control
5103,117544,20240118,74021008.0,0,0,0,0,709,467.0,7,0.6586741889985895,0.0098730606488011,208067.0,3.012847965738757,0,Control
5104,117578,20240118,74021099.0,0,0,0,0,62,46.0,0,0.7419354838709677,0.0,23844.0,3.6739130434782608,0,Control
5105,117583,20240118,74021105.0,0,0,0,0,152,105.0,2,0.6907894736842105,0.0131578947368421,73082.0,3.923809523809524,0,Test
5106,117633,20240118,74021211.0,0,0,0,0,153,85.0,0,0.5555555555555556,0.0,60590.0,5.0588235294117645,0,Control
5107,117672,20240118,74021302.0,266,48,6,192,222,183.0,10,0.6879699248120301,0.045045045045045,93236.0,3.1038251366120218,0,Test
5108,117699,20240118,74021353.0,0,0,0,0,907,700.0,12,0.7717750826901875,0.0132304299889746,313676.0,2.941428571428568,0,Control
5109,117752,20240118,74021462.0,0,0,0,0,71,59.0,1,0.8309859154929577,0.0140845070422535,29396.0,2.949152542372882,0,Control
5110,117762,20240118,74021481.0,0,0,0,0,169,134.0,3,0.7928994082840237,0.0177514792899408,63394.0,2.9552238805970155,0,Control
5111,117848,20240118,74021639.0,257,25,12,161,196,162.0,8,0.6303501945525292,0.0408163265306122,80801.0,3.216049382716048,0,Test
5112,117878,20240118,74021733.0,0,0,0,0,337,197.0,6,0.5845697329376854,0.0178041543026706,147297.0,4.411167512690359,0,Control
5113,117882,20240118,74021738.0,0,0,0,0,148,114.0,2,0.7702702702702703,0.0135135135135135,95877.0,4.087719298245612,0,Test
5114,117937,20240118,74021823.0,0,0,0,0,166,105.0,4,0.6325301204819277,0.0240963855421686,86638.0,3.980952380952381,0,Test
5115,117965,20240118,74021880.0,117,10,5,82,92,85.0,4,0.7264957264957265,0.0434782608695652,75050.0,3.752941176470588,0,Test
5116,117985,20240118,74021914.0,678,72,40,442,528,470.0,23,0.6932153392330384,0.043560606060606,183461.0,2.619148936170214,0,Test
5117,117989,20240118,74021919.0,0,0,0,0,556,452.0,9,0.8129496402877698,0.0161870503597122,190939.0,2.957964601769913,0,Control
5118,117995,20240118,74021928.0,165,16,3,118,126,92.0,0,0.5575757575757576,0.0,50204.0,3.48913043478261,0,Test
5119,118023,20240118,74021975.0,224,22,5,154,174,146.0,8,0.6517857142857143,0.0459770114942528,68870.0,3.301369863013699,0,Test
5120,118026,20240118,74021978.0,168,26,6,99,110,87.0,2,0.5178571428571429,0.0181818181818181,54238.0,3.885057471264367,0,Test
5121,118063,20240118,74214453.0,0,0,0,0,534,410.0,5,0.7677902621722846,0.0093632958801498,232423.0,3.212195121951217,0,Control
5122,118067,20240118,74215106.0,773,98,18,543,643,532.0,26,0.6882276843467011,0.0404354587869362,227018.0,2.8890977443609023,0,Test
5123,118124,20240118,74220627.0,0,0,0,0,86,66.0,2,0.7674418604651163,0.0232558139534883,33433.0,3.4242424242424243,0,Control
5124,118158,20240118,74220822.0,0,0,0,0,397,297.0,5,0.7481108312342569,0.0125944584382871,160325.0,3.3602693602693607,0,Control
5125,118176,20240118,74220910.0,0,0,0,0,317,207.0,4,0.6529968454258676,0.0126182965299684,111235.0,3.0869565217391304,0,Control
5126,118204,20240118,74221041.0,0,0,0,0,354,277.0,10,0.7824858757062146,0.0282485875706214,138269.0,2.945848375451264,0,Control
5127,118275,20240118,74221472.0,0,0,0,0,110,90.0,3,0.8181818181818182,0.0272727272727272,40434.0,3.344444444444444,0,Control
5128,118299,20240118,74321666.0,952,104,40,528,631,517.0,30,0.5430672268907563,0.0475435816164817,218562.0,2.901353965183756,0,Test
5129,118301,20240118,74321670.0,1024,92,46,575,691,617.0,41,0.6025390625,0.0593342981186685,268850.0,2.849270664505676,0,Test
5130,118322,20240118,74321719.0,0,0,0,0,182,129.0,2,0.7087912087912088,0.0109890109890109,49406.0,2.8062015503875983,0,Control
5131,118324,20240118,74321722.0,0,0,0,0,311,241.0,6,0.77491961414791,0.0192926045016077,132828.0,3.3526970954356856,0,Control
5132,118387,20240118,74321861.0,0,0,0,0,169,132.0,1,0.7810650887573964,0.0059171597633136,59275.0,3.1742424242424256,0,Control
5133,118391,20240118,74321865.0,0,0,0,0,188,141.0,2,0.75,0.0106382978723404,72684.0,2.8581560283687955,0,Control
5134,118420,20240118,74321910.0,0,0,0,0,174,131.0,3,0.7528735632183908,0.0172413793103448,72468.0,3.6488549618320594,0,Control
5135,118441,20240119,74013270.0,1194,156,54,684,889,625.0,48,0.5234505862646566,0.0539932508436445,337526.0,3.1344000000000025,0,Test
5136,118454,20240119,74013406.0,0,0,0,0,220,160.0,3,0.7272727272727273,0.0136363636363636,72710.0,2.9937499999999986,0,Control
5137,118485,20240119,74016847.0,0,0,0,0,808,517.0,9,0.6398514851485149,0.0111386138613861,210566.0,2.50870406189555,0,Control
5138,118494,20240119,74020378.0,0,0,0,0,432,320.0,4,0.7407407407407407,0.0092592592592592,184265.0,3.2531250000000003,0,Test
5139,118501,20240119,74020395.0,0,0,0,0,680,522.0,18,0.7676470588235295,0.0264705882352941,229434.0,2.808429118773946,0,Test
5140,118519,20240119,74020449.0,574,51,14,376,441,334.0,12,0.5818815331010453,0.0272108843537414,147822.0,3.18263473053892,0,Test
5141,118536,20240119,74020492.0,0,0,0,0,989,803.0,9,0.8119312436804853,0.0091001011122345,363946.0,2.909090909090912,0,Control
5142,118550,20240119,74020551.0,326,42,6,192,219,179.0,14,0.549079754601227,0.0639269406392694,101099.0,3.6703910614525146,0,Test
5143,118578,20240119,74020634.0,0,0,0,0,130,101.0,1,0.7769230769230769,0.0076923076923076,59838.0,3.3663366336633653,0,Test
5144,118586,20240119,74020653.0,0,0,0,0,194,155.0,1,0.7989690721649485,0.0051546391752577,88594.0,3.1419354838709666,0,Test
5145,118591,20240119,74020660.0,111,15,5,63,78,57.0,4,0.5135135135135135,0.0512820512820512,30265.0,3.2280701754385963,0,Test
5146,118598,20240119,74020667.0,0,0,0,0,194,166.0,1,0.8556701030927835,0.0051546391752577,109262.0,3.542168674698794,0,Test
5147,118655,20240119,74020828.0,422,86,21,297,364,313.0,17,0.7417061611374408,0.0467032967032967,156768.0,3.3322683706070286,0,Test
5148,118664,20240119,74020871.0,184,25,9,125,146,128.0,7,0.6956521739130435,0.047945205479452,66089.0,3.1953125,0,Test
5149,118678,20240119,74020908.0,0,0,0,0,181,140.0,1,0.7734806629834254,0.005524861878453,71673.0,3.621428571428572,0,Control
5150,118681,20240119,74020920.0,0,0,0,0,506,404.0,10,0.7984189723320159,0.0197628458498023,200000.0,3.074257425742574,0,Control
5151,118687,20240119,74020960.0,0,0,0,0,355,292.0,5,0.8225352112676056,0.0140845070422535,169613.0,3.321917808219179,0,Test
5152,118688,20240119,74020961.0,0,0,0,0,176,135.0,2,0.7670454545454546,0.0113636363636363,90996.0,4.192592592592592,0,Control
5153,118700,20240119,74021008.0,0,0,0,0,933,769.0,11,0.8242229367631297,0.0117899249732047,340535.0,2.9258777633289963,0,Control
5154,118734,20240119,74021099.0,0,0,0,0,24,7.0,0,0.2916666666666667,0.0,2064.0,2.142857142857143,0,Control
5155,118739,20240119,74021105.0,105,24,3,70,123,87.0,2,0.8285714285714286,0.016260162601626,66903.0,3.9885057471264367,0,Test
5156,118789,20240119,74021211.0,0,0,0,0,150,79.0,0,0.5266666666666666,0.0,52792.0,4.58227848101266,0,Control
5157,118828,20240119,74021302.0,228,36,10,168,193,169.0,7,0.7412280701754386,0.0362694300518134,81745.0,3.0532544378698225,0,Test
5158,118855,20240119,74021353.0,0,0,0,0,883,721.0,14,0.8165345413363534,0.015855039637599,324188.0,2.9070735090152557,0,Control
5159,118908,20240119,74021462.0,0,0,0,0,155,107.0,5,0.6903225806451613,0.032258064516129,65505.0,3.672897196261682,0,Control
5160,118918,20240119,74021481.0,0,0,0,0,234,205.0,5,0.8760683760683761,0.0213675213675213,88841.0,2.907317073170731,0,Control
5161,119004,20240119,74021639.0,291,31,9,196,231,196.0,13,0.6735395189003437,0.0562770562770562,91164.0,2.831632653061225,0,Test
5162,119034,20240119,74021733.0,0,0,0,0,236,178.0,9,0.7542372881355932,0.0381355932203389,146405.0,4.882022471910116,0,Control
5163,119038,20240119,74021738.0,193,23,5,106,180,147.0,1,0.7616580310880829,0.0055555555555555,132519.0,4.442176870748297,0,Test
5164,119093,20240119,74021823.0,189,24,4,82,161,110.0,5,0.582010582010582,0.031055900621118,93132.0,3.945454545454545,0,Test
5165,119121,20240119,74021880.0,150,11,5,107,117,97.0,3,0.6466666666666666,0.0256410256410256,81444.0,3.690721649484537,0,Test
5166,119141,20240119,74021914.0,628,68,29,422,492,426.0,17,0.678343949044586,0.0345528455284552,171810.0,2.7276995305164293,0,Test
5167,119145,20240119,74021919.0,0,0,0,0,617,513.0,11,0.8314424635332253,0.0178282009724473,236132.0,3.120857699805069,0,Control
5168,119151,20240119,74021928.0,188,19,6,124,142,109.0,5,0.5797872340425532,0.0352112676056338,51474.0,3.137614678899082,0,Test
5169,119179,20240119,74021975.0,265,33,8,177,212,170.0,10,0.6415094339622641,0.0471698113207547,94108.0,3.9058823529411777,0,Test
5170,119182,20240119,74021978.0,245,33,4,137,158,136.0,10,0.5551020408163265,0.0632911392405063,96426.0,4.220588235294118,0,Test
5171,119219,20240119,74214453.0,0,0,0,0,753,457.0,5,0.6069057104913679,0.0066401062416998,277647.0,3.4792122538293224,0,Control
5172,119223,20240119,74215106.0,834,107,35,589,679,611.0,24,0.7326139088729017,0.0353460972017673,282922.0,3.1047463175122747,0,Test
5173,119280,20240119,74220627.0,0,0,0,0,140,105.0,4,0.75,0.0285714285714285,57007.0,3.333333333333335,0,Control
5174,119314,20240119,74220822.0,0,0,0,0,503,370.0,7,0.73558648111332,0.0139165009940357,223879.0,3.8162162162162176,0,Control
5175,119332,20240119,74220910.0,0,0,0,0,416,281.0,5,0.6754807692307693,0.0120192307692307,183588.0,3.355871886120998,0,Control
5176,119360,20240119,74221041.0,0,0,0,0,468,373.0,5,0.7970085470085471,0.0106837606837606,210106.0,3.3592493297587125,0,Control
5177,119431,20240119,74221472.0,0,0,0,0,135,100.0,1,0.7407407407407407,0.0074074074074074,44466.0,3.1100000000000008,0,Control
5178,119455,20240119,74321666.0,1145,127,40,662,787,664.0,37,0.5799126637554585,0.0470139771283354,281900.0,2.930722891566266,0,Test
5179,119457,20240119,74321670.0,1275,123,61,771,925,776.0,36,0.6086274509803922,0.0389189189189189,343610.0,2.949742268041238,0,Test
5180,119478,20240119,74321719.0,0,0,0,0,257,210.0,5,0.8171206225680934,0.0194552529182879,86933.0,2.8714285714285723,0,Control
5181,119480,20240119,74321722.0,0,0,0,0,448,361.0,4,0.8058035714285714,0.0089285714285714,208532.0,3.415512465373959,0,Control
5182,119543,20240119,74321861.0,0,0,0,0,206,162.0,3,0.7864077669902912,0.0145631067961165,99034.0,4.067901234567898,0,Control
5183,119547,20240119,74321865.0,0,0,0,0,276,187.0,2,0.677536231884058,0.0072463768115942,103957.0,3.133689839572193,0,Control
5184,119576,20240119,74321910.0,0,0,0,0,279,221.0,3,0.7921146953405018,0.010752688172043,122038.0,3.199095022624434,0,Control
5185,119597,20240120,74013270.0,1023,137,48,642,764,626.0,39,0.6119257086999023,0.0510471204188481,360068.0,3.31629392971246,0,Test
5186,119610,20240120,74013406.0,0,0,0,0,336,259.0,5,0.7708333333333334,0.0148809523809523,130702.0,3.335907335907336,0,Control
5187,119641,20240120,74016847.0,0,0,0,0,736,564.0,12,0.7663043478260869,0.0163043478260869,266925.0,2.780141843971633,0,Control
5188,119650,20240120,74020378.0,0,0,0,0,784,510.0,6,0.6505102040816326,0.0076530612244897,325936.0,3.970588235294117,0,Test
5189,119657,20240120,74020395.0,0,0,0,0,542,381.0,10,0.7029520295202952,0.018450184501845,185071.0,3.154855643044621,0,Test
5190,119675,20240120,74020449.0,848,72,14,564,659,490.0,11,0.5778301886792453,0.0166919575113808,242944.0,3.473469387755103,0,Test
5191,119692,20240120,74020492.0,0,0,0,0,1198,1039.0,9,0.8672787979966611,0.0075125208681135,534796.0,3.4744947064485068,0,Control
5192,119706,20240120,74020551.0,447,56,12,310,353,287.0,12,0.6420581655480985,0.0339943342776204,148719.0,3.491289198606273,0,Test
5193,119734,20240120,74020634.0,0,0,0,0,247,226.0,3,0.9149797570850202,0.0121457489878542,142033.0,3.9070796460177006,0,Test
5194,119742,20240120,74020653.0,0,0,0,0,361,217.0,1,0.6011080332409973,0.002770083102493,131718.0,3.4470046082949306,0,Test
5195,119747,20240120,74020660.0,147,25,7,82,116,77.0,4,0.5238095238095238,0.0344827586206896,37407.0,3.1818181818181817,0,Test
5196,119754,20240120,74020667.0,0,0,0,0,231,179.0,2,0.7748917748917749,0.0086580086580086,128761.0,3.932960893854749,0,Test
5197,119811,20240120,74020828.0,376,69,19,275,343,269.0,12,0.7154255319148937,0.0349854227405247,145266.0,3.4981412639405187,0,Test
5198,119820,20240120,74020871.0,159,21,8,97,115,102.0,10,0.6415094339622641,0.0869565217391304,55106.0,3.215686274509804,0,Test
5199,119834,20240120,74020908.0,0,0,0,0,195,144.0,1,0.7384615384615385,0.0051282051282051,93234.0,4.951388888888889,0,Control
5200,119837,20240120,74020920.0,0,0,0,0,472,378.0,2,0.8008474576271186,0.0042372881355932,191060.0,3.1243386243386224,0,Control
5201,119843,20240120,74020960.0,0,0,0,0,437,364.0,5,0.8329519450800915,0.011441647597254,210149.0,3.412087912087911,0,Test
5202,119844,20240120,74020961.0,0,0,0,0,328,263.0,4,0.801829268292683,0.0121951219512195,199266.0,4.467680608365018,0,Control
5203,119856,20240120,74021008.0,0,0,0,0,860,715.0,8,0.8313953488372093,0.0093023255813953,349857.0,3.3300699300699312,0,Control
5204,119890,20240120,74021099.0,0,0,0,0,232,207.0,7,0.8922413793103449,0.0301724137931034,130156.0,4.333333333333331,0,Control
5205,119895,20240120,74021105.0,182,30,1,132,157,120.0,5,0.6593406593406593,0.0318471337579617,108122.0,4.899999999999999,0,Test
5206,119945,20240120,74021211.0,0,0,0,0,186,118.0,0,0.6344086021505376,0.0,95888.0,6.008474576271185,0,Control
5207,119984,20240120,74021302.0,362,58,15,261,311,239.0,8,0.6602209944751382,0.0257234726688102,120698.0,3.376569037656905,0,Test
5208,120010,20240120,74021353.0,0,0,0,0,765,605.0,12,0.7908496732026143,0.0156862745098039,284085.0,3.0892561983471056,0,Control
5209,120063,20240120,74021462.0,0,0,0,0,151,99.0,3,0.6556291390728477,0.0198675496688741,59579.0,3.757575757575757,0,Control
5210,120073,20240120,74021481.0,0,0,0,0,297,10.0,0,0.0336700336700336,0.0,4238.0,2.9,0,Control
5211,120159,20240120,74021639.0,373,40,9,272,324,262.0,13,0.7024128686327078,0.0401234567901234,149400.0,3.381679389312977,0,Test
5212,120189,20240120,74021733.0,0,0,0,0,255,208.0,4,0.8156862745098039,0.0156862745098039,172792.0,5.067307692307692,0,Control
5213,120193,20240120,74021738.0,202,19,5,110,119,100.0,1,0.495049504950495,0.0084033613445378,87781.0,4.27,0,Test
5214,120248,20240120,74021823.0,144,15,9,78,93,80.0,2,0.5555555555555556,0.021505376344086,81288.0,4.6375,0,Test
5215,120276,20240120,74021880.0,156,11,1,112,123,103.0,3,0.6602564102564102,0.024390243902439,89218.0,4.019417475728157,0,Test
5216,120296,20240120,74021914.0,439,43,19,287,337,273.0,13,0.621867881548975,0.0385756676557863,118031.0,2.897435897435896,0,Test
5217,120300,20240120,74021919.0,0,0,0,0,541,435.0,13,0.8040665434380776,0.0240295748613678,206810.0,3.2275862068965497,0,Control
5218,120306,20240120,74021928.0,389,47,12,282,311,266.0,11,0.6838046272493573,0.0353697749196141,150471.0,3.808270676691728,0,Test
5219,120334,20240120,74021975.0,310,29,3,216,250,183.0,11,0.5903225806451613,0.044,92940.0,3.622950819672131,0,Test
5220,120337,20240120,74021978.0,303,28,6,212,230,192.0,3,0.6336633663366337,0.0130434782608695,118540.0,3.5885416666666674,0,Test
5221,120374,20240120,74214453.0,0,0,0,0,658,496.0,1,0.7537993920972644,0.0015197568389057,316156.0,3.530241935483871,0,Control
5222,120378,20240120,74215106.0,792,126,26,526,611,535.0,28,0.6755050505050505,0.0458265139116202,238277.0,3.1327102803738307,0,Test
5223,120435,20240120,74220627.0,0,0,0,0,172,136.0,4,0.7906976744186046,0.0232558139534883,81891.0,3.683823529411765,0,Control
5224,120469,20240120,74220822.0,0,0,0,0,646,515.0,2,0.7972136222910217,0.0030959752321981,321863.0,4.033009708737864,0,Control
5225,120487,20240120,74220910.0,0,0,0,0,430,264.0,9,0.6139534883720931,0.0209302325581395,167692.0,3.647727272727274,0,Control
5226,120515,20240120,74221041.0,0,0,0,0,474,386.0,5,0.8143459915611815,0.010548523206751,227397.0,3.4896373056994805,0,Control
5227,120586,20240120,74221472.0,0,0,0,0,199,151.0,0,0.7587939698492462,0.0,81484.0,3.834437086092715,0,Control
5228,120610,20240120,74321666.0,1368,143,64,823,960,836.0,45,0.6111111111111112,0.046875,388956.0,3.283492822966505,0,Test
5229,120612,20240120,74321670.0,941,79,40,521,638,548.0,25,0.5823591923485654,0.0391849529780564,265022.0,3.288321167883212,0,Test
5230,120633,20240120,74321719.0,0,0,0,0,284,216.0,2,0.7605633802816901,0.0070422535211267,95445.0,2.986111111111111,0,Control
5231,120635,20240120,74321722.0,0,0,0,0,519,424.0,3,0.8169556840077071,0.0057803468208092,237733.0,3.4858490566037728,0,Control
5232,120698,20240120,74321861.0,0,0,0,0,317,250.0,6,0.7886435331230284,0.0189274447949526,157597.0,4.1000000000000005,0,Control
5233,120702,20240120,74321865.0,0,0,0,0,260,197.0,4,0.7576923076923077,0.0153846153846153,119634.0,3.319796954314719,0,Control
5234,120731,20240120,74321910.0,0,0,0,0,374,289.0,4,0.7727272727272727,0.0106951871657754,148778.0,3.332179930795847,0,Control
5235,120752,20240121,74013270.0,789,89,27,473,554,445.0,23,0.5640050697084917,0.0415162454873646,270663.0,3.411235955056179,0,Test
5236,120765,20240121,74013406.0,0,0,0,0,304,239.0,3,0.7861842105263158,0.0098684210526315,114444.0,3.175732217573223,0,Control
5237,120796,20240121,74016847.0,0,0,0,0,533,391.0,6,0.7335834896810507,0.0112570356472795,198072.0,3.046035805626598,0,Control
5238,120805,20240121,74020378.0,0,0,0,0,665,471.0,3,0.7082706766917293,0.0045112781954887,274496.0,3.45222929936306,0,Test
5239,120812,20240121,74020395.0,0,0,0,0,431,314.0,11,0.728538283062645,0.025522041763341,159424.0,3.2484076433121034,0,Test
5240,120830,20240121,74020449.0,775,68,14,526,622,461.0,8,0.5948387096774194,0.0128617363344051,211671.0,3.362255965292841,0,Test
5241,120847,20240121,74020492.0,0,0,0,0,1157,982.0,17,0.8487467588591184,0.0146931719965427,508371.0,3.30040733197556,0,Control
5242,120861,20240121,74020551.0,347,42,4,251,272,229.0,7,0.659942363112392,0.025735294117647,138335.0,3.7248908296943246,0,Test
5243,120889,20240121,74020634.0,0,0,0,0,231,211.0,0,0.9134199134199136,0.0,127587.0,3.5639810426540284,0,Test
5244,120897,20240121,74020653.0,0,0,0,0,295,214.0,1,0.7254237288135593,0.0033898305084745,124240.0,3.327102803738318,0,Test
5245,120902,20240121,74020660.0,187,26,6,104,148,69.0,3,0.3689839572192513,0.0202702702702702,38687.0,3.391304347826088,0,Test
5246,120909,20240121,74020667.0,0,0,0,0,178,161.0,0,0.904494382022472,0.0,127387.0,4.267080745341615,0,Test
5247,120966,20240121,74020828.0,311,59,10,215,246,216.0,12,0.6945337620578779,0.048780487804878,116871.0,3.453703703703703,0,Test
5248,120975,20240121,74020871.0,155,19,5,114,128,109.0,4,0.7032258064516129,0.03125,65805.0,3.7522935779816495,0,Test
5249,120989,20240121,74020908.0,0,0,0,0,161,125.0,1,0.7763975155279503,0.0062111801242236,74429.0,4.448000000000003,0,Control
5250,120992,20240121,74020920.0,0,0,0,0,402,311.0,6,0.7736318407960199,0.0149253731343283,162339.0,3.125401929260451,0,Control
5251,120998,20240121,74020960.0,0,0,0,0,360,274.0,6,0.7611111111111111,0.0166666666666666,166156.0,3.434306569343066,0,Test
5252,120999,20240121,74020961.0,0,0,0,0,241,198.0,3,0.8215767634854771,0.0124481327800829,153507.0,4.38888888888889,0,Control
5253,121011,20240121,74021008.0,0,0,0,0,786,607.0,9,0.772264631043257,0.0114503816793893,298092.0,3.3640856672158144,0,Control
5254,121045,20240121,74021099.0,0,0,0,0,44,4.0,0,0.0909090909090909,0.0,2875.0,6.0,0,Control
5255,121050,20240121,74021105.0,125,26,3,86,118,62.0,1,0.496,0.0084745762711864,58841.0,4.725806451612904,0,Test
5256,121100,20240121,74021211.0,0,0,0,0,185,95.0,1,0.5135135135135135,0.0054054054054054,76756.0,5.852631578947369,0,Control
5257,121139,20240121,74021302.0,293,51,5,227,257,172.0,9,0.5870307167235495,0.0350194552529182,91302.0,3.645348837209301,0,Test
5258,121166,20240121,74021353.0,0,0,0,0,670,539.0,5,0.8044776119402985,0.0074626865671641,260163.0,3.2430426716141025,0,Control
5259,121219,20240121,74021462.0,0,0,0,0,108,91.0,1,0.8425925925925926,0.0092592592592592,53177.0,3.681318681318681,0,Control
5260,121229,20240121,74021481.0,0,0,0,0,250,215.0,3,0.86,0.012,106179.0,3.4465116279069745,0,Control
5261,121314,20240121,74021639.0,267,32,5,171,205,158.0,10,0.5917602996254682,0.048780487804878,80825.0,3.462025316455695,0,Test
5262,121343,20240121,74021733.0,0,0,0,0,188,168.0,8,0.8936170212765957,0.0425531914893617,158145.0,5.464285714285718,0,Control
5263,121347,20240121,74021738.0,215,14,6,130,142,118.0,0,0.5488372093023256,0.0,100652.0,4.084745762711862,0,Test
5264,121402,20240121,74021823.0,265,23,9,157,169,142.0,1,0.5358490566037736,0.0059171597633136,131096.0,4.47887323943662,0,Test
5265,121430,20240121,74021880.0,150,14,7,100,127,85.0,2,0.5666666666666667,0.0157480314960629,75525.0,4.23529411764706,0,Test
5266,121450,20240121,74021914.0,365,62,21,232,277,220.0,12,0.6027397260273972,0.0433212996389891,108135.0,3.213636363636364,0,Test
5267,121454,20240121,74021919.0,0,0,0,0,375,273.0,7,0.728,0.0186666666666666,141359.0,3.5641025641025634,0,Control
5268,121460,20240121,74021928.0,357,36,8,259,287,237.0,7,0.6638655462184874,0.024390243902439,133592.0,3.6793248945147705,0,Test
5269,121488,20240121,74021975.0,222,21,7,149,163,147.0,6,0.6621621621621622,0.0368098159509202,71592.0,3.5034013605442182,0,Test
5270,121491,20240121,74021978.0,322,39,7,196,221,184.0,5,0.5714285714285714,0.0226244343891402,120259.0,4.000000000000001,0,Test
5271,121528,20240121,74214453.0,0,0,0,0,518,407.0,2,0.7857142857142857,0.0038610038610038,261534.0,3.7223587223587233,0,Control
5272,121532,20240121,74215106.0,537,85,20,329,394,349.0,30,0.6499068901303539,0.0761421319796954,161920.0,3.197707736389688,0,Test
5273,121589,20240121,74220627.0,0,0,0,0,155,107.0,5,0.6903225806451613,0.032258064516129,66413.0,3.8691588785046727,0,Control
5274,121623,20240121,74220822.0,0,0,0,0,582,450.0,5,0.7731958762886598,0.0085910652920962,281248.0,4.026666666666671,0,Control
5275,121641,20240121,74220910.0,0,0,0,0,400,267.0,3,0.6675,0.0075,171577.0,3.4644194756554287,0,Control
5276,121669,20240121,74221041.0,0,0,0,0,433,335.0,13,0.7736720554272517,0.0300230946882217,179306.0,3.1731343283582056,0,Control
5277,121740,20240121,74221472.0,0,0,0,0,172,116.0,4,0.6744186046511628,0.0232558139534883,62842.0,3.5603448275862077,0,Control
5278,121764,20240121,74321666.0,1201,146,64,682,811,694.0,33,0.5778517901748543,0.0406905055487053,330984.0,3.427953890489912,0,Test
5279,121766,20240121,74321670.0,661,75,20,327,387,338.0,23,0.5113464447806354,0.0594315245478036,151163.0,3.0710059171597623,0,Test
5280,121787,20240121,74321719.0,0,0,0,0,272,192.0,3,0.7058823529411765,0.0110294117647058,82386.0,3.0572916666666674,0,Control
5281,121789,20240121,74321722.0,0,0,0,0,432,363.0,3,0.8402777777777778,0.0069444444444444,205003.0,3.595041322314049,0,Control
5282,121852,20240121,74321861.0,0,0,0,0,262,179.0,4,0.683206106870229,0.015267175572519,109861.0,3.737430167597765,0,Control
5283,121856,20240121,74321865.0,0,0,0,0,242,196.0,2,0.8099173553719008,0.0082644628099173,115318.0,3.5153061224489788,0,Control
5284,121885,20240121,74321910.0,0,0,0,0,318,276.0,4,0.8679245283018868,0.0125786163522012,152185.0,3.456521739130435,0,Control
5285,121906,20240122,74013270.0,877,110,36,552,652,565.0,45,0.6442417331812998,0.0690184049079754,264293.0,2.7486725663716816,0,Test
5286,121919,20240122,74013406.0,0,0,0,0,138,110.0,5,0.7971014492753623,0.036231884057971,50782.0,2.936363636363636,0,Control
5287,121950,20240122,74016847.0,0,0,0,0,768,592.0,11,0.7708333333333334,0.0143229166666666,244520.0,2.576013513513513,0,Control
5288,121959,20240122,74020378.0,0,0,0,0,432,280.0,10,0.6481481481481481,0.0231481481481481,167200.0,3.4750000000000005,0,Test
5289,121966,20240122,74020395.0,0,0,0,0,721,485.0,14,0.6726768377253814,0.0194174757281553,184269.0,2.839175257731956,0,Test
5290,121984,20240122,74020449.0,474,47,8,325,386,287.0,15,0.6054852320675106,0.038860103626943,130832.0,2.951219512195121,0,Test
5291,122001,20240122,74020492.0,0,0,0,0,771,603.0,10,0.7821011673151751,0.0129701686121919,294562.0,3.165837479270316,0,Control
5292,122015,20240122,74020551.0,248,37,5,165,184,160.0,5,0.6451612903225806,0.0271739130434782,82229.0,3.343749999999999,0,Test
5293,122043,20240122,74020634.0,0,0,0,0,135,111.0,0,0.8222222222222222,0.0,57458.0,3.0630630630630638,0,Test
5294,122051,20240122,74020653.0,0,0,0,0,155,99.0,1,0.6387096774193548,0.0064516129032258,51183.0,2.8080808080808084,0,Test
5295,122056,20240122,74020660.0,91,10,6,53,67,47.0,3,0.5164835164835165,0.044776119402985,20543.0,3.021276595744681,0,Test
5296,122063,20240122,74020667.0,0,0,0,0,135,106.0,3,0.7851851851851852,0.0222222222222222,77738.0,3.89622641509434,0,Test
5297,122120,20240122,74020828.0,331,51,14,240,307,233.0,15,0.7039274924471299,0.0488599348534201,114863.0,3.180257510729614,0,Test
5298,122129,20240122,74020871.0,136,13,6,93,107,93.0,2,0.6838235294117647,0.0186915887850467,44514.0,3.161290322580645,0,Test
5299,122142,20240122,74020908.0,0,0,0,0,135,99.0,5,0.7333333333333333,0.037037037037037,50138.0,4.090909090909091,0,Control
5300,122145,20240122,74020920.0,0,0,0,0,405,328.0,4,0.8098765432098766,0.0098765432098765,132918.0,2.5792682926829262,0,Control
5301,122151,20240122,74020960.0,0,0,0,0,202,168.0,4,0.8316831683168316,0.0198019801980198,89825.0,3.1666666666666665,0,Test
5302,122152,20240122,74020961.0,0,0,0,0,113,88.0,5,0.7787610619469026,0.0442477876106194,59361.0,3.8409090909090913,0,Control
5303,122164,20240122,74021008.0,0,0,0,0,737,599.0,14,0.8127544097693351,0.0189959294436906,247728.0,2.828046744574289,0,Control
5304,122198,20240122,74021099.0,0,0,0,0,116,65.0,0,0.5603448275862069,0.0,36460.0,3.5384615384615388,0,Control
5305,122203,20240122,74021105.0,101,9,0,69,74,57.0,2,0.5643564356435643,0.027027027027027,41095.0,4.175438596491228,0,Test
5306,122252,20240122,74021211.0,0,0,0,0,105,67.0,2,0.638095238095238,0.019047619047619,48635.0,5.656716417910446,0,Control
5307,122291,20240122,74021302.0,214,18,6,152,181,97.0,4,0.4532710280373832,0.0220994475138121,37727.0,2.8659793814432986,0,Test
5308,122318,20240122,74021353.0,0,0,0,0,767,648.0,10,0.8448500651890483,0.0130378096479791,266704.0,2.685185185185183,0,Control
5309,122371,20240122,74021462.0,0,0,0,0,97,71.0,5,0.7319587628865979,0.0515463917525773,40280.0,3.704225352112676,0,Control
5310,122381,20240122,74021481.0,0,0,0,0,182,154.0,3,0.8461538461538461,0.0164835164835164,62858.0,2.896103896103896,0,Control
5311,122467,20240122,74021639.0,243,32,4,171,192,134.0,10,0.551440329218107,0.0520833333333333,59486.0,3.119402985074627,0,Test
5312,122497,20240122,74021733.0,0,0,0,0,242,179.0,4,0.7396694214876033,0.0165289256198347,130424.0,4.452513966480449,0,Control
5313,122501,20240122,74021738.0,164,18,6,99,119,92.0,5,0.5609756097560976,0.042016806722689,73636.0,4.021739130434783,0,Test
5314,122556,20240122,74021823.0,153,21,2,85,91,72.0,1,0.4705882352941176,0.0109890109890109,58027.0,4.01388888888889,0,Test
5315,122584,20240122,74021880.0,102,9,2,82,91,78.0,2,0.7647058823529411,0.0219780219780219,63908.0,3.602564102564102,0,Test
5316,122604,20240122,74021914.0,597,63,35,393,484,268.0,15,0.4489112227805695,0.03099173553719,96025.0,2.458955223880598,0,Test
5317,122608,20240122,74021919.0,0,0,0,0,417,341.0,9,0.8177458033573142,0.0215827338129496,136748.0,2.885630498533725,0,Control
5318,122614,20240122,74021928.0,164,20,2,109,115,96.0,4,0.5853658536585366,0.0347826086956521,50186.0,3.385416666666668,0,Test
5319,122642,20240122,74021975.0,160,10,3,114,128,111.0,5,0.69375,0.0390625,47663.0,2.9099099099099104,0,Test
5320,122645,20240122,74021978.0,121,18,3,66,71,59.0,1,0.4876033057851239,0.0140845070422535,49468.0,4.796610169491527,0,Test
5321,122682,20240122,74214453.0,0,0,0,0,498,393.0,2,0.7891566265060241,0.0040160642570281,216671.0,3.241730279898218,0,Control
5322,122686,20240122,74215106.0,716,80,32,494,598,512.0,29,0.7150837988826816,0.0484949832775919,198868.0,2.7011718749999973,0,Test
5323,122742,20240122,74220627.0,0,0,0,0,110,89.0,3,0.8090909090909091,0.0272727272727272,44367.0,3.2247191011235965,0,Control
5324,122776,20240122,74220822.0,0,0,0,0,385,298.0,10,0.7740259740259741,0.0259740259740259,158861.0,3.516778523489933,0,Control
5325,122794,20240122,74220910.0,0,0,0,0,269,183.0,2,0.6802973977695167,0.0074349442379182,100581.0,2.9289617486338777,0,Control
5326,122822,20240122,74221041.0,0,0,0,0,324,256.0,4,0.7901234567901234,0.0123456790123456,123982.0,2.878906249999999,0,Control
5327,122893,20240122,74221472.0,0,0,0,0,128,88.0,1,0.6875,0.0078125,48026.0,3.556818181818182,0,Control
5328,122917,20240122,74321666.0,880,99,46,474,580,499.0,41,0.5670454545454545,0.0706896551724138,210149.0,2.899799599198395,0,Test
5329,122919,20240122,74321670.0,1038,138,53,600,730,640.0,38,0.6165703275529865,0.0520547945205479,277419.0,2.860937499999997,0,Test
5330,122940,20240122,74321719.0,0,0,0,0,169,111.0,5,0.6568047337278107,0.029585798816568,42784.0,2.9459459459459474,0,Control
5331,122942,20240122,74321722.0,0,0,0,0,323,251.0,3,0.7770897832817337,0.0092879256965944,133489.0,3.454183266932272,0,Control
5332,123005,20240122,74321861.0,0,0,0,0,172,135.0,2,0.7848837209302325,0.0116279069767441,70446.0,3.45925925925926,0,Control
5333,123009,20240122,74321865.0,0,0,0,0,175,124.0,4,0.7085714285714285,0.0228571428571428,64519.0,3.0241935483870965,0,Control
5334,123038,20240122,74321910.0,0,0,0,0,190,156.0,0,0.8210526315789474,0.0,74092.0,2.96153846153846,0,Control
5335,123059,20240123,74013270.0,915,84,44,558,657,567.0,35,0.6196721311475409,0.0532724505327245,272674.0,2.9664902998236347,0,Test
5336,123072,20240123,74013406.0,0,0,0,0,169,122.0,3,0.7218934911242604,0.0177514792899408,50863.0,2.7213114754098378,0,Control
5337,123103,20240123,74016847.0,0,0,0,0,769,583.0,9,0.7581274382314694,0.0117035110533159,249414.0,2.73756432246998,0,Control
5338,123112,20240123,74020378.0,0,0,0,0,418,295.0,4,0.7057416267942583,0.0095693779904306,170735.0,3.3288135593220334,0,Test
5339,123119,20240123,74020395.0,0,0,0,0,593,447.0,8,0.7537942664418212,0.0134907251264755,182615.0,2.807606263982103,0,Test
5340,123137,20240123,74020449.0,436,57,5,286,393,204.0,15,0.4678899082568807,0.0381679389312977,88079.0,2.9460784313725523,0,Test
5341,123154,20240123,74020492.0,0,0,0,0,721,525.0,13,0.7281553398058253,0.0180305131761442,232228.0,2.939047619047618,0,Control
5342,123168,20240123,74020551.0,234,36,4,171,187,158.0,4,0.6752136752136753,0.0213903743315508,75149.0,3.2974683544303787,0,Test
5343,123196,20240123,74020634.0,0,0,0,0,135,104.0,2,0.7703703703703704,0.0148148148148148,57609.0,3.221153846153848,0,Test
5344,123204,20240123,74020653.0,0,0,0,0,208,119.0,1,0.5721153846153846,0.0048076923076923,52164.0,2.512605042016807,0,Test
5345,123209,20240123,74020660.0,107,11,7,61,75,62.0,4,0.5794392523364486,0.0533333333333333,35870.0,3.725806451612904,0,Test
5346,123216,20240123,74020667.0,0,0,0,0,134,116.0,0,0.8656716417910447,0.0,67949.0,3.206896551724137,0,Test
5347,123273,20240123,74020828.0,362,73,19,251,295,272.0,21,0.7513812154696132,0.0711864406779661,133951.0,3.2830882352941173,0,Test
5348,123282,20240123,74020871.0,189,41,7,110,137,115.0,11,0.6084656084656085,0.0802919708029197,51548.0,2.9217391304347826,0,Test
5349,123295,20240123,74020908.0,0,0,0,0,135,103.0,0,0.762962962962963,0.0,56234.0,3.970873786407766,0,Control
5350,123298,20240123,74020920.0,0,0,0,0,433,347.0,9,0.8013856812933026,0.0207852193995381,134604.0,2.5763688760806907,0,Control
5351,123304,20240123,74020960.0,0,0,0,0,275,208.0,6,0.7563636363636363,0.0218181818181818,114233.0,3.2884615384615365,0,Test
5352,123305,20240123,74020961.0,0,0,0,0,91,70.0,3,0.7692307692307693,0.0329670329670329,47148.0,3.642857142857144,0,Control
5353,123317,20240123,74021008.0,0,0,0,0,826,639.0,19,0.7736077481840193,0.023002421307506,261281.0,2.8419405320813764,0,Control
5354,123351,20240123,74021099.0,0,0,0,0,102,73.0,3,0.7156862745098039,0.0294117647058823,42206.0,3.904109589041096,0,Control
5355,123356,20240123,74021105.0,118,12,4,83,96,67.0,2,0.5677966101694916,0.0208333333333333,44186.0,3.5970149253731343,0,Test
5356,123405,20240123,74021211.0,0,0,0,0,185,64.0,0,0.3459459459459459,0.0,43072.0,4.578124999999999,0,Control
5357,123444,20240123,74021302.0,275,36,9,206,236,183.0,7,0.6654545454545454,0.0296610169491525,101649.0,3.349726775956285,0,Test
5358,123471,20240123,74021353.0,0,0,0,0,834,664.0,22,0.7961630695443646,0.026378896882494,293773.0,2.8719879518072284,0,Control
5359,123524,20240123,74021462.0,0,0,0,0,97,71.0,3,0.7319587628865979,0.0309278350515463,42259.0,3.549295774647888,0,Control
5360,123534,20240123,74021481.0,0,0,0,0,189,151.0,3,0.798941798941799,0.0158730158730158,71141.0,3.2317880794702,0,Control
5361,123620,20240123,74021639.0,265,16,10,193,221,184.0,9,0.6943396226415094,0.0407239819004524,93486.0,3.2663043478260847,0,Test
5362,123650,20240123,74021733.0,0,0,0,0,231,180.0,3,0.7792207792207793,0.0129870129870129,144324.0,4.772222222222223,0,Control
5363,123654,20240123,74021738.0,154,16,8,98,111,94.0,1,0.6103896103896104,0.009009009009009,78543.0,3.946808510638298,0,Test
5364,123709,20240123,74021823.0,141,9,1,91,99,79.0,0,0.5602836879432624,0.0,65153.0,4.240506329113924,0,Test
5365,123737,20240123,74021880.0,108,11,2,89,93,78.0,3,0.7222222222222222,0.032258064516129,63389.0,3.615384615384616,0,Test
5366,123757,20240123,74021914.0,573,76,26,382,469,262.0,6,0.4572425828970332,0.0127931769722814,89716.0,2.51908396946565,0,Test
5367,123761,20240123,74021919.0,0,0,0,0,470,378.0,6,0.8042553191489362,0.0127659574468085,157970.0,2.9206349206349205,0,Control
5368,123767,20240123,74021928.0,213,21,5,122,135,108.0,4,0.5070422535211268,0.0296296296296296,54551.0,3.2962962962962963,0,Test
5369,123795,20240123,74021975.0,165,8,4,120,132,112.0,5,0.6787878787878788,0.0378787878787878,49230.0,3.3839285714285703,0,Test
5370,123798,20240123,74021978.0,144,19,2,84,90,59.0,1,0.4097222222222222,0.0111111111111111,39446.0,4.288135593220341,0,Test
5371,123835,20240123,74214453.0,0,0,0,0,532,407.0,4,0.7650375939849624,0.0075187969924812,221894.0,3.2702702702702715,0,Control
5372,123839,20240123,74215106.0,694,97,38,454,538,490.0,26,0.7060518731988472,0.0483271375464684,198023.0,2.887755102040819,0,Test
5373,123895,20240123,74220627.0,0,0,0,0,111,80.0,2,0.7207207207207207,0.018018018018018,44598.0,3.587499999999999,0,Control
5374,123929,20240123,74220822.0,0,0,0,0,398,257.0,4,0.6457286432160804,0.0100502512562814,137579.0,3.4941634241245145,0,Control
5375,123947,20240123,74220910.0,0,0,0,0,288,202.0,4,0.7013888888888888,0.0138888888888888,113034.0,3.069306930693068,0,Control
5376,123975,20240123,74221041.0,0,0,0,0,328,246.0,7,0.75,0.0213414634146341,121376.0,2.9430894308943087,0,Control
5377,124046,20240123,74221472.0,0,0,0,0,123,83.0,1,0.6747967479674797,0.008130081300813,35763.0,2.8072289156626504,0,Control
5378,124070,20240123,74321666.0,938,101,41,525,628,536.0,30,0.5714285714285714,0.0477707006369426,228190.0,2.897388059701493,0,Test
5379,124072,20240123,74321670.0,968,88,59,543,671,572.0,32,0.5909090909090909,0.0476900149031296,227727.0,2.660839160839161,0,Test
5380,124093,20240123,74321719.0,0,0,0,0,170,121.0,1,0.711764705882353,0.0058823529411764,47912.0,3.0247933884297526,0,Control
5381,124095,20240123,74321722.0,0,0,0,0,327,235.0,2,0.7186544342507645,0.0061162079510703,108775.0,2.8297872340425525,0,Control
5382,124158,20240123,74321861.0,0,0,0,0,168,126.0,3,0.75,0.0178571428571428,61333.0,3.0793650793650804,0,Control
5383,124162,20240123,74321865.0,0,0,0,0,214,155.0,4,0.7242990654205608,0.0186915887850467,80340.0,3.206451612903226,0,Control
5384,124191,20240123,74321910.0,0,0,0,0,181,135.0,2,0.7458563535911602,0.011049723756906,62618.0,2.9037037037037043,0,Control
5385,124212,20240124,74013270.0,84,6,6,51,63,46.0,2,0.5476190476190477,0.0317460317460317,27122.0,3.543478260869565,0,Test
5386,124223,20240124,74013406.0,0,0,0,0,175,128.0,4,0.7314285714285714,0.0228571428571428,61054.0,3.078125,0,Control
5387,124252,20240124,74016847.0,0,0,0,0,719,554.0,18,0.7705146036161336,0.0250347705146036,201850.0,2.427797833935017,0,Control
5388,124261,20240124,74020378.0,0,0,0,0,457,286.0,8,0.6258205689277899,0.0175054704595186,161958.0,3.2097902097902087,0,Test
5389,124268,20240124,74020395.0,0,0,0,0,697,463.0,6,0.6642754662840746,0.0086083213773314,189797.0,2.825053995680345,0,Test
5390,124285,20240124,74020449.0,538,49,14,341,392,302.0,13,0.5613382899628253,0.0331632653061224,135563.0,3.0827814569536414,0,Test
5391,124315,20240124,74020551.0,312,36,4,222,246,206.0,9,0.6602564102564102,0.0365853658536585,99213.0,3.3592233009708754,0,Test
5392,124339,20240124,74020634.0,0,0,0,0,130,107.0,1,0.823076923076923,0.0076923076923076,52476.0,2.9439252336448614,0,Test
5393,124347,20240124,74020653.0,0,0,0,0,194,129.0,1,0.6649484536082474,0.0051546391752577,65884.0,3.031007751937983,0,Test
5394,124352,20240124,74020660.0,92,12,3,53,60,48.0,2,0.5217391304347826,0.0333333333333333,25435.0,3.187500000000001,0,Test
5395,124359,20240124,74020667.0,0,0,0,0,119,103.0,0,0.865546218487395,0.0,52221.0,3.2427184466019425,0,Test
5396,124414,20240124,74020828.0,381,70,13,273,314,280.0,16,0.7349081364829396,0.0509554140127388,124536.0,2.935714285714285,0,Test
5397,124423,20240124,74020871.0,159,25,2,105,114,108.0,8,0.6792452830188679,0.0701754385964912,49322.0,2.944444444444445,0,Test
5398,124436,20240124,74020908.0,0,0,0,0,142,112.0,2,0.7887323943661971,0.0140845070422535,56052.0,3.8571428571428577,0,Control
5399,124439,20240124,74020920.0,0,0,0,0,518,395.0,9,0.7625482625482626,0.0173745173745173,166772.0,2.703797468354431,0,Control
5400,124445,20240124,74020960.0,0,0,0,0,296,229.0,4,0.7736486486486487,0.0135135135135135,130320.0,3.283842794759825,0,Test
5401,124446,20240124,74020961.0,0,0,0,0,139,105.0,5,0.7553956834532374,0.0359712230215827,66912.0,3.628571428571429,0,Control
5402,124458,20240124,74021008.0,0,0,0,0,844,679.0,15,0.8045023696682464,0.0177725118483412,284520.0,2.836524300441828,0,Control
5403,124491,20240124,74021099.0,0,0,0,0,109,85.0,2,0.7798165137614679,0.018348623853211,44776.0,3.576470588235296,0,Control
5404,124496,20240124,74021105.0,147,22,4,102,119,94.0,4,0.6394557823129252,0.0336134453781512,71557.0,4.159574468085107,0,Test
5405,124544,20240124,74021211.0,0,0,0,0,160,105.0,0,0.65625,0.0,82655.0,5.447619047619049,0,Control
5406,124583,20240124,74021302.0,240,28,12,184,211,179.0,3,0.7458333333333333,0.0142180094786729,86388.0,2.9050279329608943,0,Test
5407,124610,20240124,74021353.0,0,0,0,0,891,735.0,8,0.8249158249158249,0.0089786756453423,320530.0,2.8462585034013603,0,Control
5408,124662,20240124,74021462.0,0,0,0,0,117,79.0,1,0.6752136752136753,0.0085470085470085,37547.0,3.164556962025317,0,Control
5409,124672,20240124,74021481.0,0,0,0,0,185,156.0,1,0.8432432432432433,0.0054054054054054,59177.0,2.538461538461537,0,Control
5410,124744,20240124,74021639.0,255,29,7,168,205,144.0,11,0.5647058823529412,0.0536585365853658,78795.0,3.3263888888888893,0,Test
5411,124774,20240124,74021733.0,0,0,0,0,220,164.0,7,0.7454545454545455,0.0318181818181818,105512.0,4.121951219512197,0,Control
5412,124778,20240124,74021738.0,206,25,5,120,149,71.0,0,0.3446601941747573,0.0,57315.0,3.7887323943661975,0,Test
5413,124833,20240124,74021823.0,160,16,6,98,109,89.0,1,0.55625,0.0091743119266055,78531.0,4.2921348314606735,0,Test
5414,124861,20240124,74021880.0,108,7,3,91,97,86.0,1,0.7962962962962963,0.0103092783505154,65346.0,3.3255813953488387,0,Test
5415,124880,20240124,74021914.0,607,72,36,408,499,286.0,10,0.471169686985173,0.0200400801603206,111610.0,2.5314685314685303,0,Test
5416,124884,20240124,74021919.0,0,0,0,0,465,368.0,3,0.7913978494623656,0.0064516129032258,148792.0,2.9891304347826058,0,Control
5417,124890,20240124,74021928.0,159,26,0,105,115,90.0,2,0.5660377358490566,0.017391304347826,45336.0,3.555555555555556,0,Test
5418,124918,20240124,74021975.0,203,13,4,149,161,141.0,5,0.6945812807881774,0.031055900621118,57852.0,3.021276595744681,0,Test
5419,124921,20240124,74021978.0,176,16,3,104,113,80.0,1,0.4545454545454545,0.0088495575221238,46167.0,3.4749999999999988,0,Test
5420,124957,20240124,74214453.0,0,0,0,0,522,417.0,5,0.7988505747126436,0.0095785440613026,231891.0,3.4124700239808186,0,Control
5421,124961,20240124,74215106.0,724,92,31,464,556,482.0,31,0.6657458563535912,0.0557553956834532,206934.0,2.906639004149378,0,Test
5422,125017,20240124,74220627.0,0,0,0,0,120,89.0,1,0.7416666666666667,0.0083333333333333,49297.0,3.5393258426966296,0,Control
5423,125051,20240124,74220822.0,0,0,0,0,436,292.0,0,0.6697247706422018,0.0,151329.0,3.5171232876712315,0,Control
5424,125069,20240124,74220910.0,0,0,0,0,293,194.0,4,0.6621160409556314,0.0136518771331058,105877.0,3.0773195876288666,0,Control
5425,125097,20240124,74221041.0,0,0,0,0,362,285.0,8,0.787292817679558,0.0220994475138121,143095.0,2.95438596491228,0,Control
5426,125168,20240124,74221472.0,0,0,0,0,140,107.0,0,0.7642857142857142,0.0,55879.0,3.728971962616824,0,Control
5427,125192,20240124,74321666.0,886,102,32,475,565,475.0,32,0.536117381489842,0.0566371681415929,193541.0,2.804210526315789,0,Test
5428,125194,20240124,74321670.0,1061,129,57,610,783,627.0,42,0.590951932139491,0.053639846743295,261454.0,2.762360446570973,0,Test
5429,125215,20240124,74321719.0,0,0,0,0,189,138.0,5,0.7301587301587301,0.0264550264550264,52816.0,2.550724637681159,0,Control
5430,125217,20240124,74321722.0,0,0,0,0,356,268.0,8,0.7528089887640449,0.0224719101123595,142918.0,3.3022388059701475,0,Control
5431,125280,20240124,74321861.0,0,0,0,0,147,116.0,2,0.7891156462585034,0.0136054421768707,66009.0,3.767241379310344,0,Control
5432,125284,20240124,74321865.0,0,0,0,0,197,136.0,1,0.6903553299492385,0.0050761421319796,66488.0,3.0367647058823537,0,Control
5433,125313,20240124,74321910.0,0,0,0,0,202,123.0,2,0.6089108910891089,0.0099009900990099,65935.0,3.439024390243902,0,Control
5434,125334,20240125,74013270.0,114,20,4,78,91,83.0,7,0.7280701754385965,0.0769230769230769,42570.0,3.156626506024096,0,Test
5435,125345,20240125,74013406.0,0,0,0,0,206,138.0,4,0.6699029126213593,0.0194174757281553,62369.0,2.9782608695652173,0,Control
5436,125373,20240125,74016847.0,0,0,0,0,847,651.0,16,0.768595041322314,0.0188902007083825,278141.0,2.632872503840249,0,Control
5437,125382,20240125,74020378.0,0,0,0,0,473,250.0,4,0.5285412262156448,0.0084566596194503,129965.0,3.4680000000000004,0,Test
5438,125389,20240125,74020395.0,0,0,0,0,627,472.0,11,0.7527910685805422,0.0175438596491228,196476.0,2.7860169491525437,0,Test
5439,125406,20240125,74020449.0,502,39,8,333,429,235.0,6,0.4681274900398406,0.0139860139860139,102403.0,3.0978723404255337,0,Test
5440,125436,20240125,74020551.0,331,41,7,207,241,155.0,3,0.4682779456193353,0.0124481327800829,79588.0,3.8064516129032273,0,Test
5441,125460,20240125,74020634.0,0,0,0,0,155,131.0,1,0.8451612903225807,0.0064516129032258,61342.0,2.8854961832061075,0,Test
5442,125468,20240125,74020653.0,0,0,0,0,279,147.0,0,0.5268817204301075,0.0,75989.0,3.149659863945577,0,Test
5443,125473,20240125,74020660.0,119,11,5,76,86,71.0,2,0.5966386554621849,0.0232558139534883,38480.0,3.690140845070422,0,Test
5444,125480,20240125,74020667.0,0,0,0,0,138,110.0,1,0.7971014492753623,0.0072463768115942,65594.0,3.4545454545454537,0,Test
5445,125535,20240125,74020828.0,341,67,18,233,298,243.0,14,0.7126099706744868,0.046979865771812,130448.0,3.465020576131687,0,Test
5446,125544,20240125,74020871.0,150,27,11,88,108,95.0,6,0.6333333333333333,0.0555555555555555,44545.0,2.894736842105261,0,Test
5447,125557,20240125,74020908.0,0,0,0,0,119,80.0,1,0.6722689075630253,0.0084033613445378,43113.0,3.7875,0,Control
5448,125560,20240125,74020920.0,0,0,0,0,483,382.0,8,0.7908902691511387,0.0165631469979296,165722.0,2.863874345549738,0,Control
5449,125566,20240125,74020960.0,0,0,0,0,295,235.0,3,0.7966101694915254,0.0101694915254237,123351.0,3.106382978723402,0,Test
5450,125567,20240125,74020961.0,0,0,0,0,160,115.0,1,0.71875,0.00625,73235.0,3.852173913043479,0,Control
5451,125579,20240125,74021008.0,0,0,0,0,960,714.0,6,0.74375,0.00625,329167.0,3.135854341736692,0,Control
5452,125612,20240125,74021099.0,0,0,0,0,29,0.0,0,0.0,0.0,,,0,Control
5453,125617,20240125,74021105.0,126,12,3,99,106,95.0,2,0.753968253968254,0.0188679245283018,71254.0,4.105263157894735,0,Test
5454,125666,20240125,74021211.0,0,0,0,0,152,110.0,1,0.7236842105263158,0.006578947368421,75293.0,5.018181818181819,0,Control
5455,125705,20240125,74021302.0,274,48,7,199,227,180.0,5,0.656934306569343,0.0220264317180616,91677.0,3.1999999999999997,0,Test
5456,125732,20240125,74021353.0,0,0,0,0,907,681.0,10,0.7508269018743109,0.0110253583241455,303778.0,2.9603524229074925,0,Control
5457,125783,20240125,74021462.0,0,0,0,0,150,76.0,1,0.5066666666666667,0.0066666666666666,37046.0,3.342105263157895,0,Control
5458,125793,20240125,74021481.0,0,0,0,0,215,184.0,2,0.8558139534883721,0.0093023255813953,72620.0,2.7934782608695667,0,Control
5459,125865,20240125,74021639.0,291,26,2,196,223,181.0,7,0.6219931271477663,0.0313901345291479,100911.0,3.541436464088397,0,Test
5460,125895,20240125,74021733.0,0,0,0,0,197,150.0,6,0.7614213197969543,0.0304568527918781,121633.0,4.840000000000001,0,Control
5461,125899,20240125,74021738.0,202,28,7,107,120,102.0,3,0.504950495049505,0.025,79739.0,4.039215686274511,0,Test
5462,125954,20240125,74021823.0,147,13,3,82,89,72.0,0,0.4897959183673469,0.0,66660.0,4.597222222222222,0,Test
5463,125982,20240125,74021880.0,126,15,2,94,106,89.0,5,0.7063492063492064,0.0471698113207547,75162.0,3.797752808988764,0,Test
5464,126002,20240125,74021914.0,643,81,34,423,489,409.0,14,0.6360808709175739,0.0286298568507157,175388.0,2.9364303178484104,0,Test
5465,126006,20240125,74021919.0,0,0,0,0,518,404.0,7,0.7799227799227799,0.0135135135135135,166848.0,2.861386138613862,0,Control
5466,126012,20240125,74021928.0,175,16,4,108,117,91.0,2,0.52,0.017094017094017,47236.0,3.2087912087912103,0,Test
5467,126040,20240125,74021975.0,193,20,5,136,159,121.0,5,0.6269430051813472,0.0314465408805031,57293.0,3.1322314049586777,0,Test
5468,126043,20240125,74021978.0,217,30,3,125,143,108.0,3,0.4976958525345622,0.0209790209790209,63477.0,3.768518518518519,0,Test
5469,126079,20240125,74214453.0,0,0,0,0,544,433.0,3,0.7959558823529411,0.0055147058823529,224792.0,3.1016166281755195,0,Control
5470,126083,20240125,74215106.0,761,115,43,507,604,535.0,32,0.7030223390275953,0.0529801324503311,221995.0,2.844859813084112,0,Test
5471,126139,20240125,74220627.0,0,0,0,0,100,81.0,2,0.81,0.02,52407.0,3.888888888888889,0,Control
5472,126173,20240125,74220822.0,0,0,0,0,446,313.0,4,0.7017937219730942,0.0089686098654708,164933.0,3.1884984025559104,0,Control
5473,126191,20240125,74220910.0,0,0,0,0,334,229.0,3,0.6856287425149701,0.0089820359281437,139944.0,3.2270742358078595,0,Control
5474,126219,20240125,74221041.0,0,0,0,0,379,296.0,6,0.7810026385224275,0.0158311345646438,136451.0,2.8952702702702724,0,Control
5475,126290,20240125,74221472.0,0,0,0,0,131,99.0,1,0.7557251908396947,0.0076335877862595,45211.0,3.121212121212121,0,Control
5476,126314,20240125,74321666.0,918,116,47,485,578,497.0,30,0.5413943355119826,0.0519031141868512,209206.0,2.9315895372233403,0,Test
5477,126316,20240125,74321670.0,1036,119,55,633,748,662.0,38,0.638996138996139,0.0508021390374331,275901.0,2.7960725075528687,0,Test
5478,126337,20240125,74321719.0,0,0,0,0,199,134.0,2,0.6733668341708543,0.0100502512562814,52651.0,2.9029850746268666,0,Control
5479,126339,20240125,74321722.0,0,0,0,0,372,277.0,4,0.7446236559139785,0.010752688172043,137843.0,3.000000000000001,0,Control
5480,126402,20240125,74321861.0,0,0,0,0,183,129.0,1,0.7049180327868853,0.0054644808743169,75451.0,3.7131782945736425,0,Control
5481,126406,20240125,74321865.0,0,0,0,0,208,151.0,4,0.7259615384615384,0.0192307692307692,78692.0,3.178807947019868,0,Control
5482,126435,20240125,74321910.0,0,0,0,0,272,207.0,4,0.7610294117647058,0.0147058823529411,92993.0,2.893719806763285,0,Control
5483,126458,20240126,74013270.0,57,9,5,30,40,37.0,5,0.6491228070175439,0.125,16326.0,3.0,0,Test
5484,126470,20240126,74013406.0,0,0,0,0,219,162.0,1,0.7397260273972602,0.0045662100456621,77259.0,3.1481481481481493,0,Control
5485,126498,20240126,74016847.0,0,0,0,0,859,679.0,17,0.7904540162980209,0.019790454016298,294119.0,2.639175257731962,0,Control
5486,126507,20240126,74020378.0,0,0,0,0,610,369.0,4,0.6049180327868853,0.0065573770491803,214907.0,3.520325203252034,0,Test
5487,126514,20240126,74020395.0,0,0,0,0,786,614.0,12,0.7811704834605598,0.015267175572519,278390.0,3.013029315960912,0,Test
5488,126531,20240126,74020449.0,620,47,12,410,471,361.0,11,0.582258064516129,0.0233545647558386,157149.0,3.0609418282548466,0,Test
5489,126548,20240126,74020492.0,0,0,0,0,437,381.0,1,0.8718535469107551,0.0022883295194508,177201.0,2.9895013123359586,0,Control
5490,126562,20240126,74020551.0,326,36,11,221,257,229.0,9,0.7024539877300614,0.0350194552529182,121425.0,3.4628820960698703,0,Test
5491,126587,20240126,74020634.0,0,0,0,0,138,126.0,1,0.9130434782608696,0.0072463768115942,67085.0,3.3095238095238098,0,Test
5492,126595,20240126,74020653.0,0,0,0,0,226,167.0,0,0.7389380530973452,0.0,88284.0,3.017964071856287,0,Test
5493,126600,20240126,74020660.0,59,2,4,40,52,30.0,0,0.5084745762711864,0.0,12310.0,3.0000000000000013,0,Test
5494,126607,20240126,74020667.0,0,0,0,0,236,200.0,0,0.847457627118644,0.0,138661.0,3.95,0,Test
5495,126663,20240126,74020828.0,480,121,25,352,404,382.0,22,0.7958333333333333,0.0544554455445544,194805.0,3.337696335078536,0,Test
5496,126671,20240126,74020871.0,175,28,14,115,141,115.0,5,0.6571428571428571,0.0354609929078014,58295.0,3.173913043478261,0,Test
5497,126684,20240126,74020908.0,0,0,0,0,97,77.0,2,0.7938144329896907,0.0206185567010309,36203.990000000005,3.636363636363636,0,Control
5498,126687,20240126,74020920.0,0,0,0,0,610,464.0,14,0.760655737704918,0.0229508196721311,226771.0,3.0624999999999982,0,Control
5499,126693,20240126,74020960.0,0,0,0,0,360,286.0,2,0.7944444444444444,0.0055555555555555,171300.0,3.55244755244755,0,Test
5500,126694,20240126,74020961.0,0,0,0,0,173,132.0,2,0.7630057803468208,0.0115606936416184,97107.0,4.318181818181819,0,Control
5501,126706,20240126,74021008.0,0,0,0,0,1007,836.0,14,0.8301886792452831,0.0139026812313803,368756.0,3.0059808612440206,0,Control
5502,126739,20240126,74021099.0,0,0,0,0,149,110.0,4,0.738255033557047,0.0268456375838926,66769.0,4.2727272727272725,0,Control
5503,126744,20240126,74021105.0,113,11,1,88,94,76.0,4,0.672566371681416,0.0425531914893617,61302.0,4.697368421052633,0,Test
5504,126792,20240126,74021211.0,0,0,0,0,193,134.0,0,0.694300518134715,0.0,108352.0,5.641791044776118,0,Control
5505,126831,20240126,74021302.0,310,37,13,238,276,224.0,10,0.7225806451612903,0.036231884057971,106826.0,2.861607142857142,0,Test
5506,126858,20240126,74021353.0,0,0,0,0,954,803.0,13,0.8417190775681341,0.0136268343815513,360505.0,2.838107098381072,0,Control
5507,126910,20240126,74021462.0,0,0,0,0,125,91.0,2,0.728,0.016,51759.0,3.3846153846153846,0,Control
5508,126920,20240126,74021481.0,0,0,0,0,207,188.0,1,0.9082125603864736,0.0048309178743961,79131.0,2.925531914893617,0,Control
5509,126993,20240126,74021639.0,286,37,8,189,232,197.0,19,0.6888111888111889,0.0818965517241379,100381.0,3.162436548223349,0,Test
5510,127023,20240126,74021733.0,0,0,0,0,273,221.0,6,0.8095238095238095,0.0219780219780219,180469.0,4.791855203619911,0,Control
5511,127027,20240126,74021738.0,261,33,5,149,162,141.0,2,0.5402298850574713,0.0123456790123456,107290.0,3.9219858156028367,0,Test
5512,127082,20240126,74021823.0,187,15,6,111,128,108.0,2,0.5775401069518716,0.015625,105215.0,4.425925925925925,0,Test
5513,127110,20240126,74021880.0,203,16,5,153,171,143.0,4,0.7044334975369458,0.023391812865497,112495.0,3.447552447552446,0,Test
5514,127130,20240126,74021914.0,641,55,35,443,520,467.0,16,0.7285491419656787,0.0307692307692307,170924.0,2.642398286937902,0,Test
5515,127134,20240126,74021919.0,0,0,0,0,503,412.0,7,0.8190854870775348,0.0139165009940357,189992.0,3.298543689320388,0,Control
5516,127140,20240126,74021928.0,176,22,4,117,133,97.0,3,0.5511363636363636,0.0225563909774436,58915.0,3.938144329896907,0,Test
5517,127168,20240126,74021975.0,235,15,9,171,200,170.0,8,0.723404255319149,0.04,82095.0,3.541176470588236,0,Test
5518,127171,20240126,74021978.0,207,18,6,124,142,112.0,1,0.5410628019323671,0.0070422535211267,71362.0,3.9017857142857135,0,Test
5519,127207,20240126,74214453.0,0,0,0,0,672,537.0,3,0.7991071428571429,0.0044642857142857,331631.0,3.627560521415269,0,Control
5520,127211,20240126,74215106.0,715,102,37,493,588,514.0,33,0.7188811188811188,0.0561224489795918,222182.0,2.961089494163423,0,Test
5521,127267,20240126,74220627.0,0,0,0,0,145,116.0,2,0.8,0.0137931034482758,76134.0,3.9482758620689657,0,Control
5522,127301,20240126,74220822.0,0,0,0,0,532,398.0,8,0.7481203007518797,0.0150375939849624,223553.0,3.4723618090452257,0,Control
5523,127319,20240126,74220910.0,0,0,0,0,381,271.0,5,0.7112860892388452,0.0131233595800524,156616.0,3.084870848708487,0,Control
5524,127347,20240126,74221041.0,0,0,0,0,439,354.0,2,0.806378132118451,0.0045558086560364,181135.0,3.081920903954801,0,Control
5525,127418,20240126,74221472.0,0,0,0,0,166,122.0,4,0.7349397590361446,0.0240963855421686,68472.0,3.721311475409835,0,Control
5526,127442,20240126,74321666.0,1158,128,42,646,757,668.0,46,0.5768566493955095,0.0607661822985469,293139.0,3.076347305389221,0,Test
5527,127444,20240126,74321670.0,1010,109,38,616,734,627.0,41,0.6207920792079208,0.0558583106267029,277092.0,2.936204146730465,0,Test
5528,127465,20240126,74321719.0,0,0,0,0,252,184.0,4,0.7301587301587301,0.0158730158730158,81554.0,3.152173913043478,0,Control
5529,127467,20240126,74321722.0,0,0,0,0,482,388.0,9,0.8049792531120332,0.0186721991701244,216041.0,3.391752577319589,0,Control
5530,127530,20240126,74321861.0,0,0,0,0,250,205.0,4,0.82,0.016,110049.0,3.5170731707317078,0,Control
5531,127534,20240126,74321865.0,0,0,0,0,240,186.0,2,0.775,0.0083333333333333,104251.0,3.2849462365591418,0,Control
5532,127563,20240126,74321910.0,0,0,0,0,327,268.0,3,0.8195718654434251,0.0091743119266055,135863.0,3.2574626865671643,0,Control
5533,127586,20240127,74013270.0,386,56,14,239,295,195.0,10,0.5051813471502591,0.0338983050847457,121940.0,3.543589743589744,0,Test
5534,127599,20240127,74013406.0,0,0,0,0,323,256.0,1,0.7925696594427245,0.0030959752321981,121575.0,3.203124999999999,0,Control
5535,127628,20240127,74016847.0,0,0,0,0,857,661.0,14,0.7712952158693116,0.0163360560093348,318241.0,2.921331316187596,0,Control
5536,127637,20240127,74020378.0,0,0,0,0,810,530.0,7,0.654320987654321,0.0086419753086419,326624.0,3.820754716981132,0,Test
5537,127644,20240127,74020395.0,0,0,0,0,587,448.0,10,0.7632027257240205,0.0170357751277683,214729.0,3.290178571428572,0,Test
5538,127662,20240127,74020449.0,865,69,13,582,681,523.0,14,0.6046242774566474,0.0205580029368575,268728.0,3.6711281070745705,0,Test
5539,127680,20240127,74020492.0,0,0,0,0,821,684.0,14,0.833130328867235,0.0170523751522533,365952.0,3.711988304093568,0,Control
5540,127693,20240127,74020551.0,328,34,16,249,300,238.0,10,0.725609756097561,0.0333333333333333,137631.0,3.6218487394958,0,Test
5541,127721,20240127,74020634.0,0,0,0,0,249,226.0,1,0.9076305220883534,0.0040160642570281,139047.0,3.809734513274337,0,Test
5542,127729,20240127,74020653.0,0,0,0,0,308,223.0,2,0.724025974025974,0.0064935064935064,126589.0,3.4349775784753374,0,Test
5543,127734,20240127,74020660.0,184,17,8,103,116,100.0,3,0.5434782608695652,0.0258620689655172,59822.0,3.8,0,Test
5544,127741,20240127,74020667.0,0,0,0,0,270,236.0,2,0.8740740740740741,0.0074074074074074,180546.0,4.330508474576272,0,Test
5545,127798,20240127,74020828.0,369,75,21,253,298,271.0,15,0.7344173441734417,0.0503355704697986,141774.0,3.405904059040592,0,Test
5546,127807,20240127,74020871.0,124,22,9,89,108,99.0,6,0.7983870967741935,0.0555555555555555,53992.0,3.383838383838384,0,Test
5547,127819,20240127,74020908.0,0,0,0,0,116,69.0,1,0.5948275862068966,0.0086206896551724,46672.0,4.275362318840579,0,Control
5548,127822,20240127,74020920.0,0,0,0,0,562,431.0,8,0.7669039145907474,0.0142348754448398,213212.0,3.0255220417633426,0,Control
5549,127828,20240127,74020960.0,0,0,0,0,441,364.0,7,0.8253968253968254,0.0158730158730158,215488.0,3.5164835164835173,0,Test
5550,127829,20240127,74020961.0,0,0,0,0,277,221.0,5,0.7978339350180506,0.0180505415162454,159553.0,4.19004524886878,0,Control
5551,127841,20240127,74021008.0,0,0,0,0,729,576.0,8,0.7901234567901234,0.0109739368998628,277592.0,3.239583333333332,0,Control
5552,127875,20240127,74021099.0,0,0,0,0,294,251.0,4,0.8537414965986394,0.0136054421768707,147376.0,4.215139442231075,0,Control
5553,127880,20240127,74021105.0,144,24,2,115,145,98.0,5,0.6805555555555556,0.0344827586206896,74429.0,4.357142857142858,0,Test
5554,127927,20240127,74021211.0,0,0,0,0,165,118.0,1,0.7151515151515152,0.006060606060606,85356.0,5.2542372881355925,0,Control
5555,127966,20240127,74021302.0,425,49,13,332,384,316.0,9,0.7435294117647059,0.0234375,162379.0,3.237341772151898,0,Test
5556,127993,20240127,74021353.0,0,0,0,0,809,648.0,13,0.8009888751545118,0.0160692212608158,325206.0,3.334876543209876,0,Control
5557,128046,20240127,74021462.0,0,0,0,0,128,100.0,1,0.78125,0.0078125,62508.0,4.09,0,Control
5558,128056,20240127,74021481.0,0,0,0,0,275,256.0,0,0.9309090909090908,0.0,134842.0,3.49609375,0,Control
5559,128131,20240127,74021639.0,394,46,11,279,321,267.0,11,0.6776649746192893,0.0342679127725856,142750.0,3.468164794007491,0,Test
5560,128161,20240127,74021733.0,0,0,0,0,344,283.0,8,0.8226744186046512,0.0232558139534883,238417.0,5.007067137809189,0,Control
5561,128165,20240127,74021738.0,177,19,6,103,114,89.0,2,0.5028248587570622,0.0175438596491228,72357.0,3.98876404494382,0,Test
5562,128220,20240127,74021823.0,138,14,3,82,90,73.0,0,0.5289855072463768,0.0,71880.0,4.684931506849316,0,Test
5563,128248,20240127,74021880.0,207,21,7,178,202,174.0,4,0.8405797101449275,0.0198019801980198,158272.0,4.172413793103448,0,Test
5564,128268,20240127,74021914.0,434,56,19,288,326,283.0,8,0.652073732718894,0.0245398773006134,137242.0,3.190812720848056,0,Test
5565,128272,20240127,74021919.0,0,0,0,0,449,357.0,6,0.7951002227171492,0.0133630289532293,180028.0,3.4761904761904763,0,Control
5566,128278,20240127,74021928.0,384,39,13,261,292,226.0,7,0.5885416666666666,0.023972602739726,129340.0,4.061946902654867,0,Test
5567,128306,20240127,74021975.0,282,33,9,186,211,187.0,13,0.6631205673758865,0.0616113744075829,87734.0,3.417112299465241,0,Test
5568,128309,20240127,74021978.0,323,40,3,188,203,165.0,5,0.5108359133126935,0.0246305418719211,109434.0,4.181818181818183,0,Test
5569,128346,20240127,74214453.0,0,0,0,0,729,573.0,3,0.7860082304526749,0.0041152263374485,351321.0,3.792321116928449,0,Control
5570,128350,20240127,74215106.0,773,92,29,527,603,537.0,26,0.6946959896507116,0.0431177446102819,221987.0,2.975791433891993,0,Test
5571,128406,20240127,74220627.0,0,0,0,0,136,98.0,3,0.7205882352941176,0.0220588235294117,74550.0,4.734693877551015,0,Control
5572,128440,20240127,74220822.0,0,0,0,0,668,541.0,5,0.8098802395209581,0.0074850299401197,320849.0,3.7134935304990746,0,Control
5573,128458,20240127,74220910.0,0,0,0,0,431,299.0,4,0.6937354988399071,0.0092807424593967,196613.0,3.598662207357858,0,Control
5574,128486,20240127,74221041.0,0,0,0,0,478,386.0,7,0.8075313807531381,0.0146443514644351,224076.0,3.3316062176165784,0,Control
5575,128557,20240127,74221472.0,0,0,0,0,173,127.0,2,0.7341040462427746,0.0115606936416184,76099.0,4.078740157480315,0,Control
5576,128581,20240127,74321666.0,1363,176,67,750,896,777.0,41,0.57006603081438,0.0457589285714285,364854.0,3.2741312741312694,0,Test
5577,128583,20240127,74321670.0,765,74,32,431,514,424.0,28,0.5542483660130719,0.0544747081712062,198562.0,3.0707547169811336,0,Test
5578,128604,20240127,74321719.0,0,0,0,0,293,219.0,2,0.7474402730375427,0.0068259385665529,91519.0,2.8036529680365287,0,Control
5579,128606,20240127,74321722.0,0,0,0,0,569,437.0,6,0.7680140597539543,0.0105448154657293,250400.0,3.494279176201371,0,Control
5580,128669,20240127,74321861.0,0,0,0,0,314,259.0,6,0.8248407643312102,0.019108280254777,155363.0,3.8803088803088817,0,Control
5581,128673,20240127,74321865.0,0,0,0,0,305,209.0,0,0.6852459016393443,0.0,117292.0,3.186602870813398,0,Control
5582,128702,20240127,74321910.0,0,0,0,0,362,300.0,1,0.8287292817679558,0.0027624309392265,161661.0,3.5499999999999994,0,Control
5583,128724,20240128,74013270.0,748,76,34,462,540,428.0,22,0.5721925133689839,0.0407407407407407,239541.0,3.2827102803738315,0,Test
5584,128737,20240128,74013406.0,0,0,0,0,319,237.0,2,0.7429467084639498,0.006269592476489,114449.0,3.367088607594935,0,Control
5585,128767,20240128,74016847.0,0,0,0,0,665,483.0,7,0.7263157894736842,0.0105263157894736,223259.0,2.7908902691511384,0,Control
5586,128776,20240128,74020378.0,0,0,0,0,789,436.0,13,0.5525982256020279,0.0164765525982256,232704.0,3.5986238532110097,0,Test
5587,128783,20240128,74020395.0,0,0,0,0,451,304.0,10,0.6740576496674058,0.0221729490022172,141105.0,3.0263157894736854,0,Test
5588,128801,20240128,74020449.0,781,78,15,527,681,457.0,14,0.5851472471190781,0.0205580029368575,211226.0,3.295404814004375,0,Test
5589,128819,20240128,74020492.0,0,0,0,0,900,796.0,15,0.8844444444444445,0.0166666666666666,468148.0,3.770100502512563,0,Control
5590,128833,20240128,74020551.0,343,34,14,244,297,200.0,3,0.5830903790087464,0.0101010101010101,109383.0,4.089999999999999,0,Test
5591,128861,20240128,74020634.0,0,0,0,0,248,227.0,4,0.9153225806451613,0.0161290322580645,112048.0,3.096916299559471,0,Test
5592,128869,20240128,74020653.0,0,0,0,0,345,239.0,2,0.6927536231884058,0.0057971014492753,133407.0,3.192468619246861,0,Test
5593,128874,20240128,74020660.0,143,30,9,81,103,86.0,10,0.6013986013986014,0.0970873786407767,45355.0,3.5348837209302326,0,Test
5594,128881,20240128,74020667.0,0,0,0,0,207,177.0,5,0.855072463768116,0.0241545893719806,119015.0,3.7231638418079114,0,Test
5595,128938,20240128,74020828.0,273,59,8,191,226,196.0,14,0.717948717948718,0.0619469026548672,112872.0,3.760204081632653,0,Test
5596,128947,20240128,74020871.0,141,23,8,92,107,89.0,6,0.6312056737588653,0.0560747663551401,51531.0,3.3820224719101124,0,Test
5597,128960,20240128,74020908.0,0,0,0,0,177,127.0,1,0.7175141242937854,0.0056497175141242,71008.0,4.31496062992126,0,Control
5598,128963,20240128,74020920.0,0,0,0,0,434,297.0,7,0.684331797235023,0.0161290322580645,146013.0,3.252525252525248,0,Control
5599,128969,20240128,74020960.0,0,0,0,0,397,319.0,4,0.8035264483627204,0.0100755667506297,185684.0,3.36050156739812,0,Test
5600,128970,20240128,74020961.0,0,0,0,0,264,231.0,2,0.875,0.0075757575757575,179077.0,4.523809523809523,0,Control
5601,128982,20240128,74021008.0,0,0,0,0,900,727.0,12,0.8077777777777778,0.0133333333333333,341511.0,3.26685006877579,0,Control
5602,129016,20240128,74021099.0,0,0,0,0,245,197.0,4,0.8040816326530612,0.0163265306122449,118876.0,4.167512690355332,0,Control
5603,129021,20240128,74021105.0,169,23,0,130,145,103.0,2,0.6094674556213018,0.0137931034482758,75959.0,4.3203883495145625,0,Test
5604,129069,20240128,74021211.0,0,0,0,0,189,124.0,2,0.656084656084656,0.0105820105820105,96707.0,5.338709677419357,0,Control
5605,129108,20240128,74021302.0,334,51,12,272,311,279.0,13,0.8353293413173652,0.0418006430868167,161788.0,3.322580645161292,0,Test
5606,129135,20240128,74021353.0,0,0,0,0,599,467.0,8,0.7796327212020033,0.013355592654424,237405.0,3.2077087794432555,0,Control
5607,129188,20240128,74021462.0,0,0,0,0,118,73.0,3,0.6186440677966102,0.0254237288135593,44657.0,3.63013698630137,0,Control
5608,129198,20240128,74021481.0,0,0,0,0,252,212.0,3,0.8412698412698413,0.0119047619047619,105147.0,3.169811320754717,0,Control
5609,129284,20240128,74021639.0,290,34,8,208,243,192.0,15,0.6620689655172414,0.0617283950617283,106334.0,3.6197916666666656,0,Test
5610,129314,20240128,74021733.0,0,0,0,0,227,182.0,4,0.801762114537445,0.0176211453744493,148874.0,4.813186813186815,0,Control
5611,129318,20240128,74021738.0,1,0,0,0,0,0.0,0,0.0,,,,0,Test
5612,129373,20240128,74021823.0,155,13,1,92,100,80.0,1,0.5161290322580645,0.01,81854.0,4.825000000000002,0,Test
5613,129401,20240128,74021880.0,176,8,3,153,171,150.0,1,0.8522727272727273,0.0058479532163742,125750.0,4.286666666666668,0,Test
5614,129421,20240128,74021914.0,450,55,29,283,338,290.0,12,0.6444444444444445,0.0355029585798816,126945.0,3.1724137931034493,0,Test
5615,129425,20240128,74021919.0,0,0,0,0,312,249.0,9,0.7980769230769231,0.0288461538461538,125430.0,3.377510040160641,0,Control
5616,129431,20240128,74021928.0,282,32,3,216,231,171.0,3,0.6063829787234043,0.0129870129870129,95314.0,4.035087719298246,0,Test
5617,129459,20240128,74021975.0,224,13,3,167,178,151.0,7,0.6741071428571429,0.0393258426966292,79346.0,3.682119205298013,0,Test
5618,129462,20240128,74021978.0,296,21,7,173,191,152.0,1,0.5135135135135135,0.0052356020942408,93544.0,3.5,0,Test
5619,129499,20240128,74214453.0,0,0,0,0,529,430.0,3,0.8128544423440454,0.0056710775047258,244716.0,3.5302325581395326,0,Control
5620,129503,20240128,74215106.0,459,57,19,284,321,265.0,7,0.5773420479302832,0.0218068535825545,122954.0,3.124528301886792,0,Test
5621,129559,20240128,74220627.0,0,0,0,0,122,93.0,0,0.7622950819672131,0.0,55780.0,3.956989247311829,0,Control
5622,129593,20240128,74220822.0,0,0,0,0,559,423.0,3,0.7567084078711985,0.0053667262969588,250647.0,3.6903073286052015,0,Control
5623,129611,20240128,74220910.0,0,0,0,0,300,188.0,1,0.6266666666666667,0.0033333333333333,113601.0,3.5478723404255343,0,Control
5624,129639,20240128,74221041.0,0,0,0,0,418,343.0,6,0.8205741626794258,0.0143540669856459,207897.0,3.5918367346938784,0,Control
5625,129710,20240128,74221472.0,0,0,0,0,146,109.0,2,0.7465753424657534,0.0136986301369863,60031.0,3.688073394495412,0,Control
5626,129734,20240128,74321666.0,1058,125,58,599,718,607.0,28,0.5737240075614367,0.0389972144846796,283259.0,3.3179571663920906,0,Test
5627,129736,20240128,74321670.0,725,67,30,399,478,406.0,29,0.56,0.0606694560669456,193124.0,3.2241379310344835,0,Test
5628,129757,20240128,74321719.0,0,0,0,0,262,212.0,2,0.8091603053435115,0.0076335877862595,85970.0,2.8962264150943398,0,Control
5629,129759,20240128,74321722.0,0,0,0,0,434,357.0,1,0.8225806451612904,0.0023041474654377,203487.0,3.53221288515406,0,Control
5630,129822,20240128,74321861.0,0,0,0,0,220,171.0,5,0.7772727272727272,0.0227272727272727,115882.0,4.239766081871343,0,Control
5631,129826,20240128,74321865.0,0,0,0,0,241,170.0,3,0.7053941908713693,0.0124481327800829,87344.0,3.052941176470588,0,Control
5632,129855,20240128,74321910.0,0,0,0,0,266,226.0,2,0.849624060150376,0.0075187969924812,126673.0,3.34513274336283,0,Control
5633,129878,20240129,74013270.0,718,98,39,441,534,459.0,33,0.6392757660167131,0.0617977528089887,217263.0,2.888888888888889,0,Test
5634,129891,20240129,74013406.0,0,0,0,0,154,117.0,2,0.7597402597402597,0.0129870129870129,48976.0,2.632478632478634,0,Control
5635,129921,20240129,74016847.0,0,0,0,0,739,564.0,9,0.7631935047361299,0.0121786197564276,229664.0,2.593971631205675,0,Control
5636,129930,20240129,74020378.0,0,0,0,0,448,229.0,2,0.5111607142857143,0.0044642857142857,121825.0,3.589519650655022,0,Test
5637,129937,20240129,74020395.0,0,0,0,0,542,432.0,14,0.7970479704797048,0.025830258302583,166597.0,2.675925925925925,0,Test
5638,129955,20240129,74020449.0,480,49,6,307,351,283.0,18,0.5895833333333333,0.0512820512820512,120912.0,2.9010600706713787,0,Test
5639,129972,20240129,74020492.0,0,0,0,0,752,648.0,9,0.8617021276595744,0.0119680851063829,307405.0,3.1080246913580245,0,Control
5640,129986,20240129,74020551.0,217,41,6,156,189,129.0,6,0.5944700460829493,0.0317460317460317,61060.0,3.100775193798451,0,Test
5641,130014,20240129,74020634.0,0,0,0,0,105,84.0,1,0.8,0.0095238095238095,47414.0,3.0476190476190474,0,Test
5642,130022,20240129,74020653.0,0,0,0,0,171,107.0,1,0.6257309941520468,0.0058479532163742,46353.0,2.691588785046729,0,Test
5643,130027,20240129,74020660.0,98,12,4,51,57,49.0,2,0.5,0.0350877192982456,29024.0,3.5102040816326525,0,Test
5644,130034,20240129,74020667.0,0,0,0,0,139,114.0,4,0.8201438848920863,0.0287769784172661,69375.0,3.421052631578946,0,Test
5645,130091,20240129,74020828.0,377,67,23,273,322,288.0,13,0.7639257294429708,0.0403726708074534,127449.0,2.9930555555555576,0,Test
5646,130100,20240129,74020871.0,138,15,10,97,114,95.0,3,0.6884057971014492,0.0263157894736842,49033.0,3.378947368421053,0,Test
5647,130113,20240129,74020908.0,0,0,0,0,138,104.0,3,0.7536231884057971,0.0217391304347826,55592.0,4.000000000000001,0,Control
5648,130116,20240129,74020920.0,0,0,0,0,447,317.0,8,0.70917225950783,0.017897091722595,130115.0,2.826498422712935,0,Control
5649,130122,20240129,74020960.0,0,0,0,0,304,228.0,6,0.75,0.0197368421052631,125118.0,3.206140350877193,0,Test
5650,130123,20240129,74020961.0,0,0,0,0,101,79.0,4,0.7821782178217822,0.0396039603960396,58260.0,4.037974683544304,0,Control
5651,130135,20240129,74021008.0,0,0,0,0,805,663.0,9,0.8236024844720496,0.0111801242236024,275864.0,2.834087481146305,0,Control
5652,130169,20240129,74021099.0,0,0,0,0,105,88.0,1,0.8380952380952381,0.0095238095238095,45636.0,3.6136363636363633,0,Control
5653,130174,20240129,74021105.0,97,14,4,72,82,68.0,2,0.7010309278350515,0.024390243902439,53682.0,4.352941176470589,0,Test
5654,130223,20240129,74021211.0,0,0,0,0,155,97.0,0,0.6258064516129033,0.0,66311.0,5.030927835051546,0,Control
5655,130262,20240129,74021302.0,211,28,7,167,187,156.0,5,0.7393364928909952,0.0267379679144385,79581.0,2.903846153846154,0,Test
5656,130289,20240129,74021353.0,0,0,0,0,400,300.0,8,0.75,0.02,123436.0,2.776666666666668,0,Control
5657,130342,20240129,74021462.0,0,0,0,0,112,60.0,1,0.5357142857142857,0.0089285714285714,38786.0,3.9333333333333327,0,Control
5658,130352,20240129,74021481.0,0,0,0,0,187,151.0,1,0.8074866310160428,0.0053475935828877,62968.0,2.81456953642384,0,Control
5659,130438,20240129,74021639.0,257,30,2,174,210,165.0,11,0.642023346303502,0.0523809523809523,79421.0,2.993939393939395,0,Test
5660,130468,20240129,74021733.0,0,0,0,0,201,154.0,8,0.7661691542288557,0.0398009950248756,113493.0,4.772727272727272,0,Control
5661,130526,20240129,74021823.0,154,21,3,92,100,84.0,3,0.5454545454545454,0.03,81406.0,4.226190476190475,0,Test
5662,130554,20240129,74021880.0,106,16,6,70,85,76.0,8,0.7169811320754716,0.0941176470588235,59605.0,3.6578947368421058,0,Test
5663,130574,20240129,74021914.0,595,68,35,404,475,411.0,14,0.6907563025210084,0.0294736842105263,150809.0,2.540145985401462,0,Test
5664,130578,20240129,74021919.0,0,0,0,0,407,336.0,6,0.8255528255528255,0.0147420147420147,138420.0,2.8601190476190497,0,Control
5665,130584,20240129,74021928.0,126,9,2,96,101,68.0,0,0.5396825396825397,0.0,32099.0,3.3529411764705883,0,Test
5666,130612,20240129,74021975.0,173,14,5,123,134,117.0,5,0.6763005780346821,0.0373134328358208,51464.0,3.2735042735042734,0,Test
5667,130615,20240129,74021978.0,156,11,3,89,97,79.0,2,0.5064102564102564,0.0206185567010309,52069.0,4.063291139240508,0,Test
5668,130652,20240129,74214453.0,0,0,0,0,481,360.0,8,0.7484407484407485,0.0166320166320166,197457.0,3.3111111111111096,0,Control
5669,130656,20240129,74215106.0,640,95,26,422,530,392.0,24,0.6125,0.0452830188679245,159842.0,2.778061224489795,0,Test
5670,130712,20240129,74220627.0,0,0,0,0,73,50.0,0,0.684931506849315,0.0,24877.0,2.92,0,Control
5671,130746,20240129,74220822.0,0,0,0,0,473,321.0,6,0.678646934460888,0.0126849894291754,163610.0,3.370716510903425,0,Control
5672,130764,20240129,74220910.0,0,0,0,0,241,156.0,3,0.6473029045643154,0.0124481327800829,81255.0,2.961538461538462,0,Control
5673,130792,20240129,74221041.0,0,0,0,0,324,260.0,6,0.8024691358024691,0.0185185185185185,116343.0,2.8000000000000007,0,Control
5674,130863,20240129,74221472.0,0,0,0,0,108,77.0,2,0.7129629629629629,0.0185185185185185,35847.0,3.2857142857142856,0,Control
5675,130887,20240129,74321666.0,833,112,41,445,530,462.0,31,0.5546218487394958,0.0584905660377358,198399.0,2.9112554112554125,0,Test
5676,130889,20240129,74321670.0,746,72,31,428,526,445.0,30,0.596514745308311,0.0570342205323193,185669.0,2.806741573033709,0,Test
5677,130910,20240129,74321719.0,0,0,0,0,160,115.0,1,0.71875,0.00625,46628.0,2.973913043478261,0,Control
5678,130912,20240129,74321722.0,0,0,0,0,350,262.0,4,0.7485714285714286,0.0114285714285714,136099.0,3.229007633587786,0,Control
5679,130975,20240129,74321861.0,0,0,0,0,128,98.0,3,0.765625,0.0234375,55083.0,3.520408163265304,0,Control
5680,130979,20240129,74321865.0,0,0,0,0,173,112.0,4,0.6473988439306358,0.0231213872832369,48846.0,2.669642857142858,0,Control
5681,131008,20240129,74321910.0,0,0,0,0,227,183.0,2,0.8061674008810573,0.0088105726872246,91183.0,2.9726775956284137,0,Control
5682,131031,20240130,74013270.0,780,111,36,438,554,424.0,37,0.5435897435897435,0.0667870036101083,184226.0,2.7004716981132075,0,Test
5683,131044,20240130,74013406.0,0,0,0,0,137,105.0,2,0.7664233576642335,0.0145985401459854,41077.0,2.5523809523809518,0,Control
5684,131073,20240130,74016847.0,0,0,0,0,727,579.0,7,0.796423658872077,0.0096286107290233,224323.0,2.449050086355788,0,Control
5685,131082,20240130,74020378.0,0,0,0,0,395,256.0,4,0.6481012658227848,0.010126582278481,143588.0,3.1210937500000004,0,Test
5686,131089,20240130,74020395.0,0,0,0,0,651,472.0,12,0.7250384024577573,0.0184331797235023,180005.0,2.7923728813559308,0,Test
5687,131107,20240130,74020449.0,526,47,6,365,428,299.0,9,0.5684410646387833,0.0210280373831775,130373.0,3.076923076923076,0,Test
5688,131125,20240130,74020492.0,0,0,0,0,695,579.0,10,0.8330935251798561,0.014388489208633,265310.0,3.0069084628670115,0,Control
5689,131139,20240130,74020551.0,276,35,10,190,220,177.0,6,0.6413043478260869,0.0272727272727272,77458.0,3.056497175141242,0,Test
5690,131167,20240130,74020634.0,0,0,0,0,94,76.0,1,0.8085106382978723,0.0106382978723404,45159.0,2.960526315789473,0,Test
5691,131175,20240130,74020653.0,0,0,0,0,182,136.0,1,0.7472527472527473,0.0054945054945054,74504.0,3.176470588235294,0,Test
5692,131180,20240130,74020660.0,107,12,3,64,71,56.0,2,0.5233644859813084,0.028169014084507,23787.0,2.9107142857142856,0,Test
5693,131187,20240130,74020667.0,0,0,0,0,185,154.0,3,0.8324324324324325,0.0162162162162162,93289.0,3.2922077922077917,0,Test
5694,131244,20240130,74020828.0,377,74,16,255,310,271.0,31,0.7188328912466844,0.1,125746.0,2.9446494464944664,0,Test
5695,131253,20240130,74020871.0,145,14,14,97,116,101.0,3,0.696551724137931,0.0258620689655172,50137.0,3.1584158415841577,0,Test
5696,131266,20240130,74020908.0,0,0,0,0,126,97.0,1,0.7698412698412699,0.0079365079365079,41659.0,3.4432989690721665,0,Control
5697,131269,20240130,74020920.0,0,0,0,0,431,347.0,8,0.8051044083526682,0.0185614849187935,129137.0,2.4899135446685903,0,Control
5698,131275,20240130,74020960.0,0,0,0,0,336,266.0,11,0.7916666666666666,0.0327380952380952,143654.0,3.184210526315788,0,Test
5699,131276,20240130,74020961.0,0,0,0,0,109,76.0,5,0.6972477064220184,0.0458715596330275,53761.0,4.092105263157895,0,Control
5700,131288,20240130,74021008.0,0,0,0,0,790,612.0,9,0.7746835443037975,0.0113924050632911,269101.0,2.9705882352941178,0,Control
5701,131322,20240130,74021099.0,0,0,0,0,111,94.0,2,0.8468468468468469,0.018018018018018,50423.0,3.7978723404255335,0,Control
5702,131327,20240130,74021105.0,122,20,5,90,101,80.0,3,0.6557377049180327,0.0297029702970297,68664.0,4.662500000000001,0,Test
5703,131376,20240130,74021211.0,0,0,0,0,166,95.0,0,0.572289156626506,0.0,69370.0,5.010526315789472,0,Control
5704,131415,20240130,74021302.0,247,35,8,179,202,168.0,8,0.680161943319838,0.0396039603960396,77789.0,2.815476190476192,0,Test
5705,131442,20240130,74021353.0,0,0,0,0,739,517.0,5,0.699594046008119,0.006765899864682,215283.0,2.7446808510638285,0,Control
5706,131495,20240130,74021462.0,0,0,0,0,90,68.0,1,0.7555555555555555,0.0111111111111111,35439.0,3.147058823529412,0,Control
5707,131505,20240130,74021481.0,0,0,0,0,197,159.0,4,0.8071065989847716,0.0203045685279187,65105.0,2.792452830188679,0,Control
5708,131591,20240130,74021639.0,226,23,7,168,197,166.0,11,0.7345132743362832,0.0558375634517766,87895.0,3.2771084337349388,0,Test
5709,131621,20240130,74021733.0,0,0,0,0,232,174.0,8,0.75,0.0344827586206896,138141.0,4.626436781609194,0,Control
5710,131625,20240130,74021738.0,39,1,2,22,24,21.0,0,0.5384615384615384,0.0,18053.0,3.61904761904762,0,Test
5711,131680,20240130,74021823.0,177,21,8,109,121,97.0,1,0.5480225988700564,0.0082644628099173,88697.0,4.030927835051545,0,Test
5712,131708,20240130,74021880.0,109,8,3,85,94,87.0,5,0.7981651376146789,0.0531914893617021,72097.0,3.770114942528736,0,Test
5713,131728,20240130,74021914.0,596,64,34,411,478,424.0,17,0.7114093959731543,0.0355648535564853,154531.0,2.4764150943396217,0,Test
5714,131732,20240130,74021919.0,0,0,0,0,509,419.0,11,0.8231827111984283,0.0216110019646365,173140.0,3.0119331742243425,0,Control
5715,131738,20240130,74021928.0,170,11,3,117,126,86.0,2,0.5058823529411764,0.0158730158730158,39258.0,3.255813953488371,0,Test
5716,131766,20240130,74021975.0,220,18,3,165,184,145.0,8,0.6590909090909091,0.0434782608695652,65173.0,3.393103448275863,0,Test
5717,131769,20240130,74021978.0,161,18,3,90,95,64.0,0,0.3975155279503105,0.0,37650.0,4.187499999999999,0,Test
5718,131806,20240130,74214453.0,0,0,0,0,715,571.0,5,0.7986013986013986,0.0069930069930069,287605.0,3.1786339754816124,0,Control
5719,131810,20240130,74215106.0,697,99,33,471,567,507.0,38,0.727403156384505,0.0670194003527336,197308.0,2.6883629191321474,0,Test
5720,131866,20240130,74220627.0,0,0,0,0,93,73.0,3,0.7849462365591398,0.032258064516129,41564.0,3.835616438356165,0,Control
5721,131900,20240130,74220822.0,0,0,0,0,431,301.0,6,0.6983758700696056,0.0139211136890951,160358.0,3.388704318936875,0,Control
5722,131918,20240130,74220910.0,0,0,0,0,396,204.0,1,0.5151515151515151,0.0025252525252525,109574.0,2.960784313725492,0,Control
5723,131946,20240130,74221041.0,0,0,0,0,346,271.0,3,0.7832369942196532,0.0086705202312138,134634.0,2.97416974169742,0,Control
5724,132017,20240130,74221472.0,0,0,0,0,129,95.0,2,0.7364341085271318,0.0155038759689922,44575.0,3.294736842105264,0,Control
5725,132041,20240130,74321666.0,890,98,46,463,555,486.0,32,0.5460674157303371,0.0576576576576576,193982.0,2.8539094650205765,0,Test
5726,132043,20240130,74321670.0,873,79,43,524,629,541.0,35,0.6197021764032073,0.0556438791732909,233773.0,2.8798521256931635,0,Test
5727,132064,20240130,74321719.0,0,0,0,0,184,145.0,5,0.7880434782608695,0.0271739130434782,58553.0,2.841379310344828,0,Control
5728,132066,20240130,74321722.0,0,0,0,0,382,283.0,3,0.7408376963350786,0.0078534031413612,136834.0,3.303886925795053,0,Control
5729,132129,20240130,74321861.0,0,0,0,0,150,116.0,2,0.7733333333333333,0.0133333333333333,60675.0,3.284482758620689,0,Control
5730,132133,20240130,74321865.0,0,0,0,0,165,124.0,4,0.7515151515151515,0.0242424242424242,61193.0,2.879032258064515,0,Control
5731,132162,20240130,74321910.0,0,0,0,0,230,185.0,2,0.8043478260869565,0.008695652173913,77645.0,2.58918918918919,0,Control
5732,132186,20240131,74013270.0,940,117,35,582,679,554.0,34,0.5893617021276596,0.0500736377025036,269149.0,2.909747292418773,0,Test
5733,132199,20240131,74013406.0,0,0,0,0,171,120.0,2,0.7017543859649122,0.0116959064327485,49048.0,2.841666666666666,0,Control
5734,132228,20240131,74016847.0,0,0,0,0,753,600.0,18,0.796812749003984,0.0239043824701195,239902.0,2.403333333333335,0,Control
5735,132237,20240131,74020378.0,0,0,0,0,385,255.0,7,0.6623376623376623,0.0181818181818181,162679.0,3.713725490196079,0,Test
5736,132244,20240131,74020395.0,0,0,0,0,652,490.0,7,0.7515337423312883,0.0107361963190184,178838.0,2.671428571428573,0,Test
5737,132262,20240131,74020449.0,552,60,10,350,472,246.0,9,0.4456521739130434,0.0190677966101694,109110.0,3.012195121951219,0,Test
5738,132280,20240131,74020492.0,0,0,0,0,665,550.0,10,0.8270676691729323,0.0150375939849624,262016.0,3.083636363636365,0,Control
5739,132294,20240131,74020551.0,318,35,8,215,245,184.0,7,0.5786163522012578,0.0285714285714285,91660.0,3.652173913043478,0,Test
5740,132322,20240131,74020634.0,0,0,0,0,132,107.0,1,0.8106060606060606,0.0075757575757575,55242.0,3.084112149532709,0,Test
5741,132330,20240131,74020653.0,0,0,0,0,189,124.0,3,0.656084656084656,0.0158730158730158,53205.0,2.419354838709677,0,Test
5742,132335,20240131,74020660.0,88,20,4,42,55,44.0,3,0.5,0.0545454545454545,21040.0,3.386363636363636,0,Test
5743,132342,20240131,74020667.0,0,0,0,0,146,115.0,4,0.7876712328767124,0.0273972602739726,74193.0,3.2521739130434764,0,Test
5744,132399,20240131,74020828.0,398,66,24,294,348,312.0,20,0.7839195979899497,0.057471264367816,143167.0,3.0352564102564137,0,Test
5745,132408,20240131,74020871.0,147,28,9,94,116,99.0,8,0.673469387755102,0.0689655172413793,49881.0,3.04040404040404,0,Test
5746,132421,20240131,74020908.0,0,0,0,0,118,91.0,1,0.7711864406779662,0.0084745762711864,46892.0,3.813186813186813,0,Control
5747,132424,20240131,74020920.0,0,0,0,0,450,362.0,6,0.8044444444444444,0.0133333333333333,153667.0,2.737569060773481,0,Control
5748,132430,20240131,74020960.0,0,0,0,0,303,241.0,2,0.7953795379537953,0.0066006600660066,130696.0,3.136929460580912,0,Test
5749,132431,20240131,74020961.0,0,0,0,0,103,77.0,2,0.7475728155339806,0.0194174757281553,56323.0,3.961038961038962,0,Control
5750,132443,20240131,74021008.0,0,0,0,0,866,656.0,9,0.7575057736720554,0.010392609699769,279528.0,2.934451219512197,0,Control
5751,132477,20240131,74021099.0,0,0,0,0,132,103.0,4,0.7803030303030303,0.0303030303030303,58279.0,3.9417475728155327,0,Control
5752,132482,20240131,74021105.0,134,21,4,91,102,84.0,4,0.6268656716417911,0.0392156862745098,64715.0,4.250000000000003,0,Test
5753,132531,20240131,74021211.0,0,0,0,0,150,83.0,1,0.5533333333333333,0.0066666666666666,68187.0,5.650602409638555,0,Control
5754,132570,20240131,74021302.0,284,34,19,200,240,195.0,6,0.6866197183098591,0.025,100398.0,3.282051282051281,0,Test
5755,132597,20240131,74021353.0,0,0,0,0,704,509.0,9,0.7230113636363636,0.0127840909090909,224239.0,2.891944990176819,0,Control
5756,132650,20240131,74021462.0,0,0,0,0,126,86.0,3,0.6825396825396826,0.0238095238095238,39700.0,3.151162790697674,0,Control
5757,132660,20240131,74021481.0,0,0,0,0,187,149.0,2,0.7967914438502673,0.0106951871657754,63510.0,2.8657718120805367,0,Control
5758,132746,20240131,74021639.0,240,20,2,159,184,145.0,5,0.6041666666666666,0.0271739130434782,79963.0,3.331034482758622,0,Test
5759,132776,20240131,74021733.0,0,0,0,0,207,162.0,2,0.782608695652174,0.0096618357487922,128716.0,4.740740740740742,0,Control
5760,132780,20240131,74021738.0,201,26,6,115,133,94.0,6,0.4676616915422885,0.0451127819548872,85930.0,4.436170212765959,0,Test
5761,132835,20240131,74021823.0,184,22,2,113,122,105.0,3,0.5706521739130435,0.0245901639344262,87159.0,4.123809523809521,0,Test
5762,132863,20240131,74021880.0,102,5,0,70,76,63.0,2,0.6176470588235294,0.0263157894736842,47207.0,3.222222222222222,0,Test
5763,132883,20240131,74021914.0,601,76,47,398,469,422.0,15,0.7021630615640599,0.0319829424307036,164777.0,2.6800947867298586,0,Test
5764,132887,20240131,74021919.0,0,0,0,0,541,421.0,4,0.7781885397412199,0.0073937153419593,169759.0,2.921615201900237,0,Control
5765,132893,20240131,74021928.0,189,19,4,123,136,84.0,3,0.4444444444444444,0.0220588235294117,39532.0,3.523809523809524,0,Test
5766,132921,20240131,74021975.0,182,14,7,125,140,122.0,6,0.6703296703296703,0.0428571428571428,53575.0,3.327868852459016,0,Test
5767,132924,20240131,74021978.0,160,19,5,99,113,75.0,2,0.46875,0.0176991150442477,44446.0,3.7600000000000007,0,Test
5768,132961,20240131,74214453.0,0,0,0,0,516,389.0,3,0.7538759689922481,0.005813953488372,207204.0,3.2210796915167137,0,Control
5769,132965,20240131,74215106.0,742,96,34,509,593,539.0,33,0.7264150943396226,0.0556492411467116,214892.0,2.8348794063079805,0,Test
5770,133021,20240131,74220627.0,0,0,0,0,97,73.0,2,0.7525773195876289,0.0206185567010309,41625.0,3.5753424657534243,0,Control
5771,133055,20240131,74220822.0,0,0,0,0,412,282.0,4,0.6844660194174758,0.0097087378640776,149001.0,3.368794326241136,0,Control
5772,133073,20240131,74220910.0,0,0,0,0,256,182.0,2,0.7109375,0.0078125,107510.0,3.186813186813187,0,Control
5773,133101,20240131,74221041.0,0,0,0,0,341,280.0,6,0.8211143695014663,0.0175953079178885,133894.0,2.7892857142857133,0,Control
5774,133172,20240131,74221472.0,0,0,0,0,129,92.0,1,0.7131782945736435,0.0077519379844961,45448.0,3.315217391304349,0,Control
5775,133196,20240131,74321666.0,965,95,52,513,620,517.0,29,0.5357512953367876,0.0467741935483871,217129.0,2.8355899419729185,0,Test
5776,133198,20240131,74321670.0,886,100,62,500,633,543.0,40,0.6128668171557562,0.0631911532385466,234718.0,2.917127071823202,0,Test
5777,133219,20240131,74321719.0,0,0,0,0,185,142.0,1,0.7675675675675676,0.0054054054054054,49614.0,2.528169014084506,0,Control
5778,133221,20240131,74321722.0,0,0,0,0,353,273.0,3,0.773371104815864,0.0084985835694051,130680.0,2.967032967032967,0,Control
5779,133284,20240131,74321861.0,0,0,0,0,149,118.0,1,0.7919463087248322,0.0067114093959731,60959.0,3.516949152542373,0,Control
5780,133288,20240131,74321865.0,0,0,0,0,168,131.0,6,0.7797619047619048,0.0357142857142857,60691.0,2.7862595419847342,0,Control
5781,133317,20240131,74321910.0,0,0,0,0,244,175.0,5,0.7172131147540983,0.0204918032786885,90076.0,2.8628571428571425,0,Control
5782,133342,20240201,74013270.0,294,36,20,167,903,649.0,28,2.207482993197279,0.0310077519379844,303173.0,2.844375963020031,0,Test
5783,133355,20240201,74013406.0,0,0,0,0,168,105.0,2,0.625,0.0119047619047619,38878.0,2.533333333333332,0,Control
5784,133384,20240201,74016847.0,0,0,0,0,656,479.0,10,0.7301829268292683,0.0152439024390243,197073.0,2.569937369519832,0,Control
5785,133393,20240201,74020378.0,369,47,8,180,351,237.0,11,0.6422764227642277,0.0313390313390313,138898.0,3.52320675105485,0,Test
5786,133400,20240201,74020395.0,389,31,13,215,517,412.0,10,1.0591259640102828,0.0193423597678916,163431.0,2.7694174757281576,0,Test
5787,133418,20240201,74020449.0,564,53,15,364,501,262.0,6,0.4645390070921986,0.0119760479041916,109319.0,2.9465648854961826,0,Test
5788,133436,20240201,74020492.0,0,0,0,0,768,557.0,8,0.7252604166666666,0.0104166666666666,261053.0,3.0341113105924618,0,Control
5789,133450,20240201,74020551.0,242,38,4,176,224,144.0,8,0.5950413223140496,0.0357142857142857,72172.0,3.6875,0,Test
5790,133478,20240201,74020634.0,0,0,0,0,147,117.0,1,0.7959183673469388,0.0068027210884353,66686.0,3.1623931623931614,0,Test
5791,133486,20240201,74020653.0,130,25,6,68,148,113.0,7,0.8692307692307693,0.0472972972972973,44223.0,2.469026548672565,0,Test
5792,133491,20240201,74020660.0,97,11,5,63,77,59.0,2,0.6082474226804123,0.0259740259740259,32415.0,3.457627118644068,0,Test
5793,133498,20240201,74020667.0,0,0,0,0,66,51.0,0,0.7727272727272727,0.0,28669.0,3.1176470588235308,0,Test
5794,133555,20240201,74020828.0,381,75,16,269,326,274.0,17,0.7191601049868767,0.0521472392638036,125294.0,2.9854014598540144,0,Test
5795,133564,20240201,74020871.0,179,30,8,97,116,99.0,6,0.553072625698324,0.0517241379310344,48016.0,3.11111111111111,0,Test
5796,133577,20240201,74020908.0,0,0,0,0,173,107.0,1,0.6184971098265896,0.0057803468208092,58263.0,4.168224299065423,0,Control
5797,133580,20240201,74020920.0,0,0,0,0,500,370.0,8,0.74,0.016,153923.0,2.6459459459459485,0,Control
5798,133586,20240201,74020960.0,0,0,0,0,296,235.0,3,0.793918918918919,0.0101351351351351,128202.0,3.046808510638299,0,Test
5799,133587,20240201,74020961.0,0,0,0,0,123,87.0,0,0.7073170731707317,0.0,61163.0,3.666666666666667,0,Control
5800,133599,20240201,74021008.0,0,0,0,0,833,649.0,15,0.7791116446578632,0.0180072028811524,282668.0,2.929121725731897,0,Control
5801,133633,20240201,74021099.0,0,0,0,0,93,70.0,1,0.7526881720430108,0.010752688172043,37590.0,3.885714285714285,0,Control
5802,133638,20240201,74021105.0,141,17,3,112,137,102.0,2,0.723404255319149,0.0145985401459854,71876.0,4.068627450980391,0,Test
5803,133687,20240201,74021211.0,0,0,0,0,187,120.0,2,0.6417112299465241,0.0106951871657754,91692.0,5.541666666666667,0,Control
5804,133726,20240201,74021302.0,254,25,9,197,234,169.0,2,0.6653543307086615,0.0085470085470085,81545.0,3.1360946745562126,0,Test
5805,133753,20240201,74021353.0,0,0,0,0,840,621.0,14,0.7392857142857143,0.0166666666666666,271285.0,2.8792270531400974,0,Control
5806,133806,20240201,74021462.0,0,0,0,0,118,75.0,2,0.635593220338983,0.0169491525423728,32118.0,3.1466666666666665,0,Control
5807,133816,20240201,74021481.0,0,0,0,0,171,136.0,0,0.7953216374269005,0.0,60217.0,2.992647058823529,0,Control
5808,133902,20240201,74021639.0,200,14,3,143,170,119.0,4,0.595,0.0235294117647058,57228.0,3.117647058823529,0,Test
5809,133932,20240201,74021733.0,0,0,0,0,199,144.0,1,0.7236180904522613,0.0050251256281407,117762.0,4.583333333333335,0,Control
5810,133936,20240201,74021738.0,183,17,4,102,117,79.0,1,0.4316939890710382,0.0085470085470085,66810.0,3.848101265822784,0,Test
5811,133991,20240201,74021823.0,155,11,5,79,88,66.0,0,0.4258064516129032,0.0,55025.0,4.121212121212122,0,Test
5812,134019,20240201,74021880.0,104,7,2,76,95,53.0,2,0.5096153846153846,0.0210526315789473,44500.0,3.396226415094341,0,Test
5813,134039,20240201,74021914.0,600,54,36,394,477,417.0,18,0.695,0.0377358490566037,160870.0,2.575539568345325,0,Test
5814,134043,20240201,74021919.0,0,0,0,0,573,453.0,10,0.7905759162303665,0.0174520069808027,178576.0,2.7637969094922767,0,Control
5815,134049,20240201,74021928.0,186,10,5,112,132,87.0,5,0.4677419354838709,0.0378787878787878,49137.0,3.7816091954022975,0,Test
5816,134077,20240201,74021975.0,161,11,3,114,130,109.0,3,0.6770186335403726,0.023076923076923,48865.0,2.98165137614679,0,Test
5817,134080,20240201,74021978.0,146,12,0,84,88,73.0,1,0.5,0.0113636363636363,45002.0,3.5753424657534247,0,Test
5818,134117,20240201,74214453.0,0,0,0,0,654,428.0,10,0.654434250764526,0.0152905198776758,215718.0,3.0630841121495327,0,Control
5819,134121,20240201,74215106.0,673,74,29,448,543,453.0,30,0.6731054977711739,0.0552486187845303,180534.0,2.7505518763796903,0,Test
5820,134177,20240201,74220627.0,0,0,0,0,125,94.0,5,0.752,0.04,54805.0,3.521276595744681,0,Control
5821,134211,20240201,74220822.0,0,0,0,0,508,338.0,1,0.6653543307086615,0.0019685039370078,185622.0,3.3964497041420114,0,Control
5822,134229,20240201,74220910.0,0,0,0,0,248,183.0,3,0.7379032258064516,0.0120967741935483,100095.0,2.939890710382513,0,Control
5823,134257,20240201,74221041.0,0,0,0,0,368,283.0,9,0.7690217391304348,0.0244565217391304,135240.0,2.992932862190813,0,Control
5824,134328,20240201,74221472.0,0,0,0,0,146,105.0,2,0.7191780821917808,0.0136986301369863,56493.0,3.63809523809524,0,Control
5825,134352,20240201,74321666.0,897,118,41,478,613,480.0,40,0.5351170568561873,0.065252854812398,198977.0,2.779166666666667,0,Test
5826,134354,20240201,74321670.0,829,74,39,476,578,488.0,29,0.5886610373944512,0.0501730103806228,214533.0,2.897540983606554,0,Test
5827,134375,20240201,74321719.0,0,0,0,0,216,162.0,2,0.75,0.0092592592592592,60556.0,2.679012345679011,0,Control
5828,134377,20240201,74321722.0,0,0,0,0,393,284.0,3,0.72264631043257,0.0076335877862595,130341.0,2.9366197183098603,0,Control
5829,134440,20240201,74321861.0,0,0,0,0,171,117.0,1,0.6842105263157895,0.0058479532163742,60529.0,3.1538461538461533,0,Control
5830,134444,20240201,74321865.0,0,0,0,0,206,135.0,3,0.6553398058252428,0.0145631067961165,70756.0,3.044444444444444,0,Control
5831,134473,20240201,74321910.0,0,0,0,0,235,169.0,2,0.7191489361702128,0.0085106382978723,83208.0,3.171597633136096,0,Control
5832,134497,20240202,74013270.0,0,0,0,0,932,737.0,25,0.7907725321888412,0.0268240343347639,377077.0,3.048846675712343,0,Test
5833,134510,20240202,74013406.0,0,0,0,0,177,139.0,7,0.7853107344632768,0.03954802259887,68187.0,3.1007194244604315,0,Control
5834,134539,20240202,74016847.0,0,0,0,0,843,655.0,13,0.7769869513641756,0.0154211150652431,287175.0,2.726717557251908,0,Control
5835,134548,20240202,74020378.0,741,87,15,379,434,339.0,13,0.4574898785425101,0.0299539170506912,210912.0,3.613569321533921,0,Test
5836,134555,20240202,74020395.0,945,120,22,484,546,485.0,21,0.5132275132275133,0.0384615384615384,219192.0,3.0845360824742287,0,Test
5837,134573,20240202,74020449.0,674,62,15,464,630,323.0,9,0.4792284866468843,0.0142857142857142,135423.0,2.90092879256966,0,Test
5838,134591,20240202,74020492.0,0,0,0,0,880,676.0,11,0.7681818181818182,0.0125,336775.0,3.2396449704142003,0,Control
5839,134605,20240202,74020551.0,319,36,8,226,253,203.0,6,0.6363636363636364,0.0237154150197628,101330.0,3.4876847290640387,0,Test
5840,134633,20240202,74020634.0,0,0,0,0,208,184.0,0,0.8846153846153846,0.0,108884.0,3.472826086956521,0,Test
5841,134641,20240202,74020653.0,235,29,7,146,167,140.0,6,0.5957446808510638,0.0359281437125748,75427.0,3.2,0,Test
5842,134646,20240202,74020660.0,128,8,4,84,97,77.0,3,0.6015625,0.0309278350515463,35476.0,3.181818181818183,0,Test
5843,134709,20240202,74020828.0,461,98,22,339,397,362.0,23,0.7852494577006508,0.0579345088161209,172683.0,3.2486187845303887,0,Test
5844,134718,20240202,74020871.0,156,28,6,99,117,108.0,8,0.6923076923076923,0.0683760683760683,53352.0,2.8888888888888893,0,Test
5845,134731,20240202,74020908.0,0,0,0,0,207,154.0,1,0.7439613526570048,0.0048309178743961,92379.0,4.357142857142858,0,Control
5846,134734,20240202,74020920.0,0,0,0,0,592,468.0,12,0.7905405405405406,0.0202702702702702,212967.0,2.739316239316238,0,Control
5847,134740,20240202,74020960.0,0,0,0,0,332,267.0,7,0.8042168674698795,0.0210843373493975,156470.0,3.4007490636704136,0,Test
5848,134741,20240202,74020961.0,0,0,0,0,182,144.0,2,0.7912087912087912,0.0109890109890109,99870.0,3.9583333333333344,0,Control
5849,134753,20240202,74021008.0,0,0,0,0,996,830.0,18,0.8333333333333334,0.0180722891566265,352525.0,2.9445783132530137,0,Control
5850,134787,20240202,74021099.0,0,0,0,0,179,135.0,7,0.7541899441340782,0.0391061452513966,77774.0,4.155555555555556,0,Control
5851,134792,20240202,74021105.0,158,21,1,114,127,102.0,4,0.6455696202531646,0.0314960629921259,74639.0,3.8529411764705888,0,Test
5852,134841,20240202,74021211.0,0,0,0,0,219,89.0,0,0.4063926940639269,0.0,65961.0,4.966292134831458,0,Control
5853,134880,20240202,74021302.0,299,26,12,234,269,209.0,3,0.6989966555183946,0.0111524163568773,116756.0,3.406698564593301,0,Test
5854,134907,20240202,74021353.0,0,0,0,0,891,662.0,11,0.7429854096520763,0.0123456790123456,291275.0,2.759818731117828,0,Control
5855,134960,20240202,74021462.0,0,0,0,0,149,114.0,6,0.7651006711409396,0.0402684563758389,66410.0,3.289473684210527,0,Control
5856,134970,20240202,74021481.0,0,0,0,0,198,155.0,3,0.7828282828282829,0.0151515151515151,68362.0,2.825806451612903,0,Control
5857,135056,20240202,74021639.0,335,42,8,233,265,225.0,13,0.6716417910447762,0.0490566037735849,127809.0,3.626666666666666,0,Test
5858,135086,20240202,74021733.0,0,0,0,0,253,208.0,5,0.8221343873517787,0.0197628458498023,171458.0,4.826923076923078,0,Control
5859,135090,20240202,74021738.0,223,29,10,127,148,112.0,4,0.5022421524663677,0.027027027027027,92344.0,3.919642857142858,0,Test
5860,135145,20240202,74021823.0,153,26,4,84,96,85.0,1,0.5555555555555556,0.0104166666666666,79874.0,4.07058823529412,0,Test
5861,135173,20240202,74021880.0,159,24,1,130,148,123.0,10,0.7735849056603774,0.0675675675675675,104389.0,3.666666666666667,0,Test
5862,135193,20240202,74021914.0,626,80,35,437,512,470.0,16,0.7507987220447284,0.03125,189753.0,2.708510638297873,0,Test
5863,135197,20240202,74021919.0,0,0,0,0,587,470.0,10,0.8006814310051107,0.0170357751277683,202429.0,2.9872340425531907,0,Control
5864,135203,20240202,74021928.0,173,15,4,123,138,110.0,4,0.6358381502890174,0.0289855072463768,52373.0,3.263636363636364,0,Test
5865,135231,20240202,74021975.0,281,25,5,210,233,207.0,10,0.7366548042704626,0.0429184549356223,95385.0,3.3719806763285027,0,Test
5866,135234,20240202,74021978.0,184,22,2,114,124,105.0,4,0.5706521739130435,0.032258064516129,71656.0,4.323809523809524,0,Test
5867,135271,20240202,74214453.0,0,0,0,0,631,465.0,8,0.7369255150554676,0.0126782884310618,260483.0,3.311827956989249,0,Control
5868,135275,20240202,74215106.0,796,95,32,538,616,560.0,35,0.7035175879396985,0.0568181818181818,228638.0,2.7785714285714285,0,Test
5869,135331,20240202,74220627.0,0,0,0,0,151,108.0,3,0.7152317880794702,0.0198675496688741,73686.0,4.194444444444444,0,Control
5870,135365,20240202,74220822.0,0,0,0,0,543,433.0,7,0.7974217311233885,0.012891344383057,257174.0,3.612009237875285,0,Control
5871,135383,20240202,74220910.0,0,0,0,0,388,253.0,4,0.6520618556701031,0.0103092783505154,146620.0,3.256916996047432,0,Control
5872,135411,20240202,74221041.0,0,0,0,0,362,302.0,12,0.8342541436464088,0.0331491712707182,155881.0,3.0331125827814565,0,Control
5873,135482,20240202,74221472.0,0,0,0,0,158,124.0,4,0.7848101265822784,0.0253164556962025,54554.0,3.024193548387097,0,Control
5874,135506,20240202,74321666.0,1018,101,38,557,658,578.0,34,0.5677799607072691,0.0516717325227963,238351.0,2.8581314878892736,0,Test
5875,135508,20240202,74321670.0,999,104,52,576,711,624.0,48,0.6246246246246246,0.0675105485232067,279381.0,3.0176282051282013,0,Test
5876,135529,20240202,74321719.0,0,0,0,0,258,199.0,7,0.7713178294573644,0.0271317829457364,77053.0,2.7788944723618094,0,Control
5877,135531,20240202,74321722.0,0,0,0,0,504,400.0,6,0.7936507936507936,0.0119047619047619,221804.0,3.3500000000000014,0,Control
5878,135594,20240202,74321861.0,0,0,0,0,221,176.0,6,0.7963800904977375,0.0271493212669683,101054.0,3.710227272727273,0,Control
5879,135598,20240202,74321865.0,0,0,0,0,303,214.0,4,0.7062706270627063,0.0132013201320132,115691.0,3.242990654205605,0,Control
5880,135627,20240202,74321910.0,0,0,0,0,251,200.0,2,0.796812749003984,0.0079681274900398,96315.0,2.9800000000000004,0,Control
5881,135651,20240203,74013270.0,0,0,0,0,755,565.0,22,0.7483443708609272,0.0291390728476821,317176.0,3.336283185840709,0,Test
5882,135664,20240203,74013406.0,0,0,0,0,337,275.0,2,0.8160237388724035,0.0059347181008902,131875.0,3.090909090909089,0,Control
5883,135693,20240203,74016847.0,0,0,0,0,804,621.0,11,0.7723880597014925,0.0136815920398009,290728.0,2.896940418679548,0,Control
5884,135702,20240203,74020378.0,972,139,14,501,572,459.0,17,0.4722222222222222,0.0297202797202797,304734.0,3.906318082788669,0,Test
5885,135709,20240203,74020395.0,684,91,18,357,418,349.0,27,0.5102339181286549,0.0645933014354067,170564.0,3.3209169054441263,0,Test
5886,135727,20240203,74020449.0,1008,105,21,769,1052,643.0,13,0.6378968253968254,0.0123574144486692,334724.0,3.6080870917573886,0,Test
5887,135745,20240203,74020492.0,0,0,0,0,1199,979.0,17,0.8165137614678899,0.0141784820683903,511729.0,3.5812053115423867,0,Control
5888,135759,20240203,74020551.0,354,39,5,244,271,224.0,8,0.632768361581921,0.029520295202952,121353.0,3.7232142857142847,0,Test
5889,135787,20240203,74020634.0,0,0,0,0,245,225.0,1,0.9183673469387756,0.0040816326530612,136236.0,3.6,0,Test
5890,135795,20240203,74020653.0,317,49,11,222,248,217.0,3,0.6845425867507886,0.0120967741935483,138611.0,3.4884792626728114,0,Test
5891,135800,20240203,74020660.0,187,26,6,117,134,110.0,9,0.5882352941176471,0.0671641791044776,64470.0,3.8636363636363633,0,Test
5892,135807,20240203,74020667.0,0,0,0,0,177,140.0,0,0.7909604519774012,0.0,104068.0,3.907142857142856,0,Test
5893,135864,20240203,74020828.0,347,61,22,227,279,245.0,15,0.7060518731988472,0.053763440860215,126293.0,3.440816326530612,0,Test
5894,135873,20240203,74020871.0,132,28,14,76,103,82.0,7,0.6212121212121212,0.0679611650485436,48634.0,3.4024390243902443,0,Test
5895,135886,20240203,74020908.0,0,0,0,0,233,184.0,3,0.7896995708154506,0.0128755364806866,110215.0,4.570652173913042,0,Control
5896,135889,20240203,74020920.0,0,0,0,0,613,364.0,4,0.5938009787928222,0.0065252854812398,176027.0,2.961538461538458,0,Control
5897,135895,20240203,74020960.0,0,0,0,0,461,374.0,5,0.8112798264642083,0.0108459869848156,233823.0,3.508021390374332,0,Test
5898,135896,20240203,74020961.0,0,0,0,0,296,235.0,8,0.793918918918919,0.027027027027027,169356.0,4.323404255319152,0,Control
5899,135908,20240203,74021008.0,0,0,0,0,872,725.0,11,0.8314220183486238,0.0126146788990825,326620.0,3.074482758620689,0,Control
5900,135942,20240203,74021099.0,0,0,0,0,278,220.0,1,0.7913669064748201,0.0035971223021582,132689.0,4.368181818181818,0,Control
5901,135947,20240203,74021105.0,206,35,10,158,183,148.0,5,0.7184466019417476,0.0273224043715847,109326.0,4.216216216216215,0,Test
5902,135996,20240203,74021211.0,0,0,0,0,154,107.0,0,0.6948051948051948,0.0,93337.0,5.94392523364486,0,Control
5903,136035,20240203,74021302.0,408,54,14,339,398,325.0,10,0.7965686274509803,0.0251256281407035,167812.0,3.261538461538459,0,Test
5904,136062,20240203,74021353.0,0,0,0,0,623,403.0,7,0.6468699839486356,0.0112359550561797,194158.0,3.186104218362283,0,Control
5905,136115,20240203,74021462.0,0,0,0,0,131,89.0,3,0.6793893129770993,0.0229007633587786,58088.0,4.044943820224722,0,Control
5906,136125,20240203,74021481.0,0,0,0,0,247,223.0,3,0.902834008097166,0.0121457489878542,101399.0,3.1838565022421523,0,Control
5907,136211,20240203,74021639.0,361,53,11,228,271,225.0,14,0.6232686980609419,0.051660516605166,123807.0,3.359999999999999,0,Test
5908,136241,20240203,74021733.0,0,0,0,0,280,227.0,3,0.8107142857142857,0.0107142857142857,194736.0,5.405286343612339,0,Control
5909,136245,20240203,74021738.0,229,26,4,116,145,118.0,8,0.5152838427947598,0.0551724137931034,112601.0,4.6610169491525415,0,Test
5910,136300,20240203,74021823.0,166,25,4,95,110,95.0,4,0.572289156626506,0.0363636363636363,90341.0,4.484210526315789,0,Test
5911,136328,20240203,74021880.0,200,22,3,158,208,156.0,10,0.78,0.048076923076923,118994.0,3.4423076923076934,0,Test
5912,136348,20240203,74021914.0,405,37,23,274,312,281.0,9,0.6938271604938272,0.0288461538461538,127399.0,2.9181494661921703,0,Test
5913,136352,20240203,74021919.0,0,0,0,0,482,381.0,7,0.7904564315352697,0.0145228215767634,174307.0,3.1942257217847745,0,Control
5914,136358,20240203,74021928.0,379,34,7,262,291,237.0,7,0.6253298153034301,0.0240549828178694,137731.0,3.7890295358649775,0,Test
5915,136386,20240203,74021975.0,309,29,7,216,242,200.0,8,0.6472491909385113,0.0330578512396694,105160.0,3.824999999999998,0,Test
5916,136389,20240203,74021978.0,285,23,7,188,211,168.0,5,0.5894736842105263,0.0236966824644549,103885.0,3.9107142857142856,0,Test
5917,136426,20240203,74214453.0,0,0,0,0,714,512.0,10,0.7170868347338936,0.0140056022408963,308760.0,3.560546875000004,0,Control
5918,136430,20240203,74215106.0,780,100,20,487,558,490.0,25,0.6282051282051282,0.0448028673835125,207250.0,2.946938775510202,0,Test
5919,136486,20240203,74220627.0,0,0,0,0,134,104.0,6,0.7761194029850746,0.044776119402985,66020.0,3.875,0,Control
5920,136520,20240203,74220822.0,0,0,0,0,681,535.0,4,0.7856093979441997,0.0058737151248164,329445.0,3.9626168224299056,0,Control
5921,136538,20240203,74220910.0,0,0,0,0,400,290.0,4,0.725,0.01,190544.0,3.6034482758620663,0,Control
5922,136566,20240203,74221041.0,0,0,0,0,436,359.0,8,0.823394495412844,0.018348623853211,195585.0,3.303621169916435,0,Control
5923,136637,20240203,74221472.0,0,0,0,0,180,133.0,2,0.7388888888888889,0.0111111111111111,69417.0,3.4060150375939853,0,Control
5924,136661,20240203,74321666.0,1323,165,64,760,893,793.0,32,0.5993953136810279,0.0358342665173572,347219.0,3.0365699873896568,0,Test
5925,136663,20240203,74321670.0,1003,83,47,558,649,572.0,27,0.5702891326021934,0.0416024653312788,275394.0,3.1608391608391604,0,Test
5926,136684,20240203,74321719.0,0,0,0,0,281,209.0,0,0.7437722419928826,0.0,88703.0,2.9377990430622027,0,Control
5927,136686,20240203,74321722.0,0,0,0,0,632,447.0,11,0.7072784810126582,0.0174050632911392,263107.0,3.6823266219239374,0,Control
5928,136749,20240203,74321861.0,0,0,0,0,254,185.0,3,0.7283464566929134,0.0118110236220472,109854.0,3.702702702702702,0,Control
5929,136753,20240203,74321865.0,0,0,0,0,297,172.0,5,0.5791245791245792,0.0168350168350168,96947.0,3.372093023255815,0,Control
5930,136782,20240203,74321910.0,0,0,0,0,329,278.0,1,0.8449848024316109,0.0030395136778115,167680.0,3.97841726618705,0,Control
5931,136806,20240204,74013270.0,0,0,0,0,744,419.0,11,0.5631720430107527,0.0147849462365591,215167.0,2.966587112171837,0,Test
5932,136819,20240204,74013406.0,0,0,0,0,313,266.0,5,0.8498402555910544,0.0159744408945686,132055.0,3.293233082706765,0,Control
5933,136848,20240204,74016847.0,0,0,0,0,638,473.0,7,0.7413793103448276,0.0109717868338558,219195.0,2.95771670190275,0,Control
5934,136857,20240204,74020378.0,833,122,19,471,538,425.0,18,0.5102040816326531,0.0334572490706319,254848.0,3.6517647058823526,0,Test
5935,136864,20240204,74020395.0,568,71,10,317,362,285.0,23,0.5017605633802817,0.0635359116022099,146196.0,3.466666666666668,0,Test
5936,136882,20240204,74020449.0,810,77,15,582,670,535.0,12,0.6604938271604939,0.017910447761194,250028.0,3.308411214953271,0,Test
5937,136900,20240204,74020492.0,0,0,0,0,1021,861.0,13,0.8432908912830558,0.0127326150832517,474261.0,3.701509872241583,0,Control
5938,136914,20240204,74020551.0,304,33,7,210,227,194.0,6,0.6381578947368421,0.026431718061674,107399.0,4.0257731958762895,0,Test
5939,136942,20240204,74020634.0,0,0,0,0,223,201.0,1,0.9013452914798208,0.0044843049327354,116513.0,3.373134328358208,0,Test
5940,136950,20240204,74020653.0,295,38,6,221,247,200.0,5,0.6779661016949152,0.020242914979757,108524.0,3.1450000000000014,0,Test
5941,136955,20240204,74020660.0,168,27,6,107,119,103.0,4,0.6130952380952381,0.0336134453781512,67167.0,3.718446601941748,0,Test
5942,136962,20240204,74020667.0,0,0,0,0,205,180.0,3,0.8780487804878049,0.0146341463414634,127834.0,3.994444444444442,0,Test
5943,137019,20240204,74020828.0,269,45,11,192,226,196.0,12,0.7286245353159851,0.0530973451327433,97313.0,3.301020408163266,0,Test
5944,137028,20240204,74020871.0,119,15,5,81,96,74.0,2,0.6218487394957983,0.0208333333333333,37638.0,3.5270270270270263,0,Test
5945,137041,20240204,74020908.0,0,0,0,0,170,128.0,3,0.7529411764705882,0.0176470588235294,77872.0,4.664062500000001,0,Control
5946,137044,20240204,74020920.0,0,0,0,0,355,289.0,6,0.8140845070422535,0.0169014084507042,133250.0,3.058823529411762,0,Control
5947,137050,20240204,74020960.0,0,0,0,0,435,345.0,6,0.7931034482758621,0.0137931034482758,207956.0,3.649275362318842,0,Test
5948,137051,20240204,74020961.0,0,0,0,0,280,228.0,6,0.8142857142857143,0.0214285714285714,168526.0,4.2061403508771935,0,Control
5949,137063,20240204,74021008.0,0,0,0,0,814,687.0,9,0.8439803439803439,0.011056511056511,299122.0,3.01018922852984,0,Control
5950,137097,20240204,74021099.0,0,0,0,0,267,220.0,5,0.8239700374531835,0.0187265917602996,147603.0,4.563636363636363,0,Control
5951,137102,20240204,74021105.0,148,13,4,116,126,108.0,1,0.7297297297297297,0.0079365079365079,95188.0,5.046296296296297,0,Test
5952,137150,20240204,74021211.0,0,0,0,0,208,153.0,2,0.7355769230769231,0.0096153846153846,140137.0,6.163398692810456,0,Control
5953,137189,20240204,74021302.0,357,37,12,289,336,268.0,3,0.7507002801120448,0.0089285714285714,153365.0,3.582089552238804,0,Test
5954,137216,20240204,74021353.0,0,0,0,0,605,452.0,8,0.7471074380165289,0.0132231404958677,226535.0,3.280973451327434,0,Control
5955,137269,20240204,74021462.0,0,0,0,0,97,79.0,6,0.8144329896907216,0.0618556701030927,55189.0,4.278481012658228,0,Control
5956,137279,20240204,74021481.0,0,0,0,0,223,183.0,0,0.820627802690583,0.0,85401.0,3.15846994535519,0,Control
5957,137365,20240204,74021639.0,278,29,4,195,220,187.0,11,0.6726618705035972,0.05,107795.0,3.6042780748663104,0,Test
5958,137395,20240204,74021733.0,0,0,0,0,253,214.0,4,0.8458498023715415,0.0158102766798418,180687.0,4.925233644859813,0,Control
5959,137399,20240204,74021738.0,168,19,4,116,132,111.0,4,0.6607142857142857,0.0303030303030303,98243.0,4.387387387387388,0,Test
5960,137454,20240204,74021823.0,252,43,4,155,174,141.0,2,0.5595238095238095,0.0114942528735632,127788.0,4.361702127659576,0,Test
5961,137482,20240204,74021880.0,148,27,5,118,140,120.0,10,0.8108108108108109,0.0714285714285714,96713.0,3.566666666666667,0,Test
5962,137502,20240204,74021914.0,363,44,7,253,276,250.0,7,0.6887052341597796,0.0253623188405797,113566.0,3.144000000000001,0,Test
5963,137506,20240204,74021919.0,0,0,0,0,330,251.0,4,0.7606060606060606,0.0121212121212121,110511.0,2.8804780876494025,0,Control
5964,137512,20240204,74021928.0,329,34,7,243,272,214.0,4,0.6504559270516718,0.0147058823529411,128366.0,3.8504672897196266,0,Test
5965,137540,20240204,74021975.0,230,25,4,176,199,153.0,8,0.6652173913043479,0.0402010050251256,70826.0,3.450980392156863,0,Test
5966,137543,20240204,74021978.0,217,23,4,133,151,120.0,8,0.5529953917050692,0.0529801324503311,69496.0,3.7,0,Test
5967,137580,20240204,74214453.0,0,0,0,0,573,422.0,7,0.7364746945898778,0.0122164048865619,259807.0,3.646919431279623,0,Control
5968,137584,20240204,74215106.0,690,88,25,433,493,431.0,11,0.6246376811594203,0.0223123732251521,192869.0,3.206496519721578,0,Test
5969,137640,20240204,74220627.0,0,0,0,0,149,113.0,2,0.7583892617449665,0.0134228187919463,74264.0,4.132743362831859,0,Control
5970,137674,20240204,74220822.0,0,0,0,0,643,498.0,3,0.7744945567651633,0.0046656298600311,303103.0,4.026104417670684,0,Control
5971,137692,20240204,74220910.0,0,0,0,0,350,255.0,3,0.7285714285714285,0.0085714285714285,161703.0,3.4784313725490192,0,Control
5972,137720,20240204,74221041.0,0,0,0,0,394,330.0,4,0.8375634517766497,0.0101522842639593,164086.0,2.933333333333333,0,Control
5973,137791,20240204,74221472.0,0,0,0,0,178,137.0,1,0.7696629213483146,0.0056179775280898,69536.0,3.299270072992702,0,Control
5974,137815,20240204,74321666.0,1152,161,57,640,772,684.0,35,0.59375,0.0453367875647668,312159.0,3.219298245614031,0,Test
5975,137817,20240204,74321670.0,765,74,32,418,486,434.0,25,0.5673202614379085,0.051440329218107,208019.0,3.341013824884792,0,Test
5976,137838,20240204,74321719.0,0,0,0,0,250,199.0,3,0.796,0.012,81318.0,2.899497487437185,0,Control
5977,137840,20240204,74321722.0,0,0,0,0,488,375.0,6,0.7684426229508197,0.0122950819672131,192276.0,3.224000000000003,0,Control
5978,137903,20240204,74321861.0,0,0,0,0,180,138.0,5,0.7666666666666667,0.0277777777777777,90284.0,4.347826086956518,0,Control
5979,137907,20240204,74321865.0,0,0,0,0,272,158.0,2,0.5808823529411765,0.0073529411764705,91055.0,3.784810126582279,0,Control
5980,137936,20240204,74321910.0,0,0,0,0,303,247.0,4,0.8151815181518152,0.0132013201320132,128406.0,3.5060728744939262,0,Control
5981,137960,20240205,74013270.0,0,0,0,0,936,559.0,20,0.5972222222222222,0.0213675213675213,252879.0,2.7012522361359563,0,Test
5982,137973,20240205,74013406.0,0,0,0,0,152,115.0,2,0.756578947368421,0.0131578947368421,51301.0,2.791304347826087,0,Control
5983,138002,20240205,74016847.0,0,0,0,0,737,549.0,13,0.7449118046132972,0.0176390773405698,225990.0,2.5500910746812417,0,Control
5984,138011,20240205,74020378.0,513,70,8,260,288,224.0,6,0.4366471734892787,0.0208333333333333,122160.0,3.183035714285713,0,Test
5985,138018,20240205,74020395.0,685,75,13,407,458,386.0,17,0.5635036496350365,0.037117903930131,154523.0,2.7409326424870457,0,Test
5986,138036,20240205,74020449.0,387,28,9,252,407,314.0,10,0.8113695090439277,0.0245700245700245,138049.0,2.9904458598726094,0,Test
5987,138054,20240205,74020492.0,0,0,0,0,642,491.0,14,0.764797507788162,0.0218068535825545,248651.0,3.203665987780039,0,Control
5988,138068,20240205,74020551.0,192,24,3,126,136,117.0,4,0.609375,0.0294117647058823,52256.0,3.008547008547009,0,Test
5989,138096,20240205,74020634.0,0,0,0,0,144,117.0,2,0.8125,0.0138888888888888,70134.0,3.7863247863247858,0,Test
5990,138104,20240205,74020653.0,186,19,1,113,132,98.0,2,0.5268817204301075,0.0151515151515151,43823.0,2.704081632653061,0,Test
5991,138109,20240205,74020660.0,101,6,2,64,70,59.0,0,0.5841584158415841,0.0,32756.0,3.305084745762711,0,Test
5992,138116,20240205,74020667.0,0,0,0,0,133,120.0,1,0.9022556390977444,0.0075187969924812,81451.0,3.9000000000000017,0,Test
5993,138172,20240205,74020828.0,391,62,18,294,336,304.0,9,0.7774936061381074,0.0267857142857142,143128.0,2.99342105263158,0,Test
5994,138181,20240205,74020871.0,134,19,13,88,110,99.0,3,0.7388059701492538,0.0272727272727272,46791.0,2.96969696969697,0,Test
5995,138194,20240205,74020908.0,0,0,0,0,133,110.0,2,0.8270676691729323,0.0150375939849624,59022.0,4.018181818181818,0,Control
5996,138197,20240205,74020920.0,0,0,0,0,399,324.0,5,0.8120300751879699,0.012531328320802,131074.0,2.78395061728395,0,Control
5997,138203,20240205,74020960.0,0,0,0,0,308,257.0,8,0.8344155844155844,0.0259740259740259,140028.0,3.2023346303501947,0,Test
5998,138204,20240205,74020961.0,0,0,0,0,148,107.0,2,0.722972972972973,0.0135135135135135,75272.0,3.8598130841121487,0,Control
5999,138216,20240205,74021008.0,0,0,0,0,779,635.0,19,0.8151476251604621,0.024390243902439,271109.0,2.886614173228343,0,Control
6000,138250,20240205,74021099.0,0,0,0,0,120,96.0,1,0.8,0.0083333333333333,51037.0,3.7291666666666665,0,Control
6001,138255,20240205,74021105.0,113,17,0,87,96,81.0,4,0.7168141592920354,0.0416666666666666,57571.0,3.9506172839506175,0,Test
6002,138304,20240205,74021211.0,0,0,0,0,166,109.0,0,0.6566265060240963,0.0,80978.0,5.339449541284405,0,Control
6003,138343,20240205,74021302.0,198,18,7,153,173,142.0,5,0.7171717171717171,0.0289017341040462,77432.0,3.204225352112675,0,Test
6004,138370,20240205,74021353.0,0,0,0,0,707,592.0,14,0.8373408769448374,0.0198019801980198,238032.0,2.6841216216216224,0,Control
6005,138423,20240205,74021462.0,0,0,0,0,93,56.0,2,0.6021505376344086,0.021505376344086,27462.0,2.839285714285713,0,Control
6006,138433,20240205,74021481.0,0,0,0,0,215,174.0,1,0.8093023255813954,0.0046511627906976,79552.0,3.0517241379310334,0,Control
6007,138519,20240205,74021639.0,249,24,11,167,206,165.0,10,0.6626506024096386,0.0485436893203883,86736.0,3.030303030303031,0,Test
6008,138549,20240205,74021733.0,0,0,0,0,191,163.0,3,0.8534031413612565,0.0157068062827225,128867.0,4.754601226993865,0,Control
6009,138553,20240205,74021738.0,157,16,7,103,116,103.0,1,0.6560509554140127,0.0086206896551724,79294.0,3.8252427184466016,0,Test
6010,138608,20240205,74021823.0,173,18,9,97,110,88.0,2,0.5086705202312138,0.0181818181818181,82010.0,4.113636363636364,0,Test
6011,138636,20240205,74021880.0,100,11,3,69,95,70.0,9,0.7,0.0947368421052631,51479.0,3.271428571428572,0,Test
6012,138656,20240205,74021914.0,590,43,28,424,487,435.0,13,0.7372881355932204,0.0266940451745379,165427.0,2.5908045977011507,0,Test
6013,138660,20240205,74021919.0,0,0,0,0,483,405.0,7,0.8385093167701864,0.0144927536231884,146691.0,2.637037037037039,0,Control
6014,138666,20240205,74021928.0,122,9,3,83,94,65.0,1,0.5327868852459017,0.0106382978723404,29119.0,3.2307692307692304,0,Test
6015,138694,20240205,74021975.0,169,13,3,129,148,114.0,3,0.6745562130177515,0.0202702702702702,50408.0,3.429824561403507,0,Test
6016,138697,20240205,74021978.0,124,7,2,89,98,76.0,2,0.6129032258064516,0.0204081632653061,51028.0,4.144736842105261,0,Test
6017,138734,20240205,74214453.0,0,0,0,0,581,443.0,9,0.7624784853700516,0.0154905335628227,227671.0,3.085778781038377,0,Control
6018,138738,20240205,74215106.0,647,58,29,444,527,469.0,30,0.7248840803709428,0.0569259962049335,199849.0,2.844349680170575,0,Test
6019,138794,20240205,74220627.0,0,0,0,0,100,87.0,2,0.87,0.02,45645.0,3.2873563218390816,0,Control
6020,138828,20240205,74220822.0,0,0,0,0,410,304.0,3,0.7414634146341463,0.0073170731707317,178285.0,3.546052631578947,0,Control
6021,138846,20240205,74220910.0,0,0,0,0,277,201.0,3,0.7256317689530686,0.0108303249097472,112400.0,3.089552238805969,0,Control
6022,138874,20240205,74221041.0,0,0,0,0,322,269.0,10,0.8354037267080745,0.031055900621118,128721.0,2.892193308550185,0,Control
6023,138945,20240205,74221472.0,0,0,0,0,110,82.0,0,0.7454545454545455,0.0,36397.0,2.817073170731709,0,Control
6024,138969,20240205,74321666.0,791,74,39,429,505,446.0,18,0.5638432364096081,0.0356435643564356,183527.0,2.845291479820625,0,Test
6025,138971,20240205,74321670.0,1054,81,51,613,736,659.0,40,0.6252371916508539,0.0543478260869565,271472.0,2.799696509863429,0,Test
6026,138992,20240205,74321719.0,0,0,0,0,179,118.0,6,0.659217877094972,0.0335195530726257,42703.0,2.64406779661017,0,Control
6027,138994,20240205,74321722.0,0,0,0,0,307,223.0,9,0.7263843648208469,0.0293159609120521,113099.0,3.1704035874439467,0,Control
6028,139057,20240205,74321861.0,0,0,0,0,141,112.0,5,0.7943262411347518,0.0354609929078014,52935.0,3.2767857142857144,0,Control
6029,139061,20240205,74321865.0,0,0,0,0,215,142.0,3,0.6604651162790698,0.013953488372093,65254.0,2.873239436619718,0,Control
6030,139090,20240205,74321910.0,0,0,0,0,171,137.0,5,0.8011695906432749,0.0292397660818713,59828.0,2.897810218978101,0,Control
6031,139114,20240206,74013270.0,903,104,37,543,743,600.0,34,0.6644518272425249,0.0457604306864064,288702.0,2.9150000000000005,0,Test
6032,139127,20240206,74013406.0,0,0,0,0,177,132.0,4,0.7457627118644068,0.0225988700564971,54605.0,2.8257575757575752,0,Control
6033,139156,20240206,74016847.0,0,0,0,0,843,656.0,15,0.7781731909845789,0.0177935943060498,266394.0,2.646341463414632,0,Control
6034,139165,20240206,74020378.0,426,72,11,253,287,236.0,13,0.5539906103286385,0.0452961672473867,125573.0,3.139830508474576,0,Test
6035,139172,20240206,74020395.0,725,84,18,425,482,415.0,15,0.5724137931034483,0.0311203319502074,174827.0,2.665060240963855,0,Test
6036,139190,20240206,74020449.0,0,0,0,0,437,297.0,1,0.6796338672768879,0.0022883295194508,116801.0,2.8484848484848486,0,Test
6037,139208,20240206,74020492.0,0,0,0,0,667,501.0,5,0.7511244377811095,0.0074962518740629,243317.0,3.037924151696608,0,Control
6038,139222,20240206,74020551.0,233,26,2,156,177,133.0,7,0.5708154506437768,0.03954802259887,67334.0,3.4285714285714275,0,Test
6039,139250,20240206,74020634.0,160,29,6,130,157,128.0,1,0.8,0.0063694267515923,70807.0,3.3828125,0,Test
6040,139258,20240206,74020653.0,237,41,5,118,134,110.0,6,0.4641350210970464,0.044776119402985,58363.0,3.127272727272728,0,Test
6041,139263,20240206,74020660.0,116,24,2,67,80,67.0,5,0.5775862068965517,0.0625,35590.0,3.4925373134328352,0,Test
6042,139270,20240206,74020667.0,159,6,3,110,128,103.0,1,0.6477987421383647,0.0078125,62432.0,3.582524271844659,0,Test
6043,139326,20240206,74020828.0,418,70,21,308,371,342.0,21,0.8181818181818182,0.0566037735849056,165553.0,3.204678362573099,0,Test
6044,139335,20240206,74020871.0,153,24,8,102,117,98.0,2,0.6405228758169934,0.017094017094017,47621.0,3.081632653061225,0,Test
6045,139348,20240206,74020908.0,0,0,0,0,168,124.0,4,0.7380952380952381,0.0238095238095238,70995.0,4.306451612903225,0,Control
6046,139351,20240206,74020920.0,0,0,0,0,468,360.0,5,0.7692307692307693,0.0106837606837606,147421.0,2.6805555555555545,0,Control
6047,139357,20240206,74020960.0,0,0,0,0,400,225.0,3,0.5625,0.0075,111828.0,2.9644444444444424,0,Test
6048,139358,20240206,74020961.0,0,0,0,0,130,85.0,0,0.6538461538461539,0.0,50635.0,3.152941176470588,0,Control
6049,139370,20240206,74021008.0,0,0,0,0,615,494.0,12,0.8032520325203252,0.0195121951219512,214967.0,2.8684210526315783,0,Control
6050,139404,20240206,74021099.0,0,0,0,0,102,79.0,3,0.7745098039215687,0.0294117647058823,39202.0,3.481012658227849,0,Control
6051,139409,20240206,74021105.0,99,10,3,75,78,70.0,1,0.7070707070707071,0.0128205128205128,54766.0,4.542857142857144,0,Test
6052,139458,20240206,74021211.0,0,0,0,0,138,84.0,1,0.6086956521739131,0.0072463768115942,69633.0,5.166666666666669,0,Control
6053,139497,20240206,74021302.0,207,29,6,150,182,134.0,4,0.6473429951690821,0.0219780219780219,61233.0,2.843283582089553,0,Test
6054,139524,20240206,74021353.0,0,0,0,0,801,650.0,18,0.8114856429463171,0.0224719101123595,264187.0,2.703076923076923,0,Control
6055,139577,20240206,74021462.0,0,0,0,0,87,48.0,0,0.5517241379310345,0.0,16724.0,2.708333333333333,0,Control
6056,139587,20240206,74021481.0,0,0,0,0,185,157.0,0,0.8486486486486486,0.0,62665.0,2.7006369426751604,0,Control
6057,139673,20240206,74021639.0,173,13,3,131,156,121.0,10,0.6994219653179191,0.0641025641025641,67389.0,3.6033057851239674,0,Test
6058,139703,20240206,74021733.0,0,0,0,0,201,163.0,5,0.8109452736318408,0.0248756218905472,107196.0,3.736196319018404,0,Control
6059,139707,20240206,74021738.0,116,10,2,62,72,53.0,0,0.4568965517241379,0.0,43272.0,4.056603773584905,0,Test
6060,139762,20240206,74021823.0,107,9,4,54,62,54.0,4,0.5046728971962616,0.064516129032258,51768.0,4.370370370370371,0,Test
6061,139790,20240206,74021880.0,104,15,0,84,107,81.0,7,0.7788461538461539,0.0654205607476635,70348.0,3.5061728395061724,0,Test
6062,139810,20240206,74021914.0,622,73,32,423,490,451.0,22,0.72508038585209,0.0448979591836734,171128.0,2.58980044345898,0,Test
6063,139814,20240206,74021919.0,0,0,0,0,579,484.0,12,0.8359240069084629,0.0207253886010362,198670.0,2.842975206611573,0,Control
6064,139820,20240206,74021928.0,168,13,4,106,119,87.0,4,0.5178571428571429,0.0336134453781512,43689.0,3.3218390804597697,0,Test
6065,139848,20240206,74021975.0,179,20,3,123,146,117.0,11,0.6536312849162011,0.0753424657534246,45926.0,3.034188034188034,0,Test
6066,139851,20240206,74021978.0,121,5,1,73,79,57.0,1,0.4710743801652892,0.0126582278481012,35101.0,3.894736842105262,0,Test
6067,139888,20240206,74214453.0,0,0,0,0,508,398.0,7,0.7834645669291339,0.0137795275590551,216564.0,3.206030150753767,0,Control
6068,139892,20240206,74215106.0,710,67,30,475,557,494.0,23,0.6957746478873239,0.0412926391382405,199141.0,2.6963562753036454,0,Test
6069,139948,20240206,74220627.0,0,0,0,0,81,62.0,1,0.7654320987654321,0.0123456790123456,33770.0,3.274193548387098,0,Control
6070,139982,20240206,74220822.0,0,0,0,0,446,299.0,3,0.6704035874439462,0.0067264573991031,155303.0,3.190635451505018,0,Control
6071,140000,20240206,74220910.0,0,0,0,0,301,196.0,2,0.6511627906976745,0.0066445182724252,105251.0,3.0459183673469377,0,Control
6072,140028,20240206,74221041.0,0,0,0,0,320,264.0,4,0.825,0.0125,127587.0,2.9734848484848486,0,Control
6073,140099,20240206,74221472.0,0,0,0,0,124,90.0,1,0.7258064516129032,0.0080645161290322,38264.0,3.055555555555555,0,Control
6074,140123,20240206,74321666.0,793,98,47,434,535,456.0,41,0.575031525851198,0.0766355140186915,195741.0,2.8026315789473664,0,Test
6075,140125,20240206,74321670.0,1120,122,56,658,816,735.0,66,0.65625,0.0808823529411764,288088.0,2.6122448979591835,0,Test
6076,140146,20240206,74321719.0,0,0,0,0,189,142.0,2,0.7513227513227513,0.0105820105820105,52174.0,2.591549295774649,0,Control
6077,140148,20240206,74321722.0,0,0,0,0,344,252.0,6,0.7325581395348837,0.0174418604651162,120081.0,3.0079365079365084,0,Control
6078,140211,20240206,74321861.0,0,0,0,0,169,140.0,2,0.8284023668639053,0.0118343195266272,73440.0,3.464285714285715,0,Control
6079,140215,20240206,74321865.0,0,0,0,0,218,153.0,5,0.7018348623853211,0.0229357798165137,77905.0,2.973856209150327,0,Control
6080,140244,20240206,74321910.0,0,0,0,0,180,147.0,7,0.8166666666666667,0.0388888888888888,73335.0,3.013605442176871,0,Control
6081,140268,20240207,74013270.0,977,138,42,579,718,589.0,52,0.6028659160696008,0.0724233983286908,278468.0,2.767402376910018,0,Test
6082,140281,20240207,74013406.0,0,0,0,0,188,135.0,7,0.7180851063829787,0.0372340425531914,65648.0,3.1777777777777785,0,Control
6083,140310,20240207,74016847.0,0,0,0,0,755,546.0,13,0.7231788079470198,0.0172185430463576,208683.0,2.404761904761905,0,Control
6084,140319,20240207,74020378.0,449,83,11,289,336,254.0,6,0.5657015590200446,0.0178571428571428,151924.0,3.3976377952755925,0,Test
6085,140326,20240207,74020395.0,693,69,21,401,453,383.0,8,0.5526695526695526,0.0176600441501103,163278.0,2.9007832898172308,0,Test
6086,140344,20240207,74020449.0,0,0,0,0,493,294.0,6,0.5963488843813387,0.0121703853955375,124196.0,3.0000000000000013,0,Test
6087,140362,20240207,74020492.0,0,0,0,0,529,402.0,10,0.7599243856332704,0.0189035916824196,196029.0,3.14179104477612,0,Control
6088,140377,20240207,74020551.0,179,17,2,129,143,120.0,7,0.6703910614525139,0.0489510489510489,57919.0,3.3499999999999988,0,Test
6089,140405,20240207,74020634.0,155,26,12,120,152,118.0,5,0.7612903225806451,0.0328947368421052,57761.0,2.8135593220339,0,Test
6090,140413,20240207,74020653.0,176,17,2,99,113,77.0,3,0.4375,0.0265486725663716,36805.0,2.857142857142858,0,Test
6091,140418,20240207,74020660.0,72,10,2,48,52,44.0,1,0.6111111111111112,0.0192307692307692,21567.0,3.5227272727272734,0,Test
6092,140425,20240207,74020667.0,151,23,4,100,110,96.0,2,0.6357615894039735,0.0181818181818181,55006.0,3.0729166666666674,0,Test
6093,140481,20240207,74020828.0,406,96,15,295,349,316.0,27,0.7783251231527094,0.0773638968481375,143306.0,3.151898734177216,0,Test
6094,140490,20240207,74020871.0,173,25,14,107,138,110.0,8,0.6358381502890174,0.0579710144927536,53234.0,3.1727272727272733,0,Test
6095,140503,20240207,74020908.0,0,0,0,0,96,72.0,3,0.75,0.03125,40858.0,3.9444444444444455,0,Control
6096,140506,20240207,74020920.0,0,0,0,0,424,307.0,1,0.7240566037735849,0.0023584905660377,132941.0,2.7915309446254075,0,Control
6097,140512,20240207,74020960.0,0,0,0,0,312,202.0,5,0.6474358974358975,0.016025641025641,100519.0,2.9752475247524752,0,Test
6098,140513,20240207,74020961.0,0,0,0,0,135,95.0,4,0.7037037037037037,0.0296296296296296,63734.0,4.010526315789473,0,Control
6099,140525,20240207,74021008.0,0,0,0,0,733,593.0,11,0.8090040927694406,0.015006821282401,260436.0,2.881956155143338,0,Control
6100,140559,20240207,74021099.0,0,0,0,0,128,94.0,1,0.734375,0.0078125,49092.0,3.563829787234043,0,Control
6101,140564,20240207,74021105.0,117,12,5,86,104,76.0,5,0.6495726495726496,0.048076923076923,49070.0,3.486842105263157,0,Test
6102,140613,20240207,74021211.0,0,0,0,0,154,98.0,0,0.6363636363636364,0.0,69632.0,4.877551020408163,0,Control
6103,140652,20240207,74021302.0,224,27,5,170,192,144.0,7,0.6428571428571429,0.0364583333333333,70076.0,2.9930555555555567,0,Test
6104,140679,20240207,74021353.0,0,0,0,0,721,557.0,11,0.7725381414701803,0.015256588072122,236134.0,2.7253141831238774,0,Control
6105,140732,20240207,74021462.0,0,0,0,0,75,45.0,3,0.6,0.04,24588.0,3.577777777777777,0,Control
6106,140742,20240207,74021481.0,0,0,0,0,171,135.0,0,0.7894736842105263,0.0,54175.0,2.718518518518517,0,Control
6107,140828,20240207,74021639.0,214,27,7,143,171,136.0,10,0.6355140186915887,0.0584795321637426,75242.0,3.5,0,Test
6108,140858,20240207,74021733.0,0,0,0,0,192,154.0,4,0.8020833333333334,0.0208333333333333,98253.0,4.162337662337661,0,Control
6109,140862,20240207,74021738.0,163,24,3,93,100,83.0,1,0.50920245398773,0.01,65903.0,4.0361445783132535,0,Test
6110,140917,20240207,74021823.0,161,20,4,98,111,85.0,4,0.5279503105590062,0.036036036036036,71450.0,3.882352941176473,0,Test
6111,140945,20240207,74021880.0,126,11,0,100,106,96.0,6,0.7619047619047619,0.0566037735849056,71867.0,3.354166666666667,0,Test
6112,140965,20240207,74021914.0,605,77,36,399,482,426.0,21,0.7041322314049587,0.0435684647302904,177245.0,2.795774647887321,0,Test
6113,140969,20240207,74021919.0,0,0,0,0,477,391.0,8,0.8197064989517819,0.0167714884696016,161791.0,2.9053708439897714,0,Control
6114,140975,20240207,74021928.0,100,11,2,66,71,44.0,0,0.44,0.0,20021.0,3.0,0,Test
6115,141003,20240207,74021975.0,201,14,3,160,184,127.0,7,0.6318407960199005,0.0380434782608695,50496.0,2.866141732283465,0,Test
6116,141006,20240207,74021978.0,58,5,0,42,43,32.0,0,0.5517241379310345,0.0,16258.0,3.25,0,Test
6117,141043,20240207,74214453.0,0,0,0,0,595,434.0,9,0.7294117647058823,0.015126050420168,216534.0,2.9124423963133648,0,Control
6118,141047,20240207,74215106.0,703,86,26,468,553,493.0,30,0.701280227596017,0.0542495479204339,214278.0,2.8742393509127777,0,Test
6119,141103,20240207,74220627.0,0,0,0,0,101,65.0,1,0.6435643564356436,0.0099009900990099,35393.0,3.6,0,Control
6120,141137,20240207,74220822.0,0,0,0,0,412,273.0,3,0.662621359223301,0.0072815533980582,142668.0,3.234432234432235,0,Control
6121,141155,20240207,74220910.0,0,0,0,0,197,130.0,2,0.6598984771573604,0.0101522842639593,76686.0,3.330769230769231,0,Control
6122,141183,20240207,74221041.0,0,0,0,0,332,263.0,6,0.7921686746987951,0.0180722891566265,125773.0,2.813688212927757,0,Control
6123,141254,20240207,74221472.0,0,0,0,0,136,110.0,0,0.8088235294117647,0.0,49125.0,3.000000000000001,0,Control
6124,141278,20240207,74321666.0,776,91,47,427,529,423.0,24,0.5451030927835051,0.0453686200378071,182264.0,3.028368794326238,0,Test
6125,141280,20240207,74321670.0,1064,104,74,669,906,660.0,48,0.6203007518796992,0.0529801324503311,261360.0,2.6484848484848484,0,Test
6126,141301,20240207,74321719.0,0,0,0,0,160,109.0,5,0.68125,0.03125,38564.0,2.5321100917431187,0,Control
6127,141303,20240207,74321722.0,0,0,0,0,293,217.0,5,0.7406143344709898,0.0170648464163822,113058.0,3.156682027649768,0,Control
6128,141366,20240207,74321861.0,0,0,0,0,158,120.0,4,0.759493670886076,0.0253164556962025,60489.0,3.425,0,Control
6129,141370,20240207,74321865.0,0,0,0,0,170,106.0,2,0.6235294117647059,0.0117647058823529,56417.0,3.122641509433962,0,Control
6130,141399,20240207,74321910.0,0,0,0,0,173,119.0,2,0.6878612716763006,0.0115606936416184,55423.0,3.2857142857142856,0,Control
6131,141423,20240208,74013270.0,934,151,40,571,693,584.0,53,0.6252676659528907,0.0764790764790764,270617.0,2.787671232876713,0,Test
6132,141436,20240208,74013406.0,0,0,0,0,184,136.0,7,0.7391304347826086,0.0380434782608695,57813.0,2.8382352941176463,0,Control
6133,141464,20240208,74016847.0,0,0,0,0,783,545.0,10,0.6960408684546615,0.0127713920817369,209187.0,2.4458715596330265,0,Control
6134,141473,20240208,74020378.0,345,45,8,220,243,207.0,8,0.6,0.0329218106995884,123869.0,3.260869565217391,0,Test
6135,141480,20240208,74020395.0,647,54,16,426,484,415.0,19,0.6414219474497682,0.0392561983471074,167793.0,2.732530120481927,0,Test
6136,141498,20240208,74020449.0,0,0,0,0,500,329.0,7,0.658,0.014,142218.0,3.024316109422492,0,Test
6137,141516,20240208,74020492.0,0,0,0,0,634,528.0,5,0.832807570977918,0.0078864353312302,249003.0,3.1003787878787854,0,Control
6138,141531,20240208,74020551.0,255,22,6,179,201,159.0,4,0.6235294117647059,0.0199004975124378,81145.0,3.452830188679246,0,Test
6139,141559,20240208,74020634.0,141,27,3,114,129,108.0,2,0.7659574468085106,0.0155038759689922,55648.0,3.212962962962964,0,Test
6140,141567,20240208,74020653.0,239,18,4,129,143,112.0,7,0.4686192468619247,0.0489510489510489,53828.0,2.883928571428572,0,Test
6141,141572,20240208,74020660.0,84,4,2,58,66,55.0,2,0.6547619047619048,0.0303030303030303,30175.0,3.527272727272727,0,Test
6142,141579,20240208,74020667.0,190,27,5,129,142,125.0,5,0.6578947368421053,0.0352112676056338,79551.0,3.6,0,Test
6143,141635,20240208,74020828.0,400,75,23,280,337,308.0,28,0.77,0.0830860534124629,142571.0,3.1818181818181825,0,Test
6144,141644,20240208,74020871.0,165,19,9,119,138,124.0,7,0.7515151515151515,0.0507246376811594,56907.0,2.9596774193548385,0,Test
6145,141657,20240208,74020908.0,0,0,0,0,123,105.0,1,0.8536585365853658,0.008130081300813,52023.0,3.647619047619048,0,Control
6146,141660,20240208,74020920.0,0,0,0,0,578,328.0,6,0.5674740484429066,0.0103806228373702,141286.0,2.588414634146342,0,Control
6147,141666,20240208,74020960.0,0,0,0,0,328,261.0,11,0.7957317073170732,0.0335365853658536,144376.0,3.27969348659004,0,Test
6148,141667,20240208,74020961.0,0,0,0,0,150,99.0,0,0.66,0.0,54170.0,3.2020202020202024,0,Control
6149,141679,20240208,74021008.0,0,0,0,0,951,777.0,26,0.8170347003154574,0.0273396424815983,340662.0,2.9832689832689865,0,Control
6150,141713,20240208,74021099.0,0,0,0,0,124,94.0,4,0.7580645161290323,0.032258064516129,48002.0,3.4893617021276597,0,Control
6151,141718,20240208,74021105.0,105,10,2,82,91,79.0,4,0.7523809523809524,0.0439560439560439,53440.0,3.69620253164557,0,Test
6152,141767,20240208,74021211.0,0,0,0,0,162,107.0,1,0.6604938271604939,0.0061728395061728,79301.0,5.439252336448596,0,Control
6153,141806,20240208,74021302.0,233,23,5,177,202,164.0,7,0.703862660944206,0.0346534653465346,81537.0,3.01219512195122,0,Test
6154,141833,20240208,74021353.0,0,0,0,0,880,717.0,18,0.8147727272727273,0.0204545454545454,297459.0,2.7294281729428174,0,Control
6155,141886,20240208,74021462.0,0,0,0,0,87,73.0,2,0.8390804597701149,0.0229885057471264,37812.0,3.191780821917808,0,Control
6156,141896,20240208,74021481.0,0,0,0,0,191,139.0,2,0.7277486910994765,0.0104712041884816,61026.0,3.0575539568345333,0,Control
6157,141982,20240208,74021639.0,217,16,4,152,174,134.0,5,0.6175115207373272,0.028735632183908,71265.0,3.365671641791045,0,Test
6158,142012,20240208,74021733.0,0,0,0,0,244,197.0,4,0.8073770491803278,0.0163934426229508,170770.0,4.507614213197969,0,Control
6159,142016,20240208,74021738.0,168,12,1,119,127,110.0,3,0.6547619047619048,0.0236220472440944,95136.0,4.236363636363635,0,Test
6160,142071,20240208,74021823.0,137,19,4,77,86,73.0,3,0.5328467153284672,0.0348837209302325,59871.0,3.616438356164383,0,Test
6161,142099,20240208,74021880.0,156,21,2,125,155,125.0,9,0.8012820512820513,0.0580645161290322,103982.0,3.84,0,Test
6162,142119,20240208,74021914.0,626,71,40,444,515,476.0,16,0.7603833865814696,0.0310679611650485,184173.0,2.632352941176471,0,Test
6163,142123,20240208,74021919.0,0,0,0,0,589,464.0,9,0.7877758913412564,0.0152801358234295,186396.0,2.7435344827586188,0,Control
6164,142129,20240208,74021928.0,120,13,3,74,82,68.0,2,0.5666666666666667,0.024390243902439,34351.0,3.5,0,Test
6165,142157,20240208,74021975.0,182,13,7,138,150,128.0,7,0.7032967032967034,0.0466666666666666,57715.0,3.171874999999999,0,Test
6166,142160,20240208,74021978.0,162,15,5,92,104,85.0,1,0.5246913580246914,0.0096153846153846,52023.0,3.541176470588236,0,Test
6167,142197,20240208,74214453.0,0,0,0,0,579,484.0,7,0.8359240069084629,0.0120898100172711,257404.0,3.1322314049586786,0,Control
6168,142201,20240208,74215106.0,701,77,37,467,573,495.0,41,0.7061340941512125,0.0715532286212914,194808.0,2.755555555555555,0,Test
6169,142257,20240208,74220627.0,0,0,0,0,120,98.0,7,0.8166666666666667,0.0583333333333333,56682.0,3.70408163265306,0,Control
6170,142291,20240208,74220822.0,0,0,0,0,419,283.0,5,0.6754176610978521,0.0119331742243436,160065.0,3.5300353356890466,0,Control
6171,142309,20240208,74220910.0,0,0,0,0,289,203.0,3,0.7024221453287197,0.0103806228373702,122807.0,3.320197044334975,0,Control
6172,142337,20240208,74221041.0,0,0,0,0,261,189.0,5,0.7241379310344828,0.0191570881226053,82805.0,2.777777777777778,0,Control
6173,142408,20240208,74221472.0,0,0,0,0,130,96.0,2,0.7384615384615385,0.0153846153846153,46247.0,3.114583333333333,0,Control
6174,142432,20240208,74321666.0,943,95,60,531,657,570.0,35,0.6044538706256628,0.0532724505327245,247328.0,2.980701754385966,0,Test
6175,142434,20240208,74321670.0,1184,99,74,703,853,741.0,39,0.6258445945945946,0.0457209847596717,291540.0,2.6545209176788145,0,Test
6176,142455,20240208,74321719.0,0,0,0,0,216,167.0,2,0.7731481481481481,0.0092592592592592,59640.0,2.5568862275449096,0,Control
6177,142457,20240208,74321722.0,0,0,0,0,317,231.0,8,0.7287066246056783,0.0252365930599369,125259.0,3.2597402597402585,0,Control
6178,142519,20240208,74321861.0,0,0,0,0,166,142.0,2,0.8554216867469879,0.0120481927710843,80066.0,3.4788732394366195,0,Control
6179,142523,20240208,74321865.0,0,0,0,0,212,154.0,6,0.7264150943396226,0.0283018867924528,87294.0,3.266233766233767,0,Control
6180,142552,20240208,74321910.0,0,0,0,0,178,150.0,2,0.8426966292134831,0.0112359550561797,71852.0,3.0600000000000005,0,Control
6181,142577,20240209,74013270.0,1046,135,48,677,811,707.0,55,0.6759082217973231,0.0678175092478421,350460.0,3.021216407355023,0,Test
6182,142590,20240209,74013406.0,0,0,0,0,229,172.0,11,0.7510917030567685,0.0480349344978165,77675.0,2.86046511627907,0,Control
6183,142619,20240209,74016847.0,0,0,0,0,995,611.0,16,0.614070351758794,0.0160804020100502,258731.0,2.6333878887070377,0,Control
6184,142628,20240209,74020378.0,473,69,10,306,341,284.0,9,0.6004228329809725,0.0263929618768328,181605.0,3.672535211267607,0,Test
6185,142635,20240209,74020395.0,930,93,39,561,649,553.0,25,0.5946236559139785,0.0385208012326656,253559.0,2.998191681735986,0,Test
6186,142653,20240209,74020449.0,0,0,0,0,594,359.0,7,0.6043771043771043,0.0117845117845117,167188.0,3.214484679665739,0,Test
6187,142671,20240209,74020492.0,0,0,0,0,830,718.0,15,0.8650602409638555,0.0180722891566265,343244.0,3.123955431754877,0,Control
6188,142686,20240209,74020551.0,354,49,14,218,258,215.0,12,0.6073446327683616,0.0465116279069767,119703.0,3.5441860465116286,0,Test
6189,142714,20240209,74020634.0,153,11,1,130,135,125.0,0,0.8169934640522876,0.0,65541.0,3.104000000000002,0,Test
6190,142722,20240209,74020653.0,307,35,8,173,195,162.0,6,0.5276872964169381,0.0307692307692307,92297.0,3.1481481481481475,0,Test
6191,142727,20240209,74020660.0,159,30,13,96,116,99.0,5,0.6226415094339622,0.043103448275862,43935.0,2.97979797979798,0,Test
6192,142734,20240209,74020667.0,207,16,4,147,166,146.0,6,0.7053140096618358,0.036144578313253,108513.0,4.383561643835616,0,Test
6193,142790,20240209,74020828.0,468,72,26,355,407,375.0,18,0.8012820512820513,0.0442260442260442,187772.0,3.247999999999999,0,Test
6194,142799,20240209,74020871.0,198,19,6,128,141,125.0,4,0.6313131313131313,0.0283687943262411,70304.0,3.632000000000001,0,Test
6195,142812,20240209,74020908.0,0,0,0,0,159,137.0,0,0.8616352201257862,0.0,67621.0,3.6934306569343054,0,Control
6196,142815,20240209,74020920.0,0,0,0,0,551,431.0,5,0.7822141560798548,0.0090744101633393,200517.0,2.8491879350348013,0,Control
6197,142821,20240209,74020960.0,0,0,0,0,360,276.0,6,0.7666666666666667,0.0166666666666666,151165.0,3.2318840579710155,0,Test
6198,142822,20240209,74020961.0,0,0,0,0,183,144.0,4,0.7868852459016393,0.0218579234972677,105835.0,4.138888888888891,0,Control
6199,142834,20240209,74021008.0,0,0,0,0,1028,848.0,16,0.8249027237354085,0.0155642023346303,376635.0,2.971698113207543,0,Control
6200,142868,20240209,74021099.0,0,0,0,0,154,125.0,3,0.8116883116883117,0.0194805194805194,70492.0,3.888,0,Control
6201,142873,20240209,74021105.0,182,19,4,129,147,117.0,3,0.6428571428571429,0.0204081632653061,91091.0,4.222222222222222,0,Test
6202,142922,20240209,74021211.0,0,0,0,0,245,122.0,1,0.4979591836734693,0.0040816326530612,96766.0,5.4836065573770485,0,Control
6203,142961,20240209,74021302.0,268,26,8,212,235,206.0,8,0.7686567164179104,0.0340425531914893,104145.0,3.038834951456309,0,Test
6204,142988,20240209,74021353.0,0,0,0,0,893,716.0,8,0.8017917133258678,0.0089585666293393,322311.0,3.030726256983238,0,Control
6205,143041,20240209,74021462.0,0,0,0,0,164,104.0,2,0.6341463414634146,0.0121951219512195,56291.0,3.326923076923076,0,Control
6206,143051,20240209,74021481.0,0,0,0,0,206,182.0,1,0.883495145631068,0.0048543689320388,72681.0,2.736263736263737,0,Control
6207,143137,20240209,74021639.0,278,25,4,206,233,193.0,8,0.6942446043165468,0.0343347639484978,94855.0,3.3316062176165806,0,Test
6208,143167,20240209,74021733.0,0,0,0,0,241,208.0,11,0.8630705394190872,0.0456431535269709,164286.0,4.471153846153842,0,Control
6209,143171,20240209,74021738.0,232,35,8,133,155,127.0,7,0.5474137931034483,0.0451612903225806,110370.0,4.133858267716536,0,Test
6210,143226,20240209,74021823.0,105,14,4,52,57,47.0,0,0.4476190476190476,0.0,55259.0,5.000000000000001,0,Test
6211,143254,20240209,74021880.0,172,17,3,138,178,137.0,9,0.7965116279069767,0.0505617977528089,108802.0,3.6058394160583935,0,Test
6212,143274,20240209,74021914.0,657,57,39,461,533,482.0,14,0.7336377473363774,0.0262664165103189,191343.0,2.6867219917012424,0,Test
6213,143278,20240209,74021919.0,0,0,0,0,692,576.0,18,0.8323699421965318,0.0260115606936416,248464.0,2.9774305555555567,0,Control
6214,143284,20240209,74021928.0,229,30,4,147,165,127.0,3,0.5545851528384279,0.0181818181818181,69349.0,3.425196850393701,0,Test
6215,143312,20240209,74021975.0,275,22,8,202,225,178.0,6,0.6472727272727272,0.0266666666666666,86761.0,3.382022471910113,0,Test
6216,143315,20240209,74021978.0,189,15,5,125,136,114.0,1,0.6031746031746031,0.0073529411764705,73027.0,3.622807017543858,0,Test
6217,143352,20240209,74214453.0,0,0,0,0,762,619.0,4,0.8123359580052494,0.0052493438320209,353733.0,3.3021001615508863,0,Control
6218,143356,20240209,74215106.0,817,104,47,541,665,588.0,47,0.7197062423500612,0.0706766917293233,253877.0,2.9268707482993204,0,Test
6219,143412,20240209,74220627.0,0,0,0,0,125,94.0,3,0.752,0.024,60787.0,3.957446808510636,0,Control
6220,143446,20240209,74220822.0,0,0,0,0,534,409.0,7,0.7659176029962547,0.0131086142322097,236387.0,3.4694376528117363,0,Control
6221,143464,20240209,74220910.0,0,0,0,0,435,305.0,6,0.7011494252873564,0.0137931034482758,203156.0,3.544262295081968,0,Control
6222,143492,20240209,74221041.0,0,0,0,0,393,338.0,8,0.8600508905852418,0.0203562340966921,165274.0,2.920118343195268,0,Control
6223,143563,20240209,74221472.0,0,0,0,0,201,144.0,3,0.7164179104477612,0.0149253731343283,72838.0,3.2083333333333326,0,Control
6224,143587,20240209,74321666.0,1047,118,49,583,705,608.0,38,0.5807067812798472,0.0539007092198581,252950.0,2.847039473684213,0,Test
6225,143589,20240209,74321670.0,1202,94,64,729,859,773.0,42,0.6430948419301165,0.0488940628637951,324829.0,2.795601552393272,0,Test
6226,143610,20240209,74321719.0,0,0,0,0,216,157.0,3,0.7268518518518519,0.0138888888888888,59666.0,2.78343949044586,0,Control
6227,143612,20240209,74321722.0,0,0,0,0,508,402.0,5,0.7913385826771654,0.0098425196850393,199106.0,2.920398009950248,0,Control
6228,143674,20240209,74321861.0,0,0,0,0,185,138.0,5,0.745945945945946,0.027027027027027,85121.0,3.8768115942028976,0,Control
6229,143678,20240209,74321865.0,0,0,0,0,282,199.0,6,0.7056737588652482,0.0212765957446808,113156.0,3.1758793969849246,0,Control
6230,143707,20240209,74321910.0,0,0,0,0,235,184.0,1,0.7829787234042553,0.0042553191489361,88659.0,3.233695652173913,0,Control
6231,143732,20240210,74013270.0,895,130,43,568,682,573.0,36,0.6402234636871509,0.0527859237536656,323591.0,3.258289703315881,0,Test
6232,143745,20240210,74013406.0,0,0,0,0,430,344.0,5,0.8,0.0116279069767441,161107.0,3.1220930232558137,0,Control
6233,143774,20240210,74016847.0,0,0,0,0,891,555.0,10,0.622895622895623,0.0112233445566778,269593.0,2.8612612612612613,0,Control
6234,143783,20240210,74020378.0,923,111,16,596,655,533.0,16,0.5774647887323944,0.0244274809160305,332714.0,3.716697936210132,0,Test
6235,143790,20240210,74020395.0,753,81,25,447,518,435.0,26,0.5776892430278885,0.0501930501930501,212456.0,3.0666666666666664,0,Test
6236,143808,20240210,74020449.0,0,0,0,0,899,651.0,5,0.7241379310344828,0.0055617352614015,296422.0,3.219662058371735,0,Test
6237,143826,20240210,74020492.0,0,0,0,0,1215,1065.0,10,0.8765432098765432,0.0082304526748971,559515.0,3.555868544600938,0,Control
6238,143841,20240210,74020551.0,370,48,6,253,292,221.0,8,0.5972972972972973,0.0273972602739726,124793.0,3.800904977375566,0,Test
6239,143869,20240210,74020634.0,323,46,6,278,309,278.0,2,0.8606811145510835,0.0064724919093851,171678.0,3.884892086330936,0,Test
6240,143877,20240210,74020653.0,429,63,7,285,321,266.0,6,0.62004662004662,0.0186915887850467,142982.0,3.1917293233082717,0,Test
6241,143882,20240210,74020660.0,173,20,8,104,126,111.0,9,0.6416184971098265,0.0714285714285714,64992.0,3.72072072072072,0,Test
6242,143889,20240210,74020667.0,245,46,11,177,206,189.0,8,0.7714285714285715,0.0388349514563106,150478.0,4.370370370370372,0,Test
6243,143945,20240210,74020828.0,347,71,13,234,275,248.0,22,0.7146974063400576,0.08,132508.0,3.568548387096775,0,Test
6244,143954,20240210,74020871.0,185,43,6,121,143,125.0,10,0.6756756756756757,0.0699300699300699,66408.0,3.2800000000000007,0,Test
6245,143967,20240210,74020908.0,0,0,0,0,186,152.0,4,0.8172043010752689,0.021505376344086,95403.0,4.697368421052632,0,Control
6246,143970,20240210,74020920.0,0,0,0,0,486,380.0,6,0.7818930041152263,0.0123456790123456,191825.0,3.023684210526315,0,Control
6247,143976,20240210,74020960.0,0,0,0,0,529,421.0,7,0.7958412098298677,0.0132325141776937,274289.0,3.73396674584323,0,Test
6248,143977,20240210,74020961.0,0,0,0,0,296,212.0,3,0.7162162162162162,0.0101351351351351,170222.0,4.6415094339622645,0,Control
6249,143989,20240210,74021008.0,0,0,0,0,919,742.0,17,0.8073993471164309,0.0184983677910772,391896.0,3.467654986522911,0,Control
6250,144023,20240210,74021099.0,0,0,0,0,281,250.0,3,0.8896797153024911,0.0106761565836298,155662.0,4.384,0,Control
6251,144028,20240210,74021105.0,216,29,1,163,191,137.0,5,0.6342592592592593,0.0261780104712041,93820.0,4.16058394160584,0,Test
6252,144076,20240210,74021211.0,0,0,0,0,236,163.0,0,0.690677966101695,0.0,123024.0,5.282208588957055,0,Control
6253,144115,20240210,74021302.0,414,50,14,329,373,323.0,3,0.7801932367149759,0.0080428954423592,179888.0,3.3777089783281733,0,Test
6254,144142,20240210,74021353.0,0,0,0,0,771,636.0,15,0.8249027237354085,0.0194552529182879,315903.0,3.2106918238993702,0,Control
6255,144195,20240210,74021462.0,0,0,0,0,154,120.0,0,0.7792207792207793,0.0,80077.0,4.241666666666666,0,Control
6256,144205,20240210,74021481.0,0,0,0,0,247,220.0,2,0.8906882591093117,0.0080971659919028,102804.0,3.0409090909090906,0,Control
6257,144290,20240210,74021639.0,352,52,9,245,278,231.0,11,0.65625,0.039568345323741,143872.0,3.6277056277056263,0,Test
6258,144320,20240210,74021733.0,0,0,0,0,261,200.0,6,0.7662835249042146,0.0229885057471264,182609.0,5.455,0,Control
6259,144324,20240210,74021738.0,240,21,4,141,150,133.0,2,0.5541666666666667,0.0133333333333333,120012.0,4.323308270676692,0,Test
6260,144379,20240210,74021823.0,201,26,2,130,136,107.0,1,0.5323383084577115,0.0073529411764705,123066.0,4.663551401869159,0,Test
6261,144407,20240210,74021880.0,212,14,8,151,182,134.0,6,0.6320754716981132,0.0329670329670329,116309.0,3.701492537313432,0,Test
6262,144427,20240210,74021914.0,428,60,16,268,310,270.0,11,0.6308411214953271,0.0354838709677419,130992.0,3.118518518518519,0,Test
6263,144431,20240210,74021919.0,0,0,0,0,483,404.0,9,0.8364389233954451,0.0186335403726708,190472.0,3.170792079207922,0,Control
6264,144437,20240210,74021928.0,338,33,14,245,280,240.0,6,0.7100591715976331,0.0214285714285714,125118.0,3.4166666666666656,0,Test
6265,144465,20240210,74021975.0,308,35,8,206,239,182.0,6,0.5909090909090909,0.0251046025104602,86245.0,3.346153846153846,0,Test
6266,144468,20240210,74021978.0,224,16,7,139,155,131.0,3,0.5848214285714286,0.0193548387096774,85012.0,4.305343511450383,0,Test
6267,144505,20240210,74214453.0,0,0,0,0,779,571.0,2,0.7329910141206675,0.0025673940949935,344330.0,3.614711033274956,0,Control
6268,144509,20240210,74215106.0,822,91,23,571,679,573.0,19,0.6970802919708029,0.0279823269513991,241964.0,3.0418848167539263,0,Test
6269,144565,20240210,74220627.0,0,0,0,0,140,118.0,8,0.8428571428571429,0.0571428571428571,80893.0,4.177966101694914,0,Control
6270,144599,20240210,74220822.0,0,0,0,0,606,474.0,7,0.7821782178217822,0.0115511551155115,275662.0,3.740506329113925,0,Control
6271,144617,20240210,74220910.0,0,0,0,0,475,323.0,7,0.68,0.0147368421052631,208405.0,3.4613003095975228,0,Control
6272,144645,20240210,74221041.0,0,0,0,0,405,318.0,3,0.7851851851851852,0.0074074074074074,174625.0,3.267295597484278,0,Control
6273,144716,20240210,74221472.0,0,0,0,0,185,121.0,2,0.654054054054054,0.0108108108108108,66758.0,3.603305785123967,0,Control
6274,144740,20240210,74321666.0,1357,169,42,868,996,877.0,43,0.6462785556374355,0.0431726907630522,394727.0,3.224629418472064,0,Test
6275,144742,20240210,74321670.0,944,77,44,523,615,534.0,22,0.565677966101695,0.0357723577235772,239089.0,3.0486891385767785,0,Test
6276,144763,20240210,74321719.0,0,0,0,0,285,219.0,4,0.7684210526315789,0.0140350877192982,99030.0,3.150684931506849,0,Control
6277,144765,20240210,74321722.0,0,0,0,0,619,481.0,5,0.777059773828756,0.0080775444264943,244541.0,3.232848232848233,0,Control
6278,144828,20240210,74321861.0,0,0,0,0,301,249.0,11,0.8272425249169435,0.0365448504983388,151492.0,3.995983935742972,0,Control
6279,144832,20240210,74321865.0,0,0,0,0,277,201.0,5,0.7256317689530686,0.0180505415162454,122385.0,3.621890547263682,0,Control
6280,144861,20240210,74321910.0,0,0,0,0,420,369.0,4,0.8785714285714286,0.0095238095238095,221561.0,3.845528455284553,0,Control
6281,144875,20240213,74013270.0,0,0,0,0,184,170.0,21,0.9239130434782608,0.1141304347826086,86319.0,2.9647058823529404,0,Test
6282,144888,20240213,74020492.0,0,0,0,0,131,98.0,3,0.7480916030534351,0.0229007633587786,53107.0,3.6428571428571432,0,Control
6283,144915,20240214,74013270.0,0,0,0,0,430,358.0,32,0.8325581395348837,0.0744186046511627,171471.0,2.8938547486033523,0,Test
6284,144927,20240214,74016847.0,0,0,0,0,2,1.0,0,0.5,0.0,1504.0,6.0,0,Control
6285,144939,20240214,74020492.0,0,0,0,0,442,364.0,11,0.8235294117647058,0.0248868778280542,163837.0,2.90934065934066,0,Control
6286,144969,20240214,74020920.0,0,0,0,0,1,0.0,0,0.0,0.0,,,0,Control
6287,144971,20240214,74021008.0,0,0,0,0,5,3.0,0,0.6,0.0,1304.0,3.6666666666666665,0,Control
6288,145041,20240214,74214453.0,0,0,0,0,5,3.0,0,0.6,0.0,1342.0,3.0,0,Control
6289,145058,20240214,74321670.0,0,0,0,0,5,6.0,0,1.2,0.0,2945.0,3.166666666666667,0,Test
6290,145076,20240215,74013270.0,0,0,0,0,608,520.0,32,0.8552631578947368,0.0526315789473684,252837.0,2.975,0,Test
6291,145088,20240215,74013406.0,0,0,0,0,167,123.0,1,0.7365269461077845,0.0059880239520958,49041.0,2.65040650406504,0,Control
6292,145117,20240215,74016847.0,0,0,0,0,1178,623.0,11,0.5288624787775892,0.0093378607809847,267565.0,2.5553772070626035,0,Control
6293,145126,20240215,74020378.0,0,0,0,0,323,246.0,11,0.7616099071207431,0.0340557275541795,154914.0,3.7032520325203246,0,Test
6294,145133,20240215,74020395.0,0,0,0,0,502,435.0,22,0.8665338645418327,0.0438247011952191,192727.0,2.8229885057471265,0,Test
6295,145151,20240215,74020449.0,0,0,0,0,604,405.0,7,0.6705298013245033,0.0115894039735099,192354.0,3.1999999999999966,0,Test
6296,145169,20240215,74020492.0,0,0,0,0,255,221.0,4,0.8666666666666667,0.0156862745098039,101696.0,3.1312217194570144,0,Control
6297,145184,20240215,74020551.0,0,0,0,0,208,174.0,5,0.8365384615384616,0.0240384615384615,105993.0,3.64367816091954,0,Test
6298,145211,20240215,74020634.0,0,0,0,0,139,126.0,3,0.9064748201438848,0.0215827338129496,73909.0,3.658730158730159,0,Test
6299,145219,20240215,74020653.0,0,0,0,0,207,170.0,4,0.821256038647343,0.0193236714975845,97012.0,3.217647058823528,0,Test
6300,145224,20240215,74020660.0,0,0,0,0,52,48.0,4,0.9230769230769232,0.0769230769230769,28222.0,3.5,0,Test
6301,145231,20240215,74020667.0,0,0,0,0,115,98.0,3,0.8521739130434782,0.0260869565217391,60331.0,3.448979591836734,0,Test
6302,145287,20240215,74020828.0,0,0,0,0,361,319.0,18,0.8836565096952909,0.0498614958448753,155035.0,3.200626959247648,0,Test
6303,145296,20240215,74020871.0,0,0,0,0,112,98.0,12,0.875,0.1071428571428571,50217.0,3.2244897959183665,0,Test
6304,145309,20240215,74020908.0,0,0,0,0,83,64.0,3,0.7710843373493976,0.036144578313253,34197.0,3.78125,0,Control
6305,145312,20240215,74020920.0,0,0,0,0,559,402.0,8,0.7191413237924866,0.0143112701252236,176836.0,2.736318407960197,0,Control
6306,145318,20240215,74020960.0,0,0,0,0,437,341.0,8,0.7803203661327232,0.0183066361556064,196390.0,3.2991202346041053,0,Test
6307,145319,20240215,74020961.0,0,0,0,0,151,113.0,0,0.7483443708609272,0.0,75892.0,3.911504424778761,0,Control
6308,145331,20240215,74021008.0,0,0,0,0,1028,731.0,21,0.7110894941634242,0.0204280155642023,346600.0,3.0752393980848165,0,Control
6309,145364,20240215,74021099.0,0,0,0,0,115,98.0,2,0.8521739130434782,0.017391304347826,55989.0,4.020408163265306,0,Control
6310,145369,20240215,74021105.0,0,0,0,0,130,109.0,4,0.8384615384615385,0.0307692307692307,77572.0,3.9816513761467887,0,Test
6311,145415,20240215,74021211.0,0,0,0,0,223,116.0,0,0.5201793721973094,0.0,84501.0,4.956896551724139,0,Control
6312,145454,20240215,74021302.0,0,0,0,0,249,198.0,4,0.7951807228915663,0.0160642570281124,103266.0,3.095959595959596,0,Test
6313,145481,20240215,74021353.0,0,0,0,0,872,709.0,11,0.8130733944954128,0.0126146788990825,303950.0,2.7870239774330043,0,Control
6314,145534,20240215,74021462.0,0,0,0,0,107,82.0,5,0.7663551401869159,0.0467289719626168,44517.0,3.4878048780487805,0,Control
6315,145544,20240215,74021481.0,0,0,0,0,214,131.0,0,0.6121495327102804,0.0,67942.0,3.381679389312977,0,Control
6316,145627,20240215,74021639.0,0,0,0,0,179,155.0,4,0.8659217877094972,0.0223463687150838,80415.0,3.2451612903225806,0,Test
6317,145656,20240215,74021733.0,0,0,0,0,222,170.0,2,0.7657657657657657,0.009009009009009,135869.0,4.6705882352941215,0,Control
6318,145660,20240215,74021738.0,0,0,0,0,83,65.0,1,0.7831325301204819,0.0120481927710843,61311.0,4.184615384615385,0,Test
6319,145715,20240215,74021823.0,0,0,0,0,88,66.0,3,0.75,0.034090909090909,58585.0,3.954545454545455,0,Test
6320,145743,20240215,74021880.0,0,0,0,0,77,71.0,6,0.922077922077922,0.0779220779220779,58897.0,3.633802816901408,0,Test
6321,145763,20240215,74021914.0,0,0,0,0,543,503.0,23,0.9263351749539596,0.0423572744014733,197773.0,2.687872763419481,0,Test
6322,145767,20240215,74021919.0,0,0,0,0,590,489.0,14,0.8288135593220339,0.023728813559322,207706.0,2.811860940695296,0,Control
6323,145773,20240215,74021928.0,0,0,0,0,149,109.0,3,0.7315436241610739,0.0201342281879194,52053.0,3.174311926605505,0,Test
6324,145801,20240215,74021975.0,0,0,0,0,180,130.0,0,0.7222222222222222,0.0,57453.0,3.292307692307692,0,Test
6325,145804,20240215,74021978.0,0,0,0,0,98,87.0,3,0.8877551020408163,0.0306122448979591,58923.0,3.965517241379312,0,Test
6326,145841,20240215,74214453.0,0,0,0,0,660,528.0,10,0.8,0.0151515151515151,282879.0,3.236742424242425,0,Control
6327,145845,20240215,74215106.0,0,0,0,0,606,550.0,35,0.9075907590759076,0.0577557755775577,227815.0,2.836363636363637,0,Test
6328,145901,20240215,74220627.0,0,0,0,0,87,77.0,2,0.8850574712643678,0.0229885057471264,43415.0,3.324675324675325,0,Control
6329,145935,20240215,74220822.0,0,0,0,0,514,385.0,4,0.7490272373540856,0.0077821011673151,203035.0,3.267532467532468,0,Control
6330,145953,20240215,74220910.0,0,0,0,0,284,189.0,5,0.6654929577464789,0.0176056338028169,118617.0,3.137566137566137,0,Control
6331,145981,20240215,74221041.0,0,0,0,0,345,288.0,6,0.8347826086956521,0.017391304347826,153112.0,3.048611111111111,0,Control
6332,146052,20240215,74221472.0,0,0,0,0,110,91.0,2,0.8272727272727273,0.0181818181818181,46041.0,3.351648351648352,0,Control
6333,146076,20240215,74321666.0,0,0,0,0,613,490.0,38,0.799347471451876,0.0619902120717781,210146.0,2.887755102040814,0,Test
6334,146078,20240215,74321670.0,0,0,0,0,830,756.0,45,0.910843373493976,0.0542168674698795,326771.0,2.9444444444444464,0,Test
6335,146099,20240215,74321719.0,0,0,0,0,185,145.0,2,0.7837837837837838,0.0108108108108108,57606.0,2.634482758620689,0,Control
6336,146101,20240215,74321722.0,0,0,0,0,376,292.0,4,0.776595744680851,0.0106382978723404,148056.0,3.0513698630136985,0,Control
6337,146164,20240215,74321861.0,0,0,0,0,132,99.0,1,0.75,0.0075757575757575,62656.0,3.959595959595961,0,Control
6338,146168,20240215,74321865.0,0,0,0,0,165,125.0,3,0.7575757575757576,0.0181818181818181,65319.0,2.9840000000000018,0,Control
6339,146197,20240215,74321910.0,0,0,0,0,183,133.0,4,0.726775956284153,0.0218579234972677,52334.0,2.61654135338346,0,Control
6340,146222,20240216,74013270.0,0,0,0,0,286,241.0,24,0.8426573426573427,0.0839160839160839,123720.0,3.103734439834025,0,Test
6341,146234,20240216,74013406.0,0,0,0,0,246,181.0,6,0.7357723577235772,0.024390243902439,83875.0,2.7900552486187853,0,Control
6342,146262,20240216,74016847.0,0,0,0,0,1376,653.0,17,0.4745639534883721,0.0123546511627906,278079.0,2.623277182235834,0,Control
6343,146271,20240216,74020378.0,0,0,0,0,428,333.0,16,0.7780373831775701,0.0373831775700934,208791.0,3.615615615615614,0,Test
6344,146278,20240216,74020395.0,0,0,0,0,518,464.0,35,0.8957528957528957,0.0675675675675675,217726.0,2.8965517241379293,0,Test
6345,146296,20240216,74020449.0,0,0,0,0,633,439.0,3,0.693522906793049,0.0047393364928909,213578.0,3.3348519362186795,0,Test
6346,146314,20240216,74020492.0,0,0,0,0,115,103.0,2,0.8956521739130435,0.017391304347826,45373.0,3.0291262135922343,0,Control
6347,146329,20240216,74020551.0,0,0,0,0,275,229.0,10,0.8327272727272728,0.0363636363636363,129787.13,3.711790393013099,0,Test
6348,146355,20240216,74020634.0,0,0,0,0,216,161.0,4,0.7453703703703703,0.0185185185185185,86291.0,3.242236024844721,0,Test
6349,146363,20240216,74020653.0,0,0,0,0,207,159.0,2,0.7681159420289855,0.0096618357487922,84168.0,2.9371069182389946,0,Test
6350,146368,20240216,74020660.0,0,0,0,0,99,85.0,8,0.8585858585858586,0.0808080808080808,44916.0,3.223529411764705,0,Test
6351,146375,20240216,74020667.0,0,0,0,0,201,180.0,5,0.8955223880597015,0.0248756218905472,136898.0,4.055555555555555,0,Test
6352,146431,20240216,74020828.0,0,0,0,0,410,349.0,14,0.8512195121951219,0.0341463414634146,171935.0,3.2951289398280794,0,Test
6353,146440,20240216,74020871.0,0,0,0,0,163,146.0,10,0.8957055214723927,0.0613496932515337,73732.0,3.0136986301369872,0,Test
6354,146453,20240216,74020908.0,0,0,0,0,87,76.0,2,0.8735632183908046,0.0229885057471264,41517.0,4.171052631578947,0,Control
6355,146456,20240216,74020920.0,0,0,0,0,581,464.0,5,0.7986230636833046,0.0086058519793459,216695.0,2.834051724137932,0,Control
6356,146462,20240216,74020960.0,0,0,0,0,389,347.0,5,0.8920308483290489,0.0128534704370179,209040.0,3.40922190201729,0,Test
6357,146463,20240216,74020961.0,0,0,0,0,214,162.0,1,0.7570093457943925,0.0046728971962616,110575.0,3.901234567901236,0,Control
6358,146475,20240216,74021008.0,0,0,0,0,1060,791.0,14,0.7462264150943396,0.0132075471698113,369573.0,3.1415929203539865,0,Control
6359,146508,20240216,74021099.0,0,0,0,0,198,146.0,1,0.7373737373737373,0.005050505050505,72750.0,3.4246575342465766,0,Control
6360,146513,20240216,74021105.0,0,0,0,0,102,91.0,4,0.8921568627450981,0.0392156862745098,68466.0,4.164835164835165,0,Test
6361,146558,20240216,74021211.0,0,0,0,0,228,139.0,0,0.6096491228070176,0.0,99928.0,4.820143884892086,0,Control
6362,146597,20240216,74021302.0,0,0,0,0,239,196.0,6,0.8200836820083682,0.0251046025104602,102710.0,3.41326530612245,0,Test
6363,146624,20240216,74021353.0,0,0,0,0,907,755.0,11,0.8324145534729879,0.01212789415656,335193.0,2.8066225165562915,0,Control
6364,146677,20240216,74021462.0,0,0,0,0,142,109.0,3,0.7676056338028169,0.0211267605633802,57848.0,3.10091743119266,0,Control
6365,146687,20240216,74021481.0,0,0,0,0,244,196.0,2,0.8032786885245902,0.0081967213114754,101272.0,3.122448979591837,0,Control
6366,146770,20240216,74021639.0,0,0,0,0,209,171.0,12,0.8181818181818182,0.0574162679425837,104166.0,3.555555555555556,0,Test
6367,146799,20240216,74021733.0,0,0,0,0,232,164.0,3,0.7068965517241379,0.0129310344827586,112179.0,4.24390243902439,0,Control
6368,146803,20240216,74021738.0,0,0,0,0,176,143.0,3,0.8125,0.0170454545454545,120466.0,4.216783216783217,0,Test
6369,146858,20240216,74021823.0,0,0,0,0,143,107.0,2,0.7482517482517482,0.0139860139860139,89897.0,3.607476635514018,0,Test
6370,146886,20240216,74021880.0,0,0,0,0,132,105.0,4,0.7954545454545454,0.0303030303030303,88134.0,3.4857142857142853,0,Test
6371,146906,20240216,74021914.0,0,0,0,0,517,479.0,16,0.9264990328820116,0.0309477756286266,193678.0,2.739039665970773,0,Test
6372,146910,20240216,74021919.0,0,0,0,0,685,568.0,12,0.8291970802919708,0.0175182481751824,241190.0,2.9436619718309824,0,Control
6373,146916,20240216,74021928.0,0,0,0,0,200,156.0,2,0.78,0.01,85567.0,3.532051282051281,0,Test
6374,146944,20240216,74021975.0,0,0,0,0,190,163.0,8,0.8578947368421053,0.0421052631578947,84389.0,3.5889570552147254,0,Test
6375,146947,20240216,74021978.0,0,0,0,0,107,92.0,5,0.8598130841121495,0.0467289719626168,63656.0,3.771739130434781,0,Test
6376,146984,20240216,74214453.0,0,0,0,0,677,541.0,10,0.7991137370753324,0.0147710487444608,307291.0,3.4048059149722727,0,Control
6377,146988,20240216,74215106.0,0,0,0,0,667,610.0,50,0.9145427286356822,0.0749625187406296,254793.0,2.7606557377049183,0,Test
6378,147044,20240216,74220627.0,0,0,0,0,110,93.0,3,0.8454545454545455,0.0272727272727272,58605.0,3.688172043010754,0,Control
6379,147078,20240216,74220822.0,0,0,0,0,558,419.0,7,0.7508960573476703,0.0125448028673835,242645.0,3.565632458233892,0,Control
6380,147096,20240216,74220910.0,0,0,0,0,396,240.0,2,0.6060606060606061,0.005050505050505,144683.0,3.1333333333333333,0,Control
6381,147124,20240216,74221041.0,0,0,0,0,437,361.0,7,0.8260869565217391,0.0160183066361556,209245.0,3.0997229916897484,0,Control
6382,147195,20240216,74221472.0,0,0,0,0,153,121.0,4,0.7908496732026143,0.0261437908496732,61739.0,3.4049586776859506,0,Control
6383,147219,20240216,74321666.0,0,0,0,0,755,630.0,43,0.8344370860927153,0.0569536423841059,270660.97,2.87777777777778,0,Test
6384,147221,20240216,74321670.0,0,0,0,0,925,825.0,49,0.8918918918918919,0.0529729729729729,352151.0,2.8084848484848504,0,Test
6385,147242,20240216,74321719.0,0,0,0,0,279,192.0,3,0.6881720430107527,0.010752688172043,82755.0,2.890625000000001,0,Control
6386,147244,20240216,74321722.0,0,0,0,0,428,346.0,3,0.8084112149532711,0.0070093457943925,189217.0,3.2398843930635834,0,Control
6387,147307,20240216,74321861.0,0,0,0,0,252,190.0,1,0.753968253968254,0.0039682539682539,110204.0,3.83157894736842,0,Control
6388,147311,20240216,74321865.0,0,0,0,0,191,145.0,5,0.7591623036649214,0.0261780104712041,83036.0,3.2482758620689647,0,Control
6389,147340,20240216,74321910.0,0,0,0,0,247,167.0,4,0.6761133603238867,0.0161943319838056,72479.0,2.886227544910179,0,Control
6390,147365,20240217,74013270.0,0,0,0,0,117,101.0,4,0.8632478632478633,0.0341880341880341,64140.0,3.485148514851485,0,Test
6391,147376,20240217,74013406.0,0,0,0,0,354,286.0,4,0.807909604519774,0.0112994350282485,139146.0,3.356643356643356,0,Control
6392,147404,20240217,74016847.0,0,0,0,0,1033,569.0,13,0.5508228460793805,0.0125847047434656,258008.0,2.8752196836555397,0,Control
6393,147413,20240217,74020378.0,0,0,0,0,648,526.0,8,0.8117283950617284,0.0123456790123456,342305.0,3.929657794676805,0,Test
6394,147420,20240217,74020395.0,0,0,0,0,495,424.0,17,0.8565656565656565,0.0343434343434343,213590.0,3.254716981132076,0,Test
6395,147435,20240217,74020449.0,0,0,0,0,929,617.0,9,0.6641550053821313,0.0096878363832077,294366.0,3.316045380875199,0,Test
6396,147466,20240217,74020551.0,0,0,0,0,329,230.0,13,0.6990881458966566,0.0395136778115501,139701.0,3.64782608695652,0,Test
6397,147489,20240217,74020634.0,0,0,0,0,237,219.0,0,0.9240506329113924,0.0,142943.0,3.963470319634703,0,Test
6398,147497,20240217,74020653.0,0,0,0,0,389,330.0,7,0.8483290488431876,0.0179948586118251,181166.0,3.272727272727272,0,Test
6399,147502,20240217,74020660.0,0,0,0,0,144,126.0,6,0.875,0.0416666666666666,67989.0,3.34920634920635,0,Test
6400,147509,20240217,74020667.0,0,0,0,0,243,222.0,6,0.9135802469135802,0.0246913580246913,158681.0,3.8963963963964017,0,Test
6401,147564,20240217,74020828.0,0,0,0,0,314,279.0,15,0.8885350318471338,0.0477707006369426,146866.0,3.5268817204301075,0,Test
6402,147572,20240217,74020871.0,0,0,0,0,138,119.0,5,0.8623188405797102,0.036231884057971,71458.0,3.4621848739495795,0,Test
6403,147586,20240217,74020920.0,0,0,0,0,440,345.0,11,0.7840909090909091,0.025,167229.0,2.921739130434785,0,Control
6404,147592,20240217,74020960.0,0,0,0,0,395,354.0,19,0.8962025316455696,0.0481012658227848,219738.0,3.70056497175141,0,Test
6405,147593,20240217,74020961.0,0,0,0,0,281,231.0,6,0.8220640569395018,0.0213523131672597,197230.0,4.961038961038961,0,Control
6406,147605,20240217,74021008.0,0,0,0,0,1013,688.0,13,0.6791707798617966,0.0128331688055281,356401.0,3.489825581395347,0,Control
6407,147638,20240217,74021099.0,0,0,0,0,266,228.0,5,0.8571428571428571,0.018796992481203,134667.0,4.206140350877188,0,Control
6408,147643,20240217,74021105.0,0,0,0,0,154,134.0,5,0.8701298701298701,0.0324675324675324,98630.0,4.223880597014927,0,Test
6409,147689,20240217,74021211.0,0,0,0,0,245,135.0,0,0.5510204081632653,0.0,108697.0,5.607407407407409,0,Control
6410,147728,20240217,74021302.0,0,0,0,0,402,330.0,10,0.8208955223880597,0.0248756218905472,160761.0,3.1303030303030317,0,Test
6411,147755,20240217,74021353.0,0,0,0,0,800,648.0,15,0.81,0.01875,305374.0,3.007716049382716,0,Control
6412,147808,20240217,74021462.0,0,0,0,0,157,121.0,4,0.7707006369426752,0.0254777070063694,74586.0,4.066115702479338,0,Control
6413,147818,20240217,74021481.0,0,0,0,0,322,270.0,3,0.8385093167701864,0.0093167701863354,140728.0,3.337037037037039,0,Control
6414,147887,20240217,74021639.0,0,0,0,0,324,259.0,5,0.7993827160493827,0.015432098765432,152896.0,3.548262548262548,0,Test
6415,147917,20240217,74021733.0,0,0,0,0,315,250.0,3,0.7936507936507936,0.0095238095238095,229096.0,5.132000000000002,0,Control
6416,147921,20240217,74021738.0,0,0,0,0,198,176.0,5,0.8888888888888888,0.0252525252525252,156851.0,4.431818181818183,0,Test
6417,147976,20240217,74021823.0,0,0,0,0,154,129.0,1,0.8376623376623377,0.0064935064935064,123154.0,4.286821705426353,0,Test
6418,148004,20240217,74021880.0,0,0,0,0,173,138.0,6,0.7976878612716763,0.0346820809248554,110847.0,3.5507246376811605,0,Test
6419,148024,20240217,74021914.0,0,0,0,0,349,311.0,9,0.8911174785100286,0.0257879656160458,151553.0,3.064308681672025,0,Test
6420,148028,20240217,74021919.0,0,0,0,0,579,435.0,8,0.7512953367875648,0.0138169257340241,213530.0,3.33103448275862,0,Control
6421,148034,20240217,74021928.0,0,0,0,0,253,213.0,4,0.841897233201581,0.0158102766798418,119575.0,3.863849765258216,0,Test
6422,148062,20240217,74021975.0,0,0,0,0,205,172.0,4,0.8390243902439024,0.0195121951219512,91488.0,3.8546511627906983,0,Test
6423,148065,20240217,74021978.0,0,0,0,0,158,117.0,4,0.740506329113924,0.0253164556962025,78310.0,4.0769230769230775,0,Test
6424,148101,20240217,74214453.0,0,0,0,0,708,582.0,4,0.8220338983050848,0.0056497175141242,365153.0,3.7147766323024056,0,Control
6425,148105,20240217,74215106.0,0,0,0,0,593,530.0,33,0.893760539629005,0.0556492411467116,241121.0,3.156603773584908,0,Test
6426,148161,20240217,74220627.0,0,0,0,0,137,105.0,0,0.7664233576642335,0.0,61057.0,4.0285714285714285,0,Control
6427,148195,20240217,74220822.0,0,0,0,0,715,574.0,2,0.8027972027972028,0.0027972027972027,334715.0,3.75609756097561,0,Control
6428,148213,20240217,74220910.0,0,0,0,0,488,334.0,9,0.6844262295081968,0.0184426229508196,232435.0,3.5479041916167677,0,Control
6429,148241,20240217,74221041.0,0,0,0,0,521,399.0,7,0.7658349328214972,0.0134357005758157,224189.0,3.3208020050125318,0,Control
6430,148312,20240217,74221472.0,0,0,0,0,166,125.0,2,0.7530120481927711,0.0120481927710843,68419.0,3.6,0,Control
6431,148336,20240217,74321666.0,0,0,0,0,877,731.0,45,0.8335233751425314,0.0513112884834663,336813.0,3.120383036935703,0,Test
6432,148338,20240217,74321670.0,0,0,0,0,668,560.0,36,0.8383233532934131,0.0538922155688622,257839.0,3.0535714285714275,0,Test
6433,148359,20240217,74321719.0,0,0,0,0,335,243.0,3,0.7253731343283583,0.008955223880597,94357.0,2.7942386831275736,0,Control
6434,148361,20240217,74321722.0,0,0,0,0,614,503.0,8,0.8192182410423453,0.013029315960912,268280.0,3.363817097415507,0,Control
6435,148424,20240217,74321861.0,0,0,0,0,291,237.0,16,0.8144329896907216,0.0549828178694158,134147.0,3.814345991561182,0,Control
6436,148428,20240217,74321865.0,0,0,0,0,269,196.0,6,0.7286245353159851,0.0223048327137546,114194.0,3.290816326530613,0,Control
6437,148457,20240217,74321910.0,0,0,0,0,334,265.0,3,0.7934131736526946,0.0089820359281437,150814.0,3.532075471698114,0,Control
6438,148482,20240218,74013270.0,0,0,0,0,95,90.0,5,0.9473684210526316,0.0526315789473684,56102.0,3.400000000000001,0,Test
6439,148493,20240218,74013406.0,0,0,0,0,400,320.0,3,0.8,0.0075,148722.0,3.171875,0,Control
6440,148521,20240218,74016847.0,0,0,0,0,824,412.0,11,0.5,0.0133495145631067,186539.0,2.9975728155339807,0,Control
6441,148530,20240218,74020378.0,0,0,0,0,594,447.0,14,0.7525252525252525,0.0235690235690235,270279.0,3.78076062639821,0,Test
6442,148537,20240218,74020395.0,0,0,0,0,441,355.0,24,0.8049886621315193,0.0544217687074829,177202.0,3.35211267605634,0,Test
6443,148551,20240218,74020449.0,0,0,0,0,1011,501.0,6,0.4955489614243323,0.0059347181008902,233363.0,3.2934131736526955,0,Test
6444,148582,20240218,74020551.0,0,0,0,0,288,176.0,0,0.6111111111111112,0.0,105481.0,3.9261363636363615,0,Test
6445,148604,20240218,74020634.0,0,0,0,0,275,244.0,4,0.8872727272727273,0.0145454545454545,133475.0,3.663934426229508,0,Test
6446,148612,20240218,74020653.0,0,0,0,0,294,241.0,6,0.8197278911564626,0.0204081632653061,137512.0,3.4647302904564308,0,Test
6447,148617,20240218,74020660.0,0,0,0,0,118,97.0,11,0.8220338983050848,0.0932203389830508,53242.0,3.649484536082476,0,Test
6448,148624,20240218,74020667.0,0,0,0,0,186,166.0,3,0.8924731182795699,0.0161290322580645,109129.0,3.6807228915662655,0,Test
6449,148679,20240218,74020828.0,0,0,0,0,210,182.0,11,0.8666666666666667,0.0523809523809523,102293.0,3.813186813186813,0,Test
6450,148687,20240218,74020871.0,0,0,0,0,121,107.0,12,0.8842975206611571,0.0991735537190082,58101.0,3.074766355140188,0,Test
6451,148701,20240218,74020920.0,0,0,0,0,450,307.0,5,0.6822222222222222,0.0111111111111111,154755.0,3.039087947882735,0,Control
6452,148707,20240218,74020960.0,0,0,0,0,391,349.0,16,0.8925831202046036,0.0409207161125319,243022.0,4.0401146131805135,0,Test
6453,148708,20240218,74020961.0,0,0,0,0,302,238.0,7,0.7880794701986755,0.0231788079470198,193735.0,4.684873949579833,0,Control
6454,148720,20240218,74021008.0,0,0,0,0,928,690.0,8,0.7435344827586207,0.0086206896551724,346784.0,3.449275362318841,0,Control
6455,148753,20240218,74021099.0,0,0,0,0,330,291.0,6,0.8818181818181818,0.0181818181818181,169604.0,4.058419243986255,0,Control
6456,148758,20240218,74021105.0,0,0,0,0,109,86.0,2,0.7889908256880734,0.018348623853211,63942.0,4.13953488372093,0,Test
6457,148803,20240218,74021211.0,0,0,0,0,268,162.0,0,0.6044776119402985,0.0,118910.0,5.104938271604938,0,Control
6458,148842,20240218,74021302.0,0,0,0,0,406,347.0,12,0.854679802955665,0.0295566502463054,175033.0,3.314121037463977,0,Test
6459,148869,20240218,74021353.0,0,0,0,0,670,494.0,6,0.7373134328358208,0.008955223880597,232353.0,3.058704453441296,0,Control
6460,148922,20240218,74021462.0,0,0,0,0,122,86.0,3,0.7049180327868853,0.0245901639344262,54794.0,3.918604651162791,0,Control
6461,148932,20240218,74021481.0,0,0,0,0,291,248.0,3,0.852233676975945,0.0103092783505154,118469.0,3.133064516129032,0,Control
6462,149000,20240218,74021639.0,0,0,0,0,221,170.0,6,0.7692307692307693,0.0271493212669683,94260.0,3.470588235294117,0,Test
6463,149030,20240218,74021733.0,0,0,0,0,252,209.0,5,0.8293650793650794,0.0198412698412698,157107.0,4.373205741626797,0,Control
6464,149034,20240218,74021738.0,0,0,0,0,154,136.0,1,0.8831168831168831,0.0064935064935064,131040.0,4.845588235294117,0,Test
6465,149089,20240218,74021823.0,0,0,0,0,176,155.0,2,0.8806818181818182,0.0113636363636363,161918.0,4.54193548387097,0,Test
6466,149117,20240218,74021880.0,0,0,0,0,126,98.0,3,0.7777777777777778,0.0238095238095238,69162.0,3.1428571428571432,0,Test
6467,149137,20240218,74021914.0,0,0,0,0,328,277.0,16,0.8445121951219512,0.048780487804878,123357.0,3.0180505415162457,0,Test
6468,149141,20240218,74021919.0,0,0,0,0,411,308.0,11,0.7493917274939172,0.0267639902676399,158047.0,3.4545454545454555,0,Control
6469,149147,20240218,74021928.0,0,0,0,0,331,270.0,7,0.8157099697885196,0.0211480362537764,143113.0,3.5703703703703704,0,Test
6470,149175,20240218,74021975.0,0,0,0,0,219,181.0,14,0.8264840182648402,0.0639269406392694,93470.0,3.657458563535911,0,Test
6471,149178,20240218,74021978.0,0,0,0,0,138,112.0,4,0.8115942028985508,0.0289855072463768,83911.0,4.446428571428571,0,Test
6472,149213,20240218,74214453.0,0,0,0,0,660,503.0,5,0.7621212121212121,0.0075757575757575,303886.0,3.429423459244532,0,Control
6473,149217,20240218,74215106.0,0,0,0,0,393,347.0,20,0.8829516539440203,0.0508905852417302,175110.0,3.3573487031700298,0,Test
6474,149273,20240218,74220627.0,0,0,0,0,113,86.0,1,0.7610619469026548,0.0088495575221238,53568.0,4.011627906976743,0,Control
6475,149307,20240218,74220822.0,0,0,0,0,652,511.0,7,0.7837423312883436,0.0107361963190184,313209.0,4.09784735812133,0,Control
6476,149325,20240218,74220910.0,0,0,0,0,368,237.0,7,0.6440217391304348,0.0190217391304347,154749.0,3.510548523206752,0,Control
6477,149353,20240218,74221041.0,0,0,0,0,450,360.0,10,0.8,0.0222222222222222,211339.0,3.538888888888886,0,Control
6478,149424,20240218,74221472.0,0,0,0,0,154,95.0,4,0.6168831168831169,0.0259740259740259,53065.0,3.894736842105264,0,Control
6479,149448,20240218,74321666.0,0,0,0,0,892,734.0,35,0.8228699551569507,0.0392376681614349,349705.0,3.252043596730246,0,Test
6480,149450,20240218,74321670.0,0,0,0,0,450,384.0,20,0.8533333333333334,0.0444444444444444,186599.0,3.218749999999999,0,Test
6481,149471,20240218,74321719.0,0,0,0,0,328,245.0,3,0.7469512195121951,0.0091463414634146,100110.0,2.8979591836734686,0,Control
6482,149473,20240218,74321722.0,0,0,0,0,499,414.0,7,0.8296593186372746,0.0140280561122244,236451.0,3.507246376811592,0,Control
6483,149536,20240218,74321861.0,0,0,0,0,205,146.0,5,0.7121951219512195,0.024390243902439,94828.0,3.986301369863012,0,Control
6484,149540,20240218,74321865.0,0,0,0,0,214,144.0,1,0.6728971962616822,0.0046728971962616,85127.0,3.430555555555555,0,Control
6485,149569,20240218,74321910.0,0,0,0,0,302,240.0,4,0.7947019867549668,0.0132450331125827,128516.0,3.5666666666666678,0,Control
6486,149594,20240219,74013270.0,0,0,0,0,80,67.0,6,0.8375,0.075,28182.0,2.4776119402985084,0,Test
6487,149606,20240219,74013406.0,0,0,0,0,186,125.0,2,0.6720430107526881,0.010752688172043,53602.0,2.791999999999999,0,Control
6488,149633,20240219,74016847.0,0,0,0,0,833,591.0,9,0.709483793517407,0.0108043217286914,212078.0,2.522842639593905,0,Control
6489,149642,20240219,74020378.0,0,0,0,0,334,253.0,4,0.7574850299401198,0.0119760479041916,153402.0,3.632411067193676,0,Test
6490,149649,20240219,74020395.0,0,0,0,0,579,436.0,21,0.7530224525043178,0.0362694300518134,170683.0,2.736238532110092,0,Test
6491,149663,20240219,74020449.0,0,0,0,0,576,351.0,6,0.609375,0.0104166666666666,156608.0,3.128205128205129,0,Test
6492,149695,20240219,74020551.0,0,0,0,0,190,144.0,6,0.7578947368421053,0.031578947368421,68231.0,3.048611111111111,0,Test
6493,149719,20240219,74020634.0,0,0,0,0,114,100.0,3,0.8771929824561403,0.0263157894736842,58028.0,3.06,0,Test
6494,149727,20240219,74020653.0,0,0,0,0,170,137.0,5,0.8058823529411765,0.0294117647058823,57951.0,2.605839416058396,0,Test
6495,149732,20240219,74020660.0,0,0,0,0,84,67.0,2,0.7976190476190477,0.0238095238095238,35005.0,3.2835820895522376,0,Test
6496,149739,20240219,74020667.0,0,0,0,0,126,109.0,4,0.8650793650793651,0.0317460317460317,74949.0,3.908256880733944,0,Test
6497,149794,20240219,74020828.0,0,0,0,0,326,291.0,11,0.8926380368098159,0.0337423312883435,131311.0,3.041237113402062,0,Test
6498,149803,20240219,74020871.0,0,0,0,0,99,78.0,6,0.7878787878787878,0.0606060606060606,35014.0,2.6410256410256423,0,Test
6499,149817,20240219,74020920.0,0,0,0,0,496,375.0,6,0.7560483870967742,0.0120967741935483,151804.0,2.754666666666668,0,Control
6500,149823,20240219,74020960.0,0,0,0,0,236,198.0,9,0.8389830508474576,0.0381355932203389,110343.0,3.303030303030303,0,Test
6501,149824,20240219,74020961.0,0,0,0,0,117,84.0,2,0.717948717948718,0.017094017094017,60240.0,3.9880952380952377,0,Control
6502,149836,20240219,74021008.0,0,0,0,0,856,699.0,23,0.8165887850467289,0.0268691588785046,302520.0,2.881258941344781,0,Control
6503,149869,20240219,74021099.0,0,0,0,0,175,132.0,2,0.7542857142857143,0.0114285714285714,75173.0,3.878787878787879,0,Control
6504,149874,20240219,74021105.0,0,0,0,0,105,90.0,4,0.8571428571428571,0.0380952380952381,57171.0,3.444444444444445,0,Test
6505,149919,20240219,74021211.0,0,0,0,0,192,116.0,2,0.6041666666666666,0.0104166666666666,79460.0,4.689655172413791,0,Control
6506,149958,20240219,74021302.0,0,0,0,0,206,163.0,5,0.7912621359223301,0.0242718446601941,81927.0,2.9754601226993884,0,Test
6507,149985,20240219,74021353.0,0,0,0,0,845,679.0,15,0.8035502958579882,0.0177514792899408,283697.0,2.7761413843888096,0,Control
6508,150037,20240219,74021462.0,0,0,0,0,98,72.0,3,0.7346938775510204,0.0306122448979591,36904.0,3.041666666666667,0,Control
6509,150047,20240219,74021481.0,0,0,0,0,197,158.0,2,0.8020304568527918,0.0101522842639593,71561.0,3.0822784810126573,0,Control
6510,150117,20240219,74021639.0,0,0,0,0,198,164.0,5,0.8282828282828283,0.0252525252525252,78301.0,2.847560975609755,0,Test
6511,150147,20240219,74021733.0,0,0,0,0,188,140.0,6,0.7446808510638298,0.0319148936170212,105017.0,4.714285714285715,0,Control
6512,150151,20240219,74021738.0,0,0,0,0,133,110.0,2,0.8270676691729323,0.0150375939849624,85131.0,3.9000000000000017,0,Test
6513,150206,20240219,74021823.0,0,0,0,0,101,76.0,3,0.7524752475247525,0.0297029702970297,58896.0,3.5263157894736827,0,Test
6514,150234,20240219,74021880.0,0,0,0,0,61,44.0,4,0.7213114754098361,0.0655737704918032,27384.0,2.75,0,Test
6515,150254,20240219,74021914.0,0,0,0,0,502,454.0,13,0.904382470119522,0.0258964143426294,167228.0,2.563876651982379,0,Test
6516,150258,20240219,74021919.0,0,0,0,0,612,478.0,10,0.7810457516339869,0.0163398692810457,185324.0,2.782426778242679,0,Control
6517,150264,20240219,74021928.0,0,0,0,0,126,93.0,2,0.7380952380952381,0.0158730158730158,50230.0,3.4301075268817214,0,Test
6518,150292,20240219,74021975.0,0,0,0,0,132,112.0,7,0.8484848484848485,0.053030303030303,45134.0,3.107142857142859,0,Test
6519,150295,20240219,74021978.0,0,0,0,0,81,67.0,6,0.8271604938271605,0.074074074074074,41192.0,3.656716417910448,0,Test
6520,150332,20240219,74214453.0,0,0,0,0,569,430.0,5,0.7557117750439367,0.0087873462214411,232447.0,3.2069767441860426,0,Control
6521,150336,20240219,74215106.0,0,0,0,0,605,537.0,29,0.8876033057851239,0.0479338842975206,198512.0,2.5307262569832423,0,Test
6522,150392,20240219,74220627.0,0,0,0,0,88,76.0,2,0.8636363636363636,0.0227272727272727,35974.0,3.355263157894737,0,Control
6523,150426,20240219,74220822.0,0,0,0,0,401,285.0,5,0.7107231920199502,0.0124688279301745,140853.0,3.185964912280701,0,Control
6524,150444,20240219,74220910.0,0,0,0,0,334,190.0,4,0.5688622754491018,0.0119760479041916,122144.0,3.231578947368422,0,Control
6525,150472,20240219,74221041.0,0,0,0,0,302,247.0,5,0.8178807947019867,0.0165562913907284,111861.0,2.704453441295546,0,Control
6526,150543,20240219,74221472.0,0,0,0,0,132,99.0,1,0.75,0.0075757575757575,43885.0,3.242424242424242,0,Control
6527,150567,20240219,74321666.0,0,0,0,0,709,592.0,39,0.8349788434414669,0.0550070521861777,250060.0,2.9662162162162145,0,Test
6528,150569,20240219,74321670.0,0,0,0,0,857,754.0,54,0.8798133022170361,0.0630105017502917,303681.0,2.7572944297082227,0,Test
6529,150590,20240219,74321719.0,0,0,0,0,214,160.0,5,0.7476635514018691,0.0233644859813084,61430.0,2.8,0,Control
6530,150592,20240219,74321722.0,0,0,0,0,479,371.0,2,0.7745302713987474,0.0041753653444676,165178.0,2.816711590296496,0,Control
6531,150655,20240219,74321861.0,0,0,0,0,140,98.0,0,0.7,0.0,52639.0,3.377551020408164,0,Control
6532,150659,20240219,74321865.0,0,0,0,0,187,134.0,2,0.7165775401069518,0.0106951871657754,66373.0,2.8955223880597005,0,Control
6533,150688,20240219,74321910.0,0,0,0,0,205,164.0,0,0.8,0.0,82624.0,3.189024390243901,0,Control
6534,150713,20240220,74013270.0,0,0,0,0,469,389.0,26,0.8294243070362474,0.0554371002132196,185814.0,2.784061696658097,0,Test
6535,150726,20240220,74013406.0,0,0,0,0,196,140.0,1,0.7142857142857143,0.0051020408163265,57899.0,2.6857142857142864,0,Control
6536,150754,20240220,74016847.0,0,0,0,0,961,606.0,13,0.6305931321540063,0.0135275754422476,242203.0,2.5511551155115506,0,Control
6537,150763,20240220,74020378.0,0,0,0,0,379,300.0,12,0.7915567282321899,0.0316622691292876,166408.0,3.2666666666666697,0,Test
6538,150770,20240220,74020395.0,0,0,0,0,517,436.0,7,0.8433268858800773,0.0135396518375241,182628.0,2.928899082568805,0,Test
6539,150788,20240220,74020449.0,0,0,0,0,612,426.0,8,0.696078431372549,0.0130718954248366,157061.0,2.607981220657277,0,Test
6540,150806,20240220,74020492.0,0,0,0,0,179,132.0,2,0.7374301675977654,0.0111731843575419,64715.0,3.0378787878787885,0,Control
6541,150822,20240220,74020551.0,0,0,0,0,178,143.0,6,0.8033707865168539,0.0337078651685393,75092.0,3.51048951048951,0,Test
6542,150850,20240220,74020634.0,0,0,0,0,123,107.0,0,0.8699186991869918,0.0,56738.0,3.0841121495327086,0,Test
6543,150858,20240220,74020653.0,0,0,0,0,135,107.0,2,0.7925925925925926,0.0148148148148148,53521.0,2.88785046728972,0,Test
6544,150863,20240220,74020660.0,0,0,0,0,94,74.0,7,0.7872340425531915,0.0744680851063829,33681.0,3.1756756756756768,0,Test
6545,150870,20240220,74020667.0,0,0,0,0,130,103.0,2,0.7923076923076923,0.0153846153846153,62813.0,3.5728155339805823,0,Test
6546,150925,20240220,74020828.0,0,0,0,0,346,322.0,14,0.930635838150289,0.0404624277456647,153646.0,3.30745341614907,0,Test
6547,150934,20240220,74020871.0,0,0,0,0,149,130.0,4,0.87248322147651,0.0268456375838926,70316.0,3.2769230769230773,0,Test
6548,150949,20240220,74020920.0,0,0,0,0,510,396.0,7,0.7764705882352941,0.0137254901960784,161933.0,2.545454545454548,0,Control
6549,150955,20240220,74020960.0,0,0,0,0,240,216.0,10,0.9,0.0416666666666666,117156.0,3.3194444444444446,0,Test
6550,150956,20240220,74020961.0,0,0,0,0,145,104.0,1,0.7172413793103448,0.0068965517241379,68812.0,3.807692307692309,0,Control
6551,150968,20240220,74021008.0,0,0,0,0,927,748.0,11,0.8069039913700108,0.011866235167206,329358.0,3.0601604278074817,0,Control
6552,151002,20240220,74021099.0,0,0,0,0,145,110.0,1,0.7586206896551724,0.0068965517241379,68925.0,4.31818181818182,0,Control
6553,151007,20240220,74021105.0,0,0,0,0,114,89.0,0,0.7807017543859649,0.0,73178.0,4.584269662921347,0,Test
6554,151053,20240220,74021211.0,0,0,0,0,182,111.0,0,0.6098901098901099,0.0,82587.0,4.972972972972974,0,Control
6555,151092,20240220,74021302.0,0,0,0,0,212,163.0,6,0.7688679245283019,0.0283018867924528,78567.0,3.098159509202455,0,Test
6556,151119,20240220,74021353.0,0,0,0,0,902,729.0,11,0.8082039911308204,0.0121951219512195,304799.0,2.744855967078191,0,Control
6557,151171,20240220,74021462.0,0,0,0,0,96,60.0,2,0.625,0.0208333333333333,25264.0,2.6500000000000004,0,Control
6558,151180,20240220,74021481.0,0,0,0,0,276,223.0,2,0.8079710144927537,0.0072463768115942,101167.0,3.022421524663676,0,Control
6559,151259,20240220,74021639.0,0,0,0,0,189,141.0,5,0.746031746031746,0.0264550264550264,84442.0,3.5957446808510647,0,Test
6560,151288,20240220,74021733.0,0,0,0,0,223,181.0,4,0.8116591928251121,0.0179372197309417,164190.0,5.298342541436465,0,Control
6561,151292,20240220,74021738.0,0,0,0,0,118,96.0,4,0.8135593220338984,0.0338983050847457,76872.0,4.083333333333333,0,Test
6562,151347,20240220,74021823.0,0,0,0,0,150,125.0,2,0.8333333333333334,0.0133333333333333,112076.0,3.7120000000000006,0,Test
6563,151375,20240220,74021880.0,0,0,0,0,112,98.0,2,0.875,0.0178571428571428,70467.0,3.255102040816328,0,Test
6564,151395,20240220,74021914.0,0,0,0,0,566,508.0,17,0.8975265017667845,0.0300353356890459,199381.0,2.694881889763779,0,Test
6565,151399,20240220,74021919.0,0,0,0,0,641,523.0,9,0.8159126365054602,0.0140405616224648,211591.0,2.7705544933078405,0,Control
6566,151405,20240220,74021928.0,0,0,0,0,146,103.0,1,0.7054794520547946,0.0068493150684931,58428.0,3.4757281553398056,0,Test
6567,151433,20240220,74021975.0,0,0,0,0,175,153.0,6,0.8742857142857143,0.0342857142857142,69154.0,3.366013071895426,0,Test
6568,151436,20240220,74021978.0,0,0,0,0,83,67.0,3,0.8072289156626506,0.036144578313253,44342.0,3.746268656716418,0,Test
6569,151474,20240220,74214453.0,0,0,0,0,510,408.0,5,0.8,0.0098039215686274,225185.0,3.330882352941178,0,Control
6570,151478,20240220,74215106.0,0,0,0,0,658,584.0,39,0.8875379939209727,0.0592705167173252,251342.0,2.9606164383561646,0,Test
6571,151534,20240220,74220627.0,0,0,0,0,80,67.0,5,0.8375,0.0625,34499.0,3.1791044776119395,0,Control
6572,151568,20240220,74220822.0,0,0,0,0,445,337.0,2,0.7573033707865169,0.0044943820224719,191060.0,3.531157270029674,0,Control
6573,151586,20240220,74220910.0,0,0,0,0,278,196.0,2,0.7050359712230215,0.0071942446043165,113684.0,3.0204081632653077,0,Control
6574,151614,20240220,74221041.0,0,0,0,0,361,296.0,8,0.8199445983379502,0.0221606648199446,149904.0,3.14189189189189,0,Control
6575,151684,20240220,74221472.0,0,0,0,0,180,146.0,3,0.8111111111111111,0.0166666666666666,62267.0,2.8835616438356166,0,Control
6576,151708,20240220,74321666.0,0,0,0,0,732,618.0,36,0.8442622950819673,0.0491803278688524,273679.0,2.9320388349514577,0,Test
6577,151710,20240220,74321670.0,0,0,0,0,811,723.0,46,0.8914919852034525,0.0567200986436498,303773.0,2.7427385892116147,0,Test
6578,151731,20240220,74321719.0,0,0,0,0,271,194.0,5,0.7158671586715867,0.018450184501845,72560.0,2.8144329896907223,0,Control
6579,151733,20240220,74321722.0,0,0,0,0,514,409.0,5,0.7957198443579766,0.0097276264591439,189082.0,3.031784841075796,0,Control
6580,151796,20240220,74321861.0,0,0,0,0,178,141.0,4,0.7921348314606742,0.0224719101123595,75653.0,3.375886524822694,0,Control
6581,151800,20240220,74321865.0,0,0,0,0,176,142.0,5,0.8068181818181818,0.0284090909090909,73967.0,3.2676056338028183,0,Control
6582,151829,20240220,74321910.0,0,0,0,0,211,170.0,2,0.8056872037914692,0.0094786729857819,74919.0,2.711764705882353,0,Control
6583,151854,20240221,74013270.0,0,0,0,0,386,321.0,21,0.8316062176165803,0.0544041450777202,152165.0,2.800623052959502,0,Test
6584,151867,20240221,74013406.0,0,0,0,0,190,138.0,2,0.7263157894736842,0.0105263157894736,60157.0,3.028985507246377,0,Control
6585,151896,20240221,74016847.0,0,0,0,0,831,633.0,13,0.7617328519855595,0.0156438026474127,248496.0,2.6540284360189594,0,Control
6586,151905,20240221,74020378.0,0,0,0,0,331,252.0,6,0.7613293051359517,0.0181268882175226,144121.0,3.21031746031746,0,Test
6587,151912,20240221,74020395.0,0,0,0,0,532,445.0,23,0.8364661654135338,0.0432330827067669,182429.0,2.8022471910112365,0,Test
6588,151930,20240221,74020449.0,0,0,0,0,593,405.0,6,0.6829679595278246,0.0101180438448566,162034.0,2.903703703703703,0,Test
6589,151948,20240221,74020492.0,0,0,0,0,646,569.0,3,0.8808049535603715,0.0046439628482972,246040.0,3.0615114235500887,0,Control
6590,151964,20240221,74020551.0,0,0,0,0,157,127.0,4,0.8089171974522293,0.0254777070063694,63925.0,3.3464566929133848,0,Test
6591,151992,20240221,74020634.0,0,0,0,0,154,140.0,2,0.9090909090909092,0.0129870129870129,70275.0,3.085714285714285,0,Test
6592,152000,20240221,74020653.0,0,0,0,0,155,112.0,13,0.7225806451612903,0.0838709677419354,53104.0,2.7767857142857157,0,Test
6593,152005,20240221,74020660.0,0,0,0,0,73,62.0,3,0.8493150684931506,0.0410958904109589,28603.0,3.112903225806452,0,Test
6594,152012,20240221,74020667.0,0,0,0,0,137,121.0,3,0.8832116788321168,0.0218978102189781,74934.0,3.338842975206612,0,Test
6595,152068,20240221,74020828.0,0,0,0,0,323,297.0,17,0.9195046439628484,0.0526315789473684,156913.0,3.441077441077441,0,Test
6596,152077,20240221,74020871.0,0,0,0,0,160,127.0,8,0.79375,0.05,64134.0,2.976377952755906,0,Test
6597,152092,20240221,74020920.0,0,0,0,0,477,376.0,6,0.7882599580712788,0.0125786163522012,148059.0,2.51063829787234,0,Control
6598,152098,20240221,74020960.0,0,0,0,0,241,216.0,19,0.8962655601659751,0.0788381742738589,114463.0,3.115740740740742,0,Test
6599,152099,20240221,74020961.0,0,0,0,0,171,129.0,4,0.7543859649122807,0.023391812865497,100107.0,4.426356589147286,0,Control
6600,152111,20240221,74021008.0,0,0,0,0,935,772.0,20,0.825668449197861,0.0213903743315508,347270.0,2.981865284974096,0,Control
6601,152144,20240221,74021099.0,0,0,0,0,197,160.0,5,0.8121827411167513,0.0253807106598984,83199.0,3.5437500000000006,0,Control
6602,152149,20240221,74021105.0,0,0,0,0,116,97.0,2,0.8362068965517241,0.0172413793103448,68278.0,3.855670103092786,0,Test
6603,152195,20240221,74021211.0,0,0,0,0,143,79.0,0,0.5524475524475524,0.0,51764.0,4.936708860759495,0,Control
6604,152234,20240221,74021302.0,0,0,0,0,202,165.0,10,0.8168316831683168,0.0495049504950495,77578.0,3.0666666666666664,0,Test
6605,152261,20240221,74021353.0,0,0,0,0,884,729.0,13,0.8246606334841629,0.0147058823529411,306817.0,2.753086419753087,0,Control
6606,152314,20240221,74021462.0,0,0,0,0,95,76.0,4,0.8,0.0421052631578947,35785.0,2.9342105263157903,0,Control
6607,152323,20240221,74021481.0,0,0,0,0,260,216.0,3,0.8307692307692308,0.0115384615384615,95775.0,2.8749999999999987,0,Control
6608,152403,20240221,74021639.0,0,0,0,0,254,221.0,17,0.8700787401574803,0.0669291338582677,129207.0,3.3936651583710407,0,Test
6609,152432,20240221,74021733.0,0,0,0,0,198,164.0,3,0.8282828282828283,0.0151515151515151,118649.0,4.439024390243902,0,Control
6610,152436,20240221,74021738.0,0,0,0,0,117,90.0,6,0.7692307692307693,0.0512820512820512,82285.0,4.7333333333333325,0,Test
6611,152491,20240221,74021823.0,0,0,0,0,85,67.0,4,0.788235294117647,0.0470588235294117,58050.0,3.805970149253732,0,Test
6612,152519,20240221,74021880.0,0,0,0,0,103,84.0,2,0.8155339805825242,0.0194174757281553,60450.0,3.404761904761905,0,Test
6613,152539,20240221,74021914.0,0,0,0,0,544,505.0,16,0.9283088235294118,0.0294117647058823,196889.0,2.7009900990099003,0,Test
6614,152543,20240221,74021919.0,0,0,0,0,619,475.0,20,0.7673667205169629,0.0323101777059773,208438.0,2.9389473684210525,0,Control
6615,152549,20240221,74021928.0,0,0,0,0,140,118.0,6,0.8428571428571429,0.0428571428571428,57947.0,3.245762711864406,0,Test
6616,152577,20240221,74021975.0,0,0,0,0,157,138.0,3,0.8789808917197452,0.019108280254777,60883.0,3.144927536231885,0,Test
6617,152580,20240221,74021978.0,0,0,0,0,91,77.0,0,0.8461538461538461,0.0,45206.0,4.064935064935065,0,Test
6618,152618,20240221,74214453.0,0,0,0,0,570,467.0,4,0.8192982456140351,0.0070175438596491,255413.0,3.3940042826552466,0,Control
6619,152622,20240221,74215106.0,0,0,0,0,675,595.0,31,0.8814814814814815,0.0459259259259259,249001.0,2.8554621848739474,0,Test
6620,152678,20240221,74220627.0,0,0,0,0,83,68.0,5,0.8192771084337349,0.0602409638554216,39673.0,3.779411764705882,0,Control
6621,152712,20240221,74220822.0,0,0,0,0,477,361.0,2,0.7568134171907757,0.0041928721174004,207471.0,3.5318559556786675,0,Control
6622,152730,20240221,74220910.0,0,0,0,0,306,231.0,8,0.7549019607843137,0.0261437908496732,127161.0,2.9047619047619038,0,Control
6623,152758,20240221,74221041.0,0,0,0,0,387,281.0,7,0.7260981912144703,0.0180878552971576,126255.0,2.807829181494662,0,Control
6624,152829,20240221,74221472.0,0,0,0,0,115,85.0,1,0.7391304347826086,0.008695652173913,41380.0,3.1294117647058823,0,Control
6625,152853,20240221,74321666.0,0,0,0,0,816,702.0,43,0.8602941176470589,0.0526960784313725,289760.0,2.928774928774931,0,Test
6626,152855,20240221,74321670.0,0,0,0,0,961,830.0,48,0.8636836628511967,0.0499479708636836,342773.0,2.750602409638554,0,Test
6627,152876,20240221,74321719.0,0,0,0,0,274,185.0,4,0.6751824817518248,0.0145985401459854,69021.0,2.827027027027028,0,Control
6628,152878,20240221,74321722.0,0,0,0,0,482,379.0,3,0.7863070539419087,0.0062240663900414,178650.0,3.100263852242744,0,Control
6629,152941,20240221,74321861.0,0,0,0,0,169,132.0,7,0.7810650887573964,0.0414201183431952,80348.0,3.651515151515152,0,Control
6630,152945,20240221,74321865.0,0,0,0,0,201,151.0,4,0.7512437810945274,0.0199004975124378,72358.0,2.754966887417218,0,Control
6631,152974,20240221,74321910.0,0,0,0,0,210,170.0,3,0.8095238095238095,0.0142857142857142,78924.0,3.011764705882353,0,Control
6632,152999,20240222,74013270.0,0,0,0,0,115,93.0,4,0.808695652173913,0.0347826086956521,29327.0,2.150537634408602,0,Test
6633,153012,20240222,74013406.0,0,0,0,0,292,206.0,2,0.7054794520547946,0.0068493150684931,91260.0,2.7524271844660197,0,Control
6634,153041,20240222,74016847.0,0,0,0,0,874,718.0,15,0.8215102974828375,0.017162471395881,315675.0,2.6504178272980474,0,Control
6635,153050,20240222,74020378.0,0,0,0,0,432,353.0,11,0.8171296296296297,0.0254629629629629,213837.0,3.742209631728047,0,Test
6636,153057,20240222,74020395.0,0,0,0,0,642,502.0,10,0.7819314641744548,0.0155763239875389,236212.0,2.996015936254981,0,Test
6637,153075,20240222,74020449.0,0,0,0,0,685,471.0,9,0.6875912408759124,0.0131386861313868,211231.0,3.0806794055201694,0,Test
6638,153092,20240222,74020492.0,0,0,0,0,30,27.0,2,0.9,0.0666666666666666,11396.0,2.851851851851853,0,Control
6639,153108,20240222,74020551.0,0,0,0,0,242,203.0,15,0.8388429752066116,0.0619834710743801,117406.0,3.5320197044334987,0,Test
6640,153135,20240222,74020634.0,0,0,0,0,219,201.0,5,0.9178082191780822,0.0228310502283105,111234.0,3.203980099502489,0,Test
6641,153143,20240222,74020653.0,0,0,0,0,140,111.0,6,0.7928571428571428,0.0428571428571428,60477.0,3.3513513513513518,0,Test
6642,153148,20240222,74020660.0,0,0,0,0,110,71.0,4,0.6454545454545455,0.0363636363636363,34889.0,3.2957746478873235,0,Test
6643,153155,20240222,74020667.0,0,0,0,0,181,162.0,6,0.8950276243093923,0.0331491712707182,117546.0,3.9567901234567895,0,Test
6644,153211,20240222,74020828.0,0,0,0,0,414,374.0,33,0.9033816425120772,0.0797101449275362,178541.0,3.2139037433155067,0,Test
6645,153219,20240222,74020871.0,0,0,0,0,139,125.0,5,0.8992805755395683,0.0359712230215827,58908.0,2.936,0,Test
6646,153234,20240222,74020920.0,0,0,0,0,543,434.0,6,0.7992633517495396,0.011049723756906,200585.0,2.7995391705069124,0,Control
6647,153240,20240222,74020960.0,0,0,0,0,344,312.0,16,0.9069767441860463,0.0465116279069767,184394.0,3.400641025641026,0,Test
6648,153241,20240222,74020961.0,0,0,0,0,178,117.0,0,0.6573033707865169,0.0,98854.0,4.888888888888888,0,Control
6649,153253,20240222,74021008.0,0,0,0,0,1057,890.0,14,0.8420056764427626,0.0132450331125827,403412.0,2.9707865168539325,0,Control
6650,153287,20240222,74021099.0,0,0,0,0,200,156.0,0,0.78,0.0,83860.0,3.7756410256410255,0,Control
6651,153292,20240222,74021105.0,0,0,0,0,165,142.0,6,0.8606060606060606,0.0363636363636363,90661.0,3.598591549295774,0,Test
6652,153338,20240222,74021211.0,0,0,0,0,224,152.0,0,0.6785714285714286,0.0,133905.0,6.11842105263158,0,Control
6653,153377,20240222,74021302.0,0,0,0,0,250,215.0,7,0.86,0.028,114922.0,3.1162790697674407,0,Test
6654,153404,20240222,74021353.0,0,0,0,0,883,744.0,11,0.8425821064552661,0.0124575311438278,350342.0,3.025537634408601,0,Control
6655,153457,20240222,74021462.0,0,0,0,0,133,107.0,4,0.8045112781954887,0.0300751879699248,57417.0,3.4299065420560755,0,Control
6656,153466,20240222,74021481.0,0,0,0,0,243,203.0,2,0.8353909465020576,0.0082304526748971,87488.0,3.0147783251231544,0,Control
6657,153544,20240222,74021639.0,0,0,0,0,270,218.0,9,0.8074074074074075,0.0333333333333333,128191.0,3.53211009174312,0,Test
6658,153574,20240222,74021733.0,0,0,0,0,256,210.0,8,0.8203125,0.03125,166769.0,5.01904761904762,0,Control
6659,153578,20240222,74021738.0,0,0,0,0,220,183.0,4,0.8318181818181818,0.0181818181818181,169998.0,4.508196721311471,0,Test
6660,153633,20240222,74021823.0,0,0,0,0,150,119.0,4,0.7933333333333333,0.0266666666666666,104816.0,4.0,0,Test
6661,153661,20240222,74021880.0,0,0,0,0,144,124.0,2,0.8611111111111112,0.0138888888888888,86190.0,3.225806451612904,0,Test
6662,153681,20240222,74021914.0,0,0,0,0,548,489.0,17,0.8923357664233577,0.0310218978102189,208152.0,2.9243353783231085,0,Test
6663,153685,20240222,74021919.0,0,0,0,0,625,545.0,14,0.872,0.0224,241615.0,3.049541284403669,0,Control
6664,153691,20240222,74021928.0,0,0,0,0,127,97.0,4,0.7637795275590551,0.0314960629921259,47801.0,3.412371134020617,0,Test
6665,153719,20240222,74021975.0,0,0,0,0,256,182.0,12,0.7109375,0.046875,78621.0,3.159340659340661,0,Test
6666,153722,20240222,74021978.0,0,0,0,0,130,105.0,0,0.8076923076923077,0.0,78429.0,4.552380952380952,0,Test
6667,153760,20240222,74214453.0,0,0,0,0,691,568.0,7,0.8219971056439942,0.0101302460202604,322359.0,3.313380281690141,0,Control
6668,153764,20240222,74215106.0,0,0,0,0,645,575.0,46,0.8914728682170543,0.0713178294573643,266557.0,3.0539130434782638,0,Test
6669,153820,20240222,74220627.0,0,0,0,0,115,91.0,1,0.7913043478260869,0.008695652173913,63095.0,3.857142857142858,0,Control
6670,153854,20240222,74220822.0,0,0,0,0,570,441.0,8,0.7736842105263158,0.0140350877192982,256270.0,3.5895691609977325,0,Control
6671,153872,20240222,74220910.0,0,0,0,0,428,277.0,1,0.647196261682243,0.0023364485981308,177017.0,3.267148014440434,0,Control
6672,153900,20240222,74221041.0,0,0,0,0,433,344.0,7,0.7944572748267898,0.0161662817551963,172630.0,2.8895348837209296,0,Control
6673,153971,20240222,74221472.0,0,0,0,0,138,116.0,2,0.8405797101449275,0.0144927536231884,57177.0,3.137931034482761,0,Control
6674,153995,20240222,74321666.0,0,0,0,0,800,668.0,41,0.835,0.05125,300343.0,3.1332335329341325,0,Test
6675,153997,20240222,74321670.0,0,0,0,0,990,766.0,48,0.7737373737373737,0.0484848484848484,314434.0,2.784595300261097,0,Test
6676,154018,20240222,74321719.0,0,0,0,0,251,190.0,4,0.7569721115537849,0.0159362549800796,68472.0,2.605263157894736,0,Control
6677,154020,20240222,74321722.0,0,0,0,0,499,427.0,8,0.8557114228456913,0.0160320641282565,214780.0,3.1475409836065578,0,Control
6678,154083,20240222,74321861.0,0,0,0,0,190,152.0,3,0.8,0.0157894736842105,80604.0,3.453947368421054,0,Control
6679,154087,20240222,74321865.0,0,0,0,0,242,176.0,3,0.7272727272727273,0.012396694214876,101198.0,3.4261363636363638,0,Control
6680,154116,20240222,74321910.0,0,0,0,0,265,223.0,3,0.8415094339622642,0.0113207547169811,101740.0,2.964125560538116,0,Control
6681,154151,20240223,74013406.0,0,0,0,0,407,276.0,8,0.6781326781326781,0.0196560196560196,135164.0,3.282608695652174,0,Control
6682,154176,20240223,74016847.0,0,0,0,0,716,533.0,11,0.744413407821229,0.0153631284916201,258455.0,2.8273921200750456,0,Control
6683,154185,20240223,74020378.0,0,0,0,0,600,487.0,16,0.8116666666666666,0.0266666666666666,325906.0,4.203285420944564,0,Test
6684,154192,20240223,74020395.0,0,0,0,0,433,316.0,8,0.7297921478060047,0.0184757505773672,152758.0,3.234177215189873,0,Test
6685,154207,20240223,74020449.0,0,0,0,0,967,664.0,10,0.6866597724922441,0.0103412616339193,332570.0,3.555722891566262,0,Test
6686,154236,20240223,74020551.0,0,0,0,0,284,239.0,6,0.8415492957746479,0.0211267605633802,134376.0,3.5857740585774063,0,Test
6687,154257,20240223,74020634.0,0,0,0,0,433,413.0,4,0.953810623556582,0.0092378752886836,232512.0,3.738498789346248,0,Test
6688,154265,20240223,74020653.0,0,0,0,0,318,246.0,4,0.7735849056603774,0.0125786163522012,136331.0,3.3821138211382125,0,Test
6689,154270,20240223,74020660.0,0,0,0,0,124,106.0,6,0.8548387096774194,0.0483870967741935,56589.0,3.462264150943396,0,Test
6690,154277,20240223,74020667.0,0,0,0,0,248,208.0,9,0.8387096774193549,0.0362903225806451,142495.0,4.0048076923076925,0,Test
6691,154329,20240223,74020828.0,0,0,0,0,257,230.0,18,0.8949416342412452,0.0700389105058365,124936.0,3.665217391304347,0,Test
6692,154337,20240223,74020871.0,0,0,0,0,188,165.0,9,0.8776595744680851,0.0478723404255319,91285.0,3.187878787878787,0,Test
6693,154351,20240223,74020920.0,0,0,0,0,487,381.0,2,0.7823408624229979,0.0041067761806981,197720.0,3.0761154855643014,0,Control
6694,154357,20240223,74020960.0,0,0,0,0,454,411.0,15,0.9052863436123348,0.0330396475770925,297109.0,4.080291970802919,0,Test
6695,154358,20240223,74020961.0,0,0,0,0,20,17.0,0,0.85,0.0,12902.0,4.352941176470587,0,Control
6696,154370,20240223,74021008.0,0,0,0,0,738,590.0,12,0.7994579945799458,0.016260162601626,298458.0,3.3288135593220343,0,Control
6697,154402,20240223,74021099.0,0,0,0,0,273,215.0,5,0.7875457875457875,0.0183150183150183,129624.0,4.088372093023259,0,Control
6698,154407,20240223,74021105.0,0,0,0,0,176,149.0,7,0.8465909090909091,0.0397727272727272,123470.0,4.550335570469798,0,Test
6699,154451,20240223,74021211.0,0,0,0,0,237,130.0,0,0.5485232067510548,0.0,98448.0,5.246153846153846,0,Control
6700,154490,20240223,74021302.0,0,0,0,0,424,367.0,13,0.8655660377358491,0.0306603773584905,202165.0,3.471389645776567,0,Test
6701,154516,20240223,74021353.0,0,0,0,0,666,527.0,13,0.7912912912912913,0.0195195195195195,284637.0,3.330170777988616,0,Control
6702,154567,20240223,74021462.0,0,0,0,0,121,98.0,4,0.8099173553719008,0.0330578512396694,68742.0,4.10204081632653,0,Control
6703,154576,20240223,74021481.0,0,0,0,0,374,323.0,3,0.8636363636363636,0.0080213903743315,152806.0,3.139318885448918,0,Control
6704,154639,20240223,74021639.0,0,0,0,0,278,229.0,15,0.8237410071942446,0.0539568345323741,151014.0,3.82532751091703,0,Test
6705,154668,20240223,74021733.0,0,0,0,0,313,255.0,7,0.8146964856230032,0.0223642172523961,221597.0,5.168627450980394,0,Control
6706,154672,20240223,74021738.0,0,0,0,0,163,150.0,7,0.9202453987730062,0.0429447852760736,136549.0,4.673333333333334,0,Test
6707,154727,20240223,74021823.0,0,0,0,0,101,81.0,1,0.801980198019802,0.0099009900990099,70588.0,4.0740740740740735,0,Test
6708,154755,20240223,74021880.0,0,0,0,0,150,128.0,6,0.8533333333333334,0.04,98502.0,3.5625000000000004,0,Test
6709,154775,20240223,74021914.0,0,0,0,0,288,240.0,10,0.8333333333333334,0.0347222222222222,109579.0,2.9916666666666663,0,Test
6710,154779,20240223,74021919.0,0,0,0,0,355,284.0,8,0.8,0.0225352112676056,145868.0,3.422535211267605,0,Control
6711,154785,20240223,74021928.0,0,0,0,0,284,234.0,4,0.823943661971831,0.0140845070422535,114303.0,3.461538461538462,0,Test
6712,154813,20240223,74021975.0,0,0,0,0,185,157.0,5,0.8486486486486486,0.027027027027027,84043.0,3.738853503184714,0,Test
6713,154816,20240223,74021978.0,0,0,0,0,164,121.0,4,0.7378048780487805,0.024390243902439,80515.0,3.991735537190082,0,Test
6714,154852,20240223,74214453.0,0,0,0,0,724,503.0,5,0.6947513812154696,0.0069060773480662,286076.0,3.5805168986083475,0,Control
6715,154856,20240223,74215106.0,0,0,0,0,455,398.0,12,0.8747252747252747,0.0263736263736263,189141.0,3.2386934673366845,0,Test
6716,154912,20240223,74220627.0,0,0,0,0,120,100.0,0,0.8333333333333334,0.0,71876.0,4.180000000000001,0,Control
6717,154946,20240223,74220822.0,0,0,0,0,655,539.0,3,0.8229007633587786,0.0045801526717557,339520.0,3.8534322820037104,0,Control
6718,154964,20240223,74220910.0,0,0,0,0,470,325.0,4,0.6914893617021277,0.0085106382978723,220482.0,3.4953846153846158,0,Control
6719,154992,20240223,74221041.0,0,0,0,0,588,465.0,17,0.7908163265306123,0.0289115646258503,270946.0,3.288172043010753,0,Control
6720,155063,20240223,74221472.0,0,0,0,0,164,128.0,3,0.7804878048780488,0.0182926829268292,77792.0,3.984375,0,Control
6721,155087,20240223,74321666.0,0,0,0,0,828,719.0,38,0.8683574879227053,0.0458937198067632,336267.0,3.2072322670375546,0,Test
6722,155089,20240223,74321670.0,0,0,0,0,415,344.0,27,0.8289156626506025,0.0650602409638554,172157.0,3.241279069767442,0,Test
6723,155110,20240223,74321719.0,0,0,0,0,236,166.0,3,0.7033898305084746,0.0127118644067796,77976.0,3.1807228915662638,0,Control
6724,155112,20240223,74321722.0,0,0,0,0,559,464.0,8,0.8300536672629696,0.0143112701252236,261346.0,3.5538793103448274,0,Control
6725,155174,20240223,74321861.0,0,0,0,0,228,172.0,4,0.7543859649122807,0.0175438596491228,115134.0,4.441860465116276,0,Control
6726,155178,20240223,74321865.0,0,0,0,0,289,202.0,3,0.698961937716263,0.0103806228373702,129192.0,3.376237623762377,0,Control
6727,155207,20240223,74321910.0,0,0,0,0,322,246.0,3,0.7639751552795031,0.0093167701863354,144159.0,3.5975609756097566,0,Control
6728,155240,20240224,74013406.0,0,0,0,0,401,293.0,6,0.7306733167082294,0.0149625935162094,136945.0,3.133105802047781,0,Control
6729,155263,20240224,74016847.0,0,0,0,0,723,571.0,15,0.7897648686030428,0.0207468879668049,253739.0,2.7057793345008765,0,Control
6730,155272,20240224,74020378.0,0,0,0,0,610,475.0,15,0.7786885245901639,0.0245901639344262,298646.0,3.8105263157894735,0,Test
6731,155279,20240224,74020395.0,0,0,0,0,584,466.0,18,0.797945205479452,0.0308219178082191,208668.0,2.948497854077253,0,Test
6732,155292,20240224,74020449.0,0,0,0,0,873,597.0,8,0.6838487972508591,0.0091638029782359,285102.0,3.3618090452261304,0,Test
6733,155321,20240224,74020551.0,0,0,0,0,253,195.0,6,0.7707509881422925,0.0237154150197628,105504.0,3.630769230769231,0,Test
6734,155342,20240224,74020634.0,0,0,0,0,371,348.0,6,0.9380053908355797,0.0161725067385444,185480.0,3.491379310344828,0,Test
6735,155350,20240224,74020653.0,0,0,0,0,267,229.0,7,0.8576779026217228,0.0262172284644194,135758.0,3.3624454148471616,0,Test
6736,155355,20240224,74020660.0,0,0,0,0,95,85.0,5,0.8947368421052632,0.0526315789473684,44669.0,3.28235294117647,0,Test
6737,155362,20240224,74020667.0,0,0,0,0,234,208.0,16,0.8888888888888888,0.0683760683760683,152012.0,4.105769230769231,0,Test
6738,155414,20240224,74020828.0,0,0,0,0,207,188.0,5,0.9082125603864736,0.0241545893719806,104207.0,3.5797872340425525,0,Test
6739,155422,20240224,74020871.0,0,0,0,0,101,83.0,6,0.8217821782178217,0.0594059405940594,40748.0,3.397590361445783,0,Test
6740,155435,20240224,74020920.0,0,0,0,0,478,383.0,5,0.801255230125523,0.0104602510460251,193541.0,3.0417754569190607,0,Control
6741,155441,20240224,74020960.0,0,0,0,0,370,337.0,13,0.9108108108108108,0.0351351351351351,211233.0,3.75074183976261,0,Test
6742,155442,20240224,74020961.0,0,0,0,0,289,219.0,3,0.7577854671280276,0.0103806228373702,155095.0,4.0045662100456605,0,Control
6743,155454,20240224,74021008.0,0,0,0,0,867,663.0,15,0.7647058823529411,0.0173010380622837,322426.0,3.3408748114630464,0,Control
6744,155486,20240224,74021099.0,0,0,0,0,298,246.0,2,0.825503355704698,0.0067114093959731,156161.0,4.430894308943089,0,Control
6745,155491,20240224,74021105.0,0,0,0,0,177,148.0,6,0.8361581920903954,0.0338983050847457,116350.0,4.567567567567566,0,Test
6746,155535,20240224,74021211.0,0,0,0,0,177,117.0,2,0.6610169491525424,0.0112994350282485,85798.0,5.11111111111111,0,Control
6747,155574,20240224,74021302.0,0,0,0,0,355,289.0,14,0.8140845070422535,0.0394366197183098,145512.0,3.314878892733561,0,Test
6748,155601,20240224,74021353.0,0,0,0,0,688,562.0,10,0.8168604651162791,0.0145348837209302,269668.0,3.17081850533808,0,Control
6749,155652,20240224,74021462.0,0,0,0,0,122,91.0,5,0.7459016393442623,0.040983606557377,54728.0,3.670329670329671,0,Control
6750,155661,20240224,74021481.0,0,0,0,0,337,294.0,3,0.8724035608308606,0.0089020771513353,130619.0,3.1360544217687107,0,Control
6751,155724,20240224,74021639.0,0,0,0,0,263,202.0,9,0.7680608365019012,0.0342205323193916,116984.0,3.603960396039603,0,Test
6752,155753,20240224,74021733.0,0,0,0,0,336,246.0,5,0.7321428571428571,0.0148809523809523,203647.0,4.833333333333333,0,Control
6753,155757,20240224,74021738.0,0,0,0,0,150,119.0,5,0.7933333333333333,0.0333333333333333,93707.0,4.168067226890756,0,Test
6754,155812,20240224,74021823.0,0,0,0,0,146,120.0,1,0.821917808219178,0.0068493150684931,125906.0,4.608333333333334,0,Test
6755,155840,20240224,74021880.0,0,0,0,0,237,210.0,4,0.8860759493670886,0.0168776371308016,147849.0,3.328571428571429,0,Test
6756,155860,20240224,74021914.0,0,0,0,0,266,237.0,5,0.8909774436090225,0.018796992481203,106207.0,2.9535864978902966,0,Test
6757,155864,20240224,74021919.0,0,0,0,0,383,309.0,18,0.8067885117493473,0.0469973890339425,150269.0,3.2265372168284787,0,Control
6758,155870,20240224,74021928.0,0,0,0,0,322,255.0,5,0.7919254658385093,0.015527950310559,130481.0,3.3450980392156877,0,Test
6759,155898,20240224,74021975.0,0,0,0,0,173,136.0,4,0.7861271676300579,0.0231213872832369,66892.0,3.772058823529412,0,Test
6760,155901,20240224,74021978.0,0,0,0,0,148,113.0,6,0.7635135135135135,0.0405405405405405,86184.0,4.513274336283186,0,Test
6761,155937,20240224,74214453.0,0,0,0,0,632,472.0,5,0.7468354430379747,0.0079113924050632,269951.0,3.663135593220344,0,Control
6762,155941,20240224,74215106.0,0,0,0,0,635,562.0,21,0.8850393700787401,0.0330708661417322,244029.0,2.957295373665481,0,Test
6763,155997,20240224,74220627.0,0,0,0,0,79,63.0,1,0.7974683544303798,0.0126582278481012,45913.0,4.460317460317462,0,Control
6764,156031,20240224,74220822.0,0,0,0,0,626,488.0,2,0.7795527156549521,0.0031948881789137,282262.0,3.7868852459016416,0,Control
6765,156049,20240224,74220910.0,0,0,0,0,505,313.0,5,0.6198019801980198,0.0099009900990099,216556.0,3.6038338658146953,0,Control
6766,156077,20240224,74221041.0,0,0,0,0,496,387.0,16,0.780241935483871,0.032258064516129,219642.0,3.3152454780361755,0,Control
6767,156148,20240224,74221472.0,0,0,0,0,134,99.0,2,0.7388059701492538,0.0149253731343283,57332.0,3.5858585858585865,0,Control
6768,156172,20240224,74321666.0,0,0,0,0,835,700.0,46,0.8383233532934131,0.0550898203592814,333758.0,3.2142857142857126,0,Test
6769,156174,20240224,74321670.0,0,0,0,0,575,491.0,30,0.8539130434782609,0.0521739130434782,216844.0,2.8798370672097757,0,Test
6770,156195,20240224,74321719.0,0,0,0,0,262,173.0,1,0.6603053435114504,0.0038167938931297,71870.0,2.861271676300579,0,Control
6771,156197,20240224,74321722.0,0,0,0,0,463,408.0,7,0.8812095032397408,0.0151187904967602,224576.0,3.5024509803921573,0,Control
6772,156260,20240224,74321861.0,0,0,0,0,215,163.0,1,0.7581395348837209,0.0046511627906976,101485.0,4.006134969325154,0,Control
6773,156264,20240224,74321865.0,0,0,0,0,320,242.0,6,0.75625,0.01875,135591.0,3.2809917355371923,0,Control
6774,156293,20240224,74321910.0,0,0,0,0,296,227.0,1,0.7668918918918919,0.0033783783783783,99823.0,2.801762114537446,0,Control
