restraunt_id,days_with_test,sum_system_identification_only_showed,avg_system_identification_only_showed,var_system_identification_only_showed,sum_open_auth_count,avg_tap_email_count,sum_tap_sms_count,avg_tap_sms_count,sum_sessions,avg_sessions,var_session,sum_orders,avg_orders,var_orders,sum_auth_orders,avg_auth_orders,var_auth_orders,conversion_rate,auth_conversion_rate,sum_revenue,avg_revenue,avg_product_count
74021095,75,0,0.0,0.0,0,0.0,0,0.0,138991,1853.2133333333334,81605.359279279277,99626,1328.3466666666666,39837.472792792811,1230,16.4,28.0,0.71678022317991807,0.0088494938521199214,38982027.0,519760.36000000016,2.6213351324878538
74020789,75,0,0.0,0.0,0,0.0,0,0.0,53761,716.81333333333339,11595.451171171171,41390,551.86666666666656,8623.9549549549556,731,9.7466666666666661,15.651171171171171,0.76988895295846427,0.013597217313666041,18597892.0,247971.89333333337,3.1843496461006016
74321670,75,0,0.0,0.0,0,0.0,0,0.0,80326,1071.0133333333333,48568.283603603581,58843,784.57333333333327,35812.626306306309,1079,14.386666666666667,24.429549549549556,0.73255234917710332,0.013432761496900132,22790624.0,303874.98666666663,2.7679468220594576
74013318,75,0,0.0,0.0,0,0.0,0,0.0,38466,512.88000000000011,11137.566486486488,28635,381.8,7311.5135135135151,640,8.5333333333333332,10.684684684684685,0.7444236468569646,0.01663806998388187,11582759.0,154436.78666666665,2.8155088606955481
74321673,75,0,0.0,0.0,0,0.0,0,0.0,35045,467.26666666666671,4031.9279279279281,26419,352.25333333333333,2294.8133333333349,572,7.626666666666666,9.2371171171171174,0.75385932372663722,0.016321871879012698,11461305.0,152817.40000000002,2.9554320499686826
74013266,75,0,0.0,0.0,0,0.0,0,0.0,133089,1774.52,26117.712432432429,69002,920.02666666666664,20496.78306306306,1612,21.493333333333332,48.199279279279288,0.51846508727242668,0.012112195598434131,29520086.0,393601.14666666673,3.0111722603910693
74013270,75,0,0.0,0.0,0,0.0,0,0.0,77687,1035.8266666666666,19540.037117117117,58868,784.90666666666675,14165.5181981982,1469,19.58666666666667,29.299819819819824,0.7577586983665221,0.018909212609574316,26284044.0,350453.92000000004,3.002943211890059
74021102,75,0,0.0,0.0,0,0.0,0,0.0,15244,203.25333333333333,1558.9754954954951,11723,156.30666666666667,1244.5398198198197,121,1.6133333333333333,1.7809009009009009,0.76902387824717922,0.0079375491996851212,5693396.0,75911.946666666656,3.43689012951586
74021399,75,0,0.0,0.0,0,0.0,0,0.0,34901,465.34666666666664,22571.526846846849,25016,333.54666666666668,17228.899819819824,344,4.5866666666666669,28.570090090090087,0.71677029311481044,0.009856451104552879,13173058.0,175640.77333333335,3.1592385393626503
74021740,75,0,0.0,0.0,0,0.0,0,0.0,13228,176.37333333333333,1799.9398198198205,9481,126.41333333333334,989.380900900901,201,2.68,3.0854054054054054,0.71673722407015417,0.015195040822497731,5179018.0,69053.573333333334,3.7427844882313726
74021686,75,0,0.0,0.0,0,0.0,0,0.0,46899,625.31999999999982,11139.76108108108,35068,467.57333333333338,7161.8695495495494,536,7.1466666666666665,9.207927927927928,0.74773449327277763,0.011428815113328642,13626912.0,181692.16,2.8128437061714382
74009310,75,0,0.0,0.0,0,0.0,0,0.0,58577,781.02666666666664,11866.377657657664,44172,588.96,9186.9308108108144,628,8.3733333333333331,8.48036036036036,0.75408436758454689,0.010720931423596291,17743874.0,236584.98666666663,2.8027982753338718
74016068,74,0,0.0,0.0,0,0.0,0,0.0,38591,521.5,6277.9794520547957,30436,411.29729729729729,4793.472047389856,514,6.9459459459459456,8.9559422436134764,0.78868129874841286,0.013319167681583789,13217616.0,178616.43243243246,2.9457544783283809
74020885,75,0,0.0,0.0,0,0.0,0,0.0,26290,350.53333333333336,5196.3063063063055,22373,298.30666666666673,4793.9722522522525,120,1.6,1.7837837837837833,0.85100798782807152,0.0045644731837200456,16601951.0,221359.34666666665,5.193678071239443
74020418,75,0,0.0,0.0,0,0.0,0,0.0,34697,462.62666666666661,31188.885765765761,15851,211.34666666666664,2092.3917117117112,393,5.2399999999999993,5.7524324324324319,0.45684064904746807,0.011326627662333919,7333725.0,97783.0,3.2291905430408985
74220439,75,0,0.0,0.0,0,0.0,0,0.0,27770,370.26666666666671,4077.7387387387375,20218,269.57333333333332,2500.2479279279287,381,5.08,5.4799999999999995,0.72805185451926535,0.013719841555635577,12490182.0,166535.76,4.0287516121476648
74221479,75,0,0.0,0.0,0,0.0,0,0.0,14729,196.38666666666666,2697.15927927928,11580,154.4,1976.3243243243246,205,2.7333333333333334,4.09009009009009,0.78620408717496093,0.013918120714237219,5923416.0,78978.88,3.4645096279603522
74220805,75,0,0.0,0.0,0,0.0,0,0.0,15169,202.25333333333333,1038.1646846846845,12438,165.83999999999997,999.81189189189206,178,2.3733333333333335,3.3452252252252253,0.81996176412420063,0.011734458434966049,5712409.0,76165.453333333353,3.2104814178255752
74221294,75,0,0.0,0.0,0,0.0,0,0.0,17206,229.41333333333336,1897.0295495495498,13122,174.96,1289.2821621621631,262,3.4933333333333336,3.6587387387387382,0.76264093920725329,0.015227246309426944,7071759.0,94290.120000000024,3.7999110423641866
74013412,75,0,0.0,0.0,0,0.0,0,0.0,29749,396.65333333333331,13192.5809009009,25637,341.82666666666671,11071.983063063064,208,2.7733333333333334,3.79927927927928,0.86177686644929241,0.0069918316582069989,14953946.07,199385.9476,3.840265828731908
74021338,75,0,0.0,0.0,0,0.0,0,0.0,21703,289.37333333333333,1959.1019819819819,17303,230.70666666666665,1206.047927927928,219,2.92,3.4800000000000004,0.79726305119107954,0.010090770861171267,7416981.0,98893.079999999973,2.9338724740150375
74021491,75,0,0.0,0.0,0,0.0,0,0.0,18080,241.06666666666666,1542.360360360361,14146,188.61333333333332,1292.5376576576571,204,2.72,4.5556756756756762,0.7824115044247788,0.011283185840707964,6386654.0,85155.386666666687,3.227795282509895
74321912,75,0,0.0,0.0,0,0.0,0,0.0,16616,221.54666666666665,2393.9538738738734,12040,160.53333333333333,1477.6576576576579,154,2.0533333333333332,2.4565765765765764,0.724602792489167,0.0092681752527684156,5027267.0,67030.226666666669,2.9862746887986278
74020551,75,0,0.0,0.0,0,0.0,0,0.0,24749,329.98666666666668,9286.3376576576557,17782,237.09333333333331,4621.1398198198176,279,3.7199999999999993,4.8259459459459464,0.71849367651218232,0.011273182754858783,8692691.0,115902.54666666666,3.4324573324190637
74021809,75,0,0.0,0.0,0,0.0,0,0.0,36879,491.72,19776.879999999997,18836,251.14666666666665,10465.099819819819,394,5.253333333333333,9.6511711711711712,0.51075137612191224,0.01068358686515361,17853899.0,244573.9589041096,3.5485827274277018
74021412,75,0,0.0,0.0,0,0.0,0,0.0,22427,299.02666666666659,6889.4857657657612,16416,218.88,4529.4854054054085,335,4.4666666666666668,7.3063063063063058,0.7319748517412048,0.01493735229856869,11741131.0,156548.41333333336,4.1272761539763811
74021015,75,0,0.0,0.0,0,0.0,0,0.0,54579,727.72,7541.1502702702828,31625,421.66666666666669,2837.8738738738748,224,2.9866666666666664,2.2025225225225227,0.57943531394858827,0.0041041426189560087,23009832.0,306797.76,3.2512541854182415
74020973,75,0,0.0,0.0,0,0.0,0,0.0,22107,294.76,1607.4010810810819,16887,225.16,1066.7308108108109,262,3.4933333333333332,3.8479279279279281,0.76387569548106937,0.011851449767042114,7689907.0,102532.09333333332,3.1293805486873785
74020802,75,0,0.0,0.0,0,0.0,0,0.0,18979,253.05333333333331,2900.9160360360365,13445,179.26666666666668,1080.7387387387378,231,3.08,2.6962162162162162,0.70841456346488219,0.012171347278571052,5964293.0,79523.906666666677,3.1000471126389515
74020463,75,0,0.0,0.0,0,0.0,0,0.0,85991,1146.5466666666669,112064.87279279281,48613,648.17333333333329,58022.010090090094,1089,14.52,36.361081081081089,0.56532660394692469,0.012664116012140805,24591991.0,327893.21333333338,3.4246225574187643
74220934,75,0,0.0,0.0,0,0.0,0,0.0,14367,191.56000000000006,1088.168648648649,10674,142.32,852.30162162162185,245,3.2666666666666675,4.1981981981981988,0.74295259970766336,0.017052968608616971,6124871.0,81664.94666666667,3.9213414872210723
74021104,75,0,0.0,0.0,0,0.0,0,0.0,49831,664.4133333333333,6251.2998198198129,38715,516.2,5899.7027027027016,340,4.5333333333333332,3.900900900900901,0.77692600991350769,0.0068230619493889347,17920454.0,238939.38666666666,3.2827934142403521
74021325,75,0,0.0,0.0,0,0.0,0,0.0,23466,312.88,3135.1340540540527,18833,251.10666666666665,2196.0154954954965,330,4.4,5.45945945945946,0.80256541379016444,0.014062899514190744,8303430.0,110712.40000000001,2.9448515042304035
74220766,75,0,0.0,0.0,0,0.0,0,0.0,48701,649.34666666666669,19725.851171171176,37890,505.19999999999993,13624.189189189181,613,8.1733333333333338,12.739819819819822,0.77801277181166706,0.012587010533664606,15429063.0,205720.84,2.6171549818750131
74021559,75,0,0.0,0.0,0,0.0,0,0.0,57671,768.94666666666672,33150.726846846839,45049,600.65333333333342,24290.418738738739,1021,13.613333333333333,36.13225225225225,0.78113783357319966,0.017703871963378474,18222803.0,242970.70666666669,2.8465652136902886
74021160,62,0,0.0,0.0,0,0.0,0,0.0,25393,409.56451612903226,8399.8564251718672,19700,317.741935483871,5595.5060814383914,375,6.0483870967741939,7.5549973558963526,0.77580435553105187,0.014767849407316977,8931414.0,144055.06451612903,3.1092574190441455
74020588,75,0,0.0,0.0,0,0.0,0,0.0,88979,1186.3866666666665,32893.402522522505,74013,986.84,30581.487567567568,858,11.44,12.438918918918922,0.83180300969891774,0.0096427246878476938,28732354.0,383098.05333333334,2.5842455363863266
74021462,73,0,0.0,0.0,0,0.0,0,0.0,9749,133.54794520547944,1254.3344748858447,6927,94.890410958904113,789.40449010654481,125,1.7123287671232876,1.9299847792998479,0.71053441378602933,0.012821827879782541,3572146.0,48933.506849315068,3.4773865216869675
74020494,75,0,0.0,0.0,0,0.0,0,0.0,62206,829.41333333333341,146784.92144144143,9483,126.44,3192.7091891891891,66,0.87999999999999989,0.97189189189189173,0.15244510175867279,0.0010609909011992413,4777143.0,63695.240000000005,3.278089616656656
74021238,75,0,0.0,0.0,0,0.0,0,0.0,43688,582.50666666666666,10869.874954954963,32420,432.26666666666671,7749.4144144144138,351,4.68,7.8151351351351339,0.74208020509064276,0.0080342428126716717,15959247.0,212789.96,3.2697475871296606
74021601,75,0,0.0,0.0,0,0.0,0,0.0,48680,649.06666666666672,14684.414414414421,35652,475.36,11547.503783783784,565,7.5333333333333341,13.495495495495494,0.7323746918652424,0.011606409202958093,23819738.0,317596.50666666665,4.149663693092454
74021394,75,0,0.0,0.0,0,0.0,0,0.0,31190,415.86666666666667,7099.25225225225,22392,298.56,5152.7632432432447,246,3.28,3.4745945945945946,0.717922411029176,0.0078871433151651172,16860617.0,224808.22666666665,4.4115065985694715
74021098,75,0,0.0,0.0,0,0.0,0,0.0,67118,894.90666666666664,26271.166846846849,36290,483.86666666666667,8829.8468468468454,604,8.0533333333333328,9.02414414414414,0.54068953186924518,0.00899907625376203,15896929.0,211959.05333333337,3.0822355973662687
74021385,75,0,0.0,0.0,0,0.0,0,0.0,55616,741.54666666666674,15432.980900900899,35179,469.05333333333328,9070.6187387387326,410,5.4666666666666659,6.4954954954954953,0.6325338032220944,0.0073719792865362486,17602652.0,234702.02666666667,3.541217628628635
74020816,75,0,0.0,0.0,0,0.0,0,0.0,56913,758.84,10254.136216216219,44480,593.06666666666661,5444.6306306306305,678,9.0400000000000009,10.876756756756757,0.78154375977368962,0.011912919719571978,16538439.0,220512.52,2.6003116799312567
74021377,75,0,0.0,0.0,0,0.0,0,0.0,23611,314.81333333333333,1985.3971171171154,18346,244.61333333333334,1812.3484684684684,222,2.96,3.0659459459459462,0.7770107153445428,0.0094023971877514722,8145966.0,108612.88,2.9857234073380212
74220935,75,0,0.0,0.0,0,0.0,0,0.0,66388,885.1733333333334,52056.064144144148,51432,685.75999999999988,36973.779459459452,722,9.6266666666666669,18.020900900900894,0.77471832258841955,0.010875459420377176,20818933.0,277585.77333333332,2.7713031602355156
74214453,75,0,0.0,0.0,0,0.0,0,0.0,53876,718.34666666666669,20270.932252252245,38271,510.28,12824.961081081086,372,4.96,6.2821621621621615,0.71035340411314873,0.006904744227485337,20512062.0,273494.16000000003,3.4237772296815492
74021926,75,0,0.0,0.0,0,0.0,0,0.0,36550,487.33333333333337,23104.792792792807,21117,281.56,2976.4929729729733,252,3.36,3.99027027027027,0.57775649794801642,0.006894664842681259,7492268.0,99896.906666666662,2.7968936253291008
74321629,75,0,0.0,0.0,0,0.0,0,0.0,28721,382.94666666666666,4658.5106306306316,21792,290.56,2985.0064864864867,502,6.6933333333333325,8.837117117117117,0.75874795445841026,0.017478500052226592,10529738.0,140396.50666666668,3.5125094205196032
74321913,73,0,0.0,0.0,0,0.0,0,0.0,19163,262.50684931506851,8754.5034246575342,14189,194.36986301369862,5356.4307458143076,132,1.8082191780821915,3.0738203957382035,0.74043730104889627,0.0068882742785576368,6080805.0,83298.698630136991,2.9783619369940455
74021183,75,0,0.0,0.0,0,0.0,0,0.0,20656,275.4133333333333,3025.6241441441439,15910,212.13333333333333,1928.0090090090093,336,4.48,4.6043243243243239,0.77023625096824166,0.016266460108443067,7572549.0,100967.31999999999,3.2154412466349847
74020950,75,0,0.0,0.0,0,0.0,0,0.0,29210,389.46666666666664,10150.495495495497,22515,300.2,8972.5945945945932,260,3.4666666666666663,3.0900900900900909,0.77079767203012672,0.00890106128038343,10176492.0,135686.56,3.0981289336100013
74021831,75,0,0.0,0.0,0,0.0,0,0.0,23212,309.49333333333334,7208.4425225225195,14532,193.76,3149.1578378378372,337,4.4933333333333332,4.6046846846846838,0.62605548854041015,0.014518352576253661,6363477.0,85992.932432432426,3.1928109838372514
74020698,75,0,0.0,0.0,0,0.0,0,0.0,17519,233.58666666666667,4868.4349549549588,12134,161.78666666666666,2263.4133333333339,229,3.0533333333333337,4.4025225225225224,0.69261944174895829,0.013071522347165934,6200695.0,82675.933333333349,3.3678581074280789
74021743,75,0,0.0,0.0,0,0.0,0,0.0,52585,701.13333333333333,54779.090090090074,32763,436.84,2908.2443243243256,642,8.5599999999999987,10.844324324324322,0.62304839783208144,0.012208804792241134,16412499.0,218833.32,3.27559660016706
74021010,75,0,0.0,0.0,0,0.0,0,0.0,75256,1003.4133333333333,25092.759279279282,60403,805.37333333333333,23353.399279279278,1108,14.773333333333332,15.74522522522523,0.802633677049006,0.014723078558520251,22412935.0,298839.1333333333,2.6902750196566725
74016847,75,0,0.0,0.0,0,0.0,0,0.0,66684,889.12,18026.836756756755,48729,649.71999999999991,10838.01513513514,869,11.586666666666664,17.894414414414417,0.73074500629836248,0.013031611780936956,19564435.0,260859.13333333333,2.6755439302319024
74020784,75,0,0.0,0.0,0,0.0,0,0.0,53297,710.62666666666667,7164.7236036036029,42551,567.34666666666658,5348.7160360360376,728,9.706666666666667,8.5344144144144156,0.79837514306621382,0.01365930540180498,18091728.0,241223.04,2.7866343901444521
74020704,75,0,0.0,0.0,0,0.0,0,0.0,38011,506.81333333333333,17997.099819819821,26460,352.8,10405.02702702703,386,5.1466666666666665,9.91063063063063,0.69611428270763731,0.010154955144563415,18083211.0,241109.48,4.0630824675087842
74021943,75,0,0.0,0.0,0,0.0,0,0.0,30619,408.25333333333333,12090.786306306305,22752,303.35999999999996,7626.3686486486476,209,2.7866666666666666,3.521441441441441,0.74306802965478946,0.0068258271008197523,9255473.0,123406.30666666666,2.7989871075355253
74021865,75,0,0.0,0.0,0,0.0,0,0.0,20187,269.15999999999997,7236.6227027027035,15131,201.7466666666667,4724.8133333333326,272,3.6266666666666665,5.93981981981982,0.74954178431663943,0.01347401793233269,7338115.0,97841.53333333334,3.3532547599039884
74021920,75,0,0.0,0.0,0,0.0,0,0.0,47468,632.90666666666675,17082.950630630632,36217,482.89333333333337,11664.150630630633,294,3.92,5.8313513513513522,0.7629771635628213,0.00619364624589197,20520306.0,273604.07999999996,3.74343390949259
74020666,75,0,0.0,0.0,0,0.0,0,0.0,12253,163.37333333333336,965.93981981982017,8402,112.02666666666667,572.2965765765764,88,1.1733333333333333,0.9830630630630629,0.68570962213335507,0.0071819146331510647,3906110.0,52081.466666666667,3.0460087775401661
74220544,75,0,0.0,0.0,0,0.0,0,0.0,18660,248.8,6244.37837837838,11944,159.25333333333333,2643.8944144144134,189,2.5199999999999996,2.9827027027027029,0.640085744908896,0.010128617363344052,8187955.0,109172.73333333334,3.918507644829659
74020400,75,0,0.0,0.0,0,0.0,0,0.0,17997,239.95999999999998,3574.9308108108107,13346,177.94666666666666,3138.69981981982,131,1.7466666666666664,1.6241441441441444,0.7415680391176307,0.0072789909429349332,7579219.0,101056.25333333334,3.5517951042132956
74021239,75,0,0.0,0.0,0,0.0,0,0.0,29384,391.78666666666663,15895.602522522526,21665,288.86666666666667,10185.279279279282,240,3.1999999999999997,5.8378378378378377,0.73730601687993469,0.0081677103185407024,13484339.0,179791.18666666668,3.9156257794272582
74020906,75,0,0.0,0.0,0,0.0,0,0.0,35865,478.19999999999993,36153.78378378378,26340,351.20000000000005,24553.297297297293,356,4.7466666666666661,7.8944144144144168,0.73442074445838557,0.009926111808169524,19103464.0,254712.85333333333,4.5435640946699944
74021824,75,0,0.0,0.0,0,0.0,0,0.0,25387,338.4933333333334,5294.3344144144121,16986,226.48000000000002,2123.928648648648,298,3.9733333333333327,4.837117117117117,0.66908260133139008,0.011738291251427896,7715100.0,102868.0,3.1376310332222386
74020898,75,0,0.0,0.0,0,0.0,0,0.0,50243,669.90666666666664,16781.383063063073,38475,513.0,12144.297297297297,907,12.093333333333334,28.08576576576576,0.76577831737754509,0.018052265987301714,16236716.0,216489.54666666666,2.7896470656565393
74021236,75,0,0.0,0.0,0,0.0,0,0.0,116385,1551.8000000000002,42271.972972972973,79564,1060.8533333333332,15896.126846846835,482,6.4266666666666667,8.7884684684684675,0.683627615242514,0.00414142715985737,51732401.0,689765.34666666668,2.9126508508613762
74021555,75,0,0.0,0.0,0,0.0,0,0.0,34248,456.64000000000004,6301.7740540540526,18063,240.84,4233.0010810810809,232,3.0933333333333333,3.68036036036036,0.52741765942536789,0.0067741181966830179,9128587.0,121714.49333333335,3.5467959321627354
74021114,75,0,0.0,0.0,0,0.0,0,0.0,41830,557.73333333333335,5487.3603603603606,34996,466.6133333333334,4857.6187387387426,356,4.746666666666667,7.3809009009009,0.8366244322256754,0.00851063829787234,15875623.0,211674.97333333333,3.2746331574197218
74021527,75,0,0.0,0.0,0,0.0,0,0.0,48089,641.18666666666661,7977.1268468468488,36806,490.74666666666667,7022.3809009009019,685,9.1333333333333346,8.7387387387387374,0.76537253841834929,0.014244421801243528,17213119.0,229508.25333333336,3.2843543982834724
74021573,75,0,0.0,0.0,0,0.0,0,0.0,10634,141.78666666666669,703.60252252252269,8069,107.58666666666666,402.70522522522526,156,2.08,3.0475675675675675,0.75879255219108521,0.014669926650366748,3954155.0,52722.066666666666,3.3201455594920906
74021140,71,0,0.0,0.0,0,0.0,0,0.0,29643,417.50704225352115,3737.6249496981854,23375,329.22535211267603,2835.5770623742433,348,4.9014084507042259,4.4044265593561374,0.78855041662449821,0.011739702459265257,10538570.0,148430.5633802817,3.0708804710514412
74220466,75,0,0.0,0.0,0,0.0,0,0.0,32117,428.22666666666669,6934.8533333333344,25460,339.46666666666664,5375.0630630630621,352,4.6933333333333334,6.4857657657657652,0.79272659339290719,0.010959927764112464,12497744.0,166636.58666666667,3.3722210956572889
74021930,75,0,0.0,0.0,0,0.0,0,0.0,11952,159.35999999999999,2618.9632432432431,8602,114.69333333333334,1347.2695495495498,152,2.0266666666666668,2.0533333333333332,0.71971218206157961,0.012717536813922356,4850238.0,64669.840000000004,3.7009152488144803
74020798,75,0,0.0,0.0,0,0.0,0,0.0,32676,435.68,26587.382702702704,16548,220.64000000000001,4085.5848648648634,291,3.8799999999999994,5.188108108108108,0.506426735218509,0.0089056188027910391,6982693.0,94360.716216216213,3.1078844330859972
74021862,75,0,0.0,0.0,0,0.0,0,0.0,31673,422.30666666666656,5458.4587387387364,22932,305.76000000000005,2939.5902702702697,327,4.3599999999999994,5.5308108108108121,0.72402361632936574,0.010324250939285826,11114089.0,148187.8533333333,3.2673766905223625
74021148,75,0,0.0,0.0,0,0.0,0,0.0,35307,470.76,3425.2929729729731,28624,381.65333333333331,2199.9592792792782,397,5.293333333333333,7.2911711711711717,0.8107174214744951,0.0112442291896791,11617852.0,154904.69333333333,2.8664826406115327
74021756,75,0,0.0,0.0,0,0.0,0,0.0,40403,538.70666666666671,8729.6965765765817,27834,371.12,7051.2962162162148,562,7.4933333333333341,12.496576576576576,0.68890923941291493,0.013909858178848105,16209771.0,216130.28,3.7536468347847927
74321911,75,0,0.0,0.0,0,0.0,0,0.0,29166,388.88,6627.7556756756812,23606,314.74666666666667,6154.0836036036053,182,2.4266666666666663,4.32900900900901,0.80936707124734275,0.0062401426318315851,9753245.0,130043.26666666666,3.1059445285502272
74014086,75,0,0.0,0.0,0,0.0,0,0.0,73322,977.62666666666655,35523.480360360372,51912,692.16,16623.244324324314,728,9.7066666666666688,14.156036036036033,0.70800032732331364,0.0099288071792913452,22340577.0,297874.35999999993,3.0699587769094481
74021081,75,0,0.0,0.0,0,0.0,0,0.0,26715,356.20000000000005,7949.0270270270285,20944,279.25333333333333,6136.2998198198193,466,6.2133333333333329,8.2241441441441427,0.78397903799363655,0.017443383866741533,9785405.0,130472.06666666668,3.1252036956026377
74221036,75,0,0.0,0.0,0,0.0,0,0.0,20069,267.5866666666667,2046.2457657657662,14750,196.66666666666666,1642.4144144144143,258,3.44,4.7362162162162162,0.73496437291344863,0.01285564801435049,7794725.0,103929.66666666666,3.6468140990502342
74020879,75,0,0.0,0.0,0,0.0,0,0.0,65094,867.92,32917.64216216217,17054,227.38666666666666,1632.1322522522526,214,2.8533333333333331,4.207927927927928,0.26199035241343288,0.0032875533843364979,7901720.0,105356.26666666668,3.1035207204130968
74220607,75,0,0.0,0.0,0,0.0,0,0.0,27530,367.06666666666666,2444.1981981982,21178,282.37333333333333,1656.0479279279289,346,4.6133333333333333,5.8079279279279259,0.76926988739556845,0.012568107519070105,9252165.0,123362.2,2.8960107919896312
74321570,75,0,0.0,0.0,0,0.0,0,0.0,15984,213.11999999999998,2429.0259459459462,11308,150.77333333333331,1484.907387387387,283,3.773333333333333,3.6641441441441445,0.70745745745745747,0.017705205205205205,5562939.0,74172.51999999999,3.1944141612829524
74021517,75,0,0.0,0.0,0,0.0,0,0.0,13723,182.97333333333336,1468.3236036036026,10445,139.26666666666668,1071.4684684684682,213,2.8399999999999994,3.6767567567567565,0.76113094804343073,0.015521387451723384,5550598.0,74007.973333333342,3.8569104305707409
74020490,75,0,0.0,0.0,0,0.0,0,0.0,15359,204.78666666666666,1766.1700900900905,11035,147.13333333333333,1270.4414414414416,257,3.4266666666666667,4.0046846846846851,0.71847125463897388,0.0167328602122534,5454522.0,72726.959999999992,3.3612611897667097
74022006,75,0,0.0,0.0,0,0.0,0,0.0,13244,176.5866666666667,8622.1106306306338,5626,75.01333333333335,2270.0944144144146,47,0.62666666666666671,0.77765765765765771,0.42479613409845968,0.0035487768045907582,5422785.0,73280.878378378387,6.36685084953508
74020424,75,0,0.0,0.0,0,0.0,0,0.0,31351,418.01333333333332,4187.6619819819807,24695,329.26666666666665,3457.6306306306315,347,4.6266666666666669,7.1019819819819814,0.78769417243469109,0.011068227488756339,8688653.0,115848.70666666667,2.391756554951884
74021484,75,0,0.0,0.0,0,0.0,0,0.0,18950,252.66666666666666,4441.8198198198206,13010,173.4666666666667,2594.0360360360364,168,2.24,2.6713513513513512,0.68654353562005277,0.008865435356200527,6176181.0,83461.905405405414,3.3142959900185414
74021932,75,0,0.0,0.0,0,0.0,0,0.0,17371,231.61333333333334,6484.4565765765765,11089,147.85333333333332,2704.991711711712,115,1.5333333333333334,2.7927927927927931,0.63836278855563866,0.0066202291174946746,5722664.0,76302.186666666676,3.7695625926821137
74021888,75,0,0.0,0.0,0,0.0,0,0.0,42533,567.10666666666657,5963.5290090090139,33344,444.5866666666667,4562.8673873873877,542,7.2266666666666666,8.042522522522523,0.78395598711588654,0.012743046575600122,12444661.0,165928.81333333332,2.9271637690082009
74221451,75,0,0.0,0.0,0,0.0,0,0.0,16801,224.01333333333335,2481.0944144144146,12291,163.88,1670.8097297297302,119,1.5866666666666664,1.7322522522522525,0.73156359740491639,0.0070829117314445567,7927494.0,105699.91999999998,3.7264144478686183
74021857,75,0,0.0,0.0,0,0.0,0,0.0,36507,486.76000000000005,10165.482162162161,26101,348.01333333333332,5513.66198198198,542,7.2266666666666657,7.3398198198198212,0.71495877502944638,0.014846467800695757,10916968.0,145559.57333333333,2.93306127897772
74021543,75,0,0.0,0.0,0,0.0,0,0.0,32250,430.0,2600.8108108108117,22955,306.06666666666661,2317.1441441441448,300,3.9999999999999996,4.4864864864864868,0.71178294573643408,0.0093023255813953487,10804715.0,144062.86666666664,3.27724976768373
74221446,75,0,0.0,0.0,0,0.0,0,0.0,27044,360.58666666666664,6067.4890090090094,18944,252.5866666666667,3761.7863063063082,165,2.1999999999999997,2.189189189189189,0.70048809347729624,0.0061011684662032242,9794500.0,130593.3333333333,3.4287448941611274
74013352,75,0,0.0,0.0,0,0.0,0,0.0,31378,418.37333333333333,13012.264144144143,22025,293.66666666666669,6995.5765765765773,450,6.0,7.7027027027027044,0.70192491554592384,0.01434125820638664,13781934.0,183759.12,3.6911881996620655
74021786,75,0,0.0,0.0,0,0.0,0,0.0,31585,421.13333333333333,7874.3873873873854,23097,307.96,5241.4713513513516,249,3.32,3.5178378378378379,0.73126484090549315,0.0078834889979420616,7155983.0,95413.106666666659,2.2314599928950143
74021747,75,0,0.0,0.0,0,0.0,0,0.0,27438,365.84,1998.4875675675678,20269,270.25333333333339,1109.2727927927929,408,5.4399999999999995,7.087567567567568,0.73872002332531528,0.014869888475836431,10284866.0,137131.54666666666,3.4662544074923409
74221226,75,0,0.0,0.0,0,0.0,0,0.0,11470,152.93333333333331,968.17117117117107,9351,124.68000000000004,567.5448648648653,138,1.8400000000000003,1.9470270270270271,0.8152571926765475,0.012031386224934612,5238535.0,69847.133333333346,3.8288767922312412
74020880,75,0,0.0,0.0,0,0.0,0,0.0,18726,249.68000000000004,1519.680000000001,13900,185.33333333333329,1003.8468468468467,314,4.1866666666666674,4.0998198198198192,0.74228345615721458,0.016768129872903985,6589147.0,87855.293333333335,3.1118824941673413
74021061,75,0,0.0,0.0,0,0.0,0,0.0,27630,368.40000000000003,8296.54054054054,22131,295.08,7945.588108108107,330,4.4,7.3513513513513518,0.8009771986970684,0.011943539630836048,13253475.0,176713.0,4.1278568624154479
74014706,75,0,0.0,0.0,0,0.0,0,0.0,36463,486.17333333333329,5857.1992792792835,29650,395.33333333333337,4250.9819819819822,489,6.5200000000000005,5.739459459459459,0.81315305926555692,0.013410854839152017,14066848.0,187557.97333333333,3.0834813598552855
74021591,75,0,0.0,0.0,0,0.0,0,0.0,32498,433.30666666666667,3861.9452252252258,25925,345.66666666666669,2335.1711711711723,431,5.746666666666667,4.4349549549549554,0.79774139947073663,0.013262354606437319,11083958.0,147786.10666666669,2.8527334220048939
74020395,75,0,0.0,0.0,0,0.0,0,0.0,53873,718.30666666666662,30191.864144144147,38429,512.38666666666666,16597.05117117117,640,8.5333333333333314,17.576576576576574,0.71332578471590591,0.011879791361164219,15724143.0,209655.24000000005,2.93891529070693
74021208,75,0,0.0,0.0,0,0.0,0,0.0,73877,985.02666666666653,35206.756036036037,56215,749.53333333333342,27028.279279279279,661,8.8133333333333344,11.910630630630632,0.76092694614020606,0.0089473043030983933,21061149.0,280815.32,2.5456086167843894
74220904,75,0,0.0,0.0,0,0.0,0,0.0,24201,322.68,1885.9502702702707,19496,259.9466666666666,1248.3214414414408,269,3.5866666666666669,3.7052252252252251,0.8055865460104954,0.011115243171769762,8042786.0,107237.14666666667,2.9482092491029328
74321722,75,0,0.0,0.0,0,0.0,0,0.0,33663,448.84,9739.8929729729716,26184,349.12,7446.7827027027033,374,4.9866666666666672,5.2836036036036038,0.7778272881204884,0.0111101209042569,13374163.0,178322.17333333334,3.3434009337158148
74021443,75,0,0.0,0.0,0,0.0,0,0.0,25218,336.24,5478.5632432432412,16867,224.89333333333332,3593.2046846846856,87,1.1600000000000001,1.7037837837837841,0.66884764850503609,0.0034499167261479893,11324103.0,150988.04,3.9451537677230708
74321844,75,0,0.0,0.0,0,0.0,0,0.0,24108,321.44,10637.168648648649,13313,177.50666666666669,1892.3344144144162,171,2.28,3.2313513513513512,0.55222332835573251,0.0070930811348929815,8350444.0,111339.25333333333,3.6304410582677642
74021392,75,0,0.0,0.0,0,0.0,0,0.0,44455,592.73333333333335,19355.900900900913,32804,437.38666666666666,16139.99711711712,323,4.3066666666666666,5.1073873873873872,0.7379147452480036,0.007265774378585086,16067943.0,214239.23999999996,3.0230727634708243
74021437,75,0,0.0,0.0,0,0.0,0,0.0,85532,1140.4266666666667,84556.1398198198,30435,405.79999999999995,10413.18918918919,367,4.8933333333333335,6.7992792792792782,0.35583173549081043,0.0042907917504559695,22880941.0,305079.21333333338,3.1445448848197715
74020851,75,0,0.0,0.0,0,0.0,0,0.0,41665,555.5333333333333,11978.792792792794,32056,427.4133333333333,7114.92144144144,448,5.9733333333333336,7.1884684684684679,0.7693747749909996,0.010752430097203888,15104994.0,201399.92,3.3282536367655573
74220752,75,0,0.0,0.0,0,0.0,0,0.0,15286,203.81333333333333,1954.0457657657657,12160,162.13333333333333,1101.1981981981983,241,3.2133333333333329,5.3052252252252261,0.79549914954860657,0.015766060447468273,6548754.0,87316.72,3.8243137229578608
74021306,74,0,0.0,0.0,0,0.0,0,0.0,11449,154.7162162162162,2752.2882265827475,8215,111.01351351351352,1584.3422806368012,223,3.0135135135135136,4.6436504998148838,0.71752991527644339,0.01947768364049262,5217111.0,72459.875000000015,4.2798186786875911
74021638,75,0,0.0,0.0,0,0.0,0,0.0,27631,368.4133333333333,3900.5160360360364,22755,303.40000000000003,2983.5135135135133,371,4.9466666666666663,4.9430630630630645,0.823531540660852,0.013426947993196048,10888752.0,145183.36,3.2708930766713058
74012966,75,0,0.0,0.0,0,0.0,0,0.0,29966,399.54666666666668,5494.2781981981989,22230,296.40000000000003,5348.1621621621616,319,4.253333333333333,4.5160360360360361,0.7418407528532337,0.010645398117866916,11240208.0,149869.44,3.3325526402066803
74021820,75,0,0.0,0.0,0,0.0,0,0.0,6910,92.13333333333334,1220.9819819819825,4469,59.586666666666659,648.84036036036048,15,0.20000000000000004,0.24324324324324328,0.64674384949348773,0.0021707670043415342,3675518.0,49006.906666666662,5.5357083388072557
74015705,75,0,0.0,0.0,0,0.0,0,0.0,25159,335.45333333333332,4574.6836036036038,18937,252.49333333333334,3382.6046846846843,238,3.1733333333333338,4.1992792792792795,0.75269287332564883,0.0094598354465598791,8013394.0,106845.25333333331,2.9748463432360395
74021012,75,0,0.0,0.0,0,0.0,0,0.0,35628,475.04,9432.2551351351376,27893,371.90666666666664,6474.76144144144,512,6.8266666666666662,10.307387387387388,0.7828954754687325,0.014370719658695408,11441168.0,152548.90666666668,2.9078441670184842
74021237,75,0,0.0,0.0,0,0.0,0,0.0,27974,372.98666666666662,22149.337657657659,21228,283.04,17224.8227027027,265,3.5333333333333328,5.1441441441441436,0.75884750125116174,0.0094730821477085874,10444097.0,139254.62666666668,3.3205052931763808
74321785,75,0,0.0,0.0,0,0.0,0,0.0,31734,423.12,9993.0259459459467,20835,277.8,4307.9459459459476,353,4.706666666666667,7.5073873873873866,0.65655133295519,0.011123715888321674,10202826.0,136037.68,3.3033683897547457
74020695,75,0,0.0,0.0,0,0.0,0,0.0,48021,640.28000000000009,18273.23135135134,34251,456.68000000000006,11013.923243243244,281,3.7466666666666666,5.0565765765765764,0.71325045292684452,0.0058516065887840732,12867506.0,171566.74666666667,2.8092612549285274
74022007,56,0,0.0,0.0,0,0.0,0,0.0,18663,333.26785714285717,28845.436038961034,7875,140.625,7158.165909090907,108,1.9285714285714286,3.0857142857142859,0.421957884584472,0.0057868509885870435,5727566.0,110145.49999999999,4.9835473346502921
74020411,75,0,0.0,0.0,0,0.0,0,0.0,47036,627.14666666666665,28890.883603603597,35785,477.13333333333338,23509.414414414416,388,5.1733333333333338,6.09117117117117,0.760800238115486,0.008249000765371205,23972822.0,319637.62666666665,3.9405625727565936
74013416,75,0,0.0,0.0,0,0.0,0,0.0,30941,412.54666666666674,5384.9809009008995,21527,287.0266666666667,3242.945225225224,403,5.373333333333334,4.912792792792791,0.69574351184512462,0.013024789114766814,9459099.0,126121.32000000002,2.9376525400491529
74020492,75,0,0.0,0.0,0,0.0,0,0.0,71523,953.64,33778.476756756754,58491,779.88,30564.674594594595,831,11.08,13.074594594594595,0.8177928778155279,0.011618640157711505,28106743.0,374756.5733333333,3.2865716756897063
74014316,75,0,0.0,0.0,0,0.0,0,0.0,16517,220.22666666666666,4415.2046846846843,12400,165.33333333333331,3285.6846846846847,174,2.3199999999999994,2.652972972972973,0.75074166010776777,0.01053460071441545,5583450.0,74446.0,3.0943652132961357
74021576,75,0,0.0,0.0,0,0.0,0,0.0,9447,125.95999999999998,570.90378378378364,6636,88.48,296.25297297297311,86,1.1466666666666665,1.234954954954955,0.70244522070498572,0.0091034190748385726,2982799.0,39770.653333333335,3.4938052850776433
74020860,75,0,0.0,0.0,0,0.0,0,0.0,15392,205.22666666666666,3193.5830630630639,11698,155.97333333333336,2102.72900900901,342,4.5600000000000005,6.574054054054054,0.76000519750519746,0.022219334719334721,7743213.0,103242.84000000001,4.3228867218593114
74021513,75,0,0.0,0.0,0,0.0,0,0.0,9105,121.4,1429.1081081081088,7232,96.426666666666662,1033.7614414414418,199,2.6533333333333333,3.4727927927927928,0.79428885227896762,0.02185612300933553,4392076.0,58561.013333333329,4.2615209508668173
74015477,75,0,0.0,0.0,0,0.0,0,0.0,25254,336.71999999999997,3951.7989189189198,18731,249.74666666666664,2536.5700900900893,262,3.4933333333333332,4.766846846846847,0.741704284469787,0.010374594123703175,8968614.0,119581.52,3.2236869202655152
74021608,75,0,0.0,0.0,0,0.0,0,0.0,10449,139.32,732.73405405405424,8070,107.6,515.54054054054063,138,1.8399999999999996,2.2443243243243249,0.77232271030720645,0.013207005455067471,4188854.0,55851.386666666665,3.5669023044283343
74020908,75,0,0.0,0.0,0,0.0,0,0.0,12883,171.77333333333331,1709.6641441441438,9921,132.27999999999997,1366.258378378378,107,1.4266666666666667,1.3830630630630631,0.77008460762244824,0.0083055189008771242,5245842.0,69944.560000000012,4.1539350527725354
74220778,75,0,0.0,0.0,0,0.0,0,0.0,9828,131.04,1067.5524324324324,7188,95.84,632.29837837837852,135,1.8,2.2432432432432434,0.73137973137973133,0.013736263736263736,3631973.0,49080.716216216213,3.4712792639514127
74021118,75,0,0.0,0.0,0,0.0,0,0.0,53744,716.5866666666667,19924.056576576579,43849,584.65333333333342,19649.067387387378,360,4.8,5.6486486486486482,0.81588642453111049,0.0066984221494492411,19483643.0,259781.90666666671,3.1682881528446476
74015171,75,0,0.0,0.0,0,0.0,0,0.0,28943,385.90666666666664,1892.4641441441447,22250,296.66666666666663,1651.3603603603601,404,5.3866666666666667,4.5376576576576584,0.76875237535846319,0.013958470096396365,8914650.0,118862.0,2.9260678894409544
74021487,75,0,0.0,0.0,0,0.0,0,0.0,27730,369.73333333333341,5343.5495495495516,20208,269.44,3200.1145945945968,330,4.3999999999999995,6.2162162162162167,0.72874143526866209,0.011900468806346917,8075508.0,107673.44000000002,2.9062473044531765
74021605,75,0,0.0,0.0,0,0.0,0,0.0,8297,110.62666666666668,670.69657657657672,5674,75.653333333333322,349.85117117117125,140,1.8666666666666667,1.9819819819819822,0.68386163673616973,0.016873568759792696,3057590.99,40767.879866666663,3.5225010103583463
74020717,75,0,0.0,0.0,0,0.0,0,0.0,21198,282.64,6333.9091891891867,14772,196.95999999999998,3260.7956756756757,169,2.2533333333333334,3.3538738738738743,0.6968581941692612,0.0079724502311538832,7199478.0,95993.039999999979,3.5052870639783831
74021600,75,0,0.0,0.0,0,0.0,0,0.0,54922,732.29333333333329,15388.318198198207,38463,512.84,10104.703783783789,384,5.12,6.5124324324324343,0.70032045446269253,0.0069917337314737262,22958046.0,306107.28,3.9518733113886557
74021516,75,0,0.0,0.0,0,0.0,0,0.0,13075,174.33333333333337,681.09009009008969,9807,130.76000000000002,330.6172972972974,129,1.72,2.2854054054054056,0.750057361376673,0.0098661567877629062,4364671.99,58195.626533333336,3.2464996974115357
74021512,75,0,0.0,0.0,0,0.0,0,0.0,20148,268.64,4886.4497297297294,14904,198.72000000000003,2644.5016216216213,215,2.8666666666666663,2.6576576576576576,0.73972602739726023,0.010671034345840779,6545478.0,87273.040000000008,3.4506265106194687
74013278,75,0,0.0,0.0,0,0.0,0,0.0,40830,544.4,39629.2972972973,27660,368.8,21157.72972972973,480,6.3999999999999995,11.162162162162161,0.677443056576047,0.011756061719324026,13787203.0,183829.37333333335,3.329772620572907
74020706,75,0,0.0,0.0,0,0.0,0,0.0,31116,414.88,4852.1881081081083,23855,318.06666666666666,2864.5225225225231,511,6.8133333333333326,6.9646846846846859,0.76664738398251708,0.01642241933410464,10963471.0,146179.61333333331,3.1226517325849623
74020852,75,0,0.0,0.0,0,0.0,0,0.0,58286,777.14666666666676,18418.261981981981,41220,549.6,9844.7567567567585,749,9.9866666666666681,17.85117117117117,0.707202415674433,0.012850427203788217,16991901.0,226558.68,2.8504099445477387
74021025,74,0,0.0,0.0,0,0.0,0,0.0,22221,300.28378378378375,4304.91836356905,16267,219.82432432432432,2473.9276194002223,220,2.9729729729729732,3.5061088485746015,0.73205526303946722,0.0099005445299491478,8009356.0,108234.54054054053,3.4489908448779802
74021733,75,0,0.0,0.0,0,0.0,0,0.0,22784,303.78666666666669,10177.007927927929,17763,236.83999999999997,7504.5686486486493,412,5.4933333333333332,12.658738738738739,0.7796260533707865,0.018082865168539325,12914644.0,172195.25333333333,4.5989281145263963
74020675,74,0,0.0,0.0,0,0.0,0,0.0,33214,448.83783783783781,4000.6308774527924,28858,389.97297297297291,4405.7252869307667,286,3.8648648648648645,4.6664198445020357,0.86885048473535254,0.0086108267598000842,14051123.0,189880.04054054056,3.381295257537233
74321876,75,0,0.0,0.0,0,0.0,0,0.0,23609,314.78666666666663,6934.0349549549546,17005,226.73333333333335,3978.4684684684689,362,4.8266666666666662,5.73981981981982,0.72027616586894827,0.015333135668600957,9955118.0,132734.90666666668,3.8822244045457235
74021090,75,0,0.0,0.0,0,0.0,0,0.0,29718,396.24,14984.022702702701,19956,266.08,9299.7502702702714,230,3.0666666666666664,3.3873873873873874,0.67151221481930146,0.0077394171882360857,9275719.0,123676.25333333331,2.8610074122227225
74321805,75,0,0.0,0.0,0,0.0,0,0.0,34779,463.72,12995.636756756756,27210,362.8,10777.594594594595,519,6.92,14.480000000000002,0.78236867074959027,0.014922798240317434,10232844.0,136437.91999999998,2.5564548283536705
74321698,75,0,0.0,0.0,0,0.0,0,0.0,47291,630.54666666666662,10069.791711711714,37381,498.41333333333324,8231.75927927928,521,6.9466666666666672,6.6998198198198189,0.79044638514727961,0.011016895392357954,14184501.0,189126.68000000002,2.7243616062768834
74020896,75,0,0.0,0.0,0,0.0,0,0.0,21090,281.2,7674.6216216216217,15024,200.32,3734.3286486486481,255,3.4,5.6756756756756754,0.712375533428165,0.012091038406827881,7760806.0,103477.41333333333,3.47133262505253
74020587,75,0,0.0,0.0,0,0.0,0,0.0,19870,264.93333333333334,4311.9819819819822,15338,204.50666666666666,2854.7127927927932,434,5.7866666666666671,8.5754954954954972,0.77191746351283341,0.021841972823351787,8616244.0,114883.25333333333,3.8438274557430789
74020419,75,0,0.0,0.0,0,0.0,0,0.0,15856,211.41333333333333,7460.2727927927945,11910,158.8,5253.0270270270266,357,4.76,7.2659459459459441,0.75113521695257313,0.022515136226034307,7121042.0,94947.226666666684,3.9553619168771852
74021531,75,0,0.0,0.0,0,0.0,0,0.0,6692,89.226666666666659,396.6371171171171,4934,65.786666666666662,266.38630630630627,83,1.1066666666666667,1.3668468468468469,0.73729826658696951,0.012402869097429766,2617796.99,34903.959866666664,3.6458142086823941
74020631,75,0,0.0,0.0,0,0.0,0,0.0,32130,428.4,13161.351351351354,24784,330.45333333333338,8942.6295495495469,537,7.16,8.5956756756756754,0.77136632430750074,0.016713352007469654,13847698.0,184635.97333333333,3.3557077009576051
74020487,75,0,0.0,0.0,0,0.0,0,0.0,39139,521.85333333333324,16743.045765765768,29029,387.0533333333334,9746.7809009008979,397,5.293333333333333,5.2911711711711717,0.74168987454968194,0.010143335292163826,16545525.0,220607.0,3.5722524927119892
74321910,75,0,0.0,0.0,0,0.0,0,0.0,15965,212.86666666666667,4156.0630630630631,12855,171.39999999999998,2877.5405405405409,131,1.7466666666666666,2.0025225225225225,0.8051988725336674,0.0082054494206075784,5901459.0,78686.119999999981,3.1790738539520524
74020593,75,0,0.0,0.0,0,0.0,0,0.0,23182,309.09333333333336,7769.2749549549571,16901,225.34666666666669,4616.0673873873875,204,2.7199999999999998,2.8259459459459455,0.72905702700370978,0.008799930980933483,8936360.0,119151.46666666666,3.5208782405600161
74021520,75,0,0.0,0.0,0,0.0,0,0.0,15770,210.26666666666665,1683.5765765765764,9615,128.20000000000002,966.05405405405429,128,1.7066666666666668,1.7236036036036033,0.60970196575776792,0.0081166772352568167,4626218.0,61682.906666666655,3.4897981828312781
74220773,75,0,0.0,0.0,0,0.0,0,0.0,20207,269.42666666666662,9044.166846846847,15580,207.73333333333335,6586.9819819819813,191,2.5466666666666664,3.0619819819819822,0.77101994358390658,0.0094521700400851186,10413969.0,138852.91999999998,4.025202249025952
74213284,75,0,0.0,0.0,0,0.0,0,0.0,56944,759.25333333333333,46244.624144144145,41317,550.89333333333343,23586.09657657659,510,6.8,9.0810810810810825,0.72557249227311038,0.008956167462770441,18286650.0,243822.0,2.9225869015843609
74020735,75,0,0.0,0.0,0,0.0,0,0.0,24212,322.82666666666671,9430.1452252252257,16585,221.13333333333333,5233.6576576576572,374,4.9866666666666672,9.6619819819819828,0.68499091359656372,0.015446885841731373,9432300.0,125764.0,3.5506293310123418
74021577,75,0,0.0,0.0,0,0.0,0,0.0,10499,139.98666666666665,1067.6890090090085,7686,102.47999999999999,717.87459459459444,122,1.6266666666666665,1.8317117117117119,0.73206972092580247,0.011620154300409562,3564303.0,47524.04,3.4066024233405674
74020610,75,0,0.0,0.0,0,0.0,0,0.0,23718,316.24,6477.9956756756792,17279,230.38666666666671,4232.0241441441458,307,4.0933333333333337,5.7614414414414412,0.72851842482502738,0.012943755797284762,10469326.0,139591.01333333334,3.7307128762372992
74021542,75,0,0.0,0.0,0,0.0,0,0.0,12238,163.17333333333335,640.01009009009033,9343,124.57333333333334,411.65333333333342,166,2.2133333333333329,2.0619819819819822,0.76344173884621669,0.013564307893446642,4150723.0,55342.973333333321,3.1057447144447634
74020608,75,0,0.0,0.0,0,0.0,0,0.0,37771,503.6133333333334,12175.916036036042,28168,375.57333333333332,8799.2209009009021,273,3.6399999999999997,5.1794594594594594,0.74575732704985309,0.0072277673347277008,15726622.0,209688.29333333333,3.4825767814166104
74021064,75,0,0.0,0.0,0,0.0,0,0.0,27612,368.15999999999997,4301.81189189189,21682,289.09333333333331,3305.5992792792795,273,3.6399999999999997,3.8821621621621634,0.78523830218745472,0.009887005649717515,11070931.0,147612.41333333333,3.6839794439878339
74021514,75,0,0.0,0.0,0,0.0,0,0.0,9605,128.06666666666666,773.3063063063064,7001,93.346666666666678,583.36468468468468,137,1.8266666666666667,2.0371171171171172,0.72889120249869854,0.014263404476834982,3582430.0,47765.733333333344,3.6083023870731177
74021432,75,0,0.0,0.0,0,0.0,0,0.0,86055,1147.4,56727.135135135126,64197,855.95999999999992,37615.579459459463,115,1.5333333333333334,1.2522522522522526,0.74599965138574165,0.0013363546569054674,26435509.0,357236.60810810805,2.74619683528952
74021533,75,0,0.0,0.0,0,0.0,0,0.0,8063,107.50666666666667,1265.1722522522521,5367,71.56,681.33081081081093,121,1.6133333333333331,1.889009009009009,0.66563313903013765,0.015006821282401092,2697023.0,36945.5205479452,3.4856629013686145
74220499,75,0,0.0,0.0,0,0.0,0,0.0,44566,594.21333333333337,17336.548468468471,30222,402.96,9226.7416216216225,316,4.2133333333333329,5.7646846846846849,0.67814028631692325,0.0070906071893371628,17529465.0,233726.2,3.4998168421576024
74321787,75,0,0.0,0.0,0,0.0,0,0.0,12658,168.77333333333331,2263.6911711711709,8226,109.68,1260.9772972972974,78,1.04,0.9848648648648648,0.64986569758255652,0.0061621109179965236,4857988.0,64773.17333333334,3.6227190354675343
74221439,75,0,0.0,0.0,0,0.0,0,0.0,12938,172.50666666666666,2159.3884684684681,9752,130.02666666666664,1592.2154954954958,209,2.7866666666666662,4.2511711711711708,0.7537486473952697,0.01615396506415211,5546253.0,73950.040000000008,3.4592477502186605
74021614,75,0,0.0,0.0,0,0.0,0,0.0,24217,322.89333333333337,5718.8803603603592,17266,230.21333333333334,3979.0619819819826,209,2.7866666666666666,4.1971171171171173,0.712970227526118,0.0086303010282033285,7706370.0,102751.6,3.2925575764408253
74021693,75,0,0.0,0.0,0,0.0,0,0.0,48702,649.3599999999999,4963.6118918918946,36731,489.74666666666656,3970.5971171171177,732,9.7600000000000016,10.455135135135135,0.75419900620097735,0.015030183565356658,18471174.0,246282.32000000004,3.4646813442665363
74020442,75,0,0.0,0.0,0,0.0,0,0.0,79857,1064.76,12270.590270270268,60937,812.49333333333334,9297.03711711713,795,10.6,13.864864864864861,0.76307649924239573,0.0099552950899733268,28904370.0,385391.6,3.0631241114358345
74321903,75,0,0.0,0.0,0,0.0,0,0.0,19144,255.25333333333333,7273.9754954954933,13685,182.46666666666667,6558.6036036036039,149,1.9866666666666668,2.0944144144144148,0.71484538236523187,0.0077831174258253238,6288512.0,83846.826666666675,3.0551093667675464
74020609,75,0,0.0,0.0,0,0.0,0,0.0,17215,229.53333333333336,4494.1171171171154,13654,182.05333333333334,3234.4025225225237,276,3.6799999999999997,4.2475675675675681,0.79314551263433053,0.016032529770548941,10134059.0,135120.78666666668,4.2984921959685893
74221478,75,0,0.0,0.0,0,0.0,0,0.0,14225,189.66666666666666,815.46846846846893,10548,140.64000000000001,610.368648648649,126,1.68,1.4097297297297298,0.74151142355008792,0.0088576449912126532,4635336.0,61804.479999999996,3.0646300245129523
74021111,75,0,0.0,0.0,0,0.0,0,0.0,13441,179.21333333333331,1132.305225225226,10656,142.07999999999998,882.80432432432463,73,0.97333333333333327,1.0803603603603604,0.792798154899189,0.0054311435161074322,5217579.0,69567.72,3.4616015202741703
74221416,75,0,0.0,0.0,0,0.0,0,0.0,15155,202.06666666666666,2128.198198198199,9977,133.02666666666667,962.89117117117144,121,1.6133333333333333,1.672792792792793,0.65833058396568789,0.0079841636423622561,4729137.0,63055.159999999996,3.1252418052915476
74021305,75,0,0.0,0.0,0,0.0,0,0.0,15879,211.72,5301.8259459459487,10070,134.26666666666668,3112.8468468468473,62,0.82666666666666688,1.3614414414414415,0.6341709175640784,0.003904527992946659,6770722.0,90276.293333333335,4.9105137750632553
74021054,75,0,0.0,0.0,0,0.0,0,0.0,16724,222.98666666666671,3486.2295495495496,11324,150.98666666666665,2120.3917117117121,202,2.6933333333333338,4.1344144144144153,0.67711073905764174,0.012078450131547477,6602894.0,88038.58666666667,3.8135864997454574
74013323,75,0,0.0,0.0,0,0.0,0,0.0,54958,732.77333333333331,12982.529009009013,43754,583.38666666666666,11233.916036036037,554,7.3866666666666667,7.9430630630630645,0.79613523053968482,0.010080425051857782,17483499.0,233113.31999999998,2.8721546360589678
74021395,75,0,0.0,0.0,0,0.0,0,0.0,35380,471.73333333333329,27166.630630630625,21638,288.50666666666666,12690.226306306307,138,1.8399999999999999,2.7037837837837841,0.61158846806105149,0.0039005087620124362,13123816.0,174984.21333333335,3.5124267276909853
74021641,75,0,0.0,0.0,0,0.0,0,0.0,38255,510.06666666666666,25441.65765765767,29971,399.61333333333334,15425.321441441441,146,1.9466666666666668,2.4295495495495496,0.78345314337995031,0.0038164945758724349,16894683.0,225262.44,3.54632320690429
74020671,75,0,0.0,0.0,0,0.0,0,0.0,21763,290.17333333333335,8260.6317117117123,14300,190.66666666666669,4883.873873873873,207,2.76,4.779459459459459,0.65707852777650144,0.0095115563111703352,7125017.0,95000.226666666655,3.3164382813280739
74221080,75,0,0.0,0.0,0,0.0,0,0.0,12878,171.70666666666668,778.9127927927924,9679,129.05333333333337,504.78090090090109,215,2.8666666666666663,3.225225225225226,0.75159186209038675,0.016695138996738624,4758435.0,63445.8,3.3522131251129337
74021453,75,0,0.0,0.0,0,0.0,0,0.0,27501,366.67999999999995,5540.3286486486459,21146,281.94666666666666,3720.1322522522519,362,4.8266666666666662,6.4965765765765742,0.76891749390931241,0.013163157703356241,7671471.0,102286.28,2.74076875068798
74021089,75,0,0.0,0.0,0,0.0,0,0.0,43486,579.81333333333339,14511.991711711715,32916,438.88000000000005,7625.26918918919,532,7.0933333333333337,10.896576576576578,0.7569332658786736,0.012233822379616429,13114520.0,174860.26666666669,2.8049250018838308
74022011,74,0,0.0,0.0,0,0.0,0,0.0,4392,59.351351351351354,1103.4091077378748,2705,36.554054054054049,679.812106627175,38,0.5135135135135136,0.41762310255460944,0.61589253187613846,0.0086520947176684879,1567801.0,22397.157142857144,3.5974468832283772
74021534,75,0,0.0,0.0,0,0.0,0,0.0,17301,230.67999999999998,1259.2745945945946,12584,167.78666666666669,821.872792792793,225,3.0000000000000004,3.7567567567567566,0.72735680018496041,0.013005028611062945,5513731.0,73516.413333333345,3.2899657769191584
74021526,75,0,0.0,0.0,0,0.0,0,0.0,20817,277.56,2091.2497297297305,15448,205.97333333333333,1410.972252252252,229,3.0533333333333332,3.61873873873874,0.74208579526348661,0.011000624489599846,7555501.0,100740.01333333334,3.4844928786303129
74021553,75,0,0.0,0.0,0,0.0,0,0.0,31094,414.58666666666664,6748.9754954954979,24552,327.35999999999996,4720.071351351351,314,4.1866666666666674,4.6673873873873868,0.78960571171287064,0.010098411269055124,9956084.0,132747.78666666665,3.1597158009240447
74220484,75,0,0.0,0.0,0,0.0,0,0.0,25517,340.22666666666669,5281.7722522522527,18267,243.56000000000006,3399.6821621621652,421,5.6133333333333333,12.456576576576579,0.71587569071599322,0.016498804718423011,9689635.0,129195.13333333335,3.41521546459308
74021962,75,0,0.0,0.0,0,0.0,0,0.0,47017,626.89333333333343,30406.826306306324,38493,513.24000000000012,23105.671351351357,591,7.8800000000000017,14.296216216216218,0.8187038730671885,0.012569921517748899,11674700.0,155662.66666666669,2.3449355170001236
74321628,75,0,0.0,0.0,0,0.0,0,0.0,13773,183.64000000000001,2345.0172972972973,10382,138.42666666666668,1617.3560360360361,156,2.08,1.9394594594594592,0.75379365425107092,0.011326508385972555,5939559.0,79194.12000000001,3.9124304485680677
74021103,75,0,0.0,0.0,0,0.0,0,0.0,29272,390.29333333333335,7853.426306306309,21839,291.18666666666667,4308.7754954954962,291,3.88,3.6745945945945948,0.74607133096474443,0.0099412407761683523,9372663.0,124968.84,3.2019288036576481
74021005,75,0,0.0,0.0,0,0.0,0,0.0,42835,571.13333333333344,9739.87387387387,34548,460.64,6382.0172972973,381,5.0799999999999992,5.425945945945946,0.80653671063382748,0.0088945955410295319,13219048.0,176253.97333333336,2.6530412281970737
74020416,75,0,0.0,0.0,0,0.0,0,0.0,45637,608.49333333333334,23817.901981981973,34774,463.65333333333336,17785.580900900895,372,4.9599999999999991,5.0118918918918922,0.76196945460919863,0.0081512807590332411,24258085.0,323441.13333333336,4.135388114970505
74021532,75,0,0.0,0.0,0,0.0,0,0.0,11670,155.6,2540.4324324324316,9043,120.57333333333331,1931.8154954954953,137,1.8266666666666667,1.6046846846846845,0.77489288774635823,0.011739502999143102,3587865.0,47838.200000000012,2.8833795207188886
74021607,75,0,0.0,0.0,0,0.0,0,0.0,6839,91.186666666666667,269.53225225225231,4991,66.546666666666653,145.41333333333336,87,1.16,1.0010810810810811,0.72978505629478,0.012721158064044452,2544248.0,33923.306666666671,3.431352676393157
74021826,75,0,0.0,0.0,0,0.0,0,0.0,18492,246.56,3769.114594594595,13022,173.62666666666667,2087.4533333333334,253,3.3733333333333331,3.0749549549549555,0.70419640925805749,0.013681592039800995,6443352.0,85911.360000000015,3.5588745954662184
74020799,75,0,0.0,0.0,0,0.0,0,0.0,9206,122.74666666666667,1089.7052252252258,6761,90.146666666666675,604.91063063063086,151,2.0133333333333332,2.0403603603603604,0.73441233977840537,0.016402346295893981,3284451.0,43792.68,3.3450169562540806
74020578,75,0,0.0,0.0,0,0.0,0,0.0,31692,422.55999999999995,2218.1686486486487,25451,339.34666666666675,2113.6890090090096,431,5.7466666666666661,5.1917117117117124,0.803073330809037,0.013599646598510665,11384217.0,151789.55999999997,3.0625277271125446
74021112,75,0,0.0,0.0,0,0.0,0,0.0,21334,284.45333333333332,3357.8457657657641,15861,211.48000000000002,2060.1989189189185,183,2.44,2.1686486486486487,0.74346114183931755,0.0085778569419705641,7908486.0,105446.48,3.3770872691152083
74020477,75,0,0.0,0.0,0,0.0,0,0.0,132454,1766.0533333333333,38403.267387387386,91898,1225.3066666666666,21125.72900900901,899,11.986666666666666,12.553873873873872,0.693810681444124,0.0067872619928427986,40913888.0,545518.5066666666,2.8505506133266847
74021259,75,0,0.0,0.0,0,0.0,0,0.0,34735,463.13333333333338,4834.252252252254,26031,347.08,2896.5070270270244,373,4.9733333333333336,5.1614414414414416,0.74941701453864973,0.010738448251043616,11486136.0,153148.48,3.0159955403941541
74021521,75,0,0.0,0.0,0,0.0,0,0.0,19125,255.0,2724.8918918918921,13783,183.77333333333334,1715.5830630630626,264,3.5200000000000005,6.0908108108108108,0.72067973856209155,0.013803921568627451,6748172.0,89975.626666666649,3.5052536315724869
74021802,74,0,0.0,0.0,0,0.0,0,0.0,30528,412.54054054054052,4944.4709366901152,23023,311.12162162162167,4063.1493891151431,428,5.7837837837837842,4.6649389115142537,0.75416011530398319,0.014019916142557652,10475823.0,141565.17567567568,3.3460966484459695
74020506,75,0,0.0,0.0,0,0.0,0,0.0,37029,493.71999999999997,5464.5286486486493,26250,350.0,2362.5945945945946,522,6.9599999999999991,8.2010810810810817,0.7089038321315726,0.014097059061816413,12661706.0,168822.74666666667,3.240853789930215
74021511,75,0,0.0,0.0,0,0.0,0,0.0,11928,159.03999999999996,906.74162162162145,9417,125.55999999999999,695.35783783783745,157,2.0933333333333333,2.545225225225225,0.7894869215291751,0.013162307176391684,4730461.0,63072.813333333324,3.7239328009697918
74020876,75,0,0.0,0.0,0,0.0,0,0.0,43859,584.78666666666675,11686.061981981984,32473,432.9733333333333,7585.9722522522525,529,7.0533333333333328,10.429549549549545,0.74039535785129618,0.012061378508401924,14485976.0,193146.34666666671,3.0384921303150594
74021137,75,0,0.0,0.0,0,0.0,0,0.0,10384,138.45333333333332,870.22414414414413,8053,107.37333333333333,524.88576576576565,87,1.1600000000000001,1.3794594594594591,0.775520030816641,0.008378274268104776,3538777.0,47183.693333333329,3.4251717026210482
74013922,75,0,0.0,0.0,0,0.0,0,0.0,33764,450.18666666666672,4772.5592792792786,26396,351.94666666666666,3747.8349549549557,473,6.3066666666666666,10.215495495495496,0.78177941002250917,0.014009003672550646,12068341.0,160911.21333333332,2.9318654688086996
74021643,75,0,0.0,0.0,0,0.0,0,0.0,13955,186.06666666666669,952.38738738738743,9727,129.69333333333333,764.08036036036026,142,1.8933333333333335,2.2587387387387388,0.69702615549982083,0.010175564313865997,4560059.0,60800.786666666667,3.2711464654856663
74021529,75,0,0.0,0.0,0,0.0,0,0.0,13318,177.57333333333332,1040.5722522522522,9567,127.55999999999997,803.30378378378373,154,2.0533333333333332,1.8349549549549544,0.71835110376933475,0.011563297792461331,5076832.0,67691.093333333323,3.5821705327739015
74021842,75,0,0.0,0.0,0,0.0,0,0.0,45084,601.12,18789.404324324321,26709,356.12000000000006,10039.296216216218,216,2.8800000000000003,3.944864864864865,0.59242746872504659,0.0047910566941708806,14677420.0,195698.93333333332,3.2696834187179711
74021166,75,0,0.0,0.0,0,0.0,0,0.0,13101,174.67999999999998,4043.5448648648644,8155,108.73333333333332,1502.54954954955,72,0.96,1.038918918918919,0.62247156705595,0.0054957636821616673,4934980.0,65799.733333333337,3.6483340284242933
74021753,75,0,0.0,0.0,0,0.0,0,0.0,23490,313.2,3377.6756756756749,18014,240.18666666666664,2931.0457657657666,224,2.9866666666666668,2.9052252252252253,0.76687952320136232,0.00953597275436356,7684788.0,102463.84,3.0325259883426585
74021714,75,0,0.0,0.0,0,0.0,0,0.0,27452,366.02666666666664,7773.2965765765784,19937,265.8266666666666,3882.3884684684672,237,3.1599999999999997,3.4605405405405412,0.72624945359172377,0.0086332507649715864,8444054.0,112587.38666666667,3.12864036838833
74021351,75,0,0.0,0.0,0,0.0,0,0.0,19328,257.70666666666665,2213.9127927927921,15972,212.96,1956.0659459459453,174,2.32,2.9232432432432427,0.82636589403973515,0.0090024834437086084,6513201.0,86842.68,3.078097280105021
74021184,75,0,0.0,0.0,0,0.0,0,0.0,83000,1106.6666666666665,58789.846846846842,61387,818.49333333333334,42177.496576576581,838,11.173333333333334,16.496576576576576,0.73960240963855417,0.010096385542168674,35452979.0,472706.38666666666,3.7388710748687726
74021939,75,0,0.0,0.0,0,0.0,0,0.0,17392,231.89333333333332,2851.9884684684685,12091,161.21333333333334,1936.8187387387393,284,3.7866666666666671,4.8187387387387375,0.69520469181232747,0.016329346826126957,5760435.0,76805.8,3.2080539874944858
74021858,75,0,0.0,0.0,0,0.0,0,0.0,37036,493.81333333333333,17097.343063063061,28631,381.74666666666673,11996.543063063062,568,7.5733333333333324,15.058738738738738,0.77305864564207794,0.015336429420023761,12104428.0,161392.37333333335,3.0104632019267608
74021927,75,0,0.0,0.0,0,0.0,0,0.0,34721,462.94666666666666,4990.9430630630632,25535,340.46666666666664,2871.9009009009,257,3.4266666666666663,3.6263063063063066,0.735433887272832,0.0074018605454912014,10755547.0,143407.29333333336,2.8675227985845453
74021518,75,0,0.0,0.0,0,0.0,0,0.0,6609,88.12,566.26918918918921,4461,59.47999999999999,234.49621621621628,122,1.6266666666666665,2.561441441441441,0.67498865183840218,0.018459676199122407,2013299.0,26843.986666666664,3.2830166264536129
74021956,75,0,0.0,0.0,0,0.0,0,0.0,26920,358.93333333333339,2899.5495495495493,21619,288.25333333333333,2012.1917117117125,270,3.6,3.9459459459459452,0.80308320950965828,0.010029717682020803,8768808.0,116917.44,2.8715491101779023
74020429,75,0,0.0,0.0,0,0.0,0,0.0,51374,684.98666666666679,7971.1754954954913,39958,532.7733333333332,5261.7452252252269,488,6.5066666666666659,6.6587387387387391,0.77778642893292327,0.0094989683497489,16050126.0,214001.68,2.9861835582397336
74021049,75,0,0.0,0.0,0,0.0,0,0.0,23814,317.52,6201.90162162162,19276,257.01333333333332,4049.7971171171166,256,3.4133333333333331,4.3809009009009019,0.8094398253128412,0.010749979003947257,7358939.0,98119.186666666661,2.781787983918468
74020611,75,0,0.0,0.0,0,0.0,0,0.0,32116,428.21333333333337,1965.9809009008998,27935,372.4666666666667,1986.00900900901,302,4.0266666666666664,4.4046846846846845,0.869815668202765,0.0094034126292190812,14376308.0,191684.10666666666,3.3495013231460011
74020684,75,0,0.0,0.0,0,0.0,0,0.0,18197,242.62666666666664,8050.1290090090088,12948,172.64000000000001,5011.2875675675677,169,2.2533333333333334,2.8673873873873879,0.71154585920756164,0.0092872451502995,6818499.0,90913.320000000022,3.4781760109583812
74021262,75,0,0.0,0.0,0,0.0,0,0.0,16662,222.16,2455.5956756756755,11988,159.84,1032.1362162162163,238,3.1733333333333333,4.7938738738738742,0.719481454807346,0.014283999519865562,5151453.0,68686.040000000008,2.9505277974964539
74021812,75,0,0.0,0.0,0,0.0,0,0.0,25201,336.01333333333332,5570.0403603603627,17225,229.66666666666666,2349.5495495495497,226,3.0133333333333336,4.1754954954954959,0.6835046228324273,0.008967898099281774,7652848.0,102037.97333333333,3.2033608255890567
74021070,75,0,0.0,0.0,0,0.0,0,0.0,26834,357.78666666666663,6248.9268468468463,19490,259.86666666666667,4356.9819819819813,203,2.7066666666666666,4.047927927927927,0.72631735857494228,0.0075650294402623535,8209729.0,109463.05333333333,2.9712374084903161
74221295,75,0,0.0,0.0,0,0.0,0,0.0,62102,828.02666666666653,44783.026306306318,44358,591.44,32491.384864864864,718,9.5733333333333341,21.274954954954953,0.71427651283372517,0.011561624424334159,23858351.0,318111.34666666668,3.6417220045167951
74021205,75,0,0.0,0.0,0,0.0,0,0.0,24094,321.25333333333333,10171.759279279278,20783,277.10666666666668,12030.204684684684,215,2.8666666666666667,4.5765765765765751,0.86257989540964553,0.00892338341495808,14188934.0,189185.78666666665,4.4138222567808159
74321864,75,0,0.0,0.0,0,0.0,0,0.0,23039,307.18666666666672,7153.31603603604,13885,185.13333333333333,3038.6306306306296,197,2.6266666666666665,2.6965765765765766,0.60267372715829681,0.0085507183471504843,5294772.0,70596.96,2.9628331448327163
74221002,75,0,0.0,0.0,0,0.0,0,0.0,37056,494.0800000000001,21577.26378378379,26644,355.25333333333327,16414.489009009008,281,3.746666666666667,4.4619819819819817,0.71901986183074262,0.007583117443868739,11914046.0,158853.94666666666,3.1904722104603489
74221482,75,0,0.0,0.0,0,0.0,0,0.0,23031,307.08000000000004,3761.5340540540565,18513,246.84000000000003,3230.6227027027012,150,2.0,2.8108108108108114,0.80382962094568189,0.0065129607919760324,9788404.0,130512.05333333334,3.677152662390625
74021400,75,0,0.0,0.0,0,0.0,0,0.0,40977,546.3599999999999,26963.638918918925,26160,348.79999999999995,7337.9999999999982,318,4.24,20.076756756756758,0.63840691119408444,0.0077604509846987335,14254781.0,190063.74666666664,3.204136061200082
74020621,75,0,0.0,0.0,0,0.0,0,0.0,27776,370.34666666666664,9129.8241441441442,21132,281.76,9523.3470270270263,287,3.8266666666666667,6.8479279279279277,0.76080069124423966,0.01033266129032258,11520704.0,153609.38666666669,3.7105086193875381
74020865,75,0,0.0,0.0,0,0.0,0,0.0,28566,380.88,11424.593513513513,20622,274.96,6235.6064864864866,237,3.1600000000000006,3.7848648648648648,0.72190716236084851,0.0082965763495064064,10618203.0,141576.04,3.139004960434876
74021836,75,0,0.0,0.0,0,0.0,0,0.0,30565,407.53333333333336,17262.495495495492,18999,253.32000000000002,6347.166486486487,310,4.1333333333333329,7.0900900900900892,0.62159332569932935,0.010142319646654671,9458835.0,126117.79999999999,3.2816661811543586
74021371,75,0,0.0,0.0,0,0.0,0,0.0,28734,383.11999999999995,9058.8908108108117,22963,306.17333333333335,6153.4154954954965,326,4.3466666666666667,5.4457657657657661,0.79915779216259486,0.011345444421243127,10683198.0,142442.63999999998,3.3072219108209078
74021434,75,0,0.0,0.0,0,0.0,0,0.0,19116,254.88,5278.7286486486482,13261,176.81333333333333,3114.0727927927933,85,1.1333333333333335,1.0630630630630631,0.69371207365557652,0.0044465369324126385,6457544.0,86100.58666666667,3.429505323295321
74015252,75,0,0.0,0.0,0,0.0,0,0.0,18649,248.65333333333334,4395.0673873873875,13627,181.69333333333336,2568.6209009009003,116,1.5466666666666666,1.6295495495495498,0.73070942141669792,0.0062201726634135875,5420688.0,72275.84,2.9609029888339751
74020581,75,0,0.0,0.0,0,0.0,0,0.0,17574,234.32,2436.1935135135122,12688,169.17333333333337,995.90198198198209,103,1.3733333333333335,1.6695495495495496,0.72197564584044616,0.0058609309206782744,5701262.0,76016.82666666666,3.1949009230840426
74021619,74,0,0.0,0.0,0,0.0,0,0.0,13696,185.08108108108109,1340.0481303221029,9849,133.09459459459458,1070.1964087375045,80,1.0810810810810811,1.3358015549796372,0.719115070093458,0.0058411214953271026,4038166.0,54569.810810810814,2.83505111900977
74021360,75,0,0.0,0.0,0,0.0,0,0.0,17441,232.54666666666665,5561.2511711711695,13166,175.54666666666668,4411.4403603603605,90,1.1999999999999997,1.972972972972973,0.75488790780345161,0.005160254572558913,6754406.0,90058.746666666659,3.3338675581712325
74021985,75,0,0.0,0.0,0,0.0,0,0.0,110863,1478.1733333333332,39073.442522522513,76521,1020.2799999999999,26661.474594594594,1034,13.786666666666665,13.251171171171176,0.6902302842246737,0.0093268268042539,31497932.0,419972.42666666664,2.4196220653310228
74021567,75,0,0.0,0.0,0,0.0,0,0.0,29606,394.74666666666661,9581.9754954954951,18008,240.10666666666668,4478.420900900901,232,3.0933333333333337,5.356036036036036,0.60825508342903467,0.0078362494089036,8027431.0,107032.41333333333,2.9551007281006685
74321820,75,0,0.0,0.0,0,0.0,0,0.0,33933,452.43999999999994,26371.087567567556,23891,318.54666666666662,15595.305225225229,294,3.92,6.425945945945946,0.70406389060796271,0.0086641322606312438,9596717.0,127956.22666666664,2.8236437971173789
74021378,75,0,0.0,0.0,0,0.0,0,0.0,25651,342.01333333333332,5258.9592792792773,19464,259.52000000000004,2942.2529729729736,347,4.6266666666666678,5.9938738738738744,0.75880082647849989,0.013527737710030798,9141089.0,121881.18666666668,3.0682489784586715
74020378,75,0,0.0,0.0,0,0.0,0,0.0,43374,578.31999999999994,33335.463783783787,28041,373.88,15115.052972972971,340,4.5333333333333332,6.0630630630630638,0.646493290911606,0.0078387974362521332,15463791.0,206183.88,3.4378786731450597
74020504,75,0,0.0,0.0,0,0.0,0,0.0,31335,417.8,5774.7567567567548,21842,291.22666666666657,3179.0965765765727,399,5.3199999999999994,6.707027027027026,0.69704802936014043,0.012733365246529439,11154347.0,148724.62666666668,3.4587292811519519
74020702,74,0,0.0,0.0,0,0.0,0,0.0,40389,545.79729729729729,20202.246019992603,26859,362.95945945945942,10093.436690114768,457,6.1756756756756763,12.201592002961865,0.66500779915323482,0.011314961994602491,12628687.0,172995.71232876711,3.3780979964353777
74021127,75,0,0.0,0.0,0,0.0,0,0.0,51100,681.33333333333337,23726.873873873883,37060,494.13333333333333,14686.873873873876,546,7.2799999999999994,11.609729729729731,0.7252446183953033,0.010684931506849316,13576566.0,181020.88,2.7043435660872324
74021008,75,0,0.0,0.0,0,0.0,0,0.0,71212,949.49333333333323,24586.71279279279,58602,781.36000000000013,14620.611891891886,754,10.053333333333333,13.294414414414414,0.82292310284783465,0.010588103128686176,25110032.0,334800.42666666664,3.0353087856382057
74021101,75,0,0.0,0.0,0,0.0,0,0.0,24326,324.34666666666675,9745.0133333333379,18290,243.86666666666667,5269.198198198199,207,2.76,3.0227027027027029,0.75187042670393822,0.0085094137959385013,7968168.0,106242.24,3.0642941190326409
74020836,75,0,0.0,0.0,0,0.0,0,0.0,20487,273.16,1693.1902702702725,16907,225.42666666666668,1042.4100900900905,277,3.6933333333333329,3.9722522522522512,0.82525503978132475,0.013520769268316494,6770684.0,90275.786666666681,2.8571077702917882
74213546,75,0,0.0,0.0,0,0.0,0,0.0,11553,154.04,721.11999999999944,8817,117.56000000000002,629.11459459459456,187,2.4933333333333332,3.3614414414414413,0.76317839522202024,0.016186271963992038,4672567.0,62300.893333333333,3.3361313805592028
74020391,75,0,0.0,0.0,0,0.0,0,0.0,18639,248.52,4286.2259459459465,14173,188.97333333333327,2710.2154954954954,195,2.5999999999999996,3.189189189189189,0.76039487096947256,0.010461934653146628,6807935.0,90772.466666666674,3.19736352052109
74013325,75,0,0.0,0.0,0,0.0,0,0.0,7852,104.69333333333333,2127.6209009009021,5703,76.04,1345.444324324324,63,0.84,1.0010810810810811,0.72631176770249617,0.0080234335201222612,2919541.0,38927.213333333333,3.5975192095385413
74021554,75,0,0.0,0.0,0,0.0,0,0.0,30878,411.70666666666665,5899.3181981981979,24474,326.32,4195.1935135135136,292,3.8933333333333331,4.6371171171171177,0.79260314787227149,0.0094565710214392119,8477309.0,113030.78666666667,2.6450888288897514
74220933,75,0,0.0,0.0,0,0.0,0,0.0,24941,332.54666666666668,13980.467387387389,16919,225.58666666666667,6954.2727927927926,275,3.666666666666667,4.3063063063063058,0.67836093179904577,0.011026021410528847,8282467.0,110432.89333333333,3.3394740636077755
74220768,75,0,0.0,0.0,0,0.0,0,0.0,23510,313.4666666666667,8187.198198198199,17043,227.23999999999998,6353.8335135135112,299,3.9866666666666668,3.49981981981982,0.72492556358996174,0.012717992343683539,7670555.0,102274.06666666665,3.2380060511985183
74021252,75,0,0.0,0.0,0,0.0,0,0.0,36865,491.53333333333342,11937.738738738743,23741,316.54666666666662,5193.872792792793,438,5.8400000000000007,8.163243243243242,0.6439983724399837,0.011881188118811881,10415018.0,138866.90666666668,3.0117504162466595
74021887,74,0,0.0,0.0,0,0.0,0,0.0,11973,161.79729729729729,3753.8076638282109,8210,110.94594594594595,2118.3532025175864,120,1.6216216216216217,3.0603480192521291,0.68570951307107664,0.010022550739163118,5660830.84,76497.714054054071,4.217250538121359
74221419,75,0,0.0,0.0,0,0.0,0,0.0,33121,441.61333333333334,12955.402522522525,24158,322.10666666666668,8607.5830630630662,627,8.3600000000000012,15.179459459459457,0.72938619003049421,0.018930587844569909,10861252.0,144816.69333333336,3.05556961171676
74021946,75,0,0.0,0.0,0,0.0,0,0.0,11918,158.90666666666669,1281.2749549549553,8872,118.29333333333335,821.48036036036035,92,1.2266666666666666,1.8263063063063061,0.74442020473233761,0.00771941600939755,4217942.0,56239.226666666662,3.0558174373298286
74020430,75,0,0.0,0.0,0,0.0,0,0.0,24829,331.05333333333334,6600.4836036036031,17476,233.01333333333332,3469.5538738738733,292,3.8933333333333335,3.06954954954955,0.70385436384872524,0.011760441419308067,8408162.0,112108.82666666668,3.1539500157201426
74021106,75,0,0.0,0.0,0,0.0,0,0.0,26705,356.06666666666661,5610.657657657659,19735,263.13333333333333,4054.8198198198193,152,2.0266666666666668,1.9722522522522525,0.7390001872308557,0.0056918180116083128,11376159.0,151682.12,3.8434632050554609
74021307,75,0,0.0,0.0,0,0.0,0,0.0,19789,263.85333333333335,3366.9106306306303,16067,214.22666666666666,2770.1236036036034,213,2.84,4.5956756756756754,0.81191571074839552,0.010763555510637223,7744331.0,103257.74666666667,3.4401167008460436
74021053,75,0,0.0,0.0,0,0.0,0,0.0,6057,80.759999999999991,599.94162162162149,3588,47.84,359.02810810810803,57,0.76,0.91459459459459447,0.59237246161466073,0.009410599306587419,1853554.0,25391.150684931512,3.4928801732773929
74020793,75,0,0.0,0.0,0,0.0,0,0.0,31075,414.33333333333337,8733.1981981981971,23435,312.4666666666667,5104.5765765765764,399,5.3199999999999994,8.1124324324324313,0.75414320193081252,0.012839903459372486,10698218.0,142642.90666666665,3.0408624830467397
74021873,75,0,0.0,0.0,0,0.0,0,0.0,11097,147.96,4072.9848648648658,8083,107.77333333333334,2744.61009009009,154,2.0533333333333332,3.5376576576576571,0.72839506172839508,0.01387762458322069,3416039.0,45547.186666666668,3.0166724220271952
74021541,75,0,0.0,0.0,0,0.0,0,0.0,15851,211.34666666666664,4565.4457657657658,12037,160.49333333333334,3380.0371171171173,168,2.2399999999999998,2.644324324324324,0.75938426597691,0.010598700397451265,4753782.0,63383.760000000009,2.8288422120771659
74020733,75,0,0.0,0.0,0,0.0,0,0.0,19354,258.05333333333334,2474.483603603604,14744,196.5866666666667,1648.6781981981983,146,1.9466666666666668,2.051171171171172,0.76180634494161414,0.0075436602252764284,6821176.0,90949.013333333321,3.3027722752783237
74321717,75,0,0.0,0.0,0,0.0,0,0.0,22107,294.76,7874.2659459459464,18269,243.58666666666664,6858.570090090092,294,3.9200000000000004,5.9935135135135136,0.82638983127516175,0.013298955082100692,6620352.0,88271.359999999986,2.6038961106381682
74221156,75,0,0.0,0.0,0,0.0,0,0.0,16543,220.57333333333332,1727.9236036036041,13110,174.8,1019.9459459459459,316,4.2133333333333347,6.5484684684684673,0.79248020310705436,0.019101734872755849,7480106.0,99734.746666666673,4.0287711980967629
74221442,75,0,0.0,0.0,0,0.0,0,0.0,17301,230.68,3479.6529729729718,13334,177.78666666666666,2315.7917117117127,175,2.3333333333333335,2.7927927927927927,0.77070689555517025,0.010115022253048956,6420646.0,85608.613333333327,3.4326694761211716
74321861,75,0,0.0,0.0,0,0.0,0,0.0,15230,203.06666666666666,2831.8198198198211,10147,135.29333333333332,1839.5884684684684,203,2.7066666666666666,3.4533333333333336,0.6662508207485226,0.013328956007879186,5469504.0,72926.72,3.6701943929764678
74220911,75,0,0.0,0.0,0,0.0,0,0.0,20071,267.6133333333334,2458.4295495495489,15710,209.46666666666667,1720.2252252252256,201,2.68,2.7340540540540541,0.78272133924567788,0.010014448707089832,7162017.0,95493.560000000012,3.2118911688577154
74221073,75,0,0.0,0.0,0,0.0,0,0.0,16049,213.98666666666668,3626.9592792792796,12177,162.35999999999999,2746.098378378379,183,2.44,4.4929729729729733,0.75873886223440712,0.011402579599975076,6714385.0,89525.133333333346,3.7549694756546779
74220643,75,0,0.0,0.0,0,0.0,0,0.0,16270,216.93333333333334,4102.9009009009005,11436,152.48000000000002,2301.9556756756751,99,1.3200000000000003,1.7610810810810811,0.70288875230485559,0.0060848186846957589,5056834.0,67424.453333333338,3.2266008815225611
74021639,73,0,0.0,0.0,0,0.0,0,0.0,23665,324.1780821917809,6942.8150684931488,16894,231.42465753424659,3692.9421613394225,307,4.2054794520547949,6.3321917808219181,0.71388125924360868,0.012972744559476019,8173621.0,111967.41095890412,3.1937788422770277
74321884,75,0,0.0,0.0,0,0.0,0,0.0,18649,248.65333333333331,3542.6619819819807,12803,170.70666666666665,1626.6154954954957,396,5.2799999999999994,6.0151351351351359,0.68652474663520835,0.0212343825406188,7401243.0,98683.24,3.2243439438489347
74021384,75,0,0.0,0.0,0,0.0,0,0.0,18198,242.64,3486.2875675675682,13679,182.38666666666668,2370.2403603603611,102,1.3600000000000003,1.2875675675675675,0.75167600835256621,0.00560501153972964,8817576.0,117567.68,3.6513616058058873
74021115,75,0,0.0,0.0,0,0.0,0,0.0,30068,400.90666666666669,13893.301981981982,22008,293.44,11122.952432432434,198,2.6399999999999997,2.7740540540540541,0.731940933883198,0.0065850738326460028,11845249.0,157936.65333333335,3.6072859868850649
74021466,75,0,0.0,0.0,0,0.0,0,0.0,21466,286.21333333333331,3120.3592792792797,16193,215.90666666666667,2154.7884684684673,89,1.1866666666666665,1.3430630630630631,0.75435572533308493,0.0041460914935246432,10760721.0,143476.28,3.7455692296249974
74021336,75,0,0.0,0.0,0,0.0,0,0.0,20112,268.16,4140.9470270270276,16672,222.29333333333335,3319.5073873873876,92,1.2266666666666666,0.79927927927927933,0.82895783611774065,0.004574383452665076,10019512.0,135398.81081081083,3.8769117913692783
74021108,75,0,0.0,0.0,0,0.0,0,0.0,23145,308.6,4096.7567567567594,18719,249.58666666666667,3397.4890090090094,80,1.0666666666666669,0.90090090090090091,0.8087707928278246,0.0034564700799308706,12874680.0,171662.4,4.1330656134968
74021779,75,0,0.0,0.0,0,0.0,0,0.0,27091,361.21333333333331,6439.3052252252264,19534,260.45333333333338,3801.953873873877,281,3.7466666666666666,4.4079279279279273,0.721051271640028,0.010372448414602636,9340765.0,124543.53333333335,3.4769003864710979
74021806,75,0,0.0,0.0,0,0.0,0,0.0,14336,191.1466666666667,2122.7214414414416,10968,146.24,1365.8335135135135,118,1.5733333333333335,1.5722522522522522,0.7650669642857143,0.008231026785714286,5127543.0,68367.24,3.383191694639744
74021595,75,0,0.0,0.0,0,0.0,0,0.0,27712,369.49333333333334,6131.7938738738749,22661,302.14666666666665,5831.5052252252244,272,3.6266666666666665,4.7776576576576577,0.81773239030023093,0.0098152424942263283,10426863.0,139024.84,2.9336414350295485
74321904,75,0,0.0,0.0,0,0.0,0,0.0,20428,272.37333333333333,2744.6425225225234,16322,217.62666666666664,2126.1560360360354,227,3.0266666666666668,3.1344144144144148,0.79900137066771093,0.011112198942627766,7328057.0,97707.426666666666,3.0982603980459391
74021151,75,0,0.0,0.0,0,0.0,0,0.0,4240,56.533333333333331,154.44144144144141,3250,43.333333333333336,111.36036036036035,30,0.4,0.35135135135135137,0.76650943396226412,0.0070754716981132077,1456313.0,19417.506666666668,3.0611328011449492
74020606,75,0,0.0,0.0,0,0.0,0,0.0,29751,396.67999999999995,3658.86918918919,24613,328.17333333333335,2823.38846846847,396,5.2799999999999994,4.4745945945945955,0.82729992269167418,0.013310476958757689,11033536.0,147113.81333333332,2.9930194061341333
74020617,75,0,0.0,0.0,0,0.0,0,0.0,27976,373.01333333333332,5558.7700900900936,21301,284.01333333333332,3922.2025225225211,280,3.7333333333333338,5.2522522522522523,0.76140263082642268,0.010008578781812983,9608618.0,128114.90666666666,3.3856347747525817
74020882,75,0,0.0,0.0,0,0.0,0,0.0,49913,665.50666666666666,9887.4154954954884,36708,489.44000000000005,8032.465945945949,639,8.5200000000000014,10.33405405405405,0.73543966501712976,0.012802275960170697,15673879.0,208985.05333333332,2.9163684889708437
74021381,75,0,0.0,0.0,0,0.0,0,0.0,37652,502.02666666666664,4763.9722522522525,31125,415.0,3560.4054054054031,415,5.5333333333333332,6.1981981981981988,0.82664931477743542,0.011021990863699139,11753335.0,156711.13333333333,2.693543104678803
74021247,75,0,0.0,0.0,0,0.0,0,0.0,44268,590.24000000000012,9078.8335135135,36714,489.52,7179.2799999999979,367,4.8933333333333326,9.3938738738738738,0.8293575494714015,0.0082904129393692964,14088503.0,187846.70666666667,2.8392252339561477
74021846,75,0,0.0,0.0,0,0.0,0,0.0,42322,564.29333333333341,12101.804684684688,32129,428.3866666666666,6867.024144144144,503,6.7066666666666661,31.318198198198203,0.75915599451821747,0.011885071593970039,13752683.0,183369.10666666669,3.0875657118155875
74021913,75,0,0.0,0.0,0,0.0,0,0.0,11353,151.37333333333331,1055.3722522522526,8876,118.34666666666666,636.77009009008987,99,1.32,1.6800000000000004,0.78181978331718494,0.00872016207169911,4567873.0,60904.973333333328,3.452174210161647
74021863,75,0,0.0,0.0,0,0.0,0,0.0,11339,151.1866666666667,1158.9917117117113,8364,111.52000000000001,696.79351351351352,141,1.88,3.0529729729729738,0.73763118440779607,0.012434958991092688,3521953.0,46959.373333333329,2.9064818204538887
74021712,75,0,0.0,0.0,0,0.0,0,0.0,16246,216.61333333333332,3196.8619819819828,12096,161.28000000000003,2388.0421621621617,77,1.0266666666666666,1.1884684684684688,0.74455250523205707,0.00473962821617629,6657505.0,88766.733333333337,3.7416059620214086
74021269,75,0,0.0,0.0,0,0.0,0,0.0,10155,135.4,756.54054054054041,8037,107.16,473.16324324324336,100,1.3333333333333335,1.9549549549549547,0.79143279172821268,0.0098473658296405718,3480821.0,46410.94666666667,2.9295371734214477
74220553,75,0,0.0,0.0,0,0.0,0,0.0,25935,345.8,13178.0,18853,251.37333333333336,11225.993873873878,170,2.2666666666666662,3.1441441441441444,0.72693271640640067,0.0065548486601118179,10976125.0,146348.33333333337,3.9849500383402345
74220536,75,0,0.0,0.0,0,0.0,0,0.0,16361,218.14666666666668,2393.0727927927928,11802,157.35999999999999,1731.3956756756766,182,2.4266666666666667,2.8425225225225228,0.721349550760956,0.011124014424546178,6244627.0,83261.693333333329,3.7173386734025575
74020542,68,0,0.0,0.0,0,0.0,0,0.0,20181,296.7794117647058,3608.5924056189647,16105,236.83823529411765,2916.9435908691835,176,2.5882352941176472,2.2756804214222996,0.79802784797581883,0.008721074277786036,8171279.0,120165.8676470588,3.4060286374547428
74020661,74,0,0.0,0.0,0,0.0,0,0.0,22427,303.06756756756755,3950.118659755648,17266,233.32432432432432,2868.6057015920028,246,3.3243243243243246,3.7837837837837833,0.7698755963793642,0.010968921389396709,9029013.0,122013.68918918919,3.3240792882397425
74021464,75,0,0.0,0.0,0,0.0,0,0.0,10348,137.97333333333336,506.29657657657634,8089,107.85333333333332,388.64036036036032,110,1.4666666666666668,1.6306306306306306,0.78169694626981057,0.010630073444143797,3532537.0,47100.493333333332,2.7644135871307371
74020817,74,0,0.0,0.0,0,0.0,0,0.0,26288,355.24324324324323,5026.1592002961879,21416,289.40540540540536,5100.8744909292855,180,2.4324324324324325,3.5912624953720842,0.8146682897139379,0.0068472306755934268,9584810.0,129524.45945945945,3.0077405202096759
74020443,75,0,0.0,0.0,0,0.0,0,0.0,29510,393.46666666666664,5569.738738738738,23263,310.17333333333335,4897.0641441441439,277,3.6933333333333334,5.8641441441441442,0.78830904778041344,0.0093866485936970525,10488533.0,139847.10666666666,2.8015596754897909
74321877,75,0,0.0,0.0,0,0.0,0,0.0,13425,178.99999999999997,4087.864864864865,9263,123.50666666666666,2150.1452252252252,157,2.0933333333333337,2.9776576576576574,0.68998137802607074,0.011694599627560521,6923665.0,92315.533333333326,4.25490977025129
74321840,75,0,0.0,0.0,0,0.0,0,0.0,12389,165.18666666666664,2580.694414414415,8512,113.49333333333334,1425.8479279279279,153,2.04,2.9308108108108106,0.68706110259100817,0.012349665025425781,4384522.0,58460.293333333328,3.5584252621115322
74220822,75,0,0.0,0.0,0,0.0,0,0.0,41296,550.61333333333323,12992.456576576575,28316,377.54666666666674,9355.2781981981952,261,3.48,5.5772972972972967,0.68568384347152267,0.0063202247191011234,15538584.0,207181.12000000002,3.6313697820378987
74214957,75,0,0.0,0.0,0,0.0,0,0.0,48225,643.00000000000011,13204.270270270274,37555,500.73333333333335,11181.036036036037,348,4.64,5.7470270270270269,0.77874546397096944,0.0072161741835147742,18098558.0,241314.10666666669,3.3329310263021066
74220489,75,0,0.0,0.0,0,0.0,0,0.0,34977,466.36,22035.774054054051,26266,350.21333333333331,19767.872792792794,350,4.666666666666667,4.5225225225225225,0.750950624696229,0.010006575749778425,15857945.0,211439.26666666666,3.9562302570594543
74220516,75,0,0.0,0.0,0,0.0,0,0.0,33115,441.53333333333336,17187.360360360355,24439,325.85333333333335,13017.640360360358,200,2.6666666666666665,4.0630630630630638,0.73800392571342288,0.0060395591121848108,11148727.0,148649.6933333333,3.3486663318610939
74021152,74,0,0.0,0.0,0,0.0,0,0.0,37188,502.54054054054046,14458.416142169564,27028,365.24324324324323,8275.5290633098848,349,4.7162162162162167,5.6580895964457625,0.72679358932989135,0.0093847477680972357,10899643.0,147292.472972973,2.9498891141777444
74221033,75,0,0.0,0.0,0,0.0,0,0.0,29064,387.52,10383.415135135134,21428,285.70666666666659,6640.1019819819812,273,3.6399999999999997,5.90918918918919,0.73726947426369394,0.00939306358381503,9871686.0,131622.47999999998,3.18192648673458
74216833,75,0,0.0,0.0,0,0.0,0,0.0,31345,417.93333333333339,12857.225225225231,24121,321.6133333333334,8635.8349549549566,390,5.2,6.7837837837837842,0.76953262083266871,0.01244217578561174,10358931.0,138119.08000000002,2.9102285933426981
74220425,75,0,0.0,0.0,0,0.0,0,0.0,17781,237.08000000000004,5033.6691891891905,13079,174.38666666666666,3520.8349549549544,148,1.9733333333333332,2.5398198198198196,0.73556042967212187,0.0083234913671896976,8109151.0,108122.01333333334,4.0922285415806678
74220858,75,0,0.0,0.0,0,0.0,0,0.0,18509,246.7866666666666,6065.8187387387361,11436,152.48,2947.658378378379,217,2.8933333333333331,4.0965765765765774,0.61786158085255827,0.011724026149440812,6208956.0,82786.08,3.7879711473283564
74220534,75,0,0.0,0.0,0,0.0,0,0.0,32832,437.76000000000005,16126.076756756756,26841,357.88000000000005,16405.350270270268,183,2.44,2.8172972972972969,0.81752558479532167,0.0055738304093567248,14856329.0,198084.38666666669,3.5206435441735464
74220990,75,0,0.0,0.0,0,0.0,0,0.0,14846,197.94666666666669,3112.9160360360374,10982,146.42666666666668,2232.356036036037,146,1.9466666666666665,2.1592792792792794,0.7397278728276977,0.0098342988010238445,7835028.0,105878.75675675675,4.21465411044753
74021346,75,0,0.0,0.0,0,0.0,0,0.0,24391,325.21333333333337,6190.9809009009,19147,255.29333333333332,4721.3452252252237,164,2.1866666666666665,2.0998198198198197,0.78500266491738757,0.0067237915624615641,11324525.0,150993.66666666666,3.5518263723874406
74220480,75,0,0.0,0.0,0,0.0,0,0.0,26179,349.05333333333334,19172.753873873877,18060,240.79999999999998,9762.7027027027034,285,3.8000000000000003,6.0810810810810807,0.689865923068108,0.010886588486955192,13059356.0,174124.74666666667,3.985906605263601
74220417,53,0,0.0,0.0,0,0.0,0,0.0,27269,514.5094339622641,26238.216255442672,19496,367.84905660377353,21354.8229317852,216,4.0754716981132075,4.9557329462989843,0.7149510433092523,0.00792108254794822,10608428.0,200159.01886792452,3.326675964062634
74221563,75,0,0.0,0.0,0,0.0,0,0.0,21738,289.84,4496.5686486486484,14357,191.42666666666668,2249.0857657657657,127,1.6933333333333334,2.1073873873873872,0.66045634372987394,0.0058423037997975893,7591644.0,101221.92000000001,3.4966979438793624
74321824,75,0,0.0,0.0,0,0.0,0,0.0,17129,228.38666666666666,4227.5917117117115,11628,155.03999999999996,2815.3362162162157,186,2.4800000000000004,3.739459459459459,0.67884873606164986,0.010858777511822057,6939587.0,92527.826666666675,3.761431063473645
74221077,75,0,0.0,0.0,0,0.0,0,0.0,29065,387.53333333333336,8565.7657657657655,21506,286.74666666666667,6751.1646846846861,209,2.7866666666666662,3.5214414414414419,0.73992774815069673,0.0071907792878032,12804882.0,170731.75999999998,3.7632254107286087
74221420,75,0,0.0,0.0,0,0.0,0,0.0,33204,442.72,20986.177297297309,25198,335.97333333333336,14093.918198198204,241,3.2133333333333334,3.8998198198198195,0.75888447175039153,0.0072581616672690039,12301578.0,164021.03999999998,3.1124507157158425
74220770,75,0,0.0,0.0,0,0.0,0,0.0,16573,220.9733333333333,4949.81009009009,9293,123.90666666666667,4168.8965765765779,84,1.12,1.5124324324324325,0.56073130996198639,0.0050684848850540039,5873685.0,78315.799999999988,3.8905922204636187
74321832,75,0,0.0,0.0,0,0.0,0,0.0,30476,406.34666666666669,13744.445765765766,20231,269.74666666666667,9870.3809009009,141,1.8800000000000001,3.2421621621621615,0.66383383646147787,0.004626591416196351,15333903.0,204452.03999999998,4.2111983678675475
74021910,75,0,0.0,0.0,0,0.0,0,0.0,28070,374.26666666666665,23188.711711711712,20055,267.4,18154.05405405405,363,4.84,7.3524324324324333,0.71446384039900246,0.012931955824723904,16925155.0,225668.73333333334,3.3792877913926991
74021960,75,0,0.0,0.0,0,0.0,0,0.0,21056,280.74666666666661,3157.9754954954951,15183,202.44,1753.8983783783785,175,2.3333333333333335,2.9009009009009006,0.72107712765957444,0.0083111702127659573,7650848.0,102011.30666666667,3.34273591266362
74021350,75,0,0.0,0.0,0,0.0,0,0.0,31937,425.82666666666665,5799.1181981982018,22508,300.10666666666668,3241.4479279279276,471,6.2799999999999994,12.988108108108111,0.70476250117418671,0.01474778470113035,9672962.0,128972.82666666666,2.9798205335226711
74021353,75,0,0.0,0.0,0,0.0,0,0.0,64158,855.43999999999994,16946.033513513514,50756,676.74666666666678,13532.002522522533,699,9.32,10.869189189189186,0.79110944854889487,0.010894978023005705,21610727.0,288143.02666666667,2.890201941372919
74021556,75,0,0.0,0.0,0,0.0,0,0.0,9723,129.64000000000001,1405.6118918918919,6817,90.893333333333331,825.50198198198188,83,1.1066666666666665,1.5830630630630629,0.701121053172889,0.00853645994034763,3234335.0,43124.466666666667,3.2281826529333264
74020976,75,0,0.0,0.0,0,0.0,0,0.0,25743,343.24,2768.7794594594607,20807,277.42666666666662,2459.464144144144,301,4.0133333333333336,5.0133333333333345,0.808258555723886,0.011692498931748436,9255889.0,123411.85333333335,3.1006652487681037
74021703,75,0,0.0,0.0,0,0.0,0,0.0,13502,180.02666666666667,2248.4857657657658,9986,133.14666666666668,1641.0457657657655,67,0.89333333333333309,1.2857657657657662,0.73959413420234044,0.0049622278181010223,4392275.0,58563.666666666664,3.4547284821095574
74321742,66,0,0.0,0.0,0,0.0,0,0.0,16992,257.45454545454544,4194.8671328671335,12624,191.27272727272728,2748.8167832167828,214,3.2424242424242422,5.2326340326340315,0.74293785310734461,0.012594161958568738,5983041.0,90652.136363636368,3.0593019133839521
74020450,75,0,0.0,0.0,0,0.0,0,0.0,20195,269.26666666666671,5507.5225225225249,14403,192.04,2456.9578378378374,188,2.5066666666666668,2.766846846846847,0.713196335726665,0.0093092349591483037,6019711.0,81347.445945945932,2.8469627059830978
74021694,75,0,0.0,0.0,0,0.0,0,0.0,79799,1063.9866666666667,25900.85117117118,62283,830.44,24175.276756756753,926,12.346666666666668,17.580900900900907,0.78049850248749986,0.011604155440544368,29574738.0,394329.83999999997,3.4311491842249442
74020776,75,0,0.0,0.0,0,0.0,0,0.0,13845,184.6,1348.5945945945953,9811,130.81333333333333,854.09981981981957,143,1.9066666666666665,2.2209009009009009,0.70863127482845789,0.010328638497652582,4591416.0,62046.16216216216,3.2565415219263434
74020415,75,0,0.0,0.0,0,0.0,0,0.0,19660,262.13333333333327,2208.17117117117,14621,194.94666666666669,1163.3214414414408,317,4.2266666666666657,5.9614414414414423,0.7436927772126144,0.016124109867751781,7193133.0,95908.44,3.4533424917282782
74021389,75,0,0.0,0.0,0,0.0,0,0.0,30751,410.01333333333332,5383.8781981981983,23170,308.93333333333334,3561.7657657657669,432,5.76,6.50918918918919,0.7534714318233553,0.014048323631751814,9587520.0,127833.6,3.0719933967131925
74021363,75,0,0.0,0.0,0,0.0,0,0.0,31279,417.05333333333328,3822.5106306306334,25573,340.97333333333336,2365.9452252252245,208,2.7733333333333339,3.5290090090090089,0.81757728827647946,0.0066498289587263023,10539317.0,140524.22666666668,2.9219270083454871
74020989,75,0,0.0,0.0,0,0.0,0,0.0,37941,505.88000000000005,4199.0259459459467,29798,397.30666666666662,4070.2965765765748,274,3.6533333333333333,3.6349549549549551,0.78537729632851,0.0072217390158403841,13968531.0,186247.08000000002,3.0343565126065277
74021066,75,0,0.0,0.0,0,0.0,0,0.0,28964,386.18666666666667,5424.7484684684678,21254,283.38666666666666,2742.5376576576582,385,5.1333333333333337,7.7657657657657664,0.73380748515398431,0.013292362933296506,9735471.0,129806.28,3.1513827676619939
74020558,75,0,0.0,0.0,0,0.0,0,0.0,33547,447.29333333333329,8844.1560360360363,19151,255.34666666666666,3437.22954954955,359,4.7866666666666671,6.3863063063063059,0.57087071869317674,0.010701404000357706,8486156.0,113148.74666666667,3.200858186510994
74021480,75,0,0.0,0.0,0,0.0,0,0.0,26820,357.59999999999997,13700.189189189194,20708,276.10666666666663,9508.4749549549524,134,1.7866666666666668,2.1430630630630629,0.77211036539895606,0.0049962714392244589,10961114.0,146148.18666666668,3.4800005322910157
74021245,75,0,0.0,0.0,0,0.0,0,0.0,40121,534.9466666666666,6638.7538738738731,31679,422.38666666666671,4690.3214414414442,175,2.333333333333333,16.846846846846852,0.78958650083497417,0.0043618055382468037,13755740.0,183409.86666666667,2.9380844023535109
74022000,75,0,0.0,0.0,0,0.0,0,0.0,10850,144.66666666666669,2365.9549549549542,7144,95.25333333333333,1182.380900900901,100,1.3333333333333335,1.6576576576576576,0.65843317972350235,0.0092165898617511521,5719299.0,76257.319999999978,5.4729988990190925
74021901,75,0,0.0,0.0,0,0.0,0,0.0,24144,321.92,6678.23675675676,18511,246.81333333333333,4353.9376576576569,331,4.4133333333333331,8.1106306306306291,0.76669151756129883,0.013709410205434062,10070253.0,134270.04,3.6571808153282128
74321848,75,0,0.0,0.0,0,0.0,0,0.0,25348,337.9733333333333,4537.5668468468457,19913,265.50666666666666,2705.0371171171164,367,4.8933333333333318,4.7992792792792809,0.78558466151175632,0.014478459839040555,7535023.0,100466.97333333333,2.7346696428609345
74021398,75,0,0.0,0.0,0,0.0,0,0.0,25106,334.74666666666667,8426.9754954954915,18857,251.42666666666665,5319.4100900900894,153,2.04,2.39027027027027,0.75109535569186647,0.00609416075838445,14938493.0,199179.90666666668,4.2668266016798366
74021120,75,0,0.0,0.0,0,0.0,0,0.0,35197,469.29333333333335,18567.777657657662,27798,370.64,16392.260540540541,242,3.226666666666667,5.0154954954954949,0.78978322016080915,0.0068755859874421116,13719645.0,182928.6,3.5297661048221478
74021206,75,0,0.0,0.0,0,0.0,0,0.0,47807,637.42666666666662,16842.031711711712,35497,473.29333333333329,11023.39927927928,594,7.92,8.4259459459459425,0.7425063275252578,0.012424958688058233,18943888.0,252585.17333333334,3.6179586845071805
74021026,75,0,0.0,0.0,0,0.0,0,0.0,24370,324.93333333333328,10006.981981981982,17264,230.18666666666667,6427.7754954954953,255,3.4,4.0810810810810807,0.70841198194501431,0.0104636848584325,8964829.0,119531.05333333333,3.4083140001335659
74022004,75,0,0.0,0.0,0,0.0,0,0.0,8863,118.17333333333333,1561.874954954955,5391,71.88,385.78270270270275,73,0.97333333333333327,1.2695495495495495,0.6082590544962202,0.0082364887735529736,2642663.0,35235.506666666661,3.3466677115480139
74021495,75,0,0.0,0.0,0,0.0,0,0.0,20114,268.18666666666667,9218.0998198198213,10838,144.50666666666666,4207.73981981982,168,2.2399999999999998,3.9956756756756757,0.53882867654370092,0.0083523913691955845,6460981.0,88506.5890410959,3.3701394146407719
74012019,75,0,0.0,0.0,0,0.0,0,0.0,19104,254.72,2402.7178378378376,14930,199.06666666666666,1754.8738738738734,212,2.8266666666666667,2.9560360360360356,0.78151172529313229,0.01109715242881072,6468998.0,86253.306666666671,2.9427977521766895
74321873,75,0,0.0,0.0,0,0.0,0,0.0,19231,256.4133333333333,4032.813333333333,13350,177.99999999999997,2575.2972972972975,142,1.8933333333333335,2.0154954954954953,0.6941916696999636,0.0073839113930632833,7646409.0,101952.12,4.2003707205918088
74021794,74,0,0.0,0.0,0,0.0,0,0.0,18715,252.90540540540542,11287.895038874489,12883,174.09459459459458,7675.6210662717513,145,1.9594594594594594,2.4229914846353204,0.68837830617152018,0.0077477958856532192,5206993.0,74385.614285714284,3.1349489905850692
74021216,75,0,0.0,0.0,0,0.0,0,0.0,43441,579.21333333333337,14415.386306306309,30392,405.22666666666669,7740.5830630630626,505,6.7333333333333334,7.414414414414412,0.69961557054395618,0.011624962592942151,12144484.0,161926.45333333334,2.9616871197256711
74021866,75,0,0.0,0.0,0,0.0,0,0.0,31008,413.44,15814.52,22805,304.06666666666672,10885.279279279281,310,4.1333333333333329,5.0630630630630638,0.7354553663570691,0.0099974200206398352,10262045.0,136827.26666666666,3.2615016949073987
74021485,75,0,0.0,0.0,0,0.0,0,0.0,41263,550.1733333333334,12603.874954954956,30360,404.8,9063.2162162162167,418,5.5733333333333333,7.2479279279279281,0.73576812156168969,0.01013014080411022,16868065.0,224907.53333333333,3.8520824109056444
74021223,75,0,0.0,0.0,0,0.0,0,0.0,24414,325.52,15473.87459459459,14477,193.02666666666667,5704.2154954954949,239,3.186666666666667,6.0457657657657657,0.59297943802736131,0.0097894650610305563,9951226.0,132683.01333333331,3.8369336726754288
74019904,75,0,0.0,0.0,0,0.0,0,0.0,21220,282.93333333333328,1937.27927927928,16330,217.73333333333335,1342.3063063063062,268,3.5733333333333333,3.3019819819819825,0.7695570216776626,0.012629594721960414,6818745.0,90916.6,2.9516754312159881
74220630,75,0,0.0,0.0,0,0.0,0,0.0,13254,176.72,1282.9070270270274,10099,134.65333333333331,801.58090090090093,148,1.9733333333333332,2.2695495495495495,0.761958653991248,0.011166440319903425,4352085.0,58027.8,3.0212641367970963
74321709,75,0,0.0,0.0,0,0.0,0,0.0,30059,400.78666666666663,5378.1971171171162,22562,300.82666666666671,3701.6046846846834,331,4.413333333333334,5.4619819819819817,0.750590505339499,0.011011677035164176,9789954.0,130532.72000000002,3.1055804169847248
74321718,75,0,0.0,0.0,0,0.0,0,0.0,48007,640.09333333333336,7004.0857657657634,35964,479.52000000000004,5192.739459459458,597,7.96,11.49837837837838,0.74914075030724681,0.012435686462390901,16324813.0,217664.17333333334,3.1181188105131508
74020670,75,0,0.0,0.0,0,0.0,0,0.0,19243,256.57333333333338,2660.8695495495504,14632,195.09333333333333,1713.8695495495494,236,3.1466666666666665,3.0457657657657657,0.76038039806682944,0.01226419996881983,7269178.0,96922.373333333322,3.5121192778369217
74021845,75,0,0.0,0.0,0,0.0,0,0.0,30804,410.72,6007.3394594594574,23360,311.46666666666664,3339.7657657657655,530,7.0666666666666664,8.9549549549549567,0.758343072328269,0.017205557719776651,9874041.0,131653.87999999998,3.0368541769005009
74221207,75,0,0.0,0.0,0,0.0,0,0.0,14644,195.25333333333333,2686.29981981982,11445,152.6,1833.6756756756754,271,3.6133333333333333,4.2944144144144145,0.78154875717017214,0.01850587271237367,7858028.0,104773.70666666665,4.4896167794659316
74021715,75,0,0.0,0.0,0,0.0,0,0.0,9546,127.27999999999997,2011.8259459459455,6251,83.346666666666678,936.55387387387384,44,0.58666666666666667,0.624144144144144,0.65482924785250363,0.0046092604232139114,2736006.0,36480.08,3.3429134611845925
74021165,75,0,0.0,0.0,0,0.0,0,0.0,24308,324.10666666666668,3937.9073873873858,19227,256.35999999999996,3693.7470270270264,60,0.79999999999999993,1.0270270270270268,0.79097416488398886,0.0024683231857824586,9681052.0,130825.02702702703,2.9948845737901575
74021752,75,0,0.0,0.0,0,0.0,0,0.0,18942,252.56,2811.2227027027034,14378,191.70666666666668,1870.1019819819824,176,2.3466666666666667,3.1484684684684683,0.75905395417590538,0.0092915214866434379,5996554.0,79954.053333333344,2.8236896299727228
74321662,75,0,0.0,0.0,0,0.0,0,0.0,14129,188.38666666666666,4788.9971171171173,10703,142.70666666666665,2965.6154954954955,166,2.2133333333333334,2.8187387387387384,0.75751999433788664,0.01174888527142756,5586083.0,74481.106666666674,3.4852650311550146
74021814,75,0,0.0,0.0,0,0.0,0,0.0,25610,341.46666666666664,8735.3333333333321,19080,254.4,6176.810810810809,362,4.8266666666666662,10.199279279279279,0.745021475985943,0.014135103475204998,7828853.0,104384.70666666667,2.8875455311006952
74021830,75,0,0.0,0.0,0,0.0,0,0.0,32318,430.90666666666669,3059.6803603603607,24483,326.44,3665.2227027027011,479,6.3866666666666667,7.34846846846847,0.7575654434061514,0.014821461724116591,10004211.0,133389.48000000004,3.0993961330921831
74220409,51,0,0.0,0.0,0,0.0,0,0.0,13090,256.66666666666669,12566.226666666667,8412,164.94117647058823,6725.6164705882366,197,3.8627450980392162,7.5207843137254891,0.64262796027501912,0.015049656226126815,4273559.0,87215.489795918373,3.2786374598123933
74321795,75,0,0.0,0.0,0,0.0,0,0.0,22958,306.10666666666668,8286.2587387387412,18959,252.78666666666666,7026.89981981982,314,4.1866666666666674,5.3160360360360359,0.825812352992421,0.013677149577489328,8863536.0,118180.48,3.5354537539521624
74321896,75,0,0.0,0.0,0,0.0,0,0.0,23240,309.86666666666667,8621.9819819819822,15953,212.70666666666665,4346.93981981982,584,7.786666666666668,10.737657657657655,0.68644578313253013,0.025129087779690189,7779288.0,103723.84,3.5050217631229619
74221448,75,0,0.0,0.0,0,0.0,0,0.0,8014,106.85333333333332,676.53225225225219,5920,78.933333333333337,392.73873873873868,116,1.5466666666666666,1.6025225225225224,0.73870726229099082,0.014474669328674819,3033772.0,40450.293333333335,3.57649575345815
74021676,75,0,0.0,0.0,0,0.0,0,0.0,19147,255.29333333333329,1839.2100900900896,15157,202.09333333333336,1212.0317117117111,254,3.3866666666666663,3.9160360360360356,0.79161226301770515,0.013265785762782681,6516674.0,86888.986666666679,3.1123175426607639
74221175,75,0,0.0,0.0,0,0.0,0,0.0,24290,323.86666666666673,2387.4144144144152,19733,263.10666666666668,1621.9073873873872,206,2.7466666666666661,3.2457657657657664,0.81239193083573491,0.008480856319473035,8315048.0,110867.30666666666,3.1378696983978429
74021299,75,0,0.0,0.0,0,0.0,0,0.0,21146,281.94666666666666,1572.105225225225,17238,229.84,1221.109189189189,151,2.0133333333333336,1.986306306306306,0.81518963397332833,0.0071408304171001608,8285865.0,110478.2,3.370682333914067
74021105,75,0,0.0,0.0,0,0.0,0,0.0,11007,146.76000000000002,2025.5902702702701,7572,100.96000000000001,1177.8227027027026,79,1.0533333333333335,1.1863063063063062,0.68792586535840827,0.0071772508403743071,5137846.0,69430.351351351361,4.0657552527632648
74221287,75,0,0.0,0.0,0,0.0,0,0.0,27403,365.37333333333339,19679.993873873875,19225,256.33333333333331,9892.9279279279272,218,2.9066666666666663,2.9506306306306302,0.70156552202313616,0.00795533335766157,9695889.0,129278.52,3.0518429135608511
74220747,75,0,0.0,0.0,0,0.0,0,0.0,8889,118.52,673.225945945946,6790,90.533333333333331,519.65765765765775,54,0.72,0.63675675675675669,0.76386545168185394,0.0060749240634492066,3284807.0,43797.426666666666,2.9205758594713944
74021653,75,0,0.0,0.0,0,0.0,0,0.0,24493,326.57333333333332,4354.59927927928,19112,254.82666666666668,3906.6857657657638,108,1.44,1.492972972972973,0.78030457681786636,0.0044094231004776878,8710844.0,116144.58666666667,3.3737809293022942
74020719,75,0,0.0,0.0,0,0.0,0,0.0,18291,243.88,12619.539459459458,13300,177.33333333333334,8599.7387387387389,194,2.5866666666666664,3.7322522522522523,0.72713356295445852,0.0106063091137718,7552408.0,100698.77333333333,3.7021308931098251
74015796,75,0,0.0,0.0,0,0.0,0,0.0,41002,546.69333333333327,13317.783063063054,30882,411.76,9942.6983783783726,508,6.7733333333333334,8.9884684684684686,0.75318277157211844,0.012389639529779036,12003111.0,160041.48,2.8213807101893429
74021265,75,0,0.0,0.0,0,0.0,0,0.0,20672,275.62666666666667,3102.6154954954936,15422,205.62666666666667,2377.3181981981979,242,3.226666666666667,4.3938738738738738,0.74603328173374617,0.011706656346749226,7198886.0,95985.146666666653,3.412404192230226
74013415,75,0,0.0,0.0,0,0.0,0,0.0,38545,513.93333333333328,21569.873873873865,26422,352.29333333333335,10763.723603603601,344,4.5866666666666669,6.1917117117117124,0.68548449863795569,0.0089246335452069017,12496439.0,166619.18666666665,3.1949760085997054
74321908,75,0,0.0,0.0,0,0.0,0,0.0,23594,314.5866666666667,23677.651171171186,13250,176.66666666666666,1500.0900900900897,198,2.6399999999999997,4.0443243243243243,0.56158345342036109,0.00839196405865898,5821629.0,77621.72,2.9439824900932647
74020987,75,0,0.0,0.0,0,0.0,0,0.0,13166,175.54666666666668,3597.6565765765768,9800,130.66666666666666,2208.09009009009,264,3.5199999999999996,6.7664864864864871,0.74434148564484282,0.020051648184718215,4495062.0,60744.08108108108,3.0445576309571005
74013406,75,0,0.0,0.0,0,0.0,0,0.0,15475,206.33333333333334,4079.0900900900888,11236,149.81333333333333,2763.1268468468465,209,2.7866666666666666,3.3592792792792796,0.72607431340872375,0.013505654281098546,4893232.0,65243.093333333338,2.9521219546230859
74021063,74,0,0.0,0.0,0,0.0,0,0.0,8719,117.82432432432434,1464.1467974824143,5446,73.594594594594611,581.61421695668264,108,1.4594594594594597,1.5942243613476488,0.62461291432503729,0.012386741598807203,2469051.0,33822.616438356163,3.0450348348557967
74021795,75,0,0.0,0.0,0,0.0,0,0.0,29176,389.01333333333332,9327.3646846846841,22650,302.0,6469.0540540540533,435,5.8,7.8108108108108105,0.7763230052097615,0.014909514669591445,9345344.0,124604.58666666666,3.0373780639739225
74015749,70,0,0.0,0.0,0,0.0,0,0.0,7877,112.52857142857142,2632.426708074534,6126,87.5142857142857,2084.456314699793,41,0.58571428571428563,0.79689440993788818,0.777707248952647,0.0052050272946553254,2376061.0,36554.784615384611,2.7321566826177119
74220447,75,0,0.0,0.0,0,0.0,0,0.0,17263,230.17333333333335,1925.874954954955,13893,185.24,1667.5902702702697,254,3.3866666666666663,4.5106306306306321,0.80478479986097429,0.014713549209291549,8270665.0,110275.53333333333,3.9535242040060079
74220765,74,0,0.0,0.0,0,0.0,0,0.0,20277,274.01351351351354,6213.602554609407,14936,201.83783783783781,4622.6856719733423,225,3.0405405405405403,3.1353202517586078,0.73659811609212411,0.011096316023080338,6521246.0,88124.945945945947,2.8690706258458349
74021266,75,0,0.0,0.0,0,0.0,0,0.0,13252,176.69333333333333,1777.837117117117,9604,128.05333333333334,1303.5917117117119,252,3.36,3.9902702702702708,0.72472079686085122,0.019015997585270148,4967584.0,66234.453333333338,3.4752218228110077
74020672,74,0,0.0,0.0,0,0.0,0,0.0,28816,389.40540540540542,9338.62791558682,19806,267.6486486486487,5191.5460940392477,402,5.4324324324324325,13.043317289892629,0.68732648528595219,0.0139505830094392,14736895.0,199147.2297297297,5.1119279241709545
74020402,75,0,0.0,0.0,0,0.0,0,0.0,22714,302.85333333333341,8417.937657657656,18708,249.43999999999997,8536.5470270270271,199,2.6533333333333333,3.8241441441441451,0.823633001672977,0.0087611164920313456,9133026.0,121773.68,3.3184272621552631
74321823,75,0,0.0,0.0,0,0.0,0,0.0,16233,216.44,2836.9254054054054,11993,159.90666666666669,1761.3830630630628,75,0.99999999999999989,1.027027027027027,0.7388036715332964,0.004620218074293107,5610723.0,74809.640000000014,3.4543990431497695
74221158,75,0,0.0,0.0,0,0.0,0,0.0,31104,414.71999999999997,13345.636756756756,24663,328.83999999999992,12840.02810810811,200,2.6666666666666665,3.5495495495495488,0.792920524691358,0.0064300411522633747,13754702.0,183396.02666666661,3.9124428820630119
74220488,75,0,0.0,0.0,0,0.0,0,0.0,42288,563.83999999999992,10036.001081081076,30998,413.30666666666662,7454.7560360360376,286,3.8133333333333335,2.8565765765765758,0.73302118804388949,0.0067631479379493,13710829.0,182811.05333333334,3.1194384529760839
74321858,75,0,0.0,0.0,0,0.0,0,0.0,21548,287.30666666666667,5389.29657657658,14820,197.60000000000002,2691.7567567567589,281,3.746666666666667,4.245765765765765,0.687766846111008,0.013040653424911825,6850166.0,91335.546666666662,3.2292569940181668
74321845,75,0,0.0,0.0,0,0.0,0,0.0,12848,171.30666666666667,2458.7830630630624,7969,106.25333333333333,1192.1917117117116,75,1.0,1.1081081081081083,0.62025217932752175,0.0058374844333748442,4152799.0,55370.653333333335,3.2874957847066195
74021908,75,0,0.0,0.0,0,0.0,0,0.0,14275,190.33333333333331,3277.46846846847,11037,147.16,2231.0821621621626,177,2.3599999999999994,3.5037837837837835,0.77316987740805609,0.012399299474605954,5588884.0,74518.453333333324,3.1935858503622141
74221185,75,0,0.0,0.0,0,0.0,0,0.0,19899,265.32,5020.7610810810811,13031,173.7466666666667,2463.0295495495493,165,2.2,2.8918918918918921,0.65485702799135637,0.008291873963515755,7907485.0,105433.13333333335,3.4683625854994675
74220598,75,0,0.0,0.0,0,0.0,0,0.0,22230,296.4,7196.7297297297309,17367,231.56,5330.5200000000013,250,3.3333333333333335,4.36036036036036,0.78124156545209178,0.011246063877642825,9898609.0,131981.45333333334,3.5029937093679919
74215982,75,0,0.0,0.0,0,0.0,0,0.0,39716,529.54666666666674,26788.548468468474,22489,299.8533333333333,6619.5052252252272,413,5.5066666666666677,7.7668468468468452,0.56624534192768661,0.010398831705106254,13874698.0,184995.97333333336,3.604445338003949
74221474,75,0,0.0,0.0,0,0.0,0,0.0,28195,375.93333333333328,10925.684684684686,20097,267.96,5982.0659459459475,447,5.96,10.903783783783782,0.71278595495655261,0.015853874800496541,9964714.0,132862.85333333333,3.021041520404284
74214083,75,0,0.0,0.0,0,0.0,0,0.0,51094,681.25333333333333,33344.759279279286,35065,467.53333333333342,12482.144144144148,512,6.8266666666666662,8.5236036036036058,0.68628410380866633,0.01002074607586018,14011434.0,186819.12,2.7230899118378957
74321851,75,0,0.0,0.0,0,0.0,0,0.0,19670,262.26666666666665,9768.3063063063055,11790,157.2,3269.4594594594591,57,0.7599999999999999,0.67135135135135138,0.5993899339095069,0.0028978139298423996,5659710.0,75462.800000000017,3.2186639318612853
74214455,75,0,0.0,0.0,0,0.0,0,0.0,33940,452.53333333333336,9610.2252252252256,21952,292.69333333333338,7217.3506306306308,223,2.9733333333333332,3.0803603603603609,0.64678845020624631,0.0065704183853859755,11315173.0,150868.97333333336,3.3289782407925332
74220891,75,0,0.0,0.0,0,0.0,0,0.0,15160,202.13333333333333,2972.7657657657669,7841,104.54666666666667,2654.1430630630634,85,1.1333333333333333,1.5225225225225223,0.51721635883905015,0.0056068601583113458,4592096.0,61227.94666666667,3.5532610847444062
74021435,75,0,0.0,0.0,0,0.0,0,0.0,32578,434.37333333333333,8804.8587387387379,21801,290.68,4754.436756756756,227,3.0266666666666664,3.972252252252253,0.669193934557063,0.0069678924427527779,16660965.0,222146.2,4.5670994595373706
74021695,75,0,0.0,0.0,0,0.0,0,0.0,30082,401.09333333333331,13025.815495495493,22749,303.32,10490.166486486485,109,1.4533333333333331,1.6295495495495496,0.75623296323382749,0.0036234292932650755,14564299.0,194190.65333333335,4.1855486438119067
74021558,75,0,0.0,0.0,0,0.0,0,0.0,48674,648.98666666666657,38966.094414414423,36778,490.37333333333333,36838.453333333331,390,5.2,7.972972972972971,0.75559847146320414,0.008012491268439002,21484772.0,286463.62666666665,3.7206716822792245
74220902,75,0,0.0,0.0,0,0.0,0,0.0,25850,344.66666666666669,1628.0630630630619,20420,272.26666666666665,1303.4954954954974,180,2.4000000000000004,2.2972972972972974,0.78994197292069634,0.0069632495164410058,9841427.0,131219.02666666664,3.5084161524685875
74021648,75,0,0.0,0.0,0,0.0,0,0.0,6813,90.84,1070.2713513513511,5050,67.333333333333329,704.87387387387389,48,0.64,0.69297297297297311,0.74123000146778217,0.0070453544693967413,2833059.0,38284.58108108108,3.7122910107290266
74020566,75,0,0.0,0.0,0,0.0,0,0.0,17383,231.77333333333331,1204.1506306306308,13790,183.86666666666665,1075.0090090090096,215,2.8666666666666667,3.1711711711711716,0.79330380256572508,0.012368405913823851,5382101.0,71761.346666666665,2.7422370084652266
74021261,75,0,0.0,0.0,0,0.0,0,0.0,16169,215.58666666666664,1551.8944144144127,13028,173.70666666666668,1132.9398198198191,121,1.6133333333333333,1.6727927927927926,0.80573937782175764,0.007483455996041808,5420712.0,72276.16,3.0276031463264093
74321855,75,0,0.0,0.0,0,0.0,0,0.0,20751,276.68,6067.0583783783795,15287,203.82666666666665,3430.6317117117114,320,4.2666666666666657,6.4144144144144146,0.73668738855958749,0.015420943568984628,7459881.0,99465.08,3.1896424405231474
74021503,75,0,0.0,0.0,0,0.0,0,0.0,32283,430.44,2926.4389189189178,24684,329.12,2612.4043243243241,352,4.6933333333333325,5.72900900900901,0.764612954186414,0.010903571539200197,10685480.0,142473.06666666668,2.9933400188455019
74021461,75,0,0.0,0.0,0,0.0,0,0.0,29189,389.18666666666672,21635.153873873878,22064,294.18666666666661,14833.74846846847,252,3.3600000000000003,5.3956756756756752,0.75590119565589775,0.0086333892904861421,9889398.0,131858.63999999998,3.2911550935363953
74021661,75,0,0.0,0.0,0,0.0,0,0.0,34645,461.93333333333334,9334.7657657657637,27411,365.48,7823.92864864865,401,5.3466666666666676,8.4187387387387353,0.791196420839948,0.011574541780920768,10510622.0,140141.62666666665,2.83294680766453
74021825,75,0,0.0,0.0,0,0.0,0,0.0,13149,175.32000000000002,914.22054054054058,9642,128.56,520.76324324324332,209,2.7866666666666662,2.9809009009009011,0.73328770248688113,0.01589474484751692,4560946.0,60812.613333333335,3.5187304364286294
74021582,75,0,0.0,0.0,0,0.0,0,0.0,20038,267.17333333333329,2880.1722522522532,15006,200.08,1767.2637837837851,146,1.9466666666666665,1.8349549549549553,0.74887713344645179,0.0072861563030242535,6420442.0,85605.893333333326,2.9814986271604931
74020967,75,0,0.0,0.0,0,0.0,0,0.0,24436,325.81333333333333,6503.2890090090077,16824,224.32000000000002,4156.1124324324328,422,5.6266666666666669,10.939819819819819,0.68849238827958747,0.017269602226223604,7936303.0,105817.37333333334,3.205911586058797
74021976,75,0,0.0,0.0,0,0.0,0,0.0,20496,273.28000000000003,9491.6367567567577,14348,191.30666666666667,4972.674954954954,97,1.2933333333333334,1.5073873873873873,0.70003903200624507,0.0047326307572209212,6468383.0,86245.106666666659,3.2444561776090333
74013336,75,0,0.0,0.0,0,0.0,0,0.0,32051,427.34666666666669,9920.6079279279274,22499,299.98666666666668,6034.6890090090073,485,6.4666666666666668,9.1981981981981988,0.701974977379801,0.015132133162771833,10666185.0,142215.80000000002,3.3432584545106785
74321853,75,0,0.0,0.0,0,0.0,0,0.0,22135,295.13333333333327,3101.4684684684689,17699,235.98666666666668,2536.0673873873875,316,4.2133333333333329,6.1160360360360384,0.79959340411113622,0.014276033431217529,9020938.0,120279.17333333332,3.6883159163666428
74221289,75,0,0.0,0.0,0,0.0,0,0.0,59281,790.41333333333341,12112.326846846843,43644,581.92000000000007,7588.777297297298,550,7.333333333333333,11.522522522522525,0.73622239840758419,0.0092778461901789778,21105213.0,281402.84,2.8791996970100566
74021995,75,0,0.0,0.0,0,0.0,0,0.0,23899,318.65333333333336,12165.013333333334,15605,208.06666666666669,4420.65765765766,216,2.88,3.9448648648648641,0.6529561906355914,0.00903803506422863,6127828.0,81704.373333333337,2.8645348958267829
74220438,75,0,0.0,0.0,0,0.0,0,0.0,36959,492.78666666666663,10180.170090090092,29213,389.50666666666666,9465.1992792792789,207,2.76,3.9145945945945955,0.79041640737032925,0.0056008008874698992,17759179.0,236789.05333333332,3.8105332966048078
74020387,75,0,0.0,0.0,0,0.0,0,0.0,29940,399.2,17330.64864864865,21496,286.61333333333334,14402.69981981982,213,2.84,4.1632432432432429,0.71796927187708748,0.0071142284569138273,12096836.0,161291.14666666667,3.989375222744481
74021352,75,0,0.0,0.0,0,0.0,0,0.0,22228,296.37333333333333,4071.3992792792806,15543,207.24,2788.0767567567559,581,7.7466666666666661,12.57009009009009,0.69925319416951592,0.026138204066942596,8179861.0,109064.81333333332,3.4613165684480642
74021978,75,0,0.0,0.0,0,0.0,0,0.0,13993,186.57333333333332,3933.6803603603607,9859,131.45333333333332,1974.170090090091,98,1.3066666666666669,1.3776576576576576,0.70456656899878511,0.0070035017508754379,5695773.0,75943.64,3.741607530404421
74021557,75,0,0.0,0.0,0,0.0,0,0.0,27689,369.18666666666672,5799.4511711711693,20938,279.17333333333335,3594.226306306306,304,4.0533333333333337,4.7538738738738724,0.75618476651377808,0.010979089168984072,11408079.0,152107.72,3.8134040786576446
74012184,75,0,0.0,0.0,0,0.0,0,0.0,24979,333.05333333333334,6560.97009009009,19184,255.78666666666666,4670.1430630630639,241,3.2133333333333334,5.1160360360360366,0.7680051243044157,0.00964810440770247,8318805.0,110917.4,2.9463034678848419
74321852,75,0,0.0,0.0,0,0.0,0,0.0,20681,275.74666666666667,5754.9484684684667,12917,172.22666666666666,1907.447927927928,206,2.7466666666666666,3.0025225225225229,0.6245829505343069,0.0099608336153957731,6420430.0,85605.733333333337,3.1570093895348386
74021180,75,0,0.0,0.0,0,0.0,0,0.0,12209,162.78666666666666,1879.2511711711716,9636,128.48,1724.225945945946,71,0.94666666666666655,0.997117117117117,0.78925382914243591,0.00581538209517569,5058865.0,67451.53333333334,3.3686414124578428
74221477,75,0,0.0,0.0,0,0.0,0,0.0,26663,355.50666666666666,3957.3344144144135,19067,254.22666666666669,2687.1776576576567,297,3.96,5.0389189189189176,0.71511082773881407,0.011139031616847317,8861406.0,118152.08,3.135319272359625
74321666,75,0,0.0,0.0,0,0.0,0,0.0,64192,855.89333333333332,18946.204684684686,49247,656.62666666666678,14028.345225225225,880,11.733333333333334,13.576576576576572,0.76718282652043868,0.013708873379860419,19933869.0,265784.92,2.9009450024824179
74321881,75,0,0.0,0.0,0,0.0,0,0.0,45311,604.14666666666687,11636.775495495496,33471,446.28000000000003,6227.3664864864841,650,8.6666666666666661,10.54954954954955,0.73869479817262917,0.014345302465185054,15953167.0,212708.89333333328,3.1867820546526002
74321796,75,0,0.0,0.0,0,0.0,0,0.0,37268,496.90666666666669,10213.707387387383,29213,389.50666666666666,7490.3073873873864,351,4.6800000000000006,5.8691891891891883,0.78386283138349255,0.0094182676827304929,11707955.0,156106.06666666665,2.811272806176373
74021157,75,0,0.0,0.0,0,0.0,0,0.0,7739,103.18666666666665,293.316036036036,6059,80.786666666666662,226.17009009009007,70,0.93333333333333335,1.2252252252252256,0.78291768962398245,0.0090450962656673985,2859234.0,38123.119999999995,3.1518138494679557
74220723,75,0,0.0,0.0,0,0.0,0,0.0,18929,252.38666666666668,8514.7268468468465,14895,198.6,7119.91891891892,200,2.666666666666667,4.1711711711711716,0.786887844048814,0.010565798510222411,7249496.0,96659.94666666667,3.384550257892065
74220905,75,0,0.0,0.0,0,0.0,0,0.0,54512,726.82666666666671,9925.84792792793,44840,597.86666666666667,7848.03603603604,534,7.12,6.4043243243243229,0.822571176988553,0.0097960082183739354,21618858.0,288251.44000000006,3.5159371469554155
74021316,75,0,0.0,0.0,0,0.0,0,0.0,14635,195.13333333333333,4644.3333333333339,11562,154.16000000000003,4266.595675675675,135,1.8,2.0810810810810811,0.7900239152716092,0.0092244619063887937,6206063.0,82747.506666666668,3.8321642690142168
74321689,75,0,0.0,0.0,0,0.0,0,0.0,12404,165.38666666666666,686.99711711711768,9130,121.73333333333333,473.41441441441441,170,2.2666666666666662,2.819819819819819,0.73605288616575293,0.013705256368913253,3997608.0,53301.439999999995,2.9838880164397437
74221065,75,0,0.0,0.0,0,0.0,0,0.0,22666,302.21333333333337,1900.1160360360352,18281,243.74666666666664,1882.6781981981978,283,3.7733333333333334,3.2046846846846848,0.80653842760081174,0.012485661342980675,8104023.0,108053.64,3.1902117530499177
74020871,74,0,0.0,0.0,0,0.0,0,0.0,12777,172.66216216216216,1132.5829322473164,9838,132.94594594594594,763.61347649018921,185,2.4999999999999996,3.1301369863013697,0.76997730296626754,0.01447914220865618,4703932.0,63566.648648648654,3.159527984838586
74021468,75,0,0.0,0.0,0,0.0,0,0.0,8218,109.57333333333334,494.32900900900916,6440,85.866666666666674,503.90090090090075,128,1.7066666666666666,1.7776576576576579,0.78364565587734247,0.015575565831102457,2995797.0,39943.96,3.2637211555827776
74020522,74,0,0.0,0.0,0,0.0,0,0.0,19417,262.39189189189187,2501.7758237689736,15401,208.12162162162161,2764.5466493891154,226,3.0540540540540535,3.7504627915586823,0.79317093268785088,0.01163928516248648,8021144.0,109878.68493150684,3.5523422777399163
74020541,75,0,0.0,0.0,0,0.0,0,0.0,15505,206.73333333333335,2274.3333333333335,11317,150.89333333333335,1248.8263063063062,126,1.6800000000000002,2.6259459459459462,0.72989358271525318,0.0081264108352144468,4635098.0,61801.306666666671,3.0529246395943961
74011885,75,0,0.0,0.0,0,0.0,0,0.0,25710,342.79999999999995,23604.72972972973,15626,208.34666666666669,8272.2565765765758,246,3.28,4.9610810810810806,0.60777907429015943,0.00956826137689615,8789941.0,117199.21333333333,3.8361555716938951
74220601,75,0,0.0,0.0,0,0.0,0,0.0,42358,564.77333333333331,34335.339819819827,32094,427.92,25584.534054054056,485,6.4666666666666668,7.9549549549549559,0.7576844987959771,0.011450021247462109,16200122.0,216001.62666666668,3.61555726126686
74321688,75,0,0.0,0.0,0,0.0,0,0.0,19932,265.76,9546.5632432432449,14126,188.34666666666664,5046.3917117117117,213,2.8400000000000003,3.1902702702702705,0.7087096126831226,0.010686333534015654,6740151.0,89868.680000000008,3.4298480565464029
74220552,75,0,0.0,0.0,0,0.0,0,0.0,19149,255.32000000000002,2972.1664864864865,15182,202.42666666666668,2289.5992792792786,269,3.5866666666666669,2.9214414414414418,0.79283513499399449,0.014047730952007937,8674378.0,115658.37333333332,3.9083620717994996
74017259,74,0,0.0,0.0,0,0.0,0,0.0,50249,679.04054054054052,27733.847649018888,36075,487.5,14153.349315068492,607,8.2027027027027035,13.917252869307662,0.71792473482059349,0.012079842384923083,15851184.0,214205.1891891892,3.0631069624036678
74221291,75,0,0.0,0.0,0,0.0,0,0.0,15435,205.80000000000004,6343.4324324324361,10240,136.53333333333336,3076.6846846846861,181,2.4133333333333331,3.3268468468468466,0.66342727567217363,0.011726595400064788,6386752.0,85156.693333333315,3.6963590182013197
74021705,75,0,0.0,0.0,0,0.0,0,0.0,36136,481.81333333333333,9362.4511711711748,27226,363.01333333333326,6547.2295495495509,282,3.7600000000000002,5.9416216216216213,0.75343148107150759,0.0078038521142351118,12058321.0,160777.61333333331,3.3335503480148581
74021068,75,0,0.0,0.0,0,0.0,0,0.0,19814,264.18666666666661,2301.3971171171152,15789,210.52000000000004,1854.8475675675679,213,2.8400000000000003,4.4605405405405412,0.796860805491067,0.010749974765317452,9652969.0,128706.25333333334,4.1443256191807922
74015174,75,0,0.0,0.0,0,0.0,0,0.0,20153,268.70666666666671,6810.4803603603614,16318,217.57333333333335,5337.356036036037,185,2.4666666666666668,3.7927927927927931,0.80970575100481323,0.0091797747233662488,8128950.0,108385.99999999999,3.5269299494871671
74021580,75,0,0.0,0.0,0,0.0,0,0.0,13663,182.17333333333332,2110.3614414414415,10252,136.69333333333333,1419.3236036036033,142,1.8933333333333335,1.9344144144144146,0.75034765424870087,0.010393032276952353,4998599.0,66647.986666666664,3.3345206277047374
74321901,75,0,0.0,0.0,0,0.0,0,0.0,18836,251.14666666666668,6396.2079279279324,12118,161.57333333333335,2274.2749549549553,312,4.16,5.8929729729729718,0.64334253557018473,0.016564026332554684,6009409.0,80125.453333333338,2.9774305971029387
74021052,75,0,0.0,0.0,0,0.0,0,0.0,40118,534.90666666666664,21233.112792792792,31602,421.35999999999996,20321.882162162165,423,5.64,9.2064864864864866,0.78772620768732238,0.010543895508250661,15870115.0,211601.53333333333,3.3049534327669257
74021150,75,0,0.0,0.0,0,0.0,0,0.0,14626,195.01333333333332,2488.8511711711712,10684,142.45333333333332,1414.4133333333343,210,2.8000000000000007,3.918918918918918,0.73047996718173114,0.014357992615889511,5636091.0,75147.87999999999,3.3293694912933844
74012022,75,0,0.0,0.0,0,0.0,0,0.0,41470,552.93333333333328,12923.900900900899,31563,420.84,9277.3254054054069,321,4.28,5.4475675675675665,0.76110441282855079,0.0077405353267422233,13113925.0,174852.33333333334,2.8955668509818868
74020663,75,0,0.0,0.0,0,0.0,0,0.0,18523,246.97333333333336,3543.9722522522538,14372,191.62666666666667,2882.6425225225225,248,3.3066666666666666,5.2154954954954951,0.7759002321438212,0.013388759920099335,6926391.0,92351.88,3.3978778482048217
74020379,75,0,0.0,0.0,0,0.0,0,0.0,31107,414.76,24842.292972972977,24869,331.58666666666664,22534.272792792795,299,3.9866666666666668,6.3917117117117126,0.7994663580544572,0.0096119844408011062,11750824.0,156677.65333333335,3.1369571188954395
74022005,75,0,0.0,0.0,0,0.0,0,0.0,23726,316.34666666666664,9130.4998198198209,17763,236.83999999999997,5901.0821621621617,305,4.0666666666666664,7.2792792792792769,0.74867234257776283,0.01285509567563011,7060230.0,94136.4,2.7757252402976991
74021916,75,0,0.0,0.0,0,0.0,0,0.0,29601,394.67999999999995,4000.2475675675678,23664,315.52,3092.8745945945934,420,5.6,5.9189189189189193,0.79943245160636467,0.014188709840883754,10001489.0,133353.18666666668,2.8394390321175926
74020521,75,0,0.0,0.0,0,0.0,0,0.0,28415,378.86666666666667,8122.0360360360373,22615,301.53333333333325,6250.9549549549565,505,6.7333333333333334,9.6846846846846848,0.79588245644905864,0.017772303360900934,9073731.0,120983.08000000002,2.8110933081517331
74020881,75,0,0.0,0.0,0,0.0,0,0.0,18567,247.56,1780.8713513513519,15324,204.32,1137.923243243243,263,3.5066666666666668,3.7127927927927935,0.82533527225723058,0.014164916249259439,7124606.0,94994.746666666659,3.0476765001181709
74321880,75,0,0.0,0.0,0,0.0,0,0.0,21888,291.84,5571.9740540540524,14211,189.48,2669.6854054054052,301,4.0133333333333328,6.3917117117117126,0.64925986842105265,0.013751827485380117,7894279.0,105257.05333333333,3.9646622127472826
74021780,75,0,0.0,0.0,0,0.0,0,0.0,39631,528.4133333333333,9931.1917117117155,31062,414.16000000000008,12795.6227027027,240,3.1999999999999997,5.1081081081081088,0.7837803739496858,0.0060558653579268753,14976334.0,199684.45333333334,3.0662055348927342
74020943,75,0,0.0,0.0,0,0.0,0,0.0,25406,338.74666666666667,5421.7322522522509,16716,222.88,2785.4583783783783,115,1.5333333333333334,1.9279279279279282,0.65795481382350629,0.0045264898055577419,10994225.0,146589.66666666666,4.9437460711450525
74021429,75,0,0.0,0.0,0,0.0,0,0.0,19402,258.69333333333333,3569.2154954954954,13729,183.05333333333334,2428.889009009009,71,0.94666666666666666,1.1863063063063062,0.70760746314812906,0.0036594165549943304,8824482.0,117659.76,4.8502873560897148
74020605,75,0,0.0,0.0,0,0.0,0,0.0,29004,386.72,3956.2583783783789,24111,321.48,3717.0637837837867,444,5.919999999999999,7.8854054054054066,0.83129913115432352,0.015308233347124535,11204801.0,149397.34666666668,2.9271633737983707
74020892,75,0,0.0,0.0,0,0.0,0,0.0,30657,408.76000000000005,20839.130810810806,22035,293.80000000000007,17276.621621621623,218,2.9066666666666667,5.0587387387387386,0.71875917408748413,0.0071109371432299309,10574255.0,140990.06666666668,3.0510748018296519
74021374,74,0,0.0,0.0,0,0.0,0,0.0,15222,205.70270270270271,3100.2391706775265,11506,155.48648648648648,2308.9655683080341,194,2.6216216216216215,3.4439096630877448,0.75587964787807116,0.012744711601629221,5996190.0,81029.594594594586,3.2533115830479811
74321866,75,0,0.0,0.0,0,0.0,0,0.0,21436,285.81333333333328,5164.5052252252262,15939,212.52,3024.3070270270268,386,5.1466666666666674,5.55927927927928,0.74356223175965663,0.018007090875163275,7409430.0,98792.400000000023,3.5281301311798243
74321839,75,0,0.0,0.0,0,0.0,0,0.0,20953,279.37333333333333,4788.2641441441465,16160,215.46666666666667,3541.5225225225226,119,1.5866666666666669,1.8673873873873874,0.77124994034267169,0.0056793776547511094,7397228.0,98629.706666666665,3.341122688154726
74321626,75,0,0.0,0.0,0,0.0,0,0.0,24259,323.45333333333332,7924.683603603602,17555,234.06666666666669,8233.4954954954974,92,1.2266666666666666,1.5290090090090092,0.72364895502700033,0.0037924069417535761,8684512.0,115793.49333333333,3.3153471795993674
74321831,75,0,0.0,0.0,0,0.0,0,0.0,17573,234.30666666666667,3337.701981981982,13231,176.41333333333336,2301.9484684684694,127,1.6933333333333331,1.7560360360360359,0.7529164058498834,0.00722699595971092,6192489.0,82566.52,3.1986368827126577
74321827,75,0,0.0,0.0,0,0.0,0,0.0,21848,291.30666666666673,6820.4046846846859,15353,204.70666666666665,5821.5884684684679,160,2.1333333333333333,2.7927927927927927,0.702718784328085,0.0073233247894544124,7746614.0,103288.18666666665,3.1863039789911731
74321790,75,0,0.0,0.0,0,0.0,0,0.0,16572,220.95999999999998,3668.0659459459462,11633,155.10666666666668,2156.6641441441448,186,2.48,2.9827027027027024,0.70196717354573979,0.011223750905141203,4964259.0,66190.12,2.9918506760126631
74321856,75,0,0.0,0.0,0,0.0,0,0.0,14866,198.21333333333331,2063.143063063063,9606,128.07999999999998,814.45297297297259,197,2.6266666666666665,2.6154954954954959,0.64617247410197765,0.013251715323557111,5254178.0,70055.706666666665,3.3789665824454782
74321830,75,0,0.0,0.0,0,0.0,0,0.0,11177,149.02666666666664,2031.4317117117128,7088,94.506666666666689,723.79387387387385,197,2.6266666666666665,2.7776576576576573,0.63415943455310009,0.017625480898273239,4240173.0,56535.640000000007,3.7486613944434195
74021977,75,0,0.0,0.0,0,0.0,0,0.0,17536,233.81333333333333,4752.2890090090086,12163,162.17333333333332,2400.7127927927927,90,1.2,2.5675675675675675,0.69360173357664234,0.0051322992700729925,6961635.0,92821.8,3.4885960639384419
74020658,75,0,0.0,0.0,0,0.0,0,0.0,30948,412.64,14713.909189189189,22779,303.72,9019.1772972973,359,4.7866666666666671,4.8727927927927936,0.73604110120201627,0.011600103399250355,13704296.0,182723.94666666668,3.6074099463416931
74220640,75,0,0.0,0.0,0,0.0,0,0.0,17821,237.61333333333334,5525.9700900900925,14238,189.84000000000003,4386.9199999999992,177,2.3600000000000003,2.692972972972973,0.79894506481117777,0.0099321025756130416,7814692.0,104195.89333333333,3.5293970282209131
74321826,75,0,0.0,0.0,0,0.0,0,0.0,15517,206.89333333333335,4395.5830630630635,11841,157.88000000000002,2822.35027027027,65,0.8666666666666667,0.87387387387387394,0.76309853708835473,0.00418895405039634,6304492.0,84059.893333333326,3.2481327919993426
74220834,75,0,0.0,0.0,0,0.0,0,0.0,12605,168.06666666666666,3217.00900900901,8943,119.24,1561.7794594594593,91,1.2133333333333334,1.3052252252252252,0.7094803649345498,0.0072193573978579931,6162686.0,82169.146666666667,4.3029642022702141
74213286,75,0,0.0,0.0,0,0.0,0,0.0,31917,425.56000000000006,8719.5740540540555,20688,275.83999999999992,4571.0281081081093,218,2.9066666666666667,2.9776576576576579,0.64818122003947742,0.0068302158724190872,10486932.0,139825.76,3.3171247987932033
74221020,75,0,0.0,0.0,0,0.0,0,0.0,17353,231.37333333333333,3473.2641441441456,13102,174.69333333333333,2255.8641441441441,127,1.6933333333333334,1.9452252252252251,0.7550279490577998,0.0073186192589177667,6760371.0,90138.280000000013,3.0403037398687451
74020555,75,0,0.0,0.0,0,0.0,0,0.0,34755,463.39999999999992,23106.486486486479,25163,335.50666666666666,13549.064144144144,330,4.3999999999999995,6.0270270270270281,0.72401093367860736,0.0094950366853690116,12967290.0,172897.2,3.4745885899491245
74021787,75,0,0.0,0.0,0,0.0,0,0.0,30390,405.2,9743.62162162162,21211,282.81333333333333,5981.9917117117111,446,5.9466666666666672,8.4295495495495469,0.69795985521553139,0.014675880223757815,8826433.0,117685.77333333332,2.9275504375728025
74021583,75,0,0.0,0.0,0,0.0,0,0.0,28293,377.24,5247.7524324324349,21352,284.69333333333333,2267.9722522522538,356,4.7466666666666661,6.3268468468468475,0.75467430106386735,0.012582617608595767,9164531.0,122193.74666666667,2.9307495150991176
74021083,75,0,0.0,0.0,0,0.0,0,0.0,56426,752.34666666666669,14260.472792792789,43797,583.96,10155.471351351352,802,10.693333333333332,13.701981981981982,0.77618473753234329,0.014213305922801546,18057476.0,240766.34666666668,2.9125538451113089
74221472,75,0,0.0,0.0,0,0.0,0,0.0,13680,182.4,1302.351351351351,9871,131.61333333333334,894.3754954954959,161,2.1466666666666665,2.1538738738738741,0.72156432748538013,0.011769005847953217,4742632.0,63235.093333333331,3.3204965862351039
74020828,75,0,0.0,0.0,0,0.0,0,0.0,31685,422.46666666666664,5268.7117117117086,26082,347.76000000000005,4867.4821621621622,436,5.8133333333333317,6.6673873873873877,0.82316553574246487,0.013760454473725738,11544921.0,153932.28,3.1187929311596623
74013315,75,0,0.0,0.0,0,0.0,0,0.0,31088,414.50666666666666,5719.6046846846812,23419,312.25333333333327,3816.4079279279276,371,4.9466666666666663,4.51063063063063,0.75331317550180132,0.011933865156973752,10823658.0,144315.44000000003,2.9981445214252429
74021636,75,0,0.0,0.0,0,0.0,0,0.0,7380,98.4,355.86486486486484,5648,75.306666666666672,293.1884684684685,63,0.83999999999999986,0.97405405405405387,0.76531165311653115,0.00853658536585366,2830675.0,37742.333333333336,3.4394533371290783
74021604,75,0,0.0,0.0,0,0.0,0,0.0,40530,540.4,24252.297297297293,30405,405.4,21519.35135135135,651,8.6799999999999979,18.490810810810814,0.7501850481125093,0.016062176165803108,14551897.0,194025.29333333331,3.1600748629008519
74021741,75,0,0.0,0.0,0,0.0,0,0.0,21199,282.65333333333331,4745.3917117117117,13246,176.61333333333332,1788.3484684684684,100,1.3333333333333335,1.3873873873873872,0.62484079437709328,0.0047172036416812113,6067041.0,80893.88,3.4008165597188125
74013982,73,0,0.0,0.0,0,0.0,0,0.0,13085,179.24657534246577,1107.6328006088272,11060,151.50684931506848,995.5034246575342,111,1.5205479452054793,1.9752663622526632,0.8452426442491402,0.008482995796713794,4245931.0,58163.438356164377,2.8328067652057958
74021958,75,0,0.0,0.0,0,0.0,0,0.0,27481,366.41333333333336,7544.1646846846843,17008,226.77333333333331,4272.0425225225226,297,3.96,5.4713513513513519,0.61890033113787712,0.010807466977184236,9387339.0,125164.51999999997,3.8000764280319834
74321914,75,0,0.0,0.0,0,0.0,0,0.0,36031,480.4133333333333,11597.759279279277,28145,375.26666666666671,10617.495495495496,228,3.04,5.03891891891892,0.78113291332463708,0.0063278843218339759,13329159.0,177722.12,3.2032918186256416
74021481,75,0,0.0,0.0,0,0.0,0,0.0,23337,311.15999999999997,6895.7037837837834,17369,231.58666666666664,5287.4079279279267,96,1.28,0.90702702702702709,0.7442687577666367,0.0041136392852551742,7093370.0,95856.351351351346,2.9285241927685033
74021994,74,0,0.0,0.0,0,0.0,0,0.0,32303,436.52702702702703,16422.088300629392,21860,295.40540540540542,5833.2854498333963,584,7.8918918918918921,11.686782673084043,0.67671733275547163,0.018078816209020833,11432300.0,154490.54054054053,3.5796379767674682
74020694,75,0,0.0,0.0,0,0.0,0,0.0,7355,98.066666666666677,2377.4684684684685,5588,74.506666666666661,1869.9830630630631,63,0.84,0.91999999999999993,0.759755268524813,0.0085656016315431675,4528261.0,63778.323943661977,4.332242156955501
74021999,75,0,0.0,0.0,0,0.0,0,0.0,22371,298.28,8224.5827027027,17352,231.36,5129.5037837837835,441,5.88,10.728648648648647,0.77564704304680165,0.019713021322247552,10476332.0,139684.4266666667,4.1773445386590353
74020575,75,0,0.0,0.0,0,0.0,0,0.0,23194,309.25333333333327,12797.570090090092,17608,234.77333333333331,6199.4209009009037,363,4.84,11.217297297297296,0.759161852203156,0.015650599292920581,11016242.0,148868.13513513515,4.0426041220953879
74020461,75,0,0.0,0.0,0,0.0,0,0.0,32445,432.6,11355.405405405405,25101,334.68,6592.0043243243226,390,5.2,6.5675675675675667,0.77364771151178913,0.012020342117429497,8917006.0,118893.41333333333,2.6898903431015087
74020619,75,0,0.0,0.0,0,0.0,0,0.0,46968,626.2399999999999,30815.995675675676,34240,456.53333333333336,21334.036036036036,590,7.866666666666668,59.441441441441434,0.72900698347811277,0.012561744166240845,15115960.0,201546.13333333336,3.1472764288585298
74021896,75,0,0.0,0.0,0,0.0,0,0.0,9885,131.8,1506.0000000000007,6653,88.706666666666678,735.56144144144139,101,1.3466666666666667,1.3106306306306303,0.67303995953464846,0.010217501264542236,3762794.0,50170.586666666662,3.758374263554634
74013410,75,0,0.0,0.0,0,0.0,0,0.0,12129,161.72000000000003,885.85297297297268,8901,118.67999999999999,798.51783783783821,172,2.2933333333333334,2.5884684684684691,0.733860994311155,0.014180888778959519,4044767.0,54659.013513513521,2.9915879494655484
74021637,75,0,0.0,0.0,0,0.0,0,0.0,27826,371.01333333333332,6732.1754954954986,19935,265.8,3142.4594594594632,210,2.8,5.3783783783783781,0.71641630130094158,0.0075468985840580751,9649016.0,128653.54666666666,3.3895554495813531
74021218,75,0,0.0,0.0,0,0.0,0,0.0,23127,308.35999999999996,3733.368648648649,17932,239.09333333333336,2342.6803603603607,196,2.6133333333333333,2.5917117117117114,0.77537077874346,0.0084749427076577163,7237059.0,96494.12,2.9426180640577022
74220969,75,0,0.0,0.0,0,0.0,0,0.0,12328,164.37333333333333,1454.6965765765769,9190,122.53333333333333,942.22522522522524,128,1.7066666666666666,1.7776576576576579,0.7454574951330305,0.010382868267358857,4544585.0,60594.466666666667,3.3346220035217
74021912,75,0,0.0,0.0,0,0.0,0,0.0,32959,439.45333333333332,10018.30522522522,26642,355.22666666666669,7914.1236036036016,204,2.7199999999999998,2.4745945945945942,0.80833763160290062,0.0061895081768257535,10465153.0,139535.37333333332,2.9727580621589302
74021234,75,0,0.0,0.0,0,0.0,0,0.0,29637,395.15999999999997,7545.83891891892,22290,297.2,5600.4324324324325,289,3.8533333333333335,4.5592792792792789,0.75210041502176339,0.0097513243580659315,8419421.0,112258.94666666667,2.8715985445706109
74221047,75,0,0.0,0.0,0,0.0,0,0.0,17278,230.37333333333336,2830.3722522522517,12851,171.34666666666666,1962.0403603603606,264,3.5199999999999996,3.874594594594595,0.7437782150711888,0.015279546243778214,6265414.0,83538.853333333347,3.1106837420437485
74321803,75,0,0.0,0.0,0,0.0,0,0.0,30413,405.50666666666666,8261.118198198199,22801,304.01333333333332,4797.8511711711708,336,4.4799999999999995,4.8475675675675669,0.74971229408476636,0.0110479071449709,11608256.0,154776.74666666664,3.2706906703138658
74021469,73,0,0.0,0.0,0,0.0,0,0.0,36631,501.79452054794524,13162.99885844749,28705,393.21917808219177,9884.3679604261779,375,5.1369863013698636,4.86986301369863,0.78362589063907617,0.01023723076083099,12130351.0,166169.19178082189,2.958123459773228
74021821,75,0,0.0,0.0,0,0.0,0,0.0,60635,808.4666666666667,29507.684684684697,43387,578.49333333333323,19131.929009009014,793,10.573333333333332,18.788468468468466,0.71554382782221493,0.01307825513317391,18320177.0,244269.02666666667,2.8731234278922417
74021568,75,0,0.0,0.0,0,0.0,0,0.0,12018,160.23999999999998,1582.2118918918916,9021,120.28,952.69081081081015,120,1.5999999999999999,1.4864864864864866,0.75062406390414382,0.00998502246630055,4287705.0,57169.400000000009,3.1150716103763525
74020682,75,0,0.0,0.0,0,0.0,0,0.0,60237,803.15999999999985,24253.460540540538,50388,671.83999999999992,28197.406486486496,743,9.9066666666666663,10.383063063063066,0.8364958414263659,0.012334611617444428,25817315.0,344230.8666666667,3.59249206707491
74021649,75,0,0.0,0.0,0,0.0,0,0.0,8896,118.61333333333333,1441.0241441441444,7021,93.61333333333333,1338.2944144144139,111,1.48,0.98270270270270266,0.78923111510791366,0.012477517985611511,3503140.0,46708.533333333326,3.4979953858391024
74021746,75,0,0.0,0.0,0,0.0,0,0.0,41267,550.22666666666657,11691.096576576578,31812,424.15999999999997,11174.406486486483,430,5.7333333333333334,8.4144144144144146,0.77088230305086392,0.010419948142583662,13291974.0,177226.32,2.9372126551256605
74021251,75,0,0.0,0.0,0,0.0,0,0.0,14322,190.96000000000004,2089.6605405405403,10207,136.09333333333333,1181.8965765765759,188,2.5066666666666664,2.7398198198198203,0.71267979332495457,0.013126658287948611,4350662.0,58008.826666666675,2.9278823767738347
74021321,75,0,0.0,0.0,0,0.0,0,0.0,18240,243.2,2428.7027027027034,11210,149.46666666666667,887.38738738738709,216,2.8800000000000003,4.1340540540540553,0.61458333333333337,0.011842105263157895,4939809.0,65864.12,2.997952743837716
74021359,75,0,0.0,0.0,0,0.0,0,0.0,18913,252.17333333333335,2534.28036036036,14587,194.49333333333334,2308.9830630630631,231,3.08,2.9124324324324324,0.77126843969756254,0.012213821181198117,6451200.0,86015.999999999985,3.2662620879569366
74321905,75,0,0.0,0.0,0,0.0,0,0.0,20146,268.61333333333334,2134.24036036036,14987,199.82666666666668,1611.28036036036,202,2.6933333333333334,2.81009009009009,0.74391938846421124,0.010026804328402661,7056791.0,94090.546666666647,3.1747262664294285
74220929,75,0,0.0,0.0,0,0.0,0,0.0,31608,421.43999999999994,2975.0064864864876,26867,358.22666666666669,2625.06954954955,328,4.373333333333334,4.9938738738738735,0.85000632751202232,0.010377119716527461,11094290.0,147923.86666666664,3.0086648550166091
74021804,75,0,0.0,0.0,0,0.0,0,0.0,19970,266.26666666666665,2923.2792792792807,15687,209.16,2471.8659459459459,115,1.5333333333333337,1.6846846846846848,0.785528292438658,0.0057586379569354029,7253287.0,96710.493333333317,3.2755367145027283
74220627,75,0,0.0,0.0,0,0.0,0,0.0,9932,132.42666666666668,963.22090090090069,7478,99.706666666666678,595.91279279279286,161,2.1466666666666669,1.9106306306306304,0.75291985501409586,0.0162102295610149,4327777.0,57703.693333333336,3.8248521324105766
74021793,75,0,0.0,0.0,0,0.0,0,0.0,18862,251.49333333333331,7864.334414414413,14561,194.14666666666668,5850.6403603603612,175,2.3333333333333335,3.1171171171171173,0.77197540027568656,0.0092779132647651356,6024158.0,80322.106666666674,3.1412034213625861
74021100,75,0,0.0,0.0,0,0.0,0,0.0,14047,187.29333333333332,4840.6425225225239,10377,138.36,3584.5037837837835,53,0.70666666666666678,0.64252252252252251,0.73873424930590159,0.0037730476258275789,8281527.0,116641.22535211267,4.2301540350500915
74021335,75,0,0.0,0.0,0,0.0,0,0.0,22545,300.59999999999997,4195.891891891888,18607,248.09333333333336,3536.4371171171197,252,3.3600000000000003,2.9091891891891892,0.82532712353071636,0.011177644710578843,9147894.0,121971.92000000001,3.0994295183883458
74011239,75,0,0.0,0.0,0,0.0,0,0.0,63741,849.88,15399.94486486487,46479,619.71999999999991,6190.6637837837825,945,12.599999999999998,14.918918918918928,0.7291852967477761,0.014825622440815174,18375775.0,245010.33333333334,2.7895341027890854
74220936,75,0,0.0,0.0,0,0.0,0,0.0,6895,91.933333333333323,580.49549549549556,4840,64.533333333333331,365.92792792792795,62,0.82666666666666666,0.92900900900900907,0.70195794053662075,0.0089920232052211752,3547048.0,47293.973333333335,4.0658551853616229
74020646,75,0,0.0,0.0,0,0.0,0,0.0,18199,242.65333333333331,2962.7971171171175,14275,190.33333333333334,2051.0360360360364,127,1.6933333333333331,1.7560360360360359,0.78438375734930488,0.0069784054068904883,6510992.0,86813.226666666669,3.0550019424356063
74321867,75,0,0.0,0.0,0,0.0,0,0.0,18242,243.22666666666669,8887.988468468473,13567,180.89333333333332,5224.0425225225235,374,4.9866666666666672,7.8781981981981986,0.74372327595658372,0.020502137923473305,6919927.0,92265.693333333329,3.5845632949206814
74221323,75,0,0.0,0.0,0,0.0,0,0.0,24971,332.94666666666672,3759.0781981981977,19949,265.98666666666662,3082.3917117117112,246,3.28,5.1772972972972982,0.7988867085819551,0.0098514276560810535,8467559.0,112900.78666666667,3.1253137959708233
74012107,75,0,0.0,0.0,0,0.0,0,0.0,98653,1315.3733333333334,49636.156036036067,74181,989.07999999999993,34196.020540540536,1281,17.080000000000002,29.534054054054053,0.751938613118709,0.012984906693156823,27778023.0,370373.63999999996,2.695159009522722
74021380,71,0,0.0,0.0,0,0.0,0,0.0,32006,450.78873239436621,6014.0547283702253,26244,369.63380281690138,5256.1782696177079,425,5.9859154929577469,9.5855130784708251,0.81997125538961446,0.013278760232456414,10417929.0,146731.39436619717,2.6823116696021114
74014946,75,0,0.0,0.0,0,0.0,0,0.0,22106,294.74666666666667,4620.1376576576577,16339,217.85333333333332,2750.0727927927946,266,3.5466666666666673,4.9268468468468463,0.73912060074188,0.012032932235592146,8265290.0,110203.86666666668,3.4446275891262328
74021492,75,0,0.0,0.0,0,0.0,0,0.0,41413,552.17333333333318,17535.766846846844,31210,416.13333333333333,13790.036036036041,444,5.919999999999999,7.2908108108108118,0.75362808779851742,0.010721271098447347,13335868.0,177811.57333333333,2.894348801042502
74021494,75,0,0.0,0.0,0,0.0,0,0.0,38412,512.16,8635.7578378378439,30286,403.81333333333328,5352.4511711711721,405,5.3999999999999995,5.4324324324324342,0.78845152556492759,0.010543580131208997,12153654.0,162048.72,2.773874016203715
74020523,56,0,0.0,0.0,0,0.0,0,0.0,20357,363.51785714285717,6571.45422077922,14778,263.89285714285711,4554.642857142856,271,4.8392857142857153,10.864610389610389,0.72594193643464167,0.013312374121923662,6468095.0,115501.69642857145,3.0220972418423866
74021465,75,0,0.0,0.0,0,0.0,0,0.0,38411,512.14666666666665,10427.180900900898,31547,420.62666666666672,8679.6965765765763,243,3.2400000000000007,3.0497297297297292,0.82130118976334909,0.0063263127749863318,13900704.0,185342.71999999997,2.98493826803713
74321569,75,0,0.0,0.0,0,0.0,0,0.0,24374,324.98666666666668,4611.5809009009054,18297,243.96,3896.7416216216216,255,3.3999999999999995,9.2432432432432456,0.75067695084926556,0.010461967670468532,8836793.0,117823.90666666669,3.1526941951907035
74220456,75,0,0.0,0.0,0,0.0,0,0.0,20769,276.92,2818.0475675675671,16002,213.35999999999999,2168.9362162162156,106,1.4133333333333336,1.7052252252252251,0.77047522750252784,0.0051037604121527275,6894715.0,91929.53333333334,2.9588579417858512
74321782,75,0,0.0,0.0,0,0.0,0,0.0,12145,161.93333333333331,2127.2252252252256,8248,109.97333333333331,1102.1614414414412,41,0.54666666666666663,0.62954954954954956,0.679127212844792,0.0033758748456154796,4004519.0,54115.12162162162,3.2782752246967597
74321888,75,0,0.0,0.0,0,0.0,0,0.0,20601,274.68000000000006,9224.625945945947,12874,171.65333333333334,4992.9863063063058,215,2.8666666666666667,4.09009009009009,0.62492112033396441,0.010436386583175574,7017740.0,93569.866666666683,3.1792071954416752
74220426,75,0,0.0,0.0,0,0.0,0,0.0,41553,554.04,11291.57945945947,32650,435.33333333333331,10563.630630630632,730,9.7333333333333325,15.846846846846848,0.78574350829061679,0.017567925300218997,17911848.0,238824.63999999998,3.514100302439735
74216264,75,0,0.0,0.0,0,0.0,0,0.0,30891,411.88,8787.863783783785,21461,286.1466666666667,4009.1809009009025,422,5.626666666666666,8.1290090090090068,0.69473309378136028,0.013660936842446019,10082559.0,134434.12,3.1513910989311671
74215706,75,0,0.0,0.0,0,0.0,0,0.0,9255,123.39999999999999,1335.0270270270273,6392,85.226666666666659,709.85333333333358,90,1.2,1.1891891891891895,0.690653700702323,0.0097244732576985422,3567479.0,47566.386666666673,3.7821145505055571
74213291,75,0,0.0,0.0,0,0.0,0,0.0,10611,141.48,2442.2529729729727,5291,70.546666666666667,864.33225225225237,52,0.69333333333333336,0.5938738738738738,0.49863349354443504,0.0049005748751295829,2672164.0,35628.853333333333,3.5999800962208468
74321900,64,0,0.0,0.0,0,0.0,0,0.0,21358,333.71875,26026.840277777781,12873,201.140625,11327.360863095239,319,4.984375,15.094990079365079,0.60272497424852511,0.014935855417173892,7502770.0,131627.54385964913,3.12661318163525
74220910,75,0,0.0,0.0,0,0.0,0,0.0,33380,445.06666666666672,28403.765765765762,17295,230.6,4086.8108108108117,238,3.1733333333333338,3.73981981981982,0.51812462552426608,0.0071300179748352305,9423179.0,125642.38666666667,3.2524760982435916
74321789,75,0,0.0,0.0,0,0.0,0,0.0,4139,55.186666666666667,950.18090090090084,2699,35.986666666666665,504.93225225225223,36,0.47999999999999993,0.65837837837837843,0.65208987678183139,0.0086977530804542152,1608262.0,21443.493333333336,3.7549353821064129
74321574,75,0,0.0,0.0,0,0.0,0,0.0,12500,166.66666666666669,3231.4414414414409,9572,127.62666666666668,2333.8046846846846,120,1.5999999999999999,1.8378378378378379,0.76576,0.0096,5525960.0,73679.466666666674,3.3116298952114192
74220707,75,0,0.0,0.0,0,0.0,0,0.0,34581,461.08,20965.61513513514,29226,389.68,22258.463783783791,381,5.08,11.561081081081083,0.84514617853734708,0.011017610826754577,17987867.0,243079.28378378379,3.727567587533553
74021391,75,0,0.0,0.0,0,0.0,0,0.0,36773,490.30666666666662,18541.512792792793,22814,304.18666666666667,7830.1268468468488,190,2.5333333333333337,3.711711711711712,0.62040083757104392,0.005166834362167895,14324308.0,190990.77333333332,3.6606419020660077
74021897,75,0,0.0,0.0,0,0.0,0,0.0,28856,384.74666666666667,4921.4619819819818,19414,258.85333333333335,2328.2619819819824,316,4.2133333333333329,3.8457657657657665,0.67278902134738006,0.010950928749653451,8899677.0,118662.36,3.2692444897989428
74021368,75,0,0.0,0.0,0,0.0,0,0.0,62754,836.72,28020.366486486484,50122,668.29333333333341,31982.696576576578,580,7.7333333333333334,10.846846846846846,0.7987060585779393,0.0092424387290053218,26995093.0,359934.5733333333,3.4993482437335497
74321804,75,0,0.0,0.0,0,0.0,0,0.0,8790,117.2,710.891891891892,6166,82.213333333333338,414.62954954954967,119,1.5866666666666667,1.5971171171171172,0.70147895335608645,0.013538111490329921,3110756.0,41476.746666666666,3.1832015462700141
74020743,75,0,0.0,0.0,0,0.0,0,0.0,42612,568.16000000000008,9797.48756756756,30997,413.29333333333335,6453.48036036036,472,6.2933333333333321,6.6154954954954963,0.72742419975593731,0.011076692011639914,13303406.0,177378.74666666667,2.8375012318676323
74220970,75,0,0.0,0.0,0,0.0,0,0.0,20745,276.6,2817.9729729729729,16667,222.22666666666666,2151.9614414414405,297,3.96,3.7145945945945953,0.80342251144854182,0.014316702819956615,7198139.0,95975.186666666661,3.1825662867886071
74020758,75,0,0.0,0.0,0,0.0,0,0.0,8487,113.16000000000001,702.97405405405391,5927,79.026666666666657,314.593873873874,84,1.1199999999999999,0.99891891891891893,0.69836220101331448,0.00989749027925062,2392974.0,31906.320000000003,2.7883372333601018
74321878,75,0,0.0,0.0,0,0.0,0,0.0,10722,142.96,1622.1470270270265,6620,88.266666666666666,686.60360360360346,112,1.4933333333333334,2.0371171171171172,0.61742212273829511,0.010445812348442454,3676726.0,49685.486486486487,3.4961281062161484
74321906,75,0,0.0,0.0,0,0.0,0,0.0,20626,275.01333333333332,2819.5809009009,14095,187.93333333333334,1854.2792792792795,147,1.96,2.0659459459459457,0.68336080674876365,0.0071269271792882768,6315862.0,84211.493333333317,3.0047523223424406
74021560,75,0,0.0,0.0,0,0.0,0,0.0,19061,254.1466666666667,5641.55927927928,13299,177.32000000000002,965.95027027027015,258,3.44,5.4118918918918926,0.69770736057919314,0.013535491317349562,5898852.0,78651.359999999986,3.1487313575524154
74021508,75,0,0.0,0.0,0,0.0,0,0.0,33803,450.70666666666665,5240.2100900900932,25961,346.14666666666676,3605.8836036036037,530,7.0666666666666664,10.900900900900902,0.768008756619235,0.01567908173830725,11309614.0,150794.85333333333,2.9447706097002686
74221441,75,0,0.0,0.0,0,0.0,0,0.0,3557,47.426666666666669,123.30198198198195,2853,38.040000000000006,97.201081081081057,100,1.3333333333333333,1.4144144144144144,0.80208040483553555,0.028113578858588697,1528733.0,20383.106666666663,3.7409006014250492
74221097,75,0,0.0,0.0,0,0.0,0,0.0,41212,549.49333333333345,9868.8209009009,31251,416.67999999999995,5615.5178378378378,442,5.8933333333333326,6.8533333333333353,0.75829855381927591,0.010725031544210424,11590951.0,154546.01333333334,2.7159919680812692
74021816,75,0,0.0,0.0,0,0.0,0,0.0,23888,318.50666666666672,2087.442522522525,18742,249.89333333333335,1497.6641441441443,263,3.5066666666666664,2.5236036036036036,0.78457803081044875,0.011009711989283322,8587939.0,114505.85333333333,3.1457465580735264
74021179,74,0,0.0,0.0,0,0.0,0,0.0,3015,40.743243243243242,1008.3578304331731,1872,25.297297297297291,481.06108848574604,35,0.47297297297297292,0.63624583487597186,0.62089552238805967,0.011608623548922056,1025879.0,21827.212765957443,3.8227741231824326
74021810,75,0,0.0,0.0,0,0.0,0,0.0,30325,404.33333333333331,10234.360360360364,19453,259.37333333333333,4937.7776576576589,137,1.8266666666666667,2.0100900900900895,0.64148392415498767,0.0045177246496290189,12443464.0,165912.85333333336,3.6278196055870908
74021408,75,0,0.0,0.0,0,0.0,0,0.0,59466,792.88,18103.971891891895,41936,559.14666666666665,10593.045765765764,300,3.9999999999999996,5.1351351351351351,0.70520969966031011,0.0050448996064978305,25096242.0,334616.56,3.9103103064413336
74321892,75,0,0.0,0.0,0,0.0,0,0.0,16413,218.83999999999997,4411.7848648648651,10118,134.90666666666667,2355.4100900900908,137,1.8266666666666667,1.820900900900901,0.61646256016572232,0.00834704197891915,5658851.0,76470.959459459453,3.5490295676735313
74321627,75,0,0.0,0.0,0,0.0,0,0.0,35317,470.89333333333332,23525.420900900888,24576,327.67999999999995,12427.004324324318,359,4.7866666666666671,6.7106306306306305,0.69586884503213753,0.010165076308859756,9899046.0,131987.28,2.8867549035873465
74021204,75,0,0.0,0.0,0,0.0,0,0.0,16663,222.17333333333332,6362.5236036036049,12453,166.04,5211.903783783785,113,1.5066666666666666,1.4154954954954955,0.74734441577146971,0.006781491928224209,5777696.0,77035.946666666656,3.1722082321725078
74021427,75,0,0.0,0.0,0,0.0,0,0.0,25207,336.09333333333336,11779.464144144142,18380,245.06666666666672,7372.00900900901,162,2.16,3.4605405405405403,0.72916253421668586,0.0064267862101797116,10132552.0,135100.69333333336,3.9926604172066904
74020498,75,0,0.0,0.0,0,0.0,0,0.0,37125,494.99999999999994,23349.027027027034,25762,343.4933333333334,12353.280360360359,245,3.2666666666666671,4.0900900900900892,0.693925925925926,0.0065993265993266,10706556.0,142754.08000000002,3.0161391801895547
74020693,75,0,0.0,0.0,0,0.0,0,0.0,25720,342.93333333333334,5688.9549549549547,18215,242.86666666666665,2909.5225225225226,114,1.5199999999999996,2.5772972972972967,0.708203732503888,0.0044323483670295491,9329385.0,124391.79999999999,3.5577007963640974
74321806,75,0,0.0,0.0,0,0.0,0,0.0,11641,155.21333333333337,1955.8727927927926,8953,119.37333333333333,1258.7506306306307,166,2.2133333333333334,2.0619819819819822,0.76909200240529163,0.014259943303839876,5354337.0,71391.159999999989,4.015739676756712
74220437,75,0,0.0,0.0,0,0.0,0,0.0,21236,283.1466666666667,2245.7214414414425,16463,219.50666666666666,1547.2533333333331,233,3.1066666666666665,3.2857657657657664,0.77524015822188741,0.010971934450932379,8864430.0,118192.40000000001,3.7134640995588333
74020481,75,0,0.0,0.0,0,0.0,0,0.0,10086,134.48,2237.4962162162155,7893,105.24000000000001,1672.265945945946,120,1.6,2.0540540540540535,0.78256989886972039,0.011897679952409279,4926260.0,65683.46666666666,4.105441914830033
74020511,30,0,0.0,0.0,0,0.0,0,0.0,8557,285.23333333333335,22911.357471264371,6576,219.2,14343.751724137928,237,7.9,32.162068965517236,0.76849363094542478,0.027696622648124343,3556546.0,131723.92592592596,4.0787949548561038
74220384,75,0,0.0,0.0,0,0.0,0,0.0,42610,568.13333333333333,25831.792792792796,26981,359.74666666666667,12023.191711711712,287,3.8266666666666667,5.9019819819819812,0.63320816709692562,0.0067355080966909177,14277495.0,190366.6,3.5364014559404464
74215951,75,0,0.0,0.0,0,0.0,0,0.0,57960,772.8,22200.21621621622,42841,571.21333333333325,13987.278198198192,403,5.373333333333334,7.75063063063063,0.7391476880607315,0.0069530710835058662,18023725.0,240316.33333333331,3.1005552293164658
74321836,75,0,0.0,0.0,0,0.0,0,0.0,22907,305.42666666666673,4341.0317117117129,17130,228.39999999999998,3028.6216216216226,298,3.9733333333333332,8.2965765765765749,0.7478063474047234,0.01300912384860523,8549381.0,113991.74666666667,3.11315381649003
74021393,75,0,0.0,0.0,0,0.0,0,0.0,44803,597.37333333333333,34988.210090090091,30165,402.20000000000005,20647.918918918916,329,4.3866666666666667,12.429549549549547,0.673280807088811,0.0073432582639555389,19353309.0,258044.12,3.6577350623254867
74021823,75,0,0.0,0.0,0,0.0,0,0.0,15687,209.16000000000003,5741.1091891891892,10248,136.64,2781.9902702702707,60,0.8,0.83783783783783794,0.65327978580990631,0.0038248231019315355,8462609.0,112834.78666666667,4.0677531131139348
74220827,75,0,0.0,0.0,0,0.0,0,0.0,26546,353.94666666666666,22573.321441441443,19401,258.67999999999995,18548.57189189189,155,2.0666666666666664,2.7657657657657659,0.7308445716868831,0.0058389211180592182,11434083.0,152454.43999999997,3.2998024443008491
74021241,75,0,0.0,0.0,0,0.0,0,0.0,45454,606.0533333333334,27273.024144144147,34207,456.09333333333331,19871.734414414412,453,6.0400000000000009,10.633513513513517,0.7525630307563691,0.0099661195934351212,16623722.0,221649.62666666668,3.2540307870072605
74021854,75,0,0.0,0.0,0,0.0,0,0.0,20199,269.32,7327.0043243243235,13566,180.88000000000002,3912.4313513513503,222,2.9600000000000004,3.4713513513513514,0.671617406802317,0.010990643101143621,8542589.0,113901.18666666666,4.0934308296433493
74021778,75,0,0.0,0.0,0,0.0,0,0.0,11083,147.77333333333334,2161.4209009009014,8025,107.00000000000001,1515.5675675675677,72,0.96,1.038918918918919,0.72408192727600829,0.0064964359830370841,5919691.67,78929.222266666664,4.8601959632351
74021942,74,0,0.0,0.0,0,0.0,0,0.0,20984,283.56756756756755,7797.0433172898938,14708,198.75675675675674,4085.8852276934467,137,1.8513513513513511,2.046094039244724,0.70091498284407172,0.0065287838353030878,8250160.0,111488.64864864864,3.5712398740745637
74021343,75,0,0.0,0.0,0,0.0,0,0.0,23548,313.97333333333336,9713.8371171171184,15750,210.00000000000003,5657.2432432432433,143,1.9066666666666667,2.0587387387387386,0.66884661117717,0.00607270256497367,8160650.0,108808.66666666666,3.2798369790945938
74021369,75,0,0.0,0.0,0,0.0,0,0.0,39323,524.30666666666662,16329.161441441431,28725,382.99999999999994,8952.2432432432415,453,6.04,7.3091891891891887,0.73048851817002769,0.011519975586806704,17867437.0,238232.49333333332,4.0225228504002608
74021928,75,0,0.0,0.0,0,0.0,0,0.0,17476,233.01333333333335,10126.905225225224,12315,164.2,6444.1351351351359,134,1.7866666666666668,2.3592792792792783,0.70468070496681168,0.0076676585030899516,6170982.0,82279.76,3.4519602537891405
74021017,75,0,0.0,0.0,0,0.0,0,0.0,16619,221.58666666666667,4600.1646846846843,12208,162.77333333333331,2847.4479279279276,88,1.1733333333333333,1.3344144144144143,0.734580901377941,0.00529514411216078,5891329.0,78551.05333333333,3.5388570444561385
74321915,75,0,0.0,0.0,0,0.0,0,0.0,22429,299.05333333333334,5239.9971171171155,17849,237.98666666666668,5028.4727927927943,141,1.88,2.3232432432432431,0.79580008025324356,0.0062865040795398817,9218064.0,122907.52,3.3637457387490826
74220887,75,0,0.0,0.0,0,0.0,0,0.0,19421,258.94666666666666,4204.6727927927914,13534,180.45333333333335,2353.4944144144147,225,3.0,3.8378378378378386,0.69687451727511451,0.011585397250399053,9284518.0,123793.57333333333,3.9003512567083902
74221340,75,0,0.0,0.0,0,0.0,0,0.0,16119,214.92000000000002,3661.5881081081084,11219,149.58666666666667,2041.3268468468466,78,1.04,1.0659459459459462,0.69601091879148835,0.0048390098641354923,7766667.0,103555.56,4.0203375582331509
74020451,75,0,0.0,0.0,0,0.0,0,0.0,41168,548.90666666666664,7000.058738738735,29248,389.97333333333336,3533.5938738738751,583,7.7733333333333325,8.6641441441441458,0.71045472211426353,0.014161484648270502,12827037.0,171027.15999999997,3.0197348421013883
74020431,75,0,0.0,0.0,0,0.0,0,0.0,20677,275.69333333333333,5716.6749549549531,13220,176.26666666666671,2587.8468468468463,126,1.6800000000000002,1.7881081081081081,0.63935774048459637,0.0060937273298834454,5556866.0,75092.783783783787,2.7946265565926396
74020478,75,0,0.0,0.0,0,0.0,0,0.0,30250,403.33333333333331,5961.9009009009033,21590,287.86666666666662,3130.1441441441443,317,4.2266666666666666,4.6100900900900905,0.71371900826446277,0.010479338842975206,11199918.0,149332.24000000002,3.6329109718841641
74020474,75,0,0.0,0.0,0,0.0,0,0.0,30119,401.5866666666667,7833.0565765765778,21145,281.93333333333334,4584.9819819819813,361,4.8133333333333326,5.8565765765765763,0.70204854078820678,0.011985789700853282,9065405.0,120872.06666666668,2.9107563784217607
74021248,75,0,0.0,0.0,0,0.0,0,0.0,30848,411.30666666666673,10962.999279279278,23353,311.37333333333333,9414.2100900900914,150,2.0,2.5945945945945943,0.75703449170124482,0.0048625518672199171,14439677.0,192529.02666666667,3.3656032721692326
74020664,72,0,0.0,0.0,0,0.0,0,0.0,14158,196.63888888888889,1541.7832550860721,11193,155.45833333333334,1237.4066901408448,172,2.3888888888888888,3.8748043818466358,0.79057776522107648,0.012148608560531149,5951806.0,82663.972222222219,3.6484451803903268
74321712,75,0,0.0,0.0,0,0.0,0,0.0,9967,132.89333333333332,899.583063063063,7266,96.88000000000001,515.9718918918918,120,1.6,1.5135135135135134,0.7290057188722785,0.012039731112671818,4190875.0,55878.333333333336,3.96763036596392
74220954,75,0,0.0,0.0,0,0.0,0,0.0,15224,202.98666666666665,1709.5538738738735,11361,151.48000000000002,1181.8475675675677,226,3.0133333333333336,3.2836036036036029,0.74625591171833949,0.014844981607987388,5130077.0,68401.026666666672,2.8604998096699679
74220659,75,0,0.0,0.0,0,0.0,0,0.0,31286,417.14666666666665,7534.910630630633,23330,311.06666666666661,5192.5495495495516,321,4.28,5.7178378378378376,0.74570095250271684,0.01026018027232628,11231731.0,149756.41333333333,3.3044056527139669
74220479,75,0,0.0,0.0,0,0.0,0,0.0,26126,348.34666666666669,5950.5809009009072,20979,279.71999999999997,4908.5016216216191,194,2.5866666666666664,3.8403603603603611,0.80299318686366072,0.007425553088876981,10973786.0,146317.1466666667,3.27604724716827
74221311,75,0,0.0,0.0,0,0.0,0,0.0,16895,225.26666666666665,3131.8198198198179,12224,162.98666666666665,1684.1214414414412,157,2.0933333333333333,3.1398198198198197,0.72352767090855286,0.0092926901450133183,6330370.0,84404.933333333334,3.426746722794356
74020810,75,0,0.0,0.0,0,0.0,0,0.0,22364,298.18666666666672,3706.0457657657671,16687,222.49333333333334,2376.523603603604,328,4.373333333333334,3.4533333333333336,0.74615453407261667,0.014666428188159542,8922397.0,118965.29333333335,3.6544626675977225
74021091,75,0,0.0,0.0,0,0.0,0,0.0,34650,462.0,9929.54054054054,28458,379.44000000000005,9975.8983783783788,255,3.4,3.6216216216216215,0.82129870129870131,0.00735930735930736,12258718.0,163449.5733333333,2.9997478746705375
74021215,75,0,0.0,0.0,0,0.0,0,0.0,44792,597.22666666666669,17496.988468468473,31890,425.20000000000005,13117.837837837837,328,4.3733333333333322,6.047927927927927,0.71195749240935879,0.0073227362028933738,14474022.0,192986.96000000002,3.3004441442805881
74321809,75,0,0.0,0.0,0,0.0,0,0.0,19143,255.24,6360.1308108108078,12811,170.81333333333333,3049.5863063063066,103,1.3733333333333335,1.6425225225225226,0.66922634905709655,0.0053805568615159591,6511347.0,86817.959999999977,3.2348291025621365
74021880,75,0,0.0,0.0,0,0.0,0,0.0,12091,161.21333333333328,4753.9809009009,7452,99.36,1760.1794594594598,130,1.7333333333333332,1.9279279279279278,0.61632619303614256,0.010751798858655199,5520605.0,73608.066666666666,3.4572663152120255
74021937,75,0,0.0,0.0,0,0.0,0,0.0,28698,382.64,13519.747027027022,19196,255.94666666666666,6076.2133333333313,324,4.32,6.1394594594594585,0.66889678723255974,0.011289985364833787,15672130.0,208961.73333333331,4.0428044282923432
74220907,75,0,0.0,0.0,0,0.0,0,0.0,24569,327.58666666666664,1753.8673873873881,19502,260.02666666666664,1781.99927927928,325,4.3333333333333339,11.144144144144144,0.79376449997964915,0.013228051609752127,11000025.0,146667.0,3.45374170025796
74021762,75,0,0.0,0.0,0,0.0,0,0.0,22748,303.30666666666667,2285.5127927927924,16562,220.82666666666663,1444.9560360360367,297,3.96,6.0929729729729738,0.72806400562686835,0.013056092843326886,6871462.0,91619.493333333332,2.9040381632671055
74321814,75,0,0.0,0.0,0,0.0,0,0.0,14037,187.16,1621.4335135135138,11238,149.84000000000003,1087.8929729729732,150,2.0,2.2162162162162162,0.80059841846548407,0.010686044026501388,4963148.0,66175.306666666671,3.2086059377380787
74021754,75,0,0.0,0.0,0,0.0,0,0.0,10094,134.5866666666667,1247.7322522522525,7111,94.813333333333333,729.58630630630648,139,1.8533333333333335,2.4241441441441438,0.70447790766792151,0.013770556766395879,3728492.0,49713.226666666669,3.4334350971016154
74021914,75,0,0.0,0.0,0,0.0,0,0.0,44668,595.57333333333338,20502.572252252245,37759,503.45333333333338,17451.683603603604,447,5.96,10.228108108108108,0.84532551267126355,0.010007163965254768,13836021.0,184480.28,2.665798767504973
74021347,75,0,0.0,0.0,0,0.0,0,0.0,18108,241.43999999999997,1417.4118918918896,14317,190.89333333333335,898.90738738738776,258,3.4400000000000004,4.1416216216216215,0.7906450187762315,0.014247846255798542,6450753.0,86010.039999999979,3.119213556778818
74020660,75,0,0.0,0.0,0,0.0,0,0.0,9746,129.94666666666666,1543.9971171171167,7026,93.679999999999993,807.13945945945932,134,1.7866666666666664,2.9538738738738735,0.72091114303303916,0.013749230453519393,3328125.0,44375.0,3.1683481651744767
74220491,75,0,0.0,0.0,0,0.0,0,0.0,14532,193.76000000000002,2233.6443243243243,11482,153.09333333333336,1575.4100900900908,213,2.84,3.0821621621621618,0.79011835948252129,0.014657308009909166,5902334.0,78697.786666666667,3.3910689545536687
74020777,75,0,0.0,0.0,0,0.0,0,0.0,14770,196.93333333333334,1609.8738738738743,11023,146.97333333333333,1160.837117117117,210,2.7999999999999994,4.0540540540540544,0.74631008801624921,0.014218009478672985,5421583.0,72287.773333333331,3.2650344297252496
74021154,75,0,0.0,0.0,0,0.0,0,0.0,17720,236.26666666666668,5055.4954954954956,12378,165.04,3017.3632432432423,187,2.4933333333333332,3.1722522522522523,0.69853273137697514,0.010553047404063206,6436808.0,85824.106666666674,3.1066567512429581
74221076,75,0,0.0,0.0,0,0.0,0,0.0,10999,146.65333333333331,2041.8241441441437,8023,106.97333333333333,1379.4587387387387,73,0.97333333333333338,1.2695495495495497,0.729429948177107,0.0066369669969997269,4678321.0,62377.613333333335,3.6399866267575938
74321879,74,0,0.0,0.0,0,0.0,0,0.0,22052,298.0,5190.5753424657541,14859,200.79729729729726,3378.8487597186227,394,5.3243243243243237,8.0851536467974832,0.673816433883548,0.017866860148739342,7243576.0,97886.16216216216,2.949878017438738
74220890,75,0,0.0,0.0,0,0.0,0,0.0,32069,427.5866666666667,3851.6511711711678,26412,352.15999999999997,3548.3524324324326,226,3.0133333333333336,3.364684684684685,0.82359911440955436,0.0070473042502104833,12668606.0,168914.74666666667,3.4763860769517265
74220889,75,0,0.0,0.0,0,0.0,0,0.0,31695,422.6,3898.8918918918926,25186,335.81333333333339,2645.8836036036037,377,5.0266666666666664,5.45873873873874,0.794636377977599,0.01189462060261871,10529206.0,140389.41333333333,3.0120165882177012
74021616,75,0,0.0,0.0,0,0.0,0,0.0,34283,457.10666666666668,5116.1776576576585,27522,366.96000000000004,5279.3632432432423,153,2.04,2.4983783783783782,0.80278855409386574,0.0044628533092203135,13190368.0,175871.57333333333,3.7091392571904387
74021163,75,0,0.0,0.0,0,0.0,0,0.0,22058,294.10666666666668,6469.52900900901,17255,230.06666666666663,5448.63063063063,263,3.5066666666666668,6.3344144144144146,0.78225587088584636,0.011923111796173724,10212114.0,136161.52,4.0077998986793908
74021702,75,0,0.0,0.0,0,0.0,0,0.0,16610,221.46666666666664,3441.2792792792798,11854,158.05333333333334,2500.9160360360356,78,1.04,1.1199999999999999,0.7136664659843468,0.0046959662853702589,4506964.0,60092.853333333325,2.9143776055468824
74214878,75,0,0.0,0.0,0,0.0,0,0.0,46458,619.43999999999994,25051.574054054043,34234,456.45333333333338,10238.440360360361,239,3.1866666666666665,7.0998198198198192,0.73688062335873261,0.0051444315295535751,20741756.0,276556.74666666664,3.7698279453101513
74021593,75,0,0.0,0.0,0,0.0,0,0.0,26001,346.68,3972.5989189189213,21544,287.25333333333339,2064.5971171171186,361,4.8133333333333335,5.3160360360360359,0.82858351601861469,0.013884081381485327,8053712.0,107382.82666666666,2.7968221679921834
74021467,75,0,0.0,0.0,0,0.0,0,0.0,18310,244.13333333333327,2833.2522522522495,14939,199.18666666666667,2301.9917117117134,182,2.4266666666666663,2.7073873873873873,0.81589295466957945,0.0099399235390496988,6738289.0,89843.853333333362,3.0125620313635957
74021791,75,0,0.0,0.0,0,0.0,0,0.0,39195,522.59999999999991,22559.64864864865,31496,419.9466666666666,19083.97009009009,366,4.88,7.9178378378378387,0.80357188416889913,0.009337925755836203,11770310.0,156937.46666666667,2.779894386823071
74321791,74,0,0.0,0.0,0,0.0,0,0.0,20102,271.64864864864865,5487.5734912995167,14141,191.09459459459455,3224.689559422437,320,4.3243243243243255,7.3728248796741935,0.70346234205551683,0.015918814048353398,7950787.0,107443.06756756756,3.6928746022029952
74321819,75,0,0.0,0.0,0,0.0,0,0.0,19444,259.25333333333333,3227.1646846846847,15002,200.02666666666664,2191.2425225225229,170,2.2666666666666666,3.657657657657658,0.77154906397860523,0.0087430569841596383,5892277.0,78563.693333333329,2.5836272175652688
74020392,75,0,0.0,0.0,0,0.0,0,0.0,26178,349.04,30808.525405405402,20410,272.13333333333338,24896.252252252252,218,2.9066666666666663,4.4641441441441447,0.77966231186492474,0.0083276033310413326,9755056.0,130067.41333333334,3.4180176091343291
74020944,75,0,0.0,0.0,0,0.0,0,0.0,14238,189.84,4372.6497297297292,9834,131.12,2821.3232432432433,72,0.96000000000000019,1.0929729729729729,0.69068689422671725,0.0050568900126422255,5821336.0,77617.813333333339,4.2970407291186383
74021132,75,0,0.0,0.0,0,0.0,0,0.0,64473,859.64,26543.125405405404,45785,610.4666666666667,14549.009009009013,900,12.000000000000002,21.945945945945947,0.710142230080809,0.013959331813317202,19661768.0,262156.90666666662,2.981936094363522
74021327,75,0,0.0,0.0,0,0.0,0,0.0,19914,265.52,1344.5502702702702,15719,209.58666666666664,962.0565765765765,262,3.4933333333333332,5.9830630630630628,0.78934417997388773,0.01315657326503967,7475182.0,99669.093333333338,3.0961670961477474
74021410,75,0,0.0,0.0,0,0.0,0,0.0,21399,285.32,5213.0854054054025,15228,203.04000000000005,3073.2010810810812,205,2.7333333333333329,2.3603603603603607,0.71162203841301,0.0095798869106032986,6544683.0,87262.44,3.2243324605713104
74021671,75,0,0.0,0.0,0,0.0,0,0.0,42782,570.42666666666662,10522.707387387385,30905,412.06666666666666,7162.2252252252274,608,8.1066666666666674,9.5560360360360352,0.72238324529007525,0.014211584311158898,14313304.0,190844.05333333334,3.0723794136397635
74021329,75,0,0.0,0.0,0,0.0,0,0.0,10889,145.18666666666664,783.20792792792827,8231,109.74666666666668,487.16468468468469,169,2.2533333333333334,2.2727927927927927,0.75590044999540817,0.015520249793369455,3960791.0,52810.546666666669,3.2737896819463348
74021894,75,0,0.0,0.0,0,0.0,0,0.0,13488,179.83999999999997,3644.4335135135129,9690,129.2,2496.7027027027025,58,0.77333333333333332,1.0965765765765769,0.71841637010676151,0.00430011862396204,3952855.0,52704.73333333333,3.3372469276189318
74021171,75,0,0.0,0.0,0,0.0,0,0.0,31809,424.12,2707.9448648648649,27007,360.09333333333331,2708.8154954954948,345,4.6000000000000005,5.1081081081081079,0.84903643622874025,0.010845986984815618,10881388.0,145085.17333333331,2.9756496136402544
74021955,75,0,0.0,0.0,0,0.0,0,0.0,17172,228.96,1379.9848648648649,12984,173.12,869.05297297297329,135,1.8,1.4324324324324325,0.756114605171209,0.0078616352201257862,6052600.0,80701.333333333343,3.0243632765690993
74321863,75,0,0.0,0.0,0,0.0,0,0.0,18284,243.78666666666663,4163.4944144144147,13053,174.04000000000002,2222.7956756756757,262,3.4933333333333332,4.92900900900901,0.71390286589367757,0.014329468387661344,6446249.0,87111.472972972988,3.5598163453069138
74321690,75,0,0.0,0.0,0,0.0,0,0.0,16654,222.05333333333331,1934.9430630630636,12908,172.10666666666668,1178.1236036036034,209,2.7866666666666666,4.0890090090090085,0.77506905247988467,0.012549537648612946,6932955.0,92439.4,3.8494224380652424
74021973,75,0,0.0,0.0,0,0.0,0,0.0,16035,213.8,2896.0810810810813,12125,161.66666666666669,2038.0630630630637,137,1.8266666666666667,1.983063063063063,0.75615840349236041,0.0085438104147178041,4963065.0,66174.2,3.1019137964187951
74021282,75,0,0.0,0.0,0,0.0,0,0.0,21761,290.14666666666665,15216.153873873871,17001,226.67999999999998,12989.166486486487,229,3.0533333333333337,8.0241441441441452,0.78126005238729834,0.01052341344607325,9283417.0,127170.09589041094,3.5825327236664739
74021938,75,0,0.0,0.0,0,0.0,0,0.0,33087,441.16,27030.974054054055,19600,261.33333333333331,8453.9549549549538,267,3.56,4.6281081081081075,0.59237767098860583,0.0080696345996917225,12321895.0,164291.93333333335,3.9812323229802877
74021396,75,0,0.0,0.0,0,0.0,0,0.0,25534,340.45333333333338,9385.0619819819858,16955,226.06666666666663,3889.1441441441443,140,1.8666666666666665,2.5765765765765769,0.66401660531056628,0.0054828855643455788,9592665.0,127902.2,3.190474292926615
74021878,75,0,0.0,0.0,0,0.0,0,0.0,28276,377.01333333333332,15094.040360360368,16086,214.48,3043.55027027027,97,1.2933333333333332,1.3992792792792794,0.56889234686660062,0.003430471070872825,11814196.0,157522.61333333334,4.0380229184052405
74021358,75,0,0.0,0.0,0,0.0,0,0.0,26936,359.1466666666667,14872.207927927928,18611,248.14666666666668,8270.7484684684678,489,6.5200000000000014,10.415135135135136,0.69093406593406592,0.018154143154143154,11037411.0,147165.48,3.1500187355117779
74021382,75,0,0.0,0.0,0,0.0,0,0.0,55795,743.93333333333339,27876.522522522537,40727,543.02666666666664,15963.107387387383,402,5.36,9.476756756756755,0.72993995877766826,0.0072049466798100184,15250123.0,203334.97333333336,2.8722033776859814
74021214,75,0,0.0,0.0,0,0.0,0,0.0,37652,502.0266666666667,6101.864144144145,28148,375.30666666666667,4159.1884684684683,353,4.706666666666667,5.9398198198198209,0.747583129714225,0.0093753319876766182,11168322.0,148910.96,2.7814217363913176
74015173,75,0,0.0,0.0,0,0.0,0,0.0,28367,378.22666666666669,9533.7452252252278,20111,268.14666666666665,5941.2349549549544,284,3.7866666666666671,3.6295495495495502,0.70895759156766669,0.010011633235802165,7211007.0,96146.76,2.5753263215234292
74013316,75,0,0.0,0.0,0,0.0,0,0.0,13428,179.04,1521.93081081081,10454,139.38666666666666,584.15927927927942,146,1.9466666666666665,2.105225225225225,0.778522490318737,0.010872803098004171,4465480.0,59539.73333333333,2.8175422098464296
74020444,75,0,0.0,0.0,0,0.0,0,0.0,31340,417.86666666666667,19537.414414414416,21879,291.71999999999997,10570.015135135134,288,3.8399999999999994,4.8929729729729736,0.69811742182514358,0.0091895341416719841,10306613.0,137421.50666666668,3.1976431176179863
74213277,75,0,0.0,0.0,0,0.0,0,0.0,16190,215.86666666666665,2932.6846846846852,11914,158.85333333333332,1800.5863063063061,298,3.973333333333334,4.3236036036036039,0.73588634959851762,0.018406423718344656,5673101.0,75641.346666666665,3.2569570730151556
74220579,75,0,0.0,0.0,0,0.0,0,0.0,16451,219.34666666666664,8068.4187387387392,12779,170.38666666666666,6185.7538738738731,192,2.5600000000000005,4.1416216216216215,0.77679168439608537,0.011671023038113185,6382393.0,85098.573333333348,3.4957481869305966
74220992,75,0,0.0,0.0,0,0.0,0,0.0,16923,225.64000000000001,1843.2064864864869,13563,180.84000000000003,1304.514594594594,140,1.8666666666666667,2.3063063063063063,0.80145364297110444,0.0082727648762039828,6361877.0,84825.026666666672,3.3438169659436272
74221322,75,0,0.0,0.0,0,0.0,0,0.0,17796,237.28,10735.474594594594,14528,193.70666666666668,9066.1019819819776,195,2.6,3.4054054054054057,0.81636322769161607,0.01095751854349292,7872141.0,104961.88,3.9003259439773741
74021493,75,0,0.0,0.0,0,0.0,0,0.0,21482,286.42666666666668,10912.977657657659,16358,218.10666666666668,7265.3127927927917,128,1.7066666666666668,2.7236036036036042,0.761474723023927,0.00595847686435155,11382339.0,151764.52000000002,4.187870143004595
74220715,75,0,0.0,0.0,0,0.0,0,0.0,34792,463.89333333333332,47617.150630630604,22384,298.45333333333338,25354.953873873885,173,2.3066666666666666,3.4587387387387385,0.64336629110140264,0.0049724074499885029,12554457.0,167392.76,3.3500493741168413
74021847,75,0,0.0,0.0,0,0.0,0,0.0,12012,160.16,2639.1091891891892,8998,119.97333333333334,1800.7019819819818,75,1.0,1.0540540540540539,0.74908424908424909,0.006243756243756244,7374138.0,98321.84,4.4797883872880986
74021181,75,0,0.0,0.0,0,0.0,0,0.0,24885,331.8,7320.0270270270257,19043,253.90666666666667,5926.1398198198194,144,1.9199999999999997,1.7772972972972974,0.76524010448061086,0.0057866184448462929,9031980.0,120426.4,3.5007285645129849
74021621,75,0,0.0,0.0,0,0.0,0,0.0,23123,308.30666666666667,12388.053333333337,16043,213.90666666666667,6749.2749549549544,192,2.56,3.2227027027027026,0.69381135665787308,0.00830342083639666,8278315.0,110377.53333333333,3.4693474490539908
74321793,75,0,0.0,0.0,0,0.0,0,0.0,22218,296.23999999999995,4329.698378378378,17802,237.36,3683.1524324324337,209,2.7866666666666671,3.44036036036036,0.80124223602484468,0.00940678728958502,7208813.0,96117.506666666668,3.1250081864958235
74021713,75,0,0.0,0.0,0,0.0,0,0.0,35607,474.76,3770.5091891891875,27772,370.29333333333335,3139.6154954954959,343,4.5733333333333333,5.4100900900900895,0.77995899682646674,0.0096329373437807168,11821032.0,157613.75999999998,2.8809801050531569
74021545,75,0,0.0,0.0,0,0.0,0,0.0,17069,227.58666666666667,1709.8133333333335,13182,175.76000000000002,1249.6983783783785,250,3.333333333333333,3.6036036036036037,0.7722772277227723,0.014646435057706955,6563606.0,87514.746666666673,3.138250178049323
74220530,75,0,0.0,0.0,0,0.0,0,0.0,18213,242.84,4872.3254054054069,13062,174.16,4052.2443243243251,132,1.7599999999999998,2.2929729729729731,0.71718003623785209,0.0072475704167352991,6090993.0,82310.716216216213,3.3798974555886105
74021060,75,0,0.0,0.0,0,0.0,0,0.0,19551,260.67999999999995,3430.7070270270265,13524,180.32000000000002,2002.004324324324,75,1.0000000000000002,1.1891891891891895,0.69172932330827064,0.0038361209145312261,7817421.0,104232.28000000001,4.5130633892939125
74321862,75,0,0.0,0.0,0,0.0,0,0.0,31698,422.64000000000004,12769.044324324321,23118,308.24,7124.50918918919,167,2.2266666666666666,2.9073873873873879,0.7293204618587924,0.0052684711969209416,9986177.0,133149.02666666667,3.0899799101872589
74321721,75,0,0.0,0.0,0,0.0,0,0.0,33818,450.90666666666664,21296.410090090092,26802,357.36,14653.071351351351,333,4.4399999999999995,5.438918918918918,0.792536519013543,0.0098468271334792128,11574409.0,154325.45333333334,3.0196896577939696
74021276,75,0,0.0,0.0,0,0.0,0,0.0,25039,333.85333333333335,3529.2349549549558,17614,234.85333333333335,2145.9646846846854,349,4.6533333333333333,5.68900900900901,0.70346259834657932,0.01393825632014058,8049951.0,107332.68000000001,3.1265387374795224
74021788,75,0,0.0,0.0,0,0.0,0,0.0,22979,306.38666666666666,3015.6187387387381,16258,216.77333333333331,2536.0154954954965,286,3.8133333333333335,5.8025225225225219,0.70751555768310193,0.012446146481570129,7242362.0,96564.826666666675,3.0486123347893539
74221144,75,0,0.0,0.0,0,0.0,0,0.0,19158,255.44000000000005,2729.6821621621662,15245,203.26666666666665,2088.0090090090084,187,2.4933333333333332,5.73981981981982,0.79575112224658107,0.0097609353794759369,7616386.0,101551.81333333335,3.201674581109208
74216848,75,0,0.0,0.0,0,0.0,0,0.0,42266,563.54666666666674,20227.818738738741,27250,363.33333333333337,7516.4144144144111,434,5.7866666666666662,11.197117117117118,0.64472625751194812,0.010268300761841669,15930787.0,212410.49333333335,3.8720894324785871
74021243,75,0,0.0,0.0,0,0.0,0,0.0,18698,249.30666666666667,7998.4317117117116,10917,145.56,1981.9254054054043,146,1.9466666666666668,1.7809009009009011,0.58385923628195524,0.0078083217456412449,6809743.0,90796.573333333348,3.619079494954589
74220780,75,0,0.0,0.0,0,0.0,0,0.0,16589,221.1866666666667,4396.2079279279287,10528,140.37333333333333,1456.7776576576573,174,2.32,3.4908108108108107,0.63463741033214782,0.010488878172282837,5751917.0,76692.226666666655,3.0851155035493885
74220924,75,0,0.0,0.0,0,0.0,0,0.0,38101,508.01333333333326,17727.310630630618,27388,365.17333333333329,14098.442522522522,297,3.9600000000000004,6.7145945945945957,0.7188262775255243,0.0077950709955119284,14969402.0,199592.0266666667,3.6297732789659158
74021964,75,0,0.0,0.0,0,0.0,0,0.0,19746,263.28000000000003,12136.393513513514,14707,196.09333333333333,8410.5181981981987,150,2.0,2.2972972972972978,0.744809075255748,0.0075964752354907321,6838740.0,91183.2,3.0234429022269733
74020652,75,0,0.0,0.0,0,0.0,0,0.0,26762,356.8266666666666,6205.9830630630568,18520,246.93333333333334,3213.9009009009005,307,4.0933333333333337,4.734414414414414,0.692026007024886,0.011471489425304536,9124569.0,121660.92,3.1713148501333879
74021505,75,0,0.0,0.0,0,0.0,0,0.0,34600,461.33333333333337,2048.333333333333,26112,348.15999999999997,1452.4335135135136,276,3.6800000000000006,4.1664864864864857,0.75468208092485545,0.0079768786127167625,12186084.0,162481.11999999997,3.2315389621241311
74021538,75,0,0.0,0.0,0,0.0,0,0.0,50028,667.04000000000008,7588.4983783783737,37475,499.66666666666669,5170.6036036036012,514,6.8533333333333326,10.640360360360363,0.74908051491164951,0.010274246422003678,16229565.0,216394.19999999995,3.198285896337306
74020983,75,0,0.0,0.0,0,0.0,0,0.0,33973,452.9733333333333,3254.6749549549522,26171,348.94666666666666,3045.0241441441458,378,5.04,5.30918918918919,0.7703470402967062,0.011126482795160863,11693813.0,155917.50666666665,3.0587840502639008
74021805,75,0,0.0,0.0,0,0.0,0,0.0,35168,468.90666666666664,11798.761441441446,27357,364.76000000000005,10477.752432432435,246,3.28,6.4745945945945937,0.77789467697907189,0.0069949954504094636,13251862.0,176691.49333333332,3.3266000897275365
74021761,75,0,0.0,0.0,0,0.0,0,0.0,15745,209.93333333333331,4207.3063063063055,11098,147.97333333333333,2732.2425225225234,149,1.9866666666666668,2.49981981981982,0.70485868529691964,0.0094633216894252151,5081745.0,67756.6,3.2051878200752606
74221082,75,0,0.0,0.0,0,0.0,0,0.0,70915,945.53333333333342,31965.927927927918,49998,666.63999999999987,21366.665945945948,900,12.0,23.891891891891895,0.70504124656278644,0.01269125008813368,21653194.0,288709.2533333333,2.829650918597082
74021319,75,0,0.0,0.0,0,0.0,0,0.0,18353,244.70666666666668,6202.29117117117,11633,155.10666666666671,2751.9344144144152,61,0.81333333333333335,0.82954954954954974,0.63384732741241212,0.0033237072958099494,5107014.0,68093.52,3.1825835232990491
74213276,75,0,0.0,0.0,0,0.0,0,0.0,27563,367.50666666666666,2541.46954954955,22222,296.29333333333341,2158.5073873873866,323,4.3066666666666675,5.4046846846846854,0.80622573740158909,0.011718608279214889,11020015.0,146933.53333333335,3.4439381178962543
74021003,75,0,0.0,0.0,0,0.0,0,0.0,24992,333.22666666666669,3198.2046846846833,20710,276.13333333333333,2482.2252252252219,246,3.2800000000000002,3.1772972972972973,0.82866517285531371,0.00984314980793854,9427436.0,125699.14666666668,3.2397077754822408
74020471,75,0,0.0,0.0,0,0.0,0,0.0,15507,206.76,2330.1308108108105,11290,150.53333333333333,1512.9279279279283,323,4.3066666666666666,6.2965765765765775,0.728058296253305,0.020829302895466563,6502072.0,86694.293333333349,3.8763584015394561
74021642,75,0,0.0,0.0,0,0.0,0,0.0,25430,339.06666666666666,14401.981981981982,19570,260.93333333333339,9579.063063063064,117,1.56,2.3848648648648649,0.76956350766810855,0.004600865119937082,11087942.0,147839.22666666665,3.7394118831002348
74021397,75,0,0.0,0.0,0,0.0,0,0.0,41303,550.70666666666659,16183.291171171159,30650,408.66666666666669,11391.468468468469,243,3.2400000000000007,4.5091891891891889,0.7420768467181561,0.0058833498777328521,16118016.0,214906.88,3.2662246743589347
74020642,75,0,0.0,0.0,0,0.0,0,0.0,36598,487.97333333333324,13730.6209009009,27354,364.72,7813.366486486485,242,3.2266666666666666,3.1776576576576572,0.74741789168807038,0.00661238319033827,10053236.0,134043.14666666667,2.7931032499985791
74020449,60,0,0.0,0.0,0,0.0,0,0.0,34010,566.83333333333337,34861.124293785317,22570,376.16666666666674,17204.039548022596,171,2.85,2.5703389830508474,0.66362834460452813,0.0050279329608938546,10188213.0,169803.55000000002,3.2302510471595269
74021620,73,0,0.0,0.0,0,0.0,0,0.0,9644,132.10958904109589,1711.9322678843232,6513,89.2191780821918,782.11796042617948,88,1.2054794520547945,1.2766362252663626,0.67534218166735793,0.0091248444628784734,3290858.0,45080.246575342462,3.4563193234851082
74021650,75,0,0.0,0.0,0,0.0,0,0.0,20811,277.48,4986.4421621621677,13363,178.17333333333335,2908.3614414414405,277,3.6933333333333334,5.1073873873873872,0.6421123444332324,0.01331026860794772,6988209.0,93176.12000000001,3.5554981879374705
74220550,75,0,0.0,0.0,0,0.0,0,0.0,25837,344.49333333333334,6450.118198198199,19089,254.51999999999995,4214.7935135135122,248,3.3066666666666666,3.1344144144144144,0.73882416689244113,0.0095986376127259361,8680270.0,115736.93333333333,2.9003846490116736
74021244,75,0,0.0,0.0,0,0.0,0,0.0,29464,392.85333333333335,7846.5322522522547,21121,281.61333333333334,4606.5376576576582,349,4.6533333333333333,9.8781981981982,0.71684089057833289,0.011844963345099104,10554370.0,140724.93333333335,3.3523862834892997
74020653,75,0,0.0,0.0,0,0.0,0,0.0,17576,234.34666666666666,4627.0944144144141,11091,147.88000000000002,2481.8908108108108,143,1.9066666666666667,1.9776576576576581,0.63103095129722353,0.0081360946745562129,5462593.0,72834.573333333348,3.0389745012035703
74221417,75,0,0.0,0.0,0,0.0,0,0.0,32896,438.61333333333334,7885.32144144144,19090,254.53333333333336,4048.6576576576581,202,2.6933333333333334,4.53981981981982,0.58031371595330739,0.00614056420233463,10676125.0,142348.33333333331,3.64645132903261
74021895,75,0,0.0,0.0,0,0.0,0,0.0,21829,291.05333333333334,7650.8619819819833,14944,199.25333333333333,5036.9484684684685,225,3.0,4.0270270270270272,0.68459388886343853,0.010307389252828805,8383970.0,111786.26666666666,3.5816307250862418
74021125,75,0,0.0,0.0,0,0.0,0,0.0,24884,331.78666666666663,8145.8457657657655,18028,240.37333333333339,4702.8857657657672,274,3.6533333333333333,4.5268468468468468,0.72448159459893913,0.011011091464394792,9884271.0,131790.28,3.6327216961083137
74321813,75,0,0.0,0.0,0,0.0,0,0.0,17233,229.77333333333331,1907.5290090090093,13114,174.85333333333335,1291.9106306306303,225,3.0000000000000004,3.3243243243243237,0.760981837172866,0.013056345383856555,5911505.0,78820.06666666668,3.1395805621049071
74021807,75,0,0.0,0.0,0,0.0,0,0.0,18528,247.03999999999996,2373.6875675675669,14702,196.02666666666664,1841.6749549549547,180,2.4000000000000004,2.4864864864864864,0.79350172711571676,0.0097150259067357511,6436000.0,85813.333333333328,3.1690291436510702
74220410,64,0,0.0,0.0,0,0.0,0,0.0,22902,357.84375,5620.1021825396829,16363,255.671875,3260.4144345238092,251,3.921875,4.8985615079365088,0.71447908479608768,0.01095974150729194,6986451.0,109163.296875,3.0527161762643149
74321802,75,0,0.0,0.0,0,0.0,0,0.0,30486,406.47999999999996,2274.2529729729731,22227,296.36,1675.1794594594583,359,4.7866666666666662,5.7646846846846858,0.72908876205471362,0.01177589713311028,8676441.0,115685.87999999999,2.8333576753378318
74021856,73,0,0.0,0.0,0,0.0,0,0.0,15832,216.8767123287671,3930.192922374431,10755,147.32876712328769,1851.8626331811258,130,1.7808219178082192,1.3401826484018262,0.67932036382011118,0.0082112177867609912,4481133.0,61385.383561643837,2.8967974112198016
74321716,75,0,0.0,0.0,0,0.0,0,0.0,39943,532.57333333333327,7588.76144144144,30650,408.66666666666663,6075.6576576576572,461,6.1466666666666665,6.6403603603603614,0.76734346443682244,0.011541446561349923,12793786.0,170583.81333333332,2.848820659709753
74321677,75,0,0.0,0.0,0,0.0,0,0.0,9890,131.86666666666667,1455.7117117117118,7666,102.21333333333334,1065.5214414414415,134,1.7866666666666666,1.9809009009009007,0.7751263902932255,0.013549039433771486,3999375.0,53324.999999999993,3.435876006840783
74321708,75,0,0.0,0.0,0,0.0,0,0.0,16637,221.82666666666663,2557.1722522522518,12789,170.52,1920.6043243243244,271,3.6133333333333333,2.9430630630630628,0.76870830077538022,0.016288994410049887,5556472.0,74086.29333333332,2.9445767997104446
74020676,75,0,0.0,0.0,0,0.0,0,0.0,16426,219.01333333333332,1613.31063063063,13174,175.65333333333334,1195.7971171171171,234,3.12,3.701621621621622,0.80202118592475347,0.014245708023864606,6164975.0,82199.666666666672,3.1528258190528113
74021911,75,0,0.0,0.0,0,0.0,0,0.0,15321,204.28000000000003,2297.7989189189188,11772,156.96,2520.849729729729,246,3.2800000000000002,6.4745945945945946,0.76835715684354811,0.01605639318582338,6754212.0,90056.16,3.7254773585405507
74321812,75,0,0.0,0.0,0,0.0,0,0.0,17171,228.94666666666666,2278.8349549549548,12906,172.08,1722.6962162162167,127,1.6933333333333336,1.7830630630630631,0.75161609690757669,0.0073961912526934945,5702158.0,76028.773333333331,3.3358135162317915
74021334,75,0,0.0,0.0,0,0.0,0,0.0,34914,465.52000000000004,12405.874594594594,23701,316.01333333333332,3445.9322522522521,237,3.16,3.6497297297297293,0.6788394340379218,0.0067881079223234232,10660793.0,142143.90666666665,3.2534251788882123
74020322,75,0,0.0,0.0,0,0.0,0,0.0,99535,1327.1333333333332,33569.090090090089,81854,1091.3866666666665,35726.456576576573,737,9.8266666666666662,14.929009009009009,0.82236399256542925,0.0074044306023006981,34001574.0,453354.32,3.0016489105305624
74020376,75,0,0.0,0.0,0,0.0,0,0.0,23702,316.0266666666667,7234.4587387387373,18485,246.46666666666667,5180.6846846846856,247,3.2933333333333339,4.1560360360360367,0.779891992236942,0.010421061513796305,10954158.0,146055.44,3.8737324124499835
74013222,75,0,0.0,0.0,0,0.0,0,0.0,41228,549.70666666666659,24281.264144144148,30946,412.61333333333329,18070.807927927926,310,4.1333333333333329,3.4414414414414409,0.75060638401086643,0.007519161734743378,13158928.0,175452.37333333335,3.1517567093703871
74021640,75,0,0.0,0.0,0,0.0,0,0.0,34600,461.33333333333331,3126.4144144144143,29916,398.88,3152.1340540540536,776,10.346666666666666,29.256576576576578,0.86462427745664738,0.022427745664739884,13141502.0,175220.02666666664,3.0723470772612655
74021685,75,0,0.0,0.0,0,0.0,0,0.0,16146,215.27999999999997,2904.5286486486493,12929,172.38666666666666,1883.0511711711711,210,2.8000000000000003,4.4054054054054053,0.80075560510343124,0.013006317354143442,5292107.0,70561.426666666666,2.8300078027343907
74021784,75,0,0.0,0.0,0,0.0,0,0.0,17054,227.38666666666666,2446.3214414414415,11874,158.32,1447.1935135135143,99,1.32,1.815135135135135,0.69625894218365192,0.0058050897150228684,5920454.0,78939.386666666673,3.3978298727102367
74021822,75,0,0.0,0.0,0,0.0,0,0.0,12874,171.65333333333331,3854.5268468468471,9513,126.84,2454.6767567567572,87,1.1600000000000001,1.3254054054054056,0.73893117912070838,0.0067578064315675,5620664.0,74942.186666666661,3.5975095896860978
74221123,75,0,0.0,0.0,0,0.0,0,0.0,17808,237.44,3552.5199999999995,12471,166.27999999999994,2072.7178378378376,167,2.2266666666666666,2.6641441441441445,0.70030323450134768,0.009377807726864331,6778543.0,90380.573333333334,3.9467576901161614
74321781,74,0,0.0,0.0,0,0.0,0,0.0,26586,359.27027027027032,6769.4601999259548,22024,297.62162162162161,6563.4439096630877,116,1.5675675675675675,1.7830433172898925,0.8284059279319943,0.0043631986759948846,9385168.0,126826.59459459462,3.1598006985480764
74321822,75,0,0.0,0.0,0,0.0,0,0.0,17463,232.84,6326.1632432432461,13030,173.73333333333332,3858.17117117117,53,0.70666666666666667,0.69657657657657646,0.74614900074443113,0.0030349882608944625,7281951.0,97092.68,3.5771349371994807
74321875,75,0,0.0,0.0,0,0.0,0,0.0,35935,479.13333333333333,24106.98198198199,19618,261.57333333333332,5621.842522522521,320,4.2666666666666666,4.7927927927927927,0.54593015166272441,0.0089049673020731874,10674014.0,142320.18666666665,3.7933007439308435
74221142,75,0,0.0,0.0,0,0.0,0,0.0,7669,102.25333333333333,1365.8944144144148,5765,76.86666666666666,976.36036036036023,121,1.6133333333333333,2.1863063063063057,0.75172773503716261,0.015777806754466033,4171061.0,55614.146666666667,4.1848407144738724
74221447,75,0,0.0,0.0,0,0.0,0,0.0,24454,326.05333333333334,7920.4025225225205,19141,255.21333333333334,5368.1160360360363,342,4.5600000000000005,6.6821621621621627,0.78273493089065183,0.013985442054469617,11607300.0,154764.0,3.4666441498127138
74321683,75,0,0.0,0.0,0,0.0,0,0.0,11231,149.74666666666667,2433.8673873873859,7208,96.106666666666669,1083.3127927927924,92,1.2266666666666666,1.6371171171171168,0.64179503160893958,0.00819161250111299,4777960.0,63706.133333333331,3.9779736747348364
74321818,75,0,0.0,0.0,0,0.0,0,0.0,14652,195.36,3621.9632432432445,8975,119.66666666666667,1340.4684684684682,76,1.0133333333333334,1.1754954954954957,0.61254436254436251,0.0051870051870051871,4851796.0,64690.613333333335,3.47862506025822
74214452,75,0,0.0,0.0,0,0.0,0,0.0,26631,355.08,4381.9394594594605,19418,258.90666666666669,4459.2479279279287,173,2.3066666666666671,1.9722522522522525,0.7291502384439188,0.0064961886523224816,11506967.0,153426.22666666665,3.622265892097964
74021815,75,0,0.0,0.0,0,0.0,0,0.0,36060,480.80000000000007,7868.9189189189174,24380,325.06666666666661,4243.3333333333339,453,6.04,8.7956756756756764,0.6760953965612867,0.012562396006655574,12734164.0,169788.85333333336,3.2391277093791544
74020808,75,0,0.0,0.0,0,0.0,0,0.0,13422,178.95999999999995,5936.7145945945949,8601,114.68000000000002,2721.5178378378387,161,2.1466666666666669,2.8565765765765767,0.64081358962896739,0.011995231709134257,4368402.0,59032.45945945946,3.4311079525049903
74020657,75,0,0.0,0.0,0,0.0,0,0.0,23336,311.1466666666667,11872.370090090093,17866,238.21333333333334,7839.2781981981971,232,3.0933333333333333,3.7614414414414417,0.765598217346589,0.00994172094617758,7977232.0,109277.1506849315,3.3113587848078097
74021536,75,0,0.0,0.0,0,0.0,0,0.0,28344,377.92,5273.50702702703,24026,320.34666666666664,4572.0133333333333,312,4.16,4.298378378378378,0.84765735252610785,0.01100762066045724,11278931.0,150385.74666666664,3.512000681442772
74020897,74,0,0.0,0.0,0,0.0,0,0.0,10833,146.39189189189187,489.63883746760467,8302,112.18918918918919,285.38837467604583,93,1.2567567567567568,1.3715290633098851,0.76636204190898183,0.0085848795347549158,3928871.0,53092.851351351354,3.1722790359020134
74021460,75,0,0.0,0.0,0,0.0,0,0.0,28748,383.30666666666667,7149.9992792792773,19782,263.76,2728.7254054054069,286,3.8133333333333335,3.9917117117117122,0.68811743425629612,0.00994851815778489,7480432.0,99739.093333333323,2.732648077695814
74021058,75,0,0.0,0.0,0,0.0,0,0.0,32397,431.96000000000009,5717.9308108108125,24923,332.30666666666673,3681.5668468468475,304,4.0533333333333328,5.2944144144144154,0.76929962650862738,0.0093835848998364054,11493639.0,153248.52,3.1176936918369429
74021651,75,0,0.0,0.0,0,0.0,0,0.0,56612,754.82666666666671,8800.4425225225241,46784,623.78666666666675,7039.9809009009032,823,10.973333333333336,16.026306306306306,0.82639723026920087,0.014537553875503427,18468432.0,246245.76,2.7740079127564949
74321658,75,0,0.0,0.0,0,0.0,0,0.0,36411,485.48,14327.631351351354,28361,378.1466666666667,13451.910630630631,237,3.16,3.2713513513513512,0.77891296586196479,0.0065090219988465023,15682809.0,209104.12000000002,3.6114728369039257
74220486,75,0,0.0,0.0,0,0.0,0,0.0,28749,383.31999999999994,6977.9772972972924,23294,310.58666666666659,5095.7052252252261,265,3.5333333333333332,4.4414414414414409,0.81025426971372916,0.009217711920414623,11480480.0,153073.06666666668,3.2843311137049147
74020615,75,0,0.0,0.0,0,0.0,0,0.0,36183,482.44,4240.9254054054054,27248,363.30666666666673,2594.5668468468475,524,6.9866666666666664,9.7430630630630617,0.75306082967139265,0.014481939032142167,11661326.0,155484.34666666668,3.0253009783957276
74012185,75,0,0.0,0.0,0,0.0,0,0.0,42919,572.25333333333333,4185.2187387387412,36298,483.9733333333333,4425.35063063063,346,4.6133333333333333,6.0511711711711706,0.84573265919522822,0.0080616976164402717,16051136.0,214015.14666666667,2.9652930169487983
74021333,75,0,0.0,0.0,0,0.0,0,0.0,19743,263.24,4053.9416216216209,14558,194.10666666666665,2968.5290090090098,125,1.6666666666666665,1.4144144144144142,0.73737527224839183,0.0063313579496530412,7731692.0,103089.22666666665,3.3431001225582277
74021737,75,0,0.0,0.0,0,0.0,0,0.0,21920,292.26666666666665,4374.2792792792789,13966,186.21333333333331,1963.9268468468472,234,3.1199999999999997,3.3502702702702707,0.63713503649635039,0.010675182481751824,6997714.0,93302.853333333333,3.3177855343681468
74321715,75,0,0.0,0.0,0,0.0,0,0.0,20237,269.82666666666665,2441.0100900900898,16273,216.97333333333333,1767.8371171171173,259,3.4533333333333331,3.4403603603603612,0.80412116420418045,0.012798339674852992,6689162.0,89188.82666666666,2.9131994157492662
74021915,73,0,0.0,0.0,0,0.0,0,0.0,21678,296.95890410958907,17211.7899543379,14837,203.24657534246572,9780.4661339421637,161,2.2054794520547945,3.9433028919330289,0.68442660762062923,0.00742688439892979,7496627.0,102693.5205479452,3.6484651810262254
74021758,75,0,0.0,0.0,0,0.0,0,0.0,22706,302.74666666666667,1800.4890090090096,15834,211.12,1037.9989189189193,398,5.3066666666666666,5.9181981981981986,0.69734871840042278,0.0175284065885669,7565245.0,100869.93333333333,3.279313814233479
74220788,75,0,0.0,0.0,0,0.0,0,0.0,34433,459.10666666666668,21024.74522522523,25235,336.46666666666658,12938.576576576579,334,4.453333333333334,4.7376576576576568,0.73287253506810324,0.009699997095809253,11563974.0,154186.32,3.1296881684998681
74021744,75,0,0.0,0.0,0,0.0,0,0.0,22323,297.64,1318.206486486486,16815,224.20000000000002,775.86486486486456,293,3.9066666666666667,4.8425225225225228,0.753258970568472,0.013125475966491959,8131132.0,108415.09333333334,3.3147743284110445
74220529,75,0,0.0,0.0,0,0.0,0,0.0,13480,179.73333333333332,5734.927927927929,10260,136.8,4141.8378378378375,151,2.0133333333333332,2.4457657657657657,0.76112759643916916,0.011201780415430266,5093608.0,67914.773333333331,3.3248403110252776
74021375,75,0,0.0,0.0,0,0.0,0,0.0,43299,577.31999999999994,10499.409729729734,33891,451.88,8838.2151351351349,544,7.253333333333333,11.245765765765764,0.78272015519988913,0.012563800549666274,13716246.0,182883.28,2.7832250615862084
74220833,75,0,0.0,0.0,0,0.0,0,0.0,22864,304.85333333333341,4078.09981981982,17186,229.14666666666665,2379.8025225225224,345,4.6,5.756756756756757,0.75166200139958017,0.015089223233030091,7394416.0,98592.213333333333,2.999208099602559
74221173,75,0,0.0,0.0,0,0.0,0,0.0,18444,245.92,2803.6691891891896,13901,185.34666666666669,1537.0403603603604,197,2.6266666666666669,3.2641441441441446,0.75368683582736928,0.010680980264584689,7140718.0,95209.573333333348,3.3624322660156669
74020678,75,0,0.0,0.0,0,0.0,0,0.0,22496,299.94666666666666,2438.3754954954952,18167,242.22666666666666,1772.0695495495495,328,4.373333333333334,3.7236036036036038,0.80756578947368418,0.014580369843527738,8237803.0,109837.37333333334,3.0831091171522504
74021627,75,0,0.0,0.0,0,0.0,0,0.0,9969,132.92,598.83135135135126,7701,102.67999999999999,347.9772972972973,137,1.8266666666666671,1.8749549549549547,0.77249473367439059,0.013742602066405858,3725920.0,49678.933333333342,3.3661653441958257
74221293,75,0,0.0,0.0,0,0.0,0,0.0,32306,430.74666666666667,7796.54306306306,24236,323.14666666666665,5318.5052252252262,352,4.6933333333333334,6.7830630630630635,0.75020120101529131,0.010895808828081471,11856893.0,158091.90666666668,3.4080971496543015
74021117,75,0,0.0,0.0,0,0.0,0,0.0,36883,491.77333333333331,13291.123603603606,27046,360.61333333333329,11963.564684684685,212,2.8266666666666667,3.6046846846846856,0.73329176043163513,0.0057479055391372715,16790364.0,223871.52000000005,3.8226182198344092
74220873,75,0,0.0,0.0,0,0.0,0,0.0,15964,212.85333333333332,2583.5322522522524,11587,154.49333333333331,1668.2533333333331,129,1.72,1.798918918918919,0.725820596341769,0.0080806815334502624,6776288.0,90350.506666666668,3.8795746018678732
74021119,75,0,0.0,0.0,0,0.0,0,0.0,54810,730.8,11645.729729729741,42220,562.93333333333328,6665.8198198198133,452,6.0266666666666673,9.5398198198198187,0.77029739098704619,0.0082466703156358328,19262605.0,256834.73333333334,3.2855982873570868
74220958,75,0,0.0,0.0,0,0.0,0,0.0,15204,202.72,3021.88,11775,157.0,2159.3783783783788,143,1.9066666666666667,1.5722522522522522,0.77446724546172063,0.0094054196264141011,7001749.0,93356.653333333335,4.3111139574226849
74021275,75,0,0.0,0.0,0,0.0,0,0.0,42026,560.34666666666669,5916.2836036036051,33247,443.29333333333329,3339.1560360360349,500,6.666666666666667,7.576576576576576,0.791105506115262,0.011897396849569314,14724230.0,196323.06666666665,3.0087202751721693
74021182,75,0,0.0,0.0,0,0.0,0,0.0,22483,299.77333333333331,4442.8533333333307,17605,234.73333333333335,5148.198198198198,217,2.8933333333333331,3.4479279279279278,0.78303607169861678,0.0096517368678557137,8417729.0,112236.38666666666,3.1398601503615624
74221288,75,0,0.0,0.0,0,0.0,0,0.0,25773,343.64,9303.8281081081059,18970,252.93333333333334,7127.8468468468482,200,2.6666666666666665,3.8468468468468462,0.73604159391611379,0.0077600589764482211,9516961.0,126892.81333333334,3.46344717264755
74020543,75,0,0.0,0.0,0,0.0,0,0.0,31243,416.57333333333332,17867.112792792792,22765,303.5333333333333,13979.468468468469,257,3.4266666666666667,5.4641441441441438,0.72864321608040206,0.0082258425887398786,12078872.0,161051.62666666668,3.2924379954018597
74220540,75,0,0.0,0.0,0,0.0,0,0.0,27590,367.86666666666667,9507.1711711711687,20047,267.29333333333335,6194.2371171171162,480,6.4,7.9729729729729728,0.72660384197172889,0.017397607828923523,10462129.0,139495.05333333334,3.7011551035103154
74321829,75,0,0.0,0.0,0,0.0,0,0.0,26781,357.08,8245.4529729729747,18566,247.54666666666668,4351.5214414414422,354,4.72,7.1232432432432446,0.693252679138195,0.01321832642545088,11138151.0,148508.68000000005,3.8197479896322406
74213289,75,0,0.0,0.0,0,0.0,0,0.0,12927,172.36,5292.8281081081068,10014,133.52,4592.1448648648657,100,1.3333333333333333,1.7657657657657657,0.77465769320027844,0.0077357468863618779,6444169.0,85922.253333333327,4.2169996299020953
74220517,75,0,0.0,0.0,0,0.0,0,0.0,21079,281.05333333333334,6508.618738738739,15005,200.06666666666666,5035.5765765765773,138,1.8399999999999999,2.3254054054054056,0.711845912993975,0.0065468001328336262,7844731.0,104596.41333333334,3.3643127498752667
74020919,75,0,0.0,0.0,0,0.0,0,0.0,32351,431.34666666666669,3835.9052252252218,24602,328.0266666666667,1807.7019819819818,368,4.9066666666666663,6.2479279279279272,0.76047108281042319,0.011375227968223548,11213816.0,149517.54666666666,3.1650116909745591
74020414,75,0,0.0,0.0,0,0.0,0,0.0,40118,534.90666666666664,11041.95063063063,29634,395.12,7852.1340540540514,574,7.6533333333333351,27.445765765765771,0.73867092078368812,0.014307792013559998,14160831.0,188811.08000000002,3.274358279596234
74021618,75,0,0.0,0.0,0,0.0,0,0.0,19634,261.78666666666669,3174.6565765765772,13845,184.6,2081.3513513513512,216,2.88,3.2691891891891895,0.70515432413160839,0.011001324233472548,6350763.0,84676.84,3.1109367473698186
74020918,75,0,0.0,0.0,0,0.0,0,0.0,31627,421.69333333333333,3268.5938738738746,23425,312.33333333333337,1887.2252252252242,626,8.3466666666666676,15.337657657657655,0.74066462200018968,0.019793214658361525,10234540.0,136460.53333333333,2.8043562253318517
74020712,75,0,0.0,0.0,0,0.0,0,0.0,55925,745.66666666666663,10978.090090090089,43943,585.90666666666652,7512.8154954954971,820,10.933333333333335,16.333333333333332,0.78574877067501114,0.014662494412159142,19021741.0,253623.21333333335,3.0473905902707097
74020814,75,0,0.0,0.0,0,0.0,0,0.0,25541,340.54666666666662,5461.8727927927939,19508,260.10666666666668,3795.2857657657664,364,4.8533333333333326,6.5052252252252245,0.76379155083982619,0.014251595473943855,8889336.0,118524.48,3.1304956878222132
74022010,71,0,0.0,0.0,0,0.0,0,0.0,23228,327.15492957746477,24133.13279678069,14179,199.70422535211267,9584.2684104627751,358,5.042253521126761,12.383903420523138,0.61042707077664882,0.015412433270191149,8346857.0,119240.8142857143,4.0767848746535531
74321907,75,0,0.0,0.0,0,0.0,0,0.0,18244,243.25333333333336,4513.75927927928,13973,186.30666666666664,3168.5938738738728,118,1.5733333333333333,1.6533333333333333,0.76589563692172768,0.0064678798509098879,9186175.0,124137.49999999999,4.32210975258654
74021345,75,0,0.0,0.0,0,0.0,0,0.0,29512,393.49333333333334,4611.6317117117105,22340,297.86666666666667,3339.3333333333326,253,3.3733333333333331,10.453333333333333,0.75698021143941452,0.0085727839522905941,12573677.0,167649.02666666667,3.6378483716257564
74021833,75,0,0.0,0.0,0,0.0,0,0.0,39280,523.73333333333335,18612.306306306313,26909,358.78666666666669,12518.440360360361,267,3.56,5.0335135135135136,0.68505600814663947,0.00679735234215886,15955610.0,212741.46666666665,3.5958261169459895
74020721,75,0,0.0,0.0,0,0.0,0,0.0,17771,236.94666666666666,5945.8890090090081,12933,172.44,2924.4389189189183,170,2.2666666666666662,2.4144144144144146,0.72775870800742781,0.0095661470935794277,9010683.0,120142.44,4.29380118042168
74020469,75,0,0.0,0.0,0,0.0,0,0.0,35553,474.04,11419.876756756757,24446,325.94666666666666,5769.15927927928,334,4.4533333333333331,5.6025225225225217,0.68759317075914828,0.0093944252243129966,12961462.0,172819.49333333332,3.6774863216764331
74021789,75,0,0.0,0.0,0,0.0,0,0.0,22447,299.29333333333335,5040.4263063063063,15100,201.33333333333331,2897.1981981981985,307,4.0933333333333328,6.5722522522522517,0.67269568316478812,0.013676660578250991,6964835.0,92864.466666666674,3.08284144210442
74021235,75,0,0.0,0.0,0,0.0,0,0.0,25276,337.01333333333326,7366.175495495494,18444,245.92,4518.5070270270271,258,3.44,4.3848648648648645,0.72970406709922453,0.010207311283430923,9514746.0,126863.28000000001,3.5338980474065447
74220422,75,0,0.0,0.0,0,0.0,0,0.0,19595,261.26666666666665,3916.0090090090093,14282,190.42666666666665,2222.7344144144149,259,3.4533333333333331,4.3052252252252252,0.72885940290890538,0.013217657565705537,6433324.0,85777.65333333335,3.0401281114769985
74221225,75,0,0.0,0.0,0,0.0,0,0.0,9785,130.46666666666667,1177.9549549549545,7636,101.81333333333333,755.45117117117093,151,2.0133333333333332,1.7430630630630628,0.7803781297904957,0.01543178334184977,3793260.0,50576.8,3.52051944264148
74021692,75,0,0.0,0.0,0,0.0,0,0.0,31980,426.4,3873.0810810810794,24558,327.43999999999994,2720.9794594594609,374,4.9866666666666664,5.6079279279279284,0.76791744840525333,0.011694809255784866,11132208.0,148429.44,3.3384339079528251
74021748,75,0,0.0,0.0,0,0.0,0,0.0,13266,176.88,1071.5935135135135,10263,136.84000000000003,800.10918918918935,259,3.4533333333333331,3.7646846846846844,0.77363184079601988,0.019523594150459823,4780472.0,63739.626666666663,3.2574970308901268
74221426,75,0,0.0,0.0,0,0.0,0,0.0,28836,384.48,3322.4421621621614,23609,314.78666666666669,2953.8187387387425,166,2.2133333333333329,2.4403603603603603,0.81873352753502571,0.0057566930226106254,11317513.0,150900.17333333334,3.5436788520756344
74220797,75,0,0.0,0.0,0,0.0,0,0.0,13559,180.78666666666666,1084.9538738738743,10508,140.10666666666668,773.31279279279318,187,2.4933333333333332,3.5236036036036036,0.7749834058558891,0.013791577549966811,5230772.0,69743.626666666663,3.4769868884573176
74221048,75,0,0.0,0.0,0,0.0,0,0.0,21428,285.70666666666659,3731.804684684686,16005,213.39999999999998,2696.7837837837847,264,3.5200000000000005,3.8475675675675678,0.74691991786447642,0.012320328542094456,7613767.0,101516.89333333333,3.1949699468085138
74220533,75,0,0.0,0.0,0,0.0,0,0.0,29159,388.78666666666669,6541.1160360360373,22551,300.67999999999995,3805.5178378378373,339,4.52,4.9827027027027029,0.77338043142768953,0.011625913097156966,9620979.0,128279.72000000002,3.1315699216501987
74220718,75,0,0.0,0.0,0,0.0,0,0.0,41076,547.68,8832.0854054054053,30510,406.8,5407.1621621621643,227,3.0266666666666668,4.3776576576576582,0.7427695004382121,0.0055263414159119678,17406318.0,232084.24000000002,3.4249897042925048
74021950,75,0,0.0,0.0,0,0.0,0,0.0,21110,281.4666666666667,13035.981981981982,11634,155.11999999999998,4003.0259459459448,169,2.2533333333333334,2.624144144144144,0.55111321648507816,0.008005684509711038,7266286.0,96883.81333333331,4.4800733348581243
74021126,75,0,0.0,0.0,0,0.0,0,0.0,24680,329.06666666666666,8619.6036036036021,20810,277.4666666666667,7766.6306306306333,172,2.293333333333333,2.8317117117117117,0.843192868719611,0.0069692058346839548,10110141.0,136623.527027027,3.5752489755566987
74020877,75,0,0.0,0.0,0,0.0,0,0.0,25397,338.62666666666667,4099.3722522522521,20012,266.82666666666671,2380.2263063063065,303,4.0399999999999991,5.6875675675675677,0.78796708272630622,0.01193054297751703,8283635.0,110448.46666666666,2.7633229209067003
74021953,75,0,0.0,0.0,0,0.0,0,0.0,32821,437.61333333333329,3660.3754954954966,26436,352.48,2666.1448648648652,428,5.7066666666666661,7.3992792792792805,0.805459918954328,0.013040431431095945,11649374.0,155324.98666666666,3.0599770335200192
74013948,75,0,0.0,0.0,0,0.0,0,0.0,24549,327.32,5516.761081081082,18010,240.13333333333333,5751.7117117117114,190,2.5333333333333332,3.2792792792792795,0.733634771273779,0.0077396227952258746,8508526.0,113447.01333333334,3.2816236896683271
74021379,75,0,0.0,0.0,0,0.0,0,0.0,10402,138.69333333333333,1491.620900900901,7955,106.06666666666666,1061.1171171171175,109,1.4533333333333334,1.6295495495495498,0.76475677754278026,0.01047875408575274,4454878.0,59398.373333333337,3.8750167963284019
74220821,75,0,0.0,0.0,0,0.0,0,0.0,15306,204.07999999999998,1345.7232432432427,11335,151.13333333333333,660.81981981981994,166,2.2133333333333329,2.5214414414414414,0.74055925780739584,0.010845420096694107,6353634.0,84715.12000000001,3.8647762917609794
74220635,75,0,0.0,0.0,0,0.0,0,0.0,29041,387.21333333333342,4405.6836036036038,21455,286.06666666666661,3691.7657657657637,199,2.6533333333333333,3.0944144144144148,0.738783099755518,0.0068523811163527428,9840026.0,131200.34666666665,3.0884528533676767
74220433,75,0,0.0,0.0,0,0.0,0,0.0,23679,315.72,6425.6908108108146,19859,264.78666666666663,5267.89981981982,327,4.36,4.5848648648648656,0.83867561974745553,0.013809704801723046,8140670.0,108542.26666666666,2.67564460747223
74321675,75,0,0.0,0.0,0,0.0,0,0.0,15672,208.96,2683.0929729729728,10292,137.22666666666669,1547.5830630630633,76,1.0133333333333332,1.0944144144144141,0.656712608473711,0.0048494129657988766,4435261.0,59136.813333333332,3.1124844326097008
74021879,74,0,0.0,0.0,0,0.0,0,0.0,31723,428.68918918918916,9693.0116623472786,22316,301.56756756756761,3960.2487967419488,147,1.9864864864864862,3.1915957052943358,0.70346436339564355,0.0046338618667843522,14185059.0,191689.98648648651,3.9011072808401255
74020654,74,0,0.0,0.0,0,0.0,0,0.0,9065,122.49999999999999,2661.3219178082195,7405,100.06756756756758,2565.8720844131808,61,0.82432432432432423,1.3248796741947426,0.81687810259238836,0.0067291781577495866,4448506.0,60114.945945945947,3.5999322698370437
74221444,75,0,0.0,0.0,0,0.0,0,0.0,9785,130.46666666666664,1727.1171171171172,6790,90.533333333333331,1053.5765765765766,93,1.2399999999999998,1.184864864864865,0.69391926417986716,0.0095043433827286666,4015969.0,53546.253333333334,3.5217261769977921
74321808,75,0,0.0,0.0,0,0.0,0,0.0,21266,283.54666666666668,5203.0619819819785,15873,211.64,2997.4767567567565,198,2.6399999999999997,2.8010810810810813,0.74640270854885737,0.009310636697075143,7752531.0,103367.07999999999,3.2060193840700837
74020961,75,0,0.0,0.0,0,0.0,0,0.0,17184,229.12,6228.1881081081037,12365,164.86666666666667,4115.3333333333321,115,1.5333333333333334,1.9279279279279278,0.71956471135940414,0.0066922718808193667,8408325.0,112111.0,4.1730500536917505
74221043,75,0,0.0,0.0,0,0.0,0,0.0,23665,315.53333333333336,2948.3873873873868,17570,234.26666666666665,1765.4144144144143,239,3.1866666666666665,3.0457657657657657,0.74244665117261777,0.01009930276780055,8770541.0,116940.54666666668,3.5535741786987876
74013320,75,0,0.0,0.0,0,0.0,0,0.0,10933,145.77333333333334,2189.1506306306305,8075,107.66666666666666,1507.4684684684682,82,1.0933333333333333,1.7614414414414414,0.73858959114607148,0.0075002286655080951,3280658.0,43742.106666666667,2.8255655328233633
74021957,75,0,0.0,0.0,0,0.0,0,0.0,22609,301.45333333333332,3769.7917117117108,19119,254.92000000000002,3328.3718918918926,214,2.8533333333333335,2.8025225225225223,0.84563669335220493,0.00946525719846079,7601307.0,101350.76000000001,3.0793735215357727
74021803,75,0,0.0,0.0,0,0.0,0,0.0,19660,262.13333333333333,2477.2522522522531,16218,216.24000000000004,2098.7524324324318,165,2.2,3.6756756756756759,0.8249237029501526,0.00839267548321465,6348276.0,84643.68,2.8866817831595553
74221227,75,0,0.0,0.0,0,0.0,0,0.0,22690,302.53333333333336,3972.603603603603,18475,246.33333333333331,3261.9009009009023,285,3.8000000000000003,4.0,0.81423534596738656,0.0125605993829881,11552966.0,154039.54666666669,4.1790678158992813
74020701,75,0,0.0,0.0,0,0.0,0,0.0,16275,217.0,5288.6756756756758,10717,142.89333333333335,2948.6911711711714,153,2.04,3.4983783783783791,0.65849462365591394,0.009400921658986176,5070399.0,68518.9054054054,3.2683909138521545
74220512,70,0,0.0,0.0,0,0.0,0,0.0,23049,329.2714285714286,6265.0991718426521,18362,262.31428571428569,4857.0012422360251,221,3.157142857142857,3.4677018633540375,0.79665061390949721,0.0095882684715172025,8765885.0,125226.92857142855,3.1111376138191105
74021572,75,0,0.0,0.0,0,0.0,0,0.0,53267,710.2266666666668,8223.6100900900983,44771,596.9466666666666,9030.0241441441412,440,5.8666666666666671,5.1441441441441444,0.840501623894719,0.00826027371543357,15415332.0,205537.76000000004,2.5325459074241672
74014085,75,0,0.0,0.0,0,0.0,0,0.0,17015,226.86666666666665,2559.4684684684685,12696,169.28,1695.5556756756753,211,2.813333333333333,3.5863063063063061,0.74616514839847192,0.012400822803408757,5719439.0,76259.186666666676,3.0911191336294785
74021755,75,0,0.0,0.0,0,0.0,0,0.0,23289,310.52,3444.6854054054043,17976,239.68,2887.5178378378373,219,2.9200000000000004,3.344864864864864,0.7718665464382326,0.0094035810897848768,7316569.0,97554.253333333327,2.9055381053198079
74021341,75,0,0.0,0.0,0,0.0,0,0.0,11971,159.61333333333332,1519.97009009009,9185,122.46666666666667,931.14414414414443,152,2.0266666666666668,2.3776576576576578,0.76727090468632531,0.012697351933840114,3873360.0,51644.799999999996,2.9053432183618053
74021832,75,0,0.0,0.0,0,0.0,0,0.0,29719,396.25333333333333,11895.137657657655,20823,277.64000000000004,9397.8821621621646,264,3.52,3.6313513513513516,0.70066287560146712,0.0088832060298125771,10254367.0,136724.89333333331,3.2279394686798777
74021092,75,0,0.0,0.0,0,0.0,0,0.0,23426,312.34666666666664,7490.3106306306308,18387,245.16,7723.1632432432443,165,2.2,2.0,0.7848971228549475,0.0070434559890719716,9700875.0,129344.99999999997,3.1696174157247183
74020809,75,0,0.0,0.0,0,0.0,0,0.0,27205,362.73333333333329,6446.5765765765773,22514,300.18666666666667,4560.6403603603621,155,2.0666666666666664,2.6846846846846844,0.82756846167983822,0.0056974820804999082,10219193.0,136255.90666666668,2.8717054745229125
74020582,75,0,0.0,0.0,0,0.0,0,0.0,22756,303.4133333333333,3310.2727927927913,16027,213.69333333333336,1801.5668468468466,267,3.5599999999999996,4.43891891891892,0.70429776762172613,0.011733169274037617,6713685.0,89515.799999999988,3.0150474666718763
74221564,75,0,0.0,0.0,0,0.0,0,0.0,27427,365.69333333333338,7031.6749549549586,21971,292.94666666666666,6047.61873873874,144,1.92,1.7232432432432434,0.80107193641302366,0.0052503007984832468,10963225.0,146176.33333333334,3.4627654877454055
74321815,75,0,0.0,0.0,0,0.0,0,0.0,41439,552.52,11759.847567567564,33030,440.39999999999992,9850.2972972972948,420,5.6,8.7027027027027035,0.79707521899659739,0.010135379714761457,15934025.0,212453.66666666669,3.2281053028226552
74220840,75,0,0.0,0.0,0,0.0,0,0.0,9346,124.61333333333334,967.80792792792772,6180,82.4,412.13513513513493,137,1.8266666666666669,1.9560360360360365,0.66124545260004275,0.0146586775090948,3198189.0,42642.520000000004,3.5005345951482076
74221176,75,0,0.0,0.0,0,0.0,0,0.0,16871,224.94666666666663,2831.3484684684677,13511,180.14666666666665,2013.586306306305,155,2.0666666666666669,2.198198198198198,0.80084168099104969,0.0091873629304724085,6520806.0,86944.079999999987,3.5570442566389944
74020669,75,0,0.0,0.0,0,0.0,0,0.0,19325,257.66666666666674,9699.8738738738721,13232,176.42666666666668,5461.491171171172,179,2.3866666666666663,3.4565765765765768,0.68470892626131952,0.00926261319534282,6667012.0,88893.493333333317,3.3814657782270383
74221413,75,0,0.0,0.0,0,0.0,0,0.0,24429,325.71999999999997,5982.042162162169,19579,261.0533333333334,4483.1052252252293,204,2.7199999999999998,3.0421621621621631,0.80146547136599944,0.008350730688935281,9464588.0,126194.50666666667,3.2584488487576371
74220903,75,0,0.0,0.0,0,0.0,0,0.0,26616,354.88,5171.1610810810789,20787,277.15999999999997,4814.6767567567558,207,2.76,3.4551351351351354,0.78099639314697922,0.007777276825969342,11472652.0,152968.69333333336,3.4855234360468978
74021209,75,0,0.0,0.0,0,0.0,0,0.0,28847,384.62666666666667,13037.588468468468,21578,287.70666666666659,9630.4803603603614,205,2.7333333333333334,3.0900900900900909,0.7480153915485146,0.0071064582105591573,10316542.0,137553.89333333331,3.2004612074935936
74220971,75,0,0.0,0.0,0,0.0,0,0.0,23166,308.87999999999994,5448.2691891891882,16004,213.38666666666666,2861.15927927928,185,2.4666666666666668,2.3333333333333335,0.69084002417335755,0.0079858413191746525,9132530.0,121767.06666666668,3.2931093718919477
74021121,75,0,0.0,0.0,0,0.0,0,0.0,36090,481.20000000000005,10486.135135135137,29910,398.79999999999995,10713.18918918919,167,2.2266666666666661,3.1776576576576581,0.828761429758936,0.0046273205874203379,16710400.0,222805.33333333331,3.8907825721786784
74021903,75,0,0.0,0.0,0,0.0,0,0.0,13150,175.33333333333331,2696.7387387387384,10257,136.76,2151.4551351351352,145,1.9333333333333333,2.0630630630630629,0.78,0.011026615969581748,4700853.0,63525.040540540547,3.434808342511293
74321909,75,0,0.0,0.0,0,0.0,0,0.0,28391,378.54666666666674,4801.0619819819813,21596,287.94666666666672,3232.456576576576,259,3.4533333333333331,3.9538738738738743,0.76066359057447785,0.0091226092775879685,9482033.0,126427.10666666666,3.1471033089230027
74220613,75,0,0.0,0.0,0,0.0,0,0.0,30229,403.0533333333334,8446.4836036036031,19992,266.56,3623.492972972972,289,3.8533333333333335,4.6944144144144149,0.66135168215951567,0.0095603559495848357,11044738.0,147263.17333333337,3.2479638512178792
74020815,75,0,0.0,0.0,0,0.0,0,0.0,33424,445.65333333333336,14467.743063063064,25260,336.8,11928.513513513513,379,5.0533333333333337,5.6457657657657672,0.75574437529918626,0.011339157491622787,11694258.0,155923.44,3.2093441243280849
74021274,75,0,0.0,0.0,0,0.0,0,0.0,44362,591.49333333333323,14024.226306306296,30830,411.06666666666666,3437.5765765765768,548,7.3066666666666666,8.4857657657657661,0.69496415851404358,0.012352914656688157,13803864.0,184051.52,2.8252452162384025
74020634,75,0,0.0,0.0,0,0.0,0,0.0,13352,178.02666666666667,3562.1614414414412,11284,150.45333333333335,3513.2241441441438,52,0.69333333333333325,1.1344144144144144,0.84511683642899937,0.0038945476333133613,6046362.0,80618.16,3.3110089306417905
74021051,75,0,0.0,0.0,0,0.0,0,0.0,15313,204.17333333333332,2532.8479279279281,11870,158.26666666666668,1816.7927927927922,152,2.0266666666666664,2.5127927927927929,0.77515836217592893,0.0099262064912166142,5770021.0,76933.613333333342,3.2025856203966194
74012833,75,0,0.0,0.0,0,0.0,0,0.0,20593,274.57333333333327,1543.6803603603598,16979,226.38666666666666,1392.6457657657666,248,3.3066666666666671,3.1884684684684697,0.82450347205361041,0.012042927208274656,6519012.0,86920.16,2.7731856294128474
74020524,75,0,0.0,0.0,0,0.0,0,0.0,48548,647.30666666666673,10950.620900900896,37599,501.32,5960.2475675675687,748,9.9733333333333327,12.539819819819821,0.7744706270083217,0.01540743182005438,16723326.0,222977.67999999996,3.13817886945537
74015266,75,0,0.0,0.0,0,0.0,0,0.0,15385,205.13333333333333,4227.6036036036048,11598,154.64,3129.1254054054057,144,1.9200000000000004,2.0205405405405403,0.753851153721157,0.0093597660058498539,4910744.0,65476.58666666667,3.004413674208263
74321681,75,0,0.0,0.0,0,0.0,0,0.0,22445,299.26666666666659,13218.360360360362,17851,238.01333333333335,13986.851171171171,253,3.3733333333333331,5.0209009009009007,0.79532189797282249,0.011271998217865894,9475113.0,126334.84,3.2778701684191511
74221450,74,0,0.0,0.0,0,0.0,0,0.0,33847,457.39189189189182,8279.17308404295,25284,341.67567567567568,5337.7015920029617,521,7.0405405405405412,10.231210662717512,0.747008597512335,0.015392796998256861,11028383.0,149032.20270270269,2.82064142694492
74321894,75,0,0.0,0.0,0,0.0,0,0.0,13588,181.17333333333335,10301.550630630629,7627,101.69333333333333,3235.8911711711717,305,4.0666666666666664,8.0900900900900918,0.56130409184574626,0.022446276125993522,4507984.0,62610.888888888891,3.3693208015875871
74022017,26,0,0.0,0.0,0,0.0,0,0.0,1893,72.8076923076923,768.24153846153831,590,22.69230769230769,133.82153846153847,12,0.46153846153846151,0.57846153846153836,0.31167459059693609,0.0063391442155309036,218238.0,9093.25,2.1213117972968627
74020746,75,0,0.0,0.0,0,0.0,0,0.0,35176,469.01333333333332,6922.6890090090083,24526,327.01333333333326,2854.5809009009022,242,3.2266666666666666,3.907387387387387,0.69723675233113491,0.0068796906982033206,10461567.0,139487.56,2.9298162824872089
74020837,75,0,0.0,0.0,0,0.0,0,0.0,28885,385.13333333333338,2184.225225225226,24936,332.47999999999996,2379.1178378378377,387,5.16,6.9740540540540534,0.863285442271075,0.013397957417344642,11933894.0,159118.58666666667,3.2691370787384293
74020740,74,0,0.0,0.0,0,0.0,0,0.0,41331,558.527027027027,12657.293780081458,30907,417.66216216216213,9331.29526101444,489,6.6081081081081079,7.2552758237689758,0.74779221407660112,0.011831313057995209,12647180.0,170907.83783783784,2.8624772092404913
74021634,75,0,0.0,0.0,0,0.0,0,0.0,36186,482.47999999999996,4393.8205405405415,30586,407.81333333333333,3975.9917117117116,298,3.9733333333333332,5.1884684684684679,0.8452440170231581,0.0082352290941248,10857078.0,144761.03999999998,2.5340774000909745
74021811,75,0,0.0,0.0,0,0.0,0,0.0,10914,145.51999999999998,2397.523243243244,7878,105.04,1529.6064864864866,44,0.58666666666666656,0.59711711711711712,0.72182517866959872,0.0040315191497159609,4625515.0,61673.533333333326,3.7373665128297406
74020647,75,0,0.0,0.0,0,0.0,0,0.0,15563,207.50666666666669,3374.8479279279277,12094,161.25333333333336,2241.7052252252251,217,2.8933333333333335,3.5019819819819826,0.777099530938765,0.013943327122020175,4773816.0,63650.88,2.7994217141161823
74020651,72,0,0.0,0.0,0,0.0,0,0.0,16748,232.61111111111111,4345.1705790297337,12857,178.56944444444446,3427.5725743348989,121,1.6805555555555554,1.9669405320813775,0.76767375208980182,0.0072247432529257225,5727333.0,79546.291666666672,3.2338572200381188
74220781,75,0,0.0,0.0,0,0.0,0,0.0,26097,347.96000000000004,8595.8497297297326,19817,264.22666666666674,6376.8263063063077,134,1.7866666666666666,1.5754954954954954,0.75935931333103424,0.0051346898110893975,10987216.0,146496.21333333335,3.2870345544878066
74221007,75,0,0.0,0.0,0,0.0,0,0.0,27005,360.06666666666666,3067.6306306306319,18796,250.61333333333337,2029.34846846847,252,3.3600000000000003,2.8551351351351353,0.69601925569339007,0.0093316052582855021,10776438.0,143685.84,3.4879596487645763
74020662,75,0,0.0,0.0,0,0.0,0,0.0,20918,278.90666666666664,3679.6263063063057,16811,224.14666666666665,2994.6673873873883,213,2.84,2.9740540540540543,0.80366191796538866,0.010182617841093795,7687519.0,102500.25333333334,2.9256025192069042
74021736,75,0,0.0,0.0,0,0.0,0,0.0,20128,268.37333333333333,9338.1830630630611,11925,159.0,2008.1621621621618,160,2.1333333333333333,3.0900900900900896,0.59245826709062,0.00794912559618442,6359774.0,84796.986666666664,3.7176644243388166
74321887,74,0,0.0,0.0,0,0.0,0,0.0,36059,487.28378378378369,15719.603295075889,25482,344.35135135135135,9726.2310255460943,438,5.9189189189189184,8.3768974453905969,0.70667517124712276,0.012146759477522948,14623440.0,200321.09589041094,3.7192187591387071
74020968,75,0,0.0,0.0,0,0.0,0,0.0,24534,327.11999999999995,6865.1881081081092,17091,227.88,2712.4313513513516,357,4.76,8.04972972972973,0.69662509170946441,0.014551235020787479,7703993.0,102719.90666666665,3.1284178782594059
74220556,75,0,0.0,0.0,0,0.0,0,0.0,35865,478.2,10053.8918918919,27609,368.12,7407.0259459459485,261,3.48,3.7124324324324318,0.76980342952739444,0.0072772898368883314,14692564.0,195900.85333333333,3.3409131765007354
74021990,75,0,0.0,0.0,0,0.0,0,0.0,10294,137.25333333333336,1593.1917117117112,6904,92.053333333333327,631.32144144144172,145,1.9333333333333329,1.5495495495495495,0.67068195065086456,0.014085875267145911,3918512.0,52246.826666666675,3.6197970431963729
74020432,40,0,0.0,0.0,0,0.0,0,0.0,7503,187.57500000000002,1347.5839743589745,5751,143.77499999999998,1167.6147435897437,108,2.6999999999999997,2.77948717948718,0.76649340263894439,0.014394242303078768,2867683.0,71692.074999999983,3.4482882867441589
74021890,75,0,0.0,0.0,0,0.0,0,0.0,39544,527.25333333333322,11746.461981981987,29451,392.68,7080.9502702702721,454,6.0533333333333337,10.213333333333333,0.74476532470159817,0.011480882055431924,11989838.0,159864.50666666665,2.9129455809006686
74021159,75,0,0.0,0.0,0,0.0,0,0.0,24899,331.98666666666662,9009.6079279279274,13967,186.22666666666669,3490.4209009008996,63,0.84,1.2983783783783784,0.560946222739869,0.002530222097272983,9262296.0,123497.28000000001,5.0456234597701357
74213756,75,0,0.0,0.0,0,0.0,0,0.0,21289,283.85333333333335,9354.8836036036046,16474,219.65333333333334,9347.5538738738742,189,2.5199999999999996,2.4421621621621625,0.77382685894123726,0.0088778242284748,9026349.0,120351.31999999999,3.333396820296576
74221565,75,0,0.0,0.0,0,0.0,0,0.0,24883,331.77333333333331,5536.9344144144143,19527,260.35999999999996,4414.3956756756743,276,3.6799999999999993,5.3016216216216225,0.78475264236627418,0.011091910139452639,10304754.0,137396.72,3.4892757070269504
74220705,75,0,0.0,0.0,0,0.0,0,0.0,21131,281.74666666666656,2364.1376576576567,15765,210.2,1478.2972972972973,223,2.9733333333333327,3.350630630630631,0.74606029056835932,0.010553215654725286,7396789.0,98623.853333333333,3.4003865012527341
74021113,75,0,0.0,0.0,0,0.0,0,0.0,32682,435.75999999999993,10356.022702702701,26626,355.01333333333326,10928.797117117119,121,1.6133333333333333,1.6187387387387389,0.81469922281378127,0.0037023437978091914,18009156.0,240122.08000000002,4.3930796127482967
74221476,75,0,0.0,0.0,0,0.0,0,0.0,21143,281.90666666666664,3264.4100900900885,15219,202.92,1901.8043243243251,224,2.9866666666666668,3.7160360360360354,0.71981270396821639,0.010594523009979663,10317264.0,137563.52,3.7367513798260847
74021428,75,0,0.0,0.0,0,0.0,0,0.0,34713,462.84000000000003,7693.7578378378375,24670,328.93333333333328,4483.3603603603615,411,5.48,6.1448648648648625,0.71068475787169072,0.011839944689309481,11445640.0,152608.53333333333,3.0210683138746379
74021069,75,0,0.0,0.0,0,0.0,0,0.0,41734,556.45333333333338,8358.7646846846837,30892,411.89333333333337,5650.0425225225208,417,5.5600000000000005,7.1956756756756759,0.74021181770259259,0.0099918531652848988,12890044.0,171867.25333333333,2.9213651770911642
74321682,75,0,0.0,0.0,0,0.0,0,0.0,19173,255.64,5064.2875675675668,14618,194.90666666666667,3635.4641441441436,210,2.8000000000000003,5.6756756756756754,0.76242632869138893,0.010952902519167579,7451587.0,99354.493333333332,3.4660374788096733
74021571,75,0,0.0,0.0,0,0.0,0,0.0,14218,189.57333333333332,1835.3290090090093,10543,140.57333333333332,1103.464144144144,184,2.4533333333333331,2.8457657657657665,0.74152482768321848,0.01294134196089464,4909305.0,65457.4,3.3838112152493989
74015983,74,0,0.0,0.0,0,0.0,0,0.0,9447,127.66216216216216,3561.0212884117,7684,103.83783783783785,3200.0555349870419,96,1.2972972972972971,1.1706775268419105,0.81337990896580925,0.010161956176563989,4006463.0,54141.391891891886,3.6363948344637866
74220930,75,0,0.0,0.0,0,0.0,0,0.0,23442,312.56000000000006,2352.4659459459467,19032,253.76000000000002,1860.644324324325,173,2.3066666666666671,1.9452252252252251,0.81187611978500129,0.007379916389386571,7402867.0,98704.893333333326,2.8446720775411327
74321811,75,0,0.0,0.0,0,0.0,0,0.0,28376,378.34666666666669,4994.2025225225252,23890,318.53333333333336,6341.3603603603588,184,2.4533333333333336,3.4673873873873871,0.84190865520157876,0.0064843529743445162,15243513.0,203246.84,3.9338443762789383
74221019,75,0,0.0,0.0,0,0.0,0,0.0,14578,194.37333333333333,702.31819819819827,11215,149.53333333333333,479.30630630630617,166,2.2133333333333338,2.1430630630630629,0.7693099190561119,0.011387021539305804,5921813.0,78957.506666666668,3.5707221044970772
74221502,75,0,0.0,0.0,0,0.0,0,0.0,19978,266.37333333333333,3412.8857657657659,15594,207.92,2319.5610810810813,218,2.9066666666666667,3.4641441441441443,0.78055861447592356,0.010912003203523877,6746895.0,89958.599999999991,2.9446123530948665
74321834,75,0,0.0,0.0,0,0.0,0,0.0,15914,212.18666666666667,2886.6403603603594,11473,152.9733333333333,1756.0803603603597,155,2.0666666666666669,2.2792792792792791,0.72093753927359561,0.0097398517029031045,5290666.0,70542.213333333348,3.33093877952993
74021678,75,0,0.0,0.0,0,0.0,0,0.0,42604,568.05333333333328,9940.7268468468446,32639,435.18666666666672,7561.9376576576587,456,6.08,6.5070270270270276,0.76610177448126937,0.010703220354896254,13904556.0,185394.08000000002,3.0888109441572165
74021777,75,0,0.0,0.0,0,0.0,0,0.0,22758,303.44,6145.9524324324357,16770,223.59999999999997,4155.08108108108,358,4.7733333333333334,5.9884684684684668,0.73688373319272349,0.015730732050268037,7971171.0,107718.52702702701,3.3869329942004205
74021370,75,0,0.0,0.0,0,0.0,0,0.0,25797,343.96,5272.9578378378365,20903,278.70666666666665,4770.7776576576562,100,1.3333333333333333,1.9819819819819819,0.81028801798658756,0.00387641973872931,10705418.0,142738.90666666665,3.8077841557016856
74021984,74,0,0.0,0.0,0,0.0,0,0.0,43754,591.2702702702702,10914.61088485746,33290,449.86486486486484,8356.31025546094,381,5.1486486486486491,5.68992965568308,0.760844722768204,0.0087077752891164244,13659908.0,184593.35135135133,2.6940072517782605
74020381,75,0,0.0,0.0,0,0.0,0,0.0,15397,205.29333333333335,1255.5073873873876,11108,148.10666666666665,868.04252252252184,141,1.88,1.9989189189189187,0.7214392414106644,0.0091576281093719552,4765921.0,63545.613333333335,2.7299436347995725
74021535,75,0,0.0,0.0,0,0.0,0,0.0,15834,211.11999999999998,4146.5664864864875,11395,151.93333333333331,2371.7117117117114,260,3.4666666666666668,5.36036036036036,0.71965390930908169,0.016420361247947456,6267264.0,83563.520000000019,3.7295191669182044
74021735,75,0,0.0,0.0,0,0.0,0,0.0,7226,96.346666666666664,986.49981981981955,5437,72.493333333333325,684.11819819819834,112,1.4933333333333332,1.3884684684684683,0.7524218101300858,0.015499584832549129,3717476.0,49566.346666666672,4.4251838126629268
74020460,75,0,0.0,0.0,0,0.0,0,0.0,8166,108.88,765.78270270270286,6318,84.240000000000009,579.77945945945942,119,1.5866666666666667,2.1376576576576576,0.77369581190301251,0.014572618172912074,3626938.0,48359.173333333332,4.0384463197155558
74321817,75,0,0.0,0.0,0,0.0,0,0.0,24894,331.91999999999996,10420.128648648646,19243,256.57333333333338,7804.166846846847,192,2.56,2.5470270270270263,0.77299750944002565,0.0077127018558688842,9090069.0,121200.91999999998,3.2491050380699793
74021900,74,0,0.0,0.0,0,0.0,0,0.0,11539,155.93243243243242,3095.0775638652349,8310,112.29729729729731,1898.1569788967051,217,2.9324324324324325,3.7350981118104403,0.720166392235029,0.01880578906317705,5099870.0,71829.15492957746,4.0893685802014232
74014457,75,0,0.0,0.0,0,0.0,0,0.0,18599,247.98666666666668,15128.418738738741,11809,157.45333333333332,5408.9809009009014,229,3.0533333333333328,7.15927927927928,0.63492660895747088,0.012312489918812839,7898483.0,106736.25675675676,4.2829831895308974
74021617,75,0,0.0,0.0,0,0.0,0,0.0,9386,125.14666666666666,1693.3160360360364,6543,87.24,975.6443243243242,123,1.64,2.0983783783783787,0.69710206690816112,0.013104623907948008,3945511.52,52606.820266666677,3.8694162745814813
74021458,75,0,0.0,0.0,0,0.0,0,0.0,20591,274.54666666666674,3568.0349549549542,15527,207.02666666666667,1795.1614414414421,118,1.5733333333333335,1.5452252252252254,0.75406731096109947,0.0057306590257879654,7168299.0,95577.319999999992,3.2985408324790466
74020385,75,0,0.0,0.0,0,0.0,0,0.0,30013,400.17333333333329,7994.0100900900843,19240,256.5333333333333,2676.468468468468,134,1.7866666666666666,1.8187387387387388,0.64105554259820741,0.004464731949488555,8938362.0,119178.16,3.3102141258017896
74021790,75,0,0.0,0.0,0,0.0,0,0.0,35558,474.10666666666663,10163.096576576574,26091,347.88,6078.9178378378347,518,6.9066666666666663,7.86954954954955,0.73375892907362616,0.014567748467292873,9413304.0,125510.72000000002,2.7528726581060692
74021801,75,0,0.0,0.0,0,0.0,0,0.0,24960,332.8,1910.2432432432436,16450,219.33333333333331,1681.3063063063064,290,3.8666666666666671,5.4684684684684681,0.65905448717948723,0.011618589743589744,7350189.0,98002.520000000019,3.14049676713842
74014084,75,0,0.0,0.0,0,0.0,0,0.0,44046,587.28000000000009,38077.312432432431,30584,407.78666666666669,23083.683603603611,534,7.1199999999999992,12.35027027027027,0.6943649820642056,0.012123688870726059,18592720.0,247902.93333333332,3.8761522453442474
74021654,75,0,0.0,0.0,0,0.0,0,0.0,21935,292.4666666666667,1378.6846846846861,18099,241.32,1345.2475675675676,233,3.1066666666666669,2.6371171171171177,0.82511967175746526,0.010622293138819239,7628345.0,101711.26666666668,2.9630089525536913
74021506,75,0,0.0,0.0,0,0.0,0,0.0,12617,168.22666666666669,656.6911711711715,10421,138.94666666666666,511.24036036036028,197,2.6266666666666665,2.3452252252252253,0.82594911627169687,0.015613854323531743,5033963.0,67119.506666666653,3.2219302233662752
74221164,75,0,0.0,0.0,0,0.0,0,0.0,36983,493.10666666666668,28218.880360360363,28970,386.26666666666665,21930.360360360359,465,6.1999999999999993,8.1351351351351386,0.783332882675824,0.012573344509639563,14868582.0,198247.75999999998,3.5877302524392505
74220756,75,0,0.0,0.0,0,0.0,0,0.0,26647,355.29333333333329,3241.7236036036034,19578,261.03999999999996,1876.092972972973,337,4.4933333333333332,5.5776576576576566,0.73471685367958872,0.012646827034938267,8880294.0,118403.92000000001,3.1886141173480773
74215106,75,0,0.0,0.0,0,0.0,0,0.0,58335,777.80000000000007,16419.918918918924,47382,631.75999999999988,13690.806486486485,622,8.293333333333333,11.912792792792793,0.81223965029570588,0.010662552498500042,18260991.0,243479.88,2.7678750670281906
74013324,75,0,0.0,0.0,0,0.0,0,0.0,13799,183.98666666666668,1736.2565765765764,10498,139.97333333333333,1172.404684684685,194,2.5866666666666664,3.7322522522522523,0.76077976664975722,0.014058989781868252,5214947.0,69532.626666666663,3.4009434454765097
74321714,75,0,0.0,0.0,0,0.0,0,0.0,47125,628.33333333333337,8393.0090090090143,36359,484.78666666666669,6057.8457657657664,451,6.0133333333333328,8.0133333333333319,0.7715437665782493,0.00957029177718833,14872239.0,198296.52,2.9143781302551321
74221038,75,0,0.0,0.0,0,0.0,0,0.0,16708,222.77333333333331,2949.5019819819822,10607,141.42666666666668,847.004684684685,107,1.4266666666666665,1.2479279279279278,0.6348455829542734,0.0064041177878860428,5833852.0,77784.693333333329,3.1679410511624262
74020470,71,0,0.0,0.0,0,0.0,0,0.0,24161,340.29577464788736,23038.868410462776,16808,236.73239436619718,12321.684507042253,246,3.4647887323943665,5.4523138832997988,0.69566657009229749,0.010181697777409876,7084831.0,104188.69117647059,2.93666432843486
74020668,75,0,0.0,0.0,0,0.0,0,0.0,14548,193.97333333333336,3222.8641441441432,11099,147.98666666666665,2078.1754954954954,70,0.93333333333333313,1.738738738738739,0.76292273852075887,0.004811657959857025,6305903.0,84078.706666666665,3.8435670474527037
74321794,75,0,0.0,0.0,0,0.0,0,0.0,26876,358.34666666666669,2274.8241441441428,21850,291.33333333333331,1825.6846846846843,320,4.2666666666666666,5.2522522522522523,0.81299300491144511,0.011906533710373568,9785164.0,130468.85333333333,3.252970724664316
74220713,75,0,0.0,0.0,0,0.0,0,0.0,15446,205.94666666666666,1383.8619819819821,12052,160.6933333333333,978.26954954954977,230,3.0666666666666669,3.3063063063063067,0.78026673572445937,0.014890586559627089,6878441.0,91712.546666666662,3.8564804069172172
74021162,75,0,0.0,0.0,0,0.0,0,0.0,21304,284.05333333333334,6072.4025225225259,17242,229.89333333333332,4941.1236036036007,198,2.64,3.5037837837837835,0.80933158092377022,0.0092940292902741264,9994647.0,133261.96,3.9600248276349408
74021107,75,0,0.0,0.0,0,0.0,0,0.0,18450,246.0,3904.7027027027025,14492,193.22666666666669,3344.0965765765764,73,0.97333333333333316,0.729009009009009,0.7854742547425474,0.0039566395663956644,9336989.0,124493.18666666668,3.871991600028966
74220497,75,0,0.0,0.0,0,0.0,0,0.0,20054,267.38666666666666,5405.0511711711715,14394,191.92000000000002,3246.7772972972966,292,3.8933333333333331,4.0965765765765765,0.71776204248528974,0.014560686147402014,10688302.0,142510.69333333333,4.2593151809491427
74021130,75,0,0.0,0.0,0,0.0,0,0.0,18221,242.94666666666666,2384.1863063063061,14770,196.93333333333334,1759.4144144144127,134,1.7866666666666666,1.8187387387387393,0.8106031502112947,0.0073541518028648264,6917314.0,92230.853333333333,3.1340998714812072
74021867,75,0,0.0,0.0,0,0.0,0,0.0,23422,312.29333333333329,9195.4263063063081,16089,214.51999999999998,5127.1718918918932,352,4.6933333333333334,35.729009009009012,0.68691828195713434,0.015028605584493211,8584091.0,114454.54666666666,3.7435395297546612
74021315,75,0,0.0,0.0,0,0.0,0,0.0,40554,540.72,11606.366486486488,30889,411.85333333333335,10697.018738738741,181,2.4133333333333336,2.6781981981981984,0.76167579030428567,0.0044631848892834249,14697840.0,195971.2,3.4917778722070092
74221328,75,0,0.0,0.0,0,0.0,0,0.0,25634,341.78666666666669,4978.6025225225212,20763,276.84000000000009,4578.29837837838,315,4.2,37.7027027027027,0.80997893422797851,0.012288367012561441,10657515.0,142100.19999999998,3.3599888066201657
74220434,23,0,0.0,0.0,0,0.0,0,0.0,6879,299.08695652173907,19124.355731225296,4220,183.47826086956522,8190.4426877470369,107,4.6521739130434785,8.4189723320158123,0.61346125890391046,0.015554586422445123,2165799.0,108289.95000000001,3.2865792940101226
74221339,75,0,0.0,0.0,0,0.0,0,0.0,17392,231.89333333333335,3457.1236036036025,12227,163.02666666666667,1842.5127927927931,175,2.3333333333333335,2.900900900900901,0.703024379024839,0.010062097516099357,7999893.0,106665.23999999999,3.6961388303120879
74321575,74,0,0.0,0.0,0,0.0,0,0.0,19106,258.18918918918916,3655.5801554979621,15191,205.28378378378378,3301.3019252128861,134,1.8108108108108107,2.7582376897445395,0.79509054747199837,0.0070135036114309639,10078362.0,136194.08108108107,3.8800836285756723
74021611,75,0,0.0,0.0,0,0.0,0,0.0,23892,318.56000000000006,2794.5200000000009,19402,258.69333333333333,2686.134414414415,201,2.6799999999999997,2.7070270270270274,0.81207098610413531,0.0084128578603716725,9266438.0,123552.50666666665,3.1158994397748061
74021963,75,0,0.0,0.0,0,0.0,0,0.0,11385,151.8,685.45945945945891,8588,114.50666666666666,388.28036036036053,153,2.04,1.9848648648648652,0.75432586736934559,0.013438735177865613,3867973.0,51572.973333333335,3.023754919384
74020375,75,0,0.0,0.0,0,0.0,0,0.0,39706,529.41333333333341,55648.299819819826,27202,362.69333333333333,30394.296576576584,485,6.4666666666666659,13.954954954954953,0.68508537752480736,0.012214778622878154,14951550.0,199354.0,3.6459558246000983
74020763,75,0,0.0,0.0,0,0.0,0,0.0,14864,198.18666666666661,1321.9106306306314,11367,151.56,919.35783783783779,203,2.7066666666666666,2.3181981981981989,0.76473358449946183,0.013657158234660925,4839538.0,64527.173333333347,3.0056712525025309
74321833,75,0,0.0,0.0,0,0.0,0,0.0,17047,227.29333333333332,2124.047927927928,13330,177.73333333333332,1653.1711711711716,147,1.96,2.5794594594594593,0.78195576934357947,0.0086232181615533525,6435719.0,85809.58666666667,3.5309502316232733
74020667,75,0,0.0,0.0,0,0.0,0,0.0,15361,204.81333333333333,3234.2079279279283,12525,167.00000000000003,2653.1081081081074,129,1.7200000000000002,2.1772972972972973,0.81537660308573656,0.0083978907623201617,7987502.0,106500.02666666667,3.6845112278047747
74021757,75,0,0.0,0.0,0,0.0,0,0.0,15595,207.93333333333334,3363.9819819819832,8966,119.54666666666665,905.89981981981964,154,2.0533333333333332,2.483603603603604,0.5749278614940686,0.00987495992305226,4385411.0,58472.146666666667,3.3193270133367254
74020681,75,0,0.0,0.0,0,0.0,0,0.0,32245,429.93333333333328,15057.090090090091,24790,330.5333333333333,12461.873873873874,430,5.7333333333333343,9.0090090090090111,0.76880136455264381,0.013335400837339122,11211371.0,149484.94666666666,2.9273197549251337
74013411,75,0,0.0,0.0,0,0.0,0,0.0,11415,152.2,2869.2432432432438,8496,113.28,2051.3124324324322,113,1.5066666666666666,2.1181981981981983,0.74428383705650458,0.0098992553657468244,3807724.0,54396.057142857142,3.2177120964494357
74021970,75,0,0.0,0.0,0,0.0,0,0.0,6407,85.426666666666662,616.24792792792778,4075,54.333333333333336,350.11711711711706,61,0.81333333333333335,0.93765765765765752,0.6360230997346652,0.0095208365849851727,1904149.0,25388.653333333332,3.3298771255445092
74220912,75,0,0.0,0.0,0,0.0,0,0.0,27715,369.53333333333336,9608.6306306306287,20670,275.6,6657.0,195,2.6,3.6216216216216215,0.74580552047627635,0.0070359011365686451,8720653.0,116275.37333333334,3.1501760595789206
74021383,75,0,0.0,0.0,0,0.0,0,0.0,9790,130.53333333333333,312.22522522522536,8087,107.82666666666668,283.44252252252261,82,1.0933333333333335,1.1127927927927925,0.82604698672114407,0.0083758937691521956,3755756.0,50076.746666666659,3.2118942128877608
74021168,75,0,0.0,0.0,0,0.0,0,0.0,19465,259.5333333333333,3958.0360360360346,14066,187.54666666666668,2980.4673873873876,97,1.2933333333333332,1.8317117117117119,0.72263036218854348,0.004983303365014128,6996733.0,94550.445945945961,3.5445016791319612
74216325,75,0,0.0,0.0,0,0.0,0,0.0,17262,230.16,1916.0010810810804,13891,185.21333333333331,1568.2241441441445,154,2.0533333333333332,2.8619819819819816,0.80471556019001278,0.0089213300892133016,5951280.0,79350.4,3.1382140710574711
74020952,75,0,0.0,0.0,0,0.0,0,0.0,13422,178.95999999999998,1290.930810810811,10773,143.64000000000001,1088.8821621621623,93,1.2399999999999998,1.6983783783783781,0.802637460885114,0.006928922664282521,4728077.0,63041.026666666658,3.2216274249601922
74221286,75,0,0.0,0.0,0,0.0,0,0.0,32896,438.61333333333334,6379.0511711711742,24472,326.29333333333335,4452.5073873873862,186,2.4800000000000004,3.1718918918918915,0.743920233463035,0.0056541828793774318,13285186.0,177135.81333333332,3.3926047826943906
74021921,75,0,0.0,0.0,0,0.0,0,0.0,26502,353.36,13082.584864864864,19212,256.16,8522.0010810810836,238,3.1733333333333333,4.6046846846846838,0.72492642064749835,0.0089804543053354467,9939344.0,132524.5866666667,3.5330121078493688
74020734,75,0,0.0,0.0,0,0.0,0,0.0,28533,380.44000000000005,15133.114594594592,18445,245.93333333333337,6312.4954954954947,226,3.0133333333333336,4.2836036036036038,0.64644446780920339,0.0079206532786597981,9674743.0,128996.57333333335,3.6161831966345068
74020696,75,0,0.0,0.0,0,0.0,0,0.0,15999,213.31999999999996,1107.7881081081091,12163,162.17333333333332,534.73981981981956,316,4.2133333333333338,4.4944144144144138,0.760235014688418,0.019751234452153259,5737366.0,76498.213333333348,3.1498155851309639
74013317,75,0,0.0,0.0,0,0.0,0,0.0,34824,464.32,9861.490810810812,26125,348.33333333333331,7830.8468468468491,452,6.0266666666666664,7.5938738738738749,0.7502010107971514,0.012979554330346888,11014863.0,146864.84000000003,2.8126291230773943
74020795,75,0,0.0,0.0,0,0.0,0,0.0,55022,733.62666666666678,10617.885765765766,41911,558.81333333333328,9449.4511711711712,821,10.946666666666667,14.997117117117119,0.761713496419614,0.014921304205590491,17394776.0,231930.34666666665,2.8259051165451634
74021949,75,0,0.0,0.0,0,0.0,0,0.0,11034,147.11999999999998,3742.7286486486478,7626,101.68,2183.2745945945944,105,1.4000000000000001,1.9189189189189189,0.69113648722131593,0.009516041326808047,6128370.0,81711.6,5.1722492059634009
74021463,75,0,0.0,0.0,0,0.0,0,0.0,22706,302.74666666666667,3897.3809009009024,16878,225.04000000000002,3009.2010810810816,226,3.0133333333333336,4.1484684684684687,0.74332775477847268,0.0099533163040606,7914178.0,105522.37333333332,3.3234300475572303
74020849,75,0,0.0,0.0,0,0.0,0,0.0,41022,546.96,15614.687567567573,29901,398.67999999999995,13154.247567567567,315,4.2,5.9999999999999991,0.728901565013895,0.0076788064940763491,14235396.0,189805.28,3.4322580284048896
74021433,75,0,0.0,0.0,0,0.0,0,0.0,32113,428.17333333333335,9753.8209009009024,23459,312.78666666666663,4480.2241441441438,237,3.16,3.7308108108108113,0.730514122006664,0.0073801887086226764,8961783.0,119490.43999999999,2.8781497585641578
74020861,75,0,0.0,0.0,0,0.0,0,0.0,24704,329.38666666666671,3558.5646846846839,20194,269.25333333333327,3034.0565765765764,225,3.0,3.4054054054054053,0.81743847150259064,0.0091078367875647662,10013165.0,135313.04054054053,3.531598867103265
74020404,75,0,0.0,0.0,0,0.0,0,0.0,24305,324.06666666666672,10599.873873873876,15186,202.48,5923.8205405405406,139,1.8533333333333331,2.4781981981981978,0.62480970993622709,0.005718987862579716,7926602.0,105688.02666666667,3.2009871080257568
74220922,75,0,0.0,0.0,0,0.0,0,0.0,22427,299.02666666666664,2687.2154954954958,18411,245.48,2109.7935135135131,252,3.3600000000000003,3.3416216216216217,0.8209301288625318,0.011236456057430776,8625710.0,115009.46666666667,3.1887896431488629
74221297,75,0,0.0,0.0,0,0.0,0,0.0,16449,219.32000000000002,4387.8962162162152,10862,144.82666666666668,2807.6857657657661,312,4.16,46.838918918918921,0.66034409386588855,0.01896771840233449,5432439.0,72432.51999999999,3.317738314043905
74021253,75,0,0.0,0.0,0,0.0,0,0.0,20470,272.93333333333328,1432.4144144144143,15901,212.01333333333335,1001.9863063063065,282,3.76,3.8875675675675678,0.77679531021006354,0.013776257938446506,7056538.0,94087.173333333325,3.0847721718005516
74021751,75,0,0.0,0.0,0,0.0,0,0.0,30601,408.01333333333332,8149.4998198198218,22941,305.88,4834.3772972972965,404,5.3866666666666658,5.7538738738738759,0.74968138296134113,0.013202182935198196,9377355.0,125031.39999999998,2.9682219618351624
74221042,75,0,0.0,0.0,0,0.0,0,0.0,6813,90.84,540.10918918918924,4985,66.466666666666654,405.09009009009,85,1.1333333333333333,1.3333333333333335,0.7316894172904741,0.01247614853955673,2285933.0,30890.986486486487,3.4458732792021065
74021851,75,0,0.0,0.0,0,0.0,0,0.0,42846,571.28000000000009,27744.312432432431,34313,457.5066666666666,25908.118198198197,424,5.6533333333333333,7.2025225225225231,0.80084488633711437,0.0098959062689632643,19285989.0,257146.52,3.9991365554975666
74021585,74,0,0.0,0.0,0,0.0,0,0.0,8689,117.41891891891893,1813.9179933358021,4114,55.594594594594589,957.69640873750484,36,0.48648648648648651,0.80118474639022585,0.47347220623777192,0.004143169524686385,3031254.0,45928.090909090912,5.1703429088211674
74220975,75,0,0.0,0.0,0,0.0,0,0.0,27971,372.94666666666666,14028.159279279284,20703,276.04,11316.579459459459,328,4.373333333333334,16.858738738738737,0.740159450859819,0.011726430946337277,10006540.0,133420.53333333333,3.1440955451566421
74321810,75,0,0.0,0.0,0,0.0,0,0.0,28979,386.38666666666666,11068.105225225227,21203,282.70666666666659,7588.61549549549,213,2.8400000000000003,3.4875675675675679,0.731667759411988,0.0073501501086994034,12580294.0,167737.25333333336,3.577105964853768
74321821,75,0,0.0,0.0,0,0.0,0,0.0,30351,404.68,5589.2745945945981,22196,295.94666666666666,2744.9430630630641,341,4.5466666666666669,11.089009009009008,0.73131033573852589,0.011235214655200818,13073042.0,174307.22666666663,3.8962999337642676
74213288,75,0,0.0,0.0,0,0.0,0,0.0,34338,457.83999999999992,11900.730810810806,26636,355.1466666666667,10469.12684684685,239,3.1866666666666665,3.82954954954955,0.77570039023822,0.00696021899935931,15868304.0,211577.38666666669,3.8804819696110622
74020505,75,0,0.0,0.0,0,0.0,0,0.0,28777,383.69333333333333,5687.7560360360349,23318,310.90666666666669,5734.1938738738745,253,3.3733333333333331,5.2641441441441446,0.81029989227508081,0.0087917434061924454,11722188.0,156295.83999999997,3.2468190384730273
74221267,75,0,0.0,0.0,0,0.0,0,0.0,20689,275.8533333333333,5160.3160360360362,15344,204.58666666666667,2852.5430630630635,247,3.2933333333333334,3.0749549549549555,0.74165015225482145,0.01193871139252743,9193043.0,122573.90666666665,3.5631351108696969
74020699,75,0,0.0,0.0,0,0.0,0,0.0,15677,209.02666666666667,2603.4857657657662,10513,140.17333333333335,1548.3884684684681,200,2.6666666666666665,3.81981981981982,0.67060024239331506,0.012757542897237992,5058405.0,68356.824324324334,3.2516984705352665
74020592,75,0,0.0,0.0,0,0.0,0,0.0,48516,646.88000000000011,17603.944864864869,36397,485.29333333333329,11251.507387387388,576,7.68,10.869189189189189,0.75020611756946165,0.011872372000989364,15942610.0,212568.13333333336,3.0944288109113987
74021308,75,0,0.0,0.0,0,0.0,0,0.0,33563,447.50666666666666,3324.3884684684676,25881,345.08000000000004,2686.2908108108104,411,5.4799999999999995,5.8205405405405424,0.77111700384351811,0.012245627625659209,10874197.0,144989.29333333333,2.9369986368366114
74021588,75,0,0.0,0.0,0,0.0,0,0.0,9687,129.16,1364.2443243243247,7149,95.32,667.54486486486473,89,1.1866666666666668,1.478198198198198,0.73799938061319292,0.0091875709714049764,4429008.0,59053.44,3.8411843209195271
74020624,75,0,0.0,0.0,0,0.0,0,0.0,31651,422.01333333333338,14339.256576576579,23461,312.81333333333339,8278.6944144144163,525,6.9999999999999991,10.216216216216218,0.74124040314682,0.016587153644434614,11879567.0,160534.68918918917,3.5220933398561192
74021304,75,0,0.0,0.0,0,0.0,0,0.0,17632,235.09333333333333,4664.5452252252253,13471,179.61333333333329,3327.6187387387386,164,2.1866666666666665,3.0187387387387385,0.76400862068965514,0.0093012704174228675,9455475.0,126073.0,4.7145474150964066
74020398,75,0,0.0,0.0,0,0.0,0,0.0,13628,181.70666666666665,1682.9938738738731,10648,141.97333333333333,985.3236036036036,129,1.72,1.9610810810810815,0.78133255063105367,0.0094658056941590834,4878127.0,65041.693333333336,3.1261868888316031
74220854,75,0,0.0,0.0,0,0.0,0,0.0,34736,463.14666666666665,10388.991711711717,27723,369.64000000000004,7263.0443243243262,547,7.293333333333333,11.210090090090089,0.79810571165361588,0.015747351450944264,12664708.0,168862.77333333332,2.9512349714127213
74321719,75,0,0.0,0.0,0,0.0,0,0.0,17820,237.6,2984.4324324324325,12495,166.59999999999997,1687.1081081081079,175,2.333333333333333,2.7117117117117115,0.70117845117845112,0.0098204264870931542,4964339.0,66191.186666666676,2.8842614862871216
74021221,75,0,0.0,0.0,0,0.0,0,0.0,26985,359.8,3925.0540540540546,20813,277.50666666666666,2541.3073873873873,362,4.8266666666666662,5.4695495495495514,0.77128034093014641,0.013414860107467111,8773217.0,116976.22666666665,3.1631602104252359
74021749,75,0,0.0,0.0,0,0.0,0,0.0,15157,202.09333333333336,2737.6803603603603,11642,155.22666666666669,1582.4479279279276,153,2.04,2.038918918918919,0.76809394999010361,0.010094345846803457,5338805.0,71184.066666666666,3.0337141129632168
74220603,75,0,0.0,0.0,0,0.0,0,0.0,18298,243.97333333333333,2764.26954954955,14135,188.46666666666664,2154.3873873873872,314,4.1866666666666665,5.6673873873873877,0.77248879658979119,0.017160345392939119,7352551.0,98034.013333333336,3.7725483139277429
74020782,75,0,0.0,0.0,0,0.0,0,0.0,18258,243.43999999999994,2632.7362162162158,12982,173.09333333333333,2249.9506306306293,103,1.3733333333333331,1.7236036036036038,0.71103078102749484,0.0056413626903275274,7446482.0,99286.426666666666,3.8792793699578856
74021030,74,0,0.0,0.0,0,0.0,0,0.0,19834,268.027027027027,2193.9170677526836,15728,212.54054054054058,1597.3476490188812,191,2.5810810810810816,2.7947056645686783,0.792981748512655,0.0096299284057678736,7528970.0,101742.83783783784,2.9337275791350077
74216249,75,0,0.0,0.0,0,0.0,0,0.0,27258,363.44,11375.547027027031,19144,255.25333333333333,9990.6241441441471,184,2.4533333333333331,4.2781981981981971,0.70232592266490568,0.0067503118350575979,9256282.0,123417.09333333332,3.4414276135242869
74221445,75,0,0.0,0.0,0,0.0,0,0.0,25885,345.13333333333333,4173.8198198198206,19468,259.57333333333332,2452.1938738738731,283,3.7733333333333334,3.718198198198198,0.75209580838323353,0.010932972764149122,8515856.0,113544.74666666666,3.1093900665789724
74321854,75,0,0.0,0.0,0,0.0,0,0.0,21355,284.73333333333335,13811.954954954952,12448,165.97333333333333,3891.5127927927942,111,1.48,1.7935135135135134,0.58290798407867006,0.005197845937719504,7848403.0,104645.37333333334,3.7268577403647
74221414,75,0,0.0,0.0,0,0.0,0,0.0,21432,285.76,3533.9416216216227,16529,220.38666666666666,2530.0511711711706,189,2.52,2.7664864864864862,0.77122993654348637,0.0088185890257558783,6717765.0,89570.2,2.6765144458995387
74221499,75,0,0.0,0.0,0,0.0,0,0.0,23931,319.08000000000004,5694.91243243243,18161,242.14666666666665,3548.6673873873874,404,5.3866666666666667,21.64576576576577,0.75889014249300069,0.016881868705862689,9481852.0,126424.69333333334,3.1488221084194485
74221067,75,0,0.0,0.0,0,0.0,0,0.0,16038,213.83999999999997,4978.3794594594565,12282,163.76,3888.9956756756756,120,1.5999999999999999,2.0810810810810811,0.76580621025065465,0.0074822297044519264,7382586.0,98434.48,3.7787717236306215
74221440,75,0,0.0,0.0,0,0.0,0,0.0,35717,476.22666666666669,5231.3127927927926,23157,308.76000000000005,3766.8875675675677,233,3.1066666666666665,3.7181981981981989,0.64834672564885065,0.00652350421367976,10492585.0,139901.13333333333,3.1609668648212921
74021109,75,0,0.0,0.0,0,0.0,0,0.0,30592,407.89333333333332,6802.3938738738743,22888,305.17333333333329,5522.1452252252229,309,4.12,5.35027027027027,0.74816945606694563,0.010100679916317992,15948962.0,212652.82666666663,4.0292061061109461
74021893,75,0,0.0,0.0,0,0.0,0,0.0,19199,255.98666666666668,8062.4187387387392,10868,144.90666666666669,3394.4911711711711,57,0.76,0.91459459459459447,0.56607114953903848,0.0029689046304495026,6631653.0,88422.04,4.4212418188867728
74321713,75,0,0.0,0.0,0,0.0,0,0.0,21192,282.56,5768.682162162163,16045,213.93333333333334,5571.6846846846847,129,1.7199999999999998,1.7448648648648646,0.75712533031332574,0.0060872027180067954,8282025.0,110427.0,3.4316980366049812
74021540,75,0,0.0,0.0,0,0.0,0,0.0,29557,394.09333333333331,6121.7884684684686,20887,278.49333333333334,3920.3344144144148,280,3.7333333333333334,4.6036036036036041,0.70666847108975872,0.0094732212335487363,8873036.0,118307.14666666667,2.8418571872444458
74020692,75,0,0.0,0.0,0,0.0,0,0.0,20641,275.21333333333331,5175.2511711711732,17165,228.86666666666667,4391.0630630630631,97,1.2933333333333334,1.1830630630630632,0.83159730633205753,0.0046993847197325713,9340206.0,124536.07999999999,4.0669864424777113
74021785,75,0,0.0,0.0,0,0.0,0,0.0,31757,423.42666666666668,9397.4100900900867,22272,296.96,3505.9848648648626,366,4.8800000000000008,6.8637837837837843,0.7013256919734232,0.011525018106244293,9981126.0,133081.68,3.1412447133197956
74021147,75,0,0.0,0.0,0,0.0,0,0.0,19507,260.09333333333331,5308.4641441441445,14539,193.85333333333335,3093.8565765765766,170,2.2666666666666666,2.2792792792792795,0.74532219203362893,0.0087148203209104422,6686333.0,89151.106666666659,3.2826743732425343
74221488,75,0,0.0,0.0,0,0.0,0,0.0,21900,292.00000000000006,6351.7837837837842,16047,213.95999999999998,4114.5524324324324,257,3.4266666666666672,2.7344144144144145,0.73273972602739723,0.011735159817351598,7613591.0,101514.54666666666,3.2893956230128225
74021889,75,0,0.0,0.0,0,0.0,0,0.0,18539,247.1866666666667,2079.8025225225224,15284,203.78666666666663,1677.3052252252248,184,2.4533333333333336,2.9268468468468467,0.8244241868493446,0.0099250229246453416,6188562.0,82514.16,3.0853135686239073
74020979,75,0,0.0,0.0,0,0.0,0,0.0,9437,125.82666666666665,1283.5236036036042,7137,95.16,1024.1632432432432,115,1.5333333333333332,1.7387387387387385,0.75627847832997774,0.012186076083501113,3635924.0,48478.986666666664,3.0739641025846312
74020468,75,0,0.0,0.0,0,0.0,0,0.0,27699,369.32,6283.3556756756761,20516,273.54666666666662,3782.2511711711713,476,6.3466666666666676,15.932252252252253,0.7406765587205314,0.017184735911043719,8904116.0,118721.54666666666,2.9827760749835024
74020503,75,0,0.0,0.0,0,0.0,0,0.0,27345,364.6,15665.27027027027,18701,249.34666666666669,8139.4727927927934,294,3.92,4.2637837837837846,0.68389102212470287,0.010751508502468459,7955188.0,106069.17333333334,3.0772621547678689
74020757,75,0,0.0,0.0,0,0.0,0,0.0,21377,285.0266666666667,2220.1884684684683,16256,216.74666666666667,2044.7592792792793,297,3.9600000000000004,5.12,0.76044346727791556,0.013893436871403845,7354554.0,98060.720000000016,3.0924360880295256
74020323,75,0,0.0,0.0,0,0.0,0,0.0,49190,655.86666666666667,12215.7927927928,35916,478.88,8868.4583783783746,334,4.4533333333333331,6.6836036036036042,0.7301484041471844,0.0067899979670664771,14613387.0,194845.16,3.0184775164439581
74021635,75,0,0.0,0.0,0,0.0,0,0.0,39266,523.54666666666662,18165.899819819824,25536,340.48,9572.6043243243275,419,5.5866666666666669,8.59711711711712,0.65033362196302147,0.010670809351601895,26171006.0,348946.74666666664,3.9759430708696941
74321902,75,0,0.0,0.0,0,0.0,0,0.0,19783,263.77333333333331,8163.9614414414409,16558,220.77333333333331,8420.44792792793,79,1.0533333333333332,0.97009009009009017,0.836981246524794,0.0039933276045089217,10231398.0,136418.63999999998,4.0235812852588246
74021211,75,0,0.0,0.0,0,0.0,0,0.0,12580,167.73333333333335,4492.8198198198215,7217,96.226666666666659,2292.7992792792788,31,0.41333333333333327,0.57009009009009015,0.57368839427662954,0.00246422893481717,5214987.0,73450.521126760563,5.3428299438245173
74220650,75,0,0.0,0.0,0,0.0,0,0.0,17826,237.68,6277.4367567567569,14180,189.06666666666666,4729.2792792792779,158,2.1066666666666665,2.0965765765765765,0.79546729496241442,0.0088634578705261979,6165561.0,82207.48,2.8844303103185247
74021337,75,0,0.0,0.0,0,0.0,0,0.0,29150,388.66666666666669,3823.9009009008987,22456,299.4133333333333,2721.0836036036017,403,5.3733333333333331,6.1560360360360367,0.7703602058319039,0.013825042881646656,9439940.0,125865.86666666667,3.0923660159111059
74221501,75,0,0.0,0.0,0,0.0,0,0.0,28367,378.22666666666669,7123.2046846846852,22155,295.4,4783.9189189189192,289,3.8533333333333331,7.1538738738738736,0.7810131490816794,0.010187894384319808,10711038.0,142813.84000000003,2.9042515596819203
74020920,75,0,0.0,0.0,0,0.0,0,0.0,38818,517.57333333333327,6422.301981981982,28355,378.06666666666661,3891.4684684684671,437,5.8266666666666662,5.5776576576576575,0.73046009583183058,0.011257663970323045,11913735.0,158849.8,2.7843593866340943
74021922,75,0,0.0,0.0,0,0.0,0,0.0,35086,467.81333333333333,7773.31603603604,26740,356.5333333333333,5453.7657657657674,276,3.6799999999999997,6.2745945945945953,0.76212734423986772,0.0078663854528871913,10917937.0,145572.49333333332,2.8779548697319588
74020665,75,0,0.0,0.0,0,0.0,0,0.0,7368,98.240000000000009,634.34702702702691,5450,72.666666666666657,446.60360360360346,54,0.72000000000000008,0.852972972972973,0.739685124864278,0.0073289902280130291,2794996.0,37266.613333333335,3.1604769646346909
74020981,75,0,0.0,0.0,0,0.0,0,0.0,21921,292.28,5020.0962162162132,16401,218.67999999999998,4361.3286486486459,275,3.666666666666667,5.3333333333333339,0.74818667031613517,0.012545048127366452,7217919.0,96238.92,3.1120404050589872
74021264,61,0,0.0,0.0,0,0.0,0,0.0,46792,767.08196721311481,19413.543169398909,34718,569.14754098360663,8564.0278688524577,294,4.8196721311475406,7.5169398907103844,0.74196443836553261,0.0062831253205676181,15140985.0,248212.868852459,3.2644001422240292
74021844,75,0,0.0,0.0,0,0.0,0,0.0,25676,342.34666666666669,3086.2565765765771,19228,256.37333333333333,2206.5614414414422,319,4.2533333333333339,3.7322522522522532,0.74887054058264524,0.01242405359090201,6959131.0,92788.41333333333,2.8394176326268314
74221272,75,0,0.0,0.0,0,0.0,0,0.0,23093,307.90666666666669,6548.2209009009039,17836,237.81333333333333,5680.6403603603594,185,2.4666666666666668,3.1711711711711712,0.77235525916944525,0.0080110856103581176,8760698.0,116809.30666666667,3.4917751657566205
74220537,75,0,0.0,0.0,0,0.0,0,0.0,35711,476.1466666666667,11464.748468468471,30544,407.25333333333327,10770.407927927919,267,3.5599999999999996,4.8713513513513513,0.85531068858334969,0.0074766878552826859,13274971.0,176999.61333333331,2.8735993794781942
74321669,75,0,0.0,0.0,0,0.0,0,0.0,31174,415.65333333333331,6608.12144144144,23559,314.12,3745.107027027027,446,5.9466666666666681,7.9971171171171154,0.75572592545069606,0.014306794123307884,11222440.0,149632.53333333333,3.1425332524198368
74021647,75,0,0.0,0.0,0,0.0,0,0.0,17424,232.32,4182.4637837837854,14060,187.46666666666664,3177.09009009009,96,1.28,1.6637837837837837,0.8069329660238751,0.0055096418732782371,6231021.0,83080.28,3.3597984094342017
74021452,75,0,0.0,0.0,0,0.0,0,0.0,22874,304.98666666666662,7167.7971171171175,17800,237.33333333333334,4932.1711711711714,225,3.0,5.4324324324324325,0.77817609512984176,0.0098364955845064266,7361565.0,98154.2,2.962749412592407
74220769,75,0,0.0,0.0,0,0.0,0,0.0,6736,89.813333333333333,359.85657657657629,4890,65.200000000000017,200.81081081081089,81,1.08,1.3448648648648649,0.72595011876484561,0.012024940617577197,2277588.0,30367.84,3.0396813058577008
74021989,75,0,0.0,0.0,0,0.0,0,0.0,7983,106.43999999999998,1659.7632432432415,4099,54.65333333333335,544.95927927927949,42,0.55999999999999994,0.49297297297297293,0.51346611549542776,0.0052611800075159712,2965897.0,39545.293333333335,5.3271154957521691
74220628,75,0,0.0,0.0,0,0.0,0,0.0,19564,260.85333333333341,5817.2079279279305,15166,202.21333333333337,4799.4403603603605,179,2.3866666666666667,3.0511711711711711,0.77519934573706806,0.0091494581885095076,7189520.0,95860.266666666663,3.2186853850194637
74220739,75,0,0.0,0.0,0,0.0,0,0.0,32175,429.0,8572.594594594595,25676,342.34666666666669,7574.95927927928,428,5.706666666666667,12.0209009009009,0.798010878010878,0.013302253302253302,13245341.0,176604.54666666666,3.5209680869484514
74021919,75,0,0.0,0.0,0,0.0,0,0.0,46089,614.5200000000001,14399.144864864862,37821,504.28000000000009,11525.015135135136,702,9.3600000000000012,14.747027027027023,0.82060795417561672,0.015231400117164616,15200092.0,202667.89333333334,2.9274308317616486
74021515,75,0,0.0,0.0,0,0.0,0,0.0,8782,117.09333333333332,665.274954954955,6448,85.973333333333329,297.16144144144153,112,1.4933333333333332,1.6587387387387387,0.7342291049874744,0.012753359143703029,3448532.0,45980.426666666674,3.655228416809122
74220526,75,0,0.0,0.0,0,0.0,0,0.0,37772,503.62666666666661,5275.4263063063063,28823,384.30666666666667,3321.647927927927,462,6.16,5.0551351351351359,0.76307847082494973,0.012231282431430689,13760284.0,183470.45333333331,3.3130216679986857
74220825,75,0,0.0,0.0,0,0.0,0,0.0,28520,380.26666666666665,2232.4144144144152,23255,310.06666666666666,2377.333333333333,376,5.0133333333333328,5.797117117117117,0.81539270687237031,0.013183730715287518,10732724.0,143102.98666666666,3.0483069508828873
74321760,75,0,0.0,0.0,0,0.0,0,0.0,19534,260.45333333333338,5161.8457657657655,15339,204.52,4024.631351351351,215,2.8666666666666663,2.9549549549549545,0.78524623732978394,0.011006450291798914,8582404.0,114432.05333333333,3.546319482069995
74021169,75,0,0.0,0.0,0,0.0,0,0.0,22914,305.52000000000004,2136.3070270270273,18616,248.21333333333328,1958.5214414414404,183,2.44,2.2497297297297294,0.812429082656891,0.0079863838701230688,7210736.0,96143.146666666667,2.9768697647821352
74021696,75,0,0.0,0.0,0,0.0,0,0.0,19492,259.89333333333337,1675.8533333333344,14755,196.73333333333332,1254.4954954954956,234,3.12,3.2151351351351352,0.756977221424174,0.012004925097475888,6476760.0,86356.799999999974,2.951358432947301
74021975,75,0,0.0,0.0,0,0.0,0,0.0,17768,236.90666666666667,3051.4371171171165,12520,166.93333333333334,1527.5765765765761,219,2.92,3.3448648648648653,0.704637550652859,0.012325529040972534,5432127.0,72428.36,3.2586017523637856
74220714,75,0,0.0,0.0,0,0.0,0,0.0,19024,253.65333333333336,3379.2025225225229,15226,203.01333333333335,2735.5268468468471,260,3.4666666666666668,5.0090090090090085,0.80035744322960467,0.013666947014297728,7536962.0,100492.82666666668,3.4368168440907847
74021961,75,0,0.0,0.0,0,0.0,0,0.0,19833,264.44000000000005,5709.7362162162171,14623,194.97333333333333,4254.3776576576574,196,2.6133333333333333,2.9430630630630628,0.73730650935309838,0.0098825190339333433,10734155.0,143122.06666666665,3.9992214975585654
74021615,75,0,0.0,0.0,0,0.0,0,0.0,30027,400.35999999999996,4050.3956756756752,23683,315.77333333333331,3705.9884684684685,165,2.1999999999999997,1.9189189189189189,0.788723482199354,0.005495054450994105,8936423.0,119152.30666666667,2.9135847391715837
74021424,75,0,0.0,0.0,0,0.0,0,0.0,37061,494.1466666666667,11495.559279279281,28014,373.52000000000004,7175.9827027027022,474,6.32,9.4637837837837857,0.75588893985591321,0.012789725047894012,12054905.0,160732.06666666665,3.0942567414440765
74221254,75,0,0.0,0.0,0,0.0,0,0.0,21143,281.90666666666669,7181.0046846846863,15634,208.45333333333332,4472.3592792792788,141,1.8800000000000001,1.7286486486486488,0.73944094972331265,0.0066688738589604129,9258890.0,123451.86666666667,3.4816939683515384
74221045,75,0,0.0,0.0,0,0.0,0,0.0,16732,223.09333333333333,2397.5452252252257,13483,179.77333333333334,1812.4749549549549,221,2.9466666666666668,3.6457657657657654,0.8058211809705953,0.013208223762849629,7520564.0,100274.18666666668,3.7515554587678395
74021875,75,0,0.0,0.0,0,0.0,0,0.0,15744,209.92000000000002,3676.9664864864867,10842,144.56,1748.7902702702706,90,1.2,1.2702702702702702,0.68864329268292679,0.0057164634146341462,4120211.0,54936.146666666667,3.0600600367435562
74220465,75,0,0.0,0.0,0,0.0,0,0.0,24062,320.82666666666665,3697.9560360360356,18603,248.04,2511.579459459459,236,3.1466666666666665,3.937657657657657,0.77312775330396477,0.009807996010306708,9832473.0,131099.63999999998,3.4144890272722019
74021242,75,0,0.0,0.0,0,0.0,0,0.0,30481,406.41333333333336,20865.461981981978,23092,307.89333333333337,13206.339819819817,327,4.36,5.8010810810810813,0.75758669334995576,0.010727994488369804,9877365.0,131698.2,3.017238839086112
74221037,75,0,0.0,0.0,0,0.0,0,0.0,23160,308.8,2482.0540540540542,18597,247.96,1965.0118918918915,232,3.0933333333333328,4.3019819819819825,0.802979274611399,0.01001727115716753,8285221.0,110469.61333333333,3.1864894560000216
74021813,75,0,0.0,0.0,0,0.0,0,0.0,28696,382.61333333333334,3936.8349549549553,20898,278.64000000000004,2253.909189189189,303,4.04,5.76864864864865,0.72825480903261774,0.010558962921661556,9308036.0,124107.14666666665,3.0515894009890783
74221258,75,0,0.0,0.0,0,0.0,0,0.0,37488,499.83999999999992,18993.298378378375,26765,356.86666666666667,13895.549549549545,233,3.1066666666666665,4.0154954954954958,0.71396180110968843,0.0062153222364489972,12688024.0,169173.65333333335,3.2718051240307084
74221035,75,0,0.0,0.0,0,0.0,0,0.0,9976,133.01333333333332,881.71603603603569,7543,100.57333333333334,620.65333333333353,139,1.8533333333333333,2.2349549549549548,0.75611467522052922,0.013933440256615878,4508985.0,60119.8,3.8758477655649131
74021944,75,0,0.0,0.0,0,0.0,0,0.0,19176,255.68,3306.842162162161,13963,186.17333333333335,2432.4425225225227,144,1.9200000000000002,1.5610810810810809,0.72814977054651653,0.0075093867334167707,6192734.0,82569.786666666652,3.5229755993604455
74221145,75,0,0.0,0.0,0,0.0,0,0.0,20148,268.64,2552.3686486486476,16056,214.07999999999998,1804.0745945945948,214,2.8533333333333335,3.1268468468468469,0.79690291840381178,0.010621401627953147,8813422.0,117512.29333333332,3.336620955145138
74220576,75,0,0.0,0.0,0,0.0,0,0.0,34033,453.77333333333331,22858.123603603603,26813,357.50666666666666,21965.577657657654,540,7.2,22.810810810810811,0.78785296623865075,0.01586695266359122,18162849.0,242171.32,4.3490871773569344
74321859,75,0,0.0,0.0,0,0.0,0,0.0,21313,284.17333333333335,21263.577657657665,15798,210.63999999999996,17228.098378378378,243,3.24,7.7254054054054029,0.74123774222305638,0.011401492047107399,8155028.0,108733.70666666669,3.546629746354665
74021483,75,0,0.0,0.0,0,0.0,0,0.0,28585,381.13333333333327,7125.4954954954965,18323,244.30666666666662,4114.7830630630615,235,3.1333333333333337,2.8468468468468462,0.64100052475074343,0.0082210949798845554,8650089.0,115334.51999999999,3.4183350000161639
74013755,75,0,0.0,0.0,0,0.0,0,0.0,26813,357.50666666666666,7152.0911711711715,19264,256.8533333333333,3097.0187387387386,317,4.2266666666666666,4.5019819819819809,0.71845746466266358,0.011822623354343042,8091389.0,107885.18666666666,2.8992475462442342
74020811,75,0,0.0,0.0,0,0.0,0,0.0,31599,421.31999999999994,19364.896216216217,24574,327.65333333333331,15277.445765765768,358,4.7733333333333325,5.2046846846846844,0.77768283806449567,0.011329472451659862,14869495.0,198259.93333333332,3.6984493634997033
74015748,75,0,0.0,0.0,0,0.0,0,0.0,31905,425.4,14002.459459459462,25487,339.82666666666671,11639.98306306306,387,5.16,5.8659459459459473,0.79884030716188681,0.012129760225669958,11730635.0,156408.46666666667,3.1308086106615711
74021263,75,0,0.0,0.0,0,0.0,0,0.0,14527,193.69333333333333,1844.9992792792796,10425,139.0,1070.4594594594594,137,1.8266666666666669,1.8749549549549553,0.7176292421009155,0.0094307152199352932,4914065.0,65520.866666666647,3.2824261612327645
74021099,75,0,0.0,0.0,0,0.0,0,0.0,14224,189.65333333333334,5056.3917117117117,11091,147.88,3885.9989189189187,190,2.5333333333333332,3.8468468468468471,0.77973847019122611,0.013357705286839145,6116359.0,81551.453333333338,3.8252419805363314
74020591,75,0,0.0,0.0,0,0.0,0,0.0,24848,331.30666666666667,6460.7290090090091,17658,235.44,2688.1416216216203,355,4.7333333333333334,8.36036036036036,0.71064069542820352,0.01428686413393432,8728344.0,116377.91999999998,3.3156488336748544
74321792,75,0,0.0,0.0,0,0.0,0,0.0,18797,250.62666666666667,4365.9938738738738,13551,180.67999999999998,2905.5718918918928,114,1.5199999999999998,2.1448648648648647,0.7209129116348354,0.0060647975740809705,6046964.0,80626.186666666661,3.2565213411305378
74020616,75,0,0.0,0.0,0,0.0,0,0.0,20074,267.65333333333331,2009.1754954954938,16723,222.97333333333333,1739.7560360360362,203,2.7066666666666666,2.750630630630631,0.83306764969612435,0.010112583441267311,8513226.0,113509.68000000001,3.4713164026555772
74213285,75,0,0.0,0.0,0,0.0,0,0.0,25289,337.18666666666667,8250.1538738738691,17724,236.32000000000008,3376.4097297297317,227,3.0266666666666664,3.5668468468468482,0.70085808058839816,0.0089762347265609551,9545889.0,127278.51999999999,3.3586179130215577
74020960,75,0,0.0,0.0,0,0.0,0,0.0,37183,495.77333333333331,14590.610090090087,26360,351.4666666666667,7901.46846846847,475,6.3333333333333339,5.576576576576576,0.70892612215259665,0.012774655084312723,13826543.0,184353.90666666665,3.4517442409874572
74321847,75,0,0.0,0.0,0,0.0,0,0.0,21914,292.18666666666667,2492.6133333333319,17104,228.05333333333331,1634.3754954954936,234,3.12,2.7016216216216207,0.78050561285023268,0.01067810532079949,7146556.0,95287.41333333333,2.87139766307803
74021029,75,0,0.0,0.0,0,0.0,0,0.0,21796,290.61333333333334,2124.051171171172,16871,224.94666666666666,1511.5917117117117,246,3.2800000000000002,3.1772972972972964,0.774041108460268,0.0112864745824922,8372370.0,111631.59999999999,3.3012371460748309
74021592,75,0,0.0,0.0,0,0.0,0,0.0,22666,302.21333333333337,6949.4944144144138,18328,244.37333333333333,5443.9668468468471,253,3.3733333333333335,3.5614414414414415,0.8086120180005294,0.011162093002735374,8841532.0,117887.09333333334,3.3920609505520285
74021361,75,0,0.0,0.0,0,0.0,0,0.0,17970,239.60000000000002,4147.1621621621625,14295,190.6,3149.0270270270271,142,1.8933333333333338,2.231711711711712,0.79549248747913193,0.00790205898720089,7306036.0,97413.813333333324,3.5897865930322408
74021302,74,0,0.0,0.0,0,0.0,0,0.0,22581,305.14864864864865,7526.3748611625324,17222,232.72972972972974,5643.78896704924,264,3.5675675675675675,5.86523509811181,0.76267658651078341,0.011691244851866614,8333721.0,114160.56164383562,3.127561668867906
74014994,75,0,0.0,0.0,0,0.0,0,0.0,26290,350.5333333333333,9026.684684684682,18741,249.88,4214.1070270270275,273,3.6399999999999997,4.3145945945945954,0.71285659946747815,0.010384176492963105,7384429.0,98459.05333333333,2.7800512820527703
74020921,75,0,0.0,0.0,0,0.0,0,0.0,29399,391.98666666666662,4296.7430630630624,22104,294.71999999999997,2449.9340540540547,298,3.9733333333333332,4.1884684684684688,0.75186230824177691,0.010136399197251606,9666204.0,128882.72,2.8658620391226117
74020741,75,0,0.0,0.0,0,0.0,0,0.0,24453,326.04,7085.2821621621624,17843,237.90666666666667,4301.1398198198194,190,2.5333333333333332,3.0630630630630629,0.72968551915920332,0.00777000777000777,10215434.0,136205.78666666665,3.4665713573086587
74021902,75,0,0.0,0.0,0,0.0,0,0.0,27041,360.54666666666668,8937.76468468468,19054,254.05333333333331,5077.4565765765765,718,9.5733333333333341,80.572252252252255,0.70463370437483819,0.026552272475130357,11247086.0,149961.14666666667,3.9846732778649669
74221255,75,0,0.0,0.0,0,0.0,0,0.0,9914,132.18666666666667,681.31603603603617,7570,100.93333333333334,451.22522522522507,155,2.066666666666666,2.7387387387387392,0.763566673391164,0.015634456324389753,4021096.0,53614.613333333335,3.2398224741517163
74220633,75,0,0.0,0.0,0,0.0,0,0.0,30635,408.46666666666664,16148.279279279284,23751,316.67999999999995,12522.490810810814,351,4.6800000000000006,7.0854054054054059,0.77528970132201735,0.011457483270768728,10895669.0,145275.58666666667,3.3489631352002505
74221421,75,0,0.0,0.0,0,0.0,0,0.0,17996,239.94666666666669,3320.618738738739,11479,153.05333333333331,1389.105225225225,382,5.0933333333333328,6.356036036036036,0.63786396977106019,0.021226939319848856,6378098.0,85041.306666666685,3.6370891336594848
74021366,75,0,0.0,0.0,0,0.0,0,0.0,37536,500.47999999999996,36252.92864864866,24167,322.22666666666663,17926.93441441442,594,7.92,12.561081081081085,0.64383525149190113,0.015824808184143224,13649383.0,181991.77333333335,3.6865520251538952
74021945,75,0,0.0,0.0,0,0.0,0,0.0,28970,386.26666666666665,3779.3873873873886,22461,299.48,2533.442162162165,427,5.6933333333333334,5.1884684684684688,0.77531929582326542,0.014739385571280635,9699902.0,129332.02666666669,3.3495483378814082
74215253,75,0,0.0,0.0,0,0.0,0,0.0,28056,374.08,5925.7772972972962,19898,265.30666666666667,7936.1344144144159,165,2.1999999999999997,3.3243243243243246,0.7092244083262047,0.00588109495295124,11131671.0,148422.28,3.4359784600009031
74021952,75,0,0.0,0.0,0,0.0,0,0.0,28426,379.01333333333326,9470.8241441441423,18621,248.27999999999997,3680.5286486486493,318,4.24,5.8875675675675687,0.65506930275100261,0.011186941532399916,11641097.0,155214.62666666665,4.1365857730871678
74020677,74,0,0.0,0.0,0,0.0,0,0.0,39995,540.472972972973,30047.211588300623,29633,400.445945945946,19665.894298407991,454,6.135135135135136,10.173269159570527,0.7409176147018377,0.01135141892736592,15431930.0,208539.59459459456,3.6255958620301674
74220779,75,0,0.0,0.0,0,0.0,0,0.0,9338,124.50666666666666,701.92900900900906,6982,93.093333333333334,561.81549549549561,195,2.5999999999999996,3.2432432432432434,0.74769757978153784,0.0208824159348897,3888746.0,51849.94666666667,3.7617640588007779
74019201,61,0,0.0,0.0,0,0.0,0,0.0,11730,192.29508196721309,4327.6114754098371,8561,140.34426229508196,2455.6961748633885,78,1.278688524590164,1.8043715846994535,0.72983802216538785,0.0066496163682864453,3437492.0,57291.533333333326,2.8859077421537638
74021738,75,0,0.0,0.0,0,0.0,0,0.0,18959,252.78666666666666,8964.3322522522558,12873,171.64000000000001,4246.5848648648644,89,1.1866666666666668,1.0727927927927927,0.67899150799092778,0.0046943404187984594,10266749.0,136889.98666666666,4.1393844754629967
74021116,75,0,0.0,0.0,0,0.0,0,0.0,18444,245.92000000000002,1972.0205405405411,14653,195.37333333333336,1415.5884684684681,111,1.48,2.2259459459459459,0.79445890262415964,0.0060182173064411192,6868157.0,91575.426666666681,3.3040339666242815
74021948,75,0,0.0,0.0,0,0.0,0,0.0,15194,202.5866666666667,3635.3809009009005,10523,140.30666666666667,1796.81009009009,226,3.0133333333333332,6.0944144144144143,0.69257601684875614,0.014874292483875213,7023829.0,93651.05333333333,4.6314425027439912
74021028,75,0,0.0,0.0,0,0.0,0,0.0,24320,324.26666666666665,2251.1441441441457,20200,269.33333333333331,1752.0630630630635,286,3.8133333333333335,4.424144144144142,0.83059210526315785,0.011759868421052632,8031238.0,107083.17333333334,2.6954333798282084
74020454,75,0,0.0,0.0,0,0.0,0,0.0,25751,343.34666666666669,3637.013333333332,19933,265.77333333333337,5140.2317117117118,189,2.52,2.5502702702702704,0.77406702652324177,0.00733952079530892,10746826.0,143291.01333333334,3.3247584693150594
74221041,75,0,0.0,0.0,0,0.0,0,0.0,32683,435.77333333333337,5227.1506306306328,26160,348.79999999999995,4470.4864864864858,474,6.32,6.8421621621621629,0.8004161184713765,0.014502952605329989,12717364.0,169564.85333333333,3.1150086621316491
74021594,75,0,0.0,0.0,0,0.0,0,0.0,17591,234.54666666666671,1793.5754954954975,14415,192.20000000000002,1770.7837837837847,100,1.3333333333333333,1.5225225225225223,0.81945312944119153,0.00568472514353931,7546282.0,100617.09333333334,3.7036414255617833
74021457,75,0,0.0,0.0,0,0.0,0,0.0,35352,471.36,22008.828108108111,26432,352.42666666666668,16745.572252252248,197,2.6266666666666669,3.3181981981981985,0.74768047069472732,0.0055725277212038925,12834875.0,171131.66666666666,3.5182329681876676
74221298,75,0,0.0,0.0,0,0.0,0,0.0,55570,740.93333333333339,32249.387387387418,39762,530.16,20729.460540540542,488,6.5066666666666668,9.4154954954954935,0.71552996220982545,0.0087817167536440519,19593356.0,261244.74666666667,3.0007331203745249
74021745,74,0,0.0,0.0,0,0.0,0,0.0,34021,459.74324324324323,11053.946871529064,26693,360.71621621621625,8118.0690485005543,521,7.0405405405405412,12.422991484635316,0.78460362717145293,0.015314070721025249,11500257.0,155408.87837837837,2.9711294860553781
74020644,34,0,0.0,0.0,0,0.0,0,0.0,8223,241.85294117647055,13235.038324420679,5987,176.08823529411765,8614.507130124779,132,3.882352941176471,12.6524064171123,0.728079776237383,0.016052535570959505,3290571.0,106147.45161290321,3.6797404813265659
74020648,75,0,0.0,0.0,0,0.0,0,0.0,33373,444.97333333333336,8701.2425225225215,25957,346.09333333333331,6919.5452252252289,344,4.5866666666666669,5.1917117117117133,0.77778443652054052,0.010307733796781829,10880379.0,145071.72,2.823461788998793
74021624,75,0,0.0,0.0,0,0.0,0,0.0,19515,260.2,2105.9999999999995,14079,187.72,1526.8259459459459,51,0.67999999999999994,0.78810810810810794,0.72144504227517292,0.0026133743274404306,8751948.0,116692.64,3.1274586336853756
74021062,75,0,0.0,0.0,0,0.0,0,0.0,20064,267.52,5094.5772972973009,14545,193.93333333333334,2652.5495495495497,136,1.8133333333333335,1.5863063063063063,0.7249302232854864,0.0067783094098883574,6923744.0,92316.586666666684,3.3847940812957749
74321846,75,0,0.0,0.0,0,0.0,0,0.0,20249,269.98666666666662,6584.3917117117117,16896,225.28,6606.2854054054042,280,3.7333333333333334,5.81981981981982,0.83441157588029036,0.013827843350288903,8998764.0,119983.52,3.8388166841623153
74221072,75,0,0.0,0.0,0,0.0,0,0.0,22353,298.03999999999996,12103.363243243244,16620,221.60000000000002,8568.3243243243251,225,3.0,7.9189189189189193,0.74352435914642334,0.010065762984834251,8060555.0,107474.06666666665,3.136424266141272
74213461,75,0,0.0,0.0,0,0.0,0,0.0,15730,209.73333333333329,1995.9549549549561,12113,161.50666666666669,1473.1992792792796,135,1.8,1.6756756756756761,0.770057215511761,0.0085823267641449465,5058933.0,67452.44,2.8811048360761955
74021471,75,0,0.0,0.0,0,0.0,0,0.0,35073,467.64,12638.3145945946,15566,207.54666666666665,3006.1160360360363,185,2.4666666666666668,2.9009009009009006,0.44381718130755854,0.0052747127419952673,6422780.0,85637.066666666666,2.9489385603617504
74021917,75,0,0.0,0.0,0,0.0,0,0.0,45045,600.60000000000014,13110.837837837829,33633,448.44,7473.9254054054054,229,3.0533333333333332,2.5106306306306307,0.74665334665334671,0.0050838050838050838,13786527.0,183820.36,2.9405527122416988
74020377,75,0,0.0,0.0,0,0.0,0,0.0,17609,234.78666666666669,1038.8457657657661,13346,177.94666666666666,744.56468468468449,179,2.3866666666666658,3.1592792792792794,0.75790788801181219,0.010165256402975751,5120788.0,68277.173333333325,2.5630370481862812
74221348,75,0,0.0,0.0,0,0.0,0,0.0,18886,251.81333333333336,2118.7214414414429,15382,205.09333333333333,1525.1398198198196,350,4.6666666666666661,6.9279279279279278,0.81446574181933706,0.018532246108228317,9220577.0,122941.02666666667,4.0311558200154725
74321770,75,0,0.0,0.0,0,0.0,0,0.0,9686,129.14666666666668,1377.4241441441447,6824,90.986666666666679,851.39171171171142,174,2.32,3.0854054054054054,0.70452199050175512,0.017964071856287425,4351644.0,58021.920000000006,4.0119035282184328
74021771,74,0,0.0,0.0,0,0.0,0,0.0,11938,161.32432432432432,3100.6057015920055,7865,106.28378378378379,1418.9183635690488,237,3.2027027027027031,3.4788967049241015,0.65882057296029484,0.019852571620036858,3838716.0,51874.540540540533,3.36825804051217
74020785,52,0,0.0,0.0,0,0.0,0,0.0,5368,103.23076923076924,1089.4751131221722,3860,74.230769230769241,552.0633484162895,85,1.6346153846153846,2.3932880844645554,0.71907600596125187,0.01583457526080477,2103094.0,40444.115384615383,3.6129130848347542
74020764,75,0,0.0,0.0,0,0.0,0,0.0,50500,673.33333333333337,8841.3873873873854,37400,498.66666666666669,4522.3063063063064,657,8.7600000000000016,9.0767567567567546,0.74059405940594059,0.013009900990099009,17067406.0,227565.41333333333,3.1276271295846625
74020597,75,0,0.0,0.0,0,0.0,0,0.0,31435,419.13333333333333,20114.549549549563,22943,305.90666666666664,12587.356036036037,409,5.4533333333333331,9.8727927927927919,0.72985525687927466,0.013010975027835216,14597287.0,194630.49333333332,3.7640088588253482
74021219,75,0,0.0,0.0,0,0.0,0,0.0,14640,195.2,1224.135135135135,10804,144.05333333333331,791.88900900900933,286,3.8133333333333339,4.3430630630630622,0.7379781420765027,0.019535519125683059,5420746.0,72276.613333333342,3.3159506938011196
74013283,75,0,0.0,0.0,0,0.0,0,0.0,15996,213.28,3918.15027027027,12345,164.6,2849.5405405405409,240,3.2,5.54054054054054,0.771755438859715,0.015003750937734433,6154499.0,82059.986666666664,3.2346092297211815
74213282,75,0,0.0,0.0,0,0.0,0,0.0,53424,712.32,21917.815135135133,36861,491.47999999999996,5983.4962162162192,723,9.6399999999999988,11.15243243243243,0.68997079964061092,0.013533243486073675,20339953.0,271199.37333333341,3.5876457647763789
74021819,75,0,0.0,0.0,0,0.0,0,0.0,7907,105.42666666666666,2711.7344144144131,3556,47.413333333333341,994.65117117117131,14,0.18666666666666668,0.18090090090090089,0.44972808903503225,0.0017705830276969774,3432198.0,47016.410958904118,6.7006020720759016
74014122,75,0,0.0,0.0,0,0.0,0,0.0,20803,277.37333333333333,3206.9668468468471,15625,208.33333333333334,2572.1171171171168,224,2.9866666666666668,4.7430630630630635,0.75109359227034567,0.010767677738787675,5652106.0,75361.41333333333,2.624147515163846
74020883,75,0,0.0,0.0,0,0.0,0,0.0,14329,191.05333333333334,1392.9971171171171,11203,149.37333333333333,1026.3181981981984,183,2.4400000000000004,2.4929729729729724,0.78184102170423619,0.012771302952055273,5416577.0,72221.026666666658,3.2748552400240309
74321843,67,0,0.0,0.0,0,0.0,0,0.0,7779,116.10447761194028,2759.5798281320667,4099,61.179104477611943,1096.0583446404341,64,0.95522388059701491,1.4676616915422882,0.526931482195655,0.0082272785705103484,2162783.0,36046.383333333331,3.474626141365353
74021271,75,0,0.0,0.0,0,0.0,0,0.0,29370,391.59999999999997,12825.054054054053,21243,283.23999999999995,8672.5902702702715,342,4.56,6.5200000000000005,0.72328907048008173,0.011644535240040858,10153770.0,135383.59999999998,2.836610868395228
74321849,21,0,0.0,0.0,0,0.0,0,0.0,8911,424.33333333333331,38061.733333333337,6268,298.47619047619048,19757.461904761913,357,17.0,94.9,0.70340029177421159,0.04006284367635507,3915526.0,195776.30000000002,3.6194464439217091
74321706,75,0,0.0,0.0,0,0.0,0,0.0,16907,225.4266666666667,7753.4911711711711,12494,166.58666666666664,5707.9484684684685,183,2.4399999999999995,3.4929729729729733,0.73898385284201806,0.010823919086768795,5914646.0,78861.94666666667,3.30855157171398
74021907,75,0,0.0,0.0,0,0.0,0,0.0,14243,189.90666666666664,2821.3560360360361,10459,139.45333333333332,2023.0349549549546,181,2.4133333333333331,3.0836036036036036,0.73432563364459735,0.012707996910763181,5742524.0,77601.675675675666,3.369432192289906
74020655,75,0,0.0,0.0,0,0.0,0,0.0,28519,380.25333333333333,8574.4079279279249,21884,291.78666666666669,5782.7917117117122,420,5.6000000000000005,8.4054054054054053,0.76734808373365126,0.01472702408920369,8459274.0,112790.31999999999,2.7337099024514586
74321828,75,0,0.0,0.0,0,0.0,0,0.0,21644,288.5866666666667,7908.5700900900929,15648,208.64,5627.4767567567569,277,3.6933333333333334,5.6479279279279275,0.72297172426538536,0.012798004065791905,6635236.0,88469.813333333354,3.2099479119356671
74021859,75,0,0.0,0.0,0,0.0,0,0.0,16859,224.78666666666666,5955.6025225225221,11911,158.81333333333336,3822.1268468468465,101,1.3466666666666665,2.2025225225225227,0.70650691025564982,0.0059908654131324516,5716484.0,76219.786666666667,3.23797300652221
74020618,75,0,0.0,0.0,0,0.0,0,0.0,20199,269.32,7771.40972972973,15935,212.46666666666667,6627.6036036036039,247,3.293333333333333,4.3992792792792788,0.78890044061587206,0.01222832813505619,7263301.0,96844.013333333336,3.0586033707099118
74021246,72,0,0.0,0.0,0,0.0,0,0.0,15031,208.76388888888886,10404.858959311425,12509,173.73611111111111,9672.8448748043811,227,3.1527777777777777,4.2439358372456963,0.83221342558712,0.015102122280620052,7642698.0,109181.40000000001,3.689937672190251
74321865,75,0,0.0,0.0,0,0.0,0,0.0,18782,250.42666666666673,4525.4911711711748,12545,167.26666666666668,1835.7657657657676,219,2.9200000000000004,2.8854054054054057,0.66792673836652117,0.011660100095836439,6508992.0,86786.560000000012,3.2053897191776017
74020520,75,0,0.0,0.0,0,0.0,0,0.0,36523,486.97333333333336,13828.972252252253,22367,298.22666666666669,8043.9344144144152,231,3.0799999999999996,4.3178378378378373,0.612408619226241,0.0063247816444432278,12335974.0,164479.65333333335,3.5319924860538334
74021401,75,0,0.0,0.0,0,0.0,0,0.0,25720,342.93333333333334,4492.738738738738,18315,244.19999999999993,2331.8378378378338,186,2.48,3.6583783783783796,0.71209175738724728,0.0072317262830482116,8668165.0,115575.53333333333,2.8019568678938969
74021979,75,0,0.0,0.0,0,0.0,0,0.0,6425,85.666666666666671,1197.2252252252247,2806,37.413333333333334,218.84036036036034,12,0.16,0.16324324324324327,0.43673151750972761,0.0018677042801556419,2375355.0,31671.4,5.886497437531955
74213275,66,0,0.0,0.0,0,0.0,0,0.0,19479,295.13636363636368,3094.2426573426578,13900,210.60606060606062,2211.0731934731921,218,3.3030303030303032,5.168298368298367,0.71358899327480874,0.011191539606755993,6463136.0,97926.303030303039,2.96425310674227
,0,0,0.0,0.0,0,0.0,0,0.0,9,1.0,0.0,0,0.0,0.0,0,0.0,0.0,0.0,0.0,,,
74020473,20,0,0.0,0.0,0,0.0,0,0.0,6400,320.0,60045.368421052633,3837,191.84999999999997,29702.976315789478,116,5.8000000000000007,33.431578947368415,0.59953125,0.018125,2280616.0,175432.0,3.8042821153995026
74220458,19,0,0.0,0.0,0,0.0,0,0.0,9268,487.78947368421058,92273.953216374284,6359,334.68421052631578,46259.228070175443,130,6.8421052631578938,29.140350877192986,0.686124298662063,0.014026758739749677,3248141.0,216542.73333333334,2.9214909467104677
74022015,2,0,0.0,0.0,0,0.0,0,0.0,59,29.5,760.5,0,0.0,0.0,0,0.0,0.0,0.0,0.0,,,
74022009,10,0,0.0,0.0,0,0.0,0,0.0,210,21.0,515.77777777777783,24,2.4,13.377777777777776,0,0.0,0.0,0.11428571428571428,0.0,2313.0,578.25,1.1875
74213287,11,0,0.0,0.0,0,0.0,0,0.0,1753,159.36363636363637,13450.054545454541,1243,113.0,10277.2,13,1.1818181818181819,2.1636363636363631,0.70907016543069024,0.0074158585282373072,673872.0,74874.666666666657,3.3609416742101983
74213274,18,0,0.0,0.0,0,0.0,0,0.0,6299,349.94444444444446,16587.702614379083,4926,273.66666666666663,11018.941176470587,89,4.9444444444444446,8.7614379084967329,0.78202889347515481,0.014129226861406573,2894225.0,160790.27777777778,3.4761720216367196
74220483,1,0,0.0,,0,0.0,0,0.0,4,4.0,,0,0.0,,0,0.0,,0.0,0.0,,,
74020495,29,0,0.0,0.0,0,0.0,0,0.0,7116,245.37931034482759,6887.2438423645308,5094,175.65517241379308,4844.44827586207,42,1.4482758620689653,1.2561576354679804,0.71585160202360876,0.005902192242833052,2244190.0,77385.862068965536,3.2414909219524244
74021110,31,0,0.0,0.0,0,0.0,0,0.0,5727,184.74193548387098,1152.3978494623657,4401,141.96774193548382,888.03225806451655,62,1.9999999999999998,1.8666666666666674,0.76846516500785755,0.010825912345032303,1919763.0,61927.838709677424,3.02242927628499