restaurant_id,Market Segment,Price Group,Room Type,latitude,longitude,order_value_mean,order_value_std,product_qnt_mean,product_qnt_std,used_points_qnt_mean,used_points_qnt_std,order_value_mean_Kmean_Cluster,Combined_Cluster,latitude_longitude_Dbscan_Cluster
74321832,Abakan,6,3,53.72068,91.4406019,3.635298057602143,2.6687495792022227,122.12324179504354,75.70499618857863,2.9470864032150033,161.04148641977955,2,2.0_-1.0,-1.0
74321900,Abakan,6,3,53.72068,91.4406019,3.3415055248618786,2.6060412765399383,119.48618784530387,74.8044207487942,2.175414364640884,117.06882803392858,8,8.0_-1.0,-1.0
74221340,Achinsk,6,3,56.2694846,90.4953964,3.8333922886452068,2.6731958131811617,124.26176158471878,73.77926158238266,2.4053767244428723,127.89277433151375,9,9.0_-1.0,-1.0
74014457,Aksay,4,0,47.268696,39.861362,4.162356321839081,3.0535832209476093,126.9463601532567,74.62371343463093,23.99425287356322,419.7609742246748,5,5.0_-1.0,-1.0
74021557,Aleksandrov,9,3,56.3962287,38.7111103,3.6734224822398662,2.716587052179092,123.1090681153364,72.97417282123395,4.011700793982449,196.26766922288803,2,2.0_0.0,0.0
74021895,Almetyevsk,0,3,54.9005008,52.2963777,3.564939219449776,2.70314290193925,121.27575175943699,76.1623871516293,3.7747920665387076,211.05105160874373,2,2.0_-1.0,-1.0
74220499,Anapa,7,4,44.894272,37.316887,3.257660626029654,2.527652921837885,119.58813838550248,74.14968222582452,10.626029654036245,371.37762644179026,1,1.0_-1.0,-1.0
74221287,Anapa,7,3,44.894272,37.316887,3.072923887425482,2.4627463385212667,114.30805490087343,74.44782825765266,5.933730763898517,259.6517453930356,4,4.0_-1.0,-1.0
74221451,Anapa,7,4,44.894272,37.316887,3.5618668596237337,2.804294620681243,120.37771345875542,73.99505433666712,2.279305354558611,119.83164746309404,2,2.0_-1.0,-1.0
74220902,Andreevka,4,3,49.5241416,84.4687681,3.4489211800968738,2.6829717306735814,122.23778071334215,74.82823787302502,18.516072214883312,538.1857175930704,8,8.0_-1.0,-1.0
74021395,Angarsk,6,0,52.5443167,103.8882138,3.4844271412680756,2.56866365713232,123.85020393029292,75.83800814544699,4.1527623285131625,180.30557849430411,8,8.0_-1.0,-1.0
74021811,Anzhero-Sudzhensk,0,3,56.077808,86.019356,3.5062807209175313,2.8474586283699366,121.38940469688694,74.6844485843995,9.721463681048608,415.98323706931393,8,8.0_-1.0,-1.0
74221156,Aprelevka,4,2,55.5454306,37.0730417,4.039138240574506,2.992971528005035,124.04883303411131,74.54758508539646,7.1095152603231595,375.19115415265117,9,9.0_0.0,0.0
74221175,Aprelevka,4,3,55.5454306,37.0730417,3.100200400801603,2.4334751323674806,120.85427998854853,75.77426767454409,0.0,0.0,4,4.0_0.0,0.0
74021271,Arkhangelsk,5,0,64.543022,40.537121,2.8035497203987356,2.036466441566614,124.34135667396062,75.22286074075349,9.093119377583273,355.12503872056635,7,7.0_-1.0,-1.0
74021467,Arkhangelsk,5,3,64.543022,40.537121,3.0655384615384613,2.1537572878146,121.16061538461538,75.3978636641125,2.5846153846153848,147.34574724358092,4,4.0_-1.0,-1.0
74021100,Armavir,7,0,44.9993585,41.1294061,4.108749382105784,3.020706248435236,124.023727137914,73.34170955590196,40.13840830449827,689.4789246667954,5,5.0_-1.0,-1.0
74021165,Armavir,7,3,44.9993585,41.1294061,3.186471663619744,2.4911197309063957,118.87568555758683,70.92083372798689,7.952468007312614,264.209118092186,1,1.0_-1.0,-1.0
74021600,Artyom,0,3,43.3570377,132.1853629,3.9022064832470718,2.960480386005011,121.1653500408608,74.99575001812173,8.376464178697903,410.89820038457464,9,9.0_-1.0,-1.0
74021315,Astrakhan,4,0,46.3498308,48.0326203,3.5090351726363345,2.572147397604975,124.00322684737012,74.41639315384695,1.1777992900935785,92.72504956959109,8,8.0_-1.0,-1.0
74021370,Astrakhan,4,0,46.3498308,48.0326203,3.6474371098921883,2.559131298469703,125.04482693398903,75.4504349737324,2.572347266881029,132.60181667426048,2,2.0_-1.0,-1.0
74021614,Astrakhan,4,4,46.3498308,48.0326203,3.1569272976680383,2.3888138958980067,119.8485596707819,75.1415722088816,11.742112482853223,296.1690252943998,1,1.0_-1.0,-1.0
74021615,Astrakhan,4,3,46.3498308,48.0326203,2.880168776371308,2.040066256124058,119.26818565400843,75.6709119126279,4.624472573839663,213.01083075630956,7,7.0_-1.0,-1.0
74021616,Astrakhan,4,0,46.3498308,48.0326203,3.524044146629878,2.539557593823376,122.39101300748916,76.08720270047263,5.951911706740244,222.91381329603985,2,2.0_-1.0,-1.0
74021702,Astrakhan,4,3,46.3498308,48.0326203,2.981117824773414,2.1506411209905054,119.99546827794562,74.6142932938444,9.40332326283988,283.6269074167467,4,4.0_-1.0,-1.0
74021867,Balakovo,0,3,52.01812,47.819141,3.6569396763119175,2.668186588880776,120.61206473761648,75.77741355966315,6.547327121137813,209.96465729543027,2,2.0_-1.0,-1.0
74021534,Balashikha,0,3,55.7997662,37.9373707,3.109597156398104,2.292319141324457,127.49289099526067,70.13529948578565,16.94312796208531,416.5197400593277,4,4.0_0.0,0.0
74020490,Balashikha,0,2,55.7997662,37.9373707,3.2264034546576186,2.4077946894935827,124.44170265268353,71.71061417768749,11.782850092535472,273.73158381396917,1,1.0_0.0,0.0
74220627,Balashikha,0,2,55.7997662,37.9373707,3.6987951807228914,2.484151083785657,119.71084337349397,75.46445383912527,0.0,0.0,2,2.0_0.0,0.0
74220970,Balashikha,0,3,55.7997662,37.9373707,3.1560761346998536,2.425444319401253,120.90424597364569,75.77729156508612,8.023426061493412,299.9707846182065,1,1.0_0.0,0.0
74221019,Balashikha,0,4,55.7997662,37.9373707,3.540666150271108,2.9295770280103457,123.32610379550736,74.04884253795225,2.4399690162664602,123.98308272695418,2,2.0_0.0,0.0
74221037,Balashikha,4,3,55.7997662,37.9373707,3.1832720985519773,2.3560403949221542,122.77501620920683,75.50999222647786,10.935811540955262,285.0681792585302,1,1.0_0.0,0.0
74220934,Balashikha,0,2,55.7997662,37.9373707,3.810696920583468,2.7592226556226227,124.75332252836304,74.41613913284145,8.168557536466775,227.81183809571925,9,9.0_0.0,0.0
74221419,Balashikha,4,0,55.7997662,37.9373707,3.0010816657652786,2.360419867896329,117.01604470885164,77.48780201578245,19.70434469082387,509.6324795153236,4,4.0_0.0,0.0
74221442,Balashikha,0,0,55.7997662,37.9373707,3.282690246516613,2.556400085352127,123.83922829581994,74.09790826947062,7.82422293676313,253.58936700334152,1,1.0_0.0,0.0
74221472,Balashikha,0,4,55.7997662,37.9373707,3.43097800655124,2.718888471523516,121.32709405708938,75.20896096593738,9.078146934955544,243.30346253743878,8,8.0_0.0,0.0
74021976,Balashov,0,0,51.5546717,43.1430732,3.218711276332094,2.4822636938558733,120.77075588599752,78.24508855297996,0.0,0.0,1,1.0_-1.0,-1.0
74020454,Barnaul,0,3,53.3475493,83.7788448,3.2343343580042565,2.234945147747132,122.38259635847719,74.65266300938373,6.289903050366517,321.9032981255414,1,1.0_-1.0,-1.0
74020505,Barnaul,0,3,53.3475493,83.7788448,3.192717086834734,2.2633456763827846,124.28309990662932,73.85786663621785,2.5396825396825395,131.7573671367903,1,1.0_-1.0,-1.0
74020654,Barnaul,0,0,53.3475493,83.7788448,3.3880903490759753,2.524314599912533,124.24229979466119,74.14678051928412,0.0,0.0,8,8.0_-1.0,-1.0
74020809,Barnaul,0,3,53.3475493,83.7788448,2.776382347810919,1.926389719123976,120.36978894121751,74.45041255842332,2.895517181231467,157.52354159775692,7,7.0_-1.0,-1.0
74020979,Barnaul,0,3,53.3475493,83.7788448,3.014508328855454,2.158579814271673,124.5781837721655,75.3779932598523,0.0,0.0,4,4.0_-1.0,-1.0
74021092,Barnaul,0,0,53.3475493,83.7788448,3.046305418719212,2.248061472612937,120.05911330049261,73.28817028432015,4.901477832512315,180.38341674470794,4,4.0_-1.0,-1.0
74021907,Barnaul,0,4,53.3475493,83.7788448,3.177287581699346,2.2998602673872433,122.84640522875817,74.99367702093666,5.555555555555555,194.3253441331682,1,1.0_-1.0,-1.0
74021908,Barnaul,0,3,53.3475493,83.7788448,3.086889657823914,2.169931134792757,122.42983467896963,73.40988050462573,15.916955017301039,332.8207175401722,4,4.0_-1.0,-1.0
74020591,Belgorod,4,3,50.5955595,36.5873394,3.614420062695925,2.6742334294048153,131.12852664576803,74.7371122393819,1.5151515151515151,93.74368665610918,2,2.0_-1.0,-1.0
74020621,Belgorod,4,0,50.5955595,36.5873394,3.8283455674760023,2.7366333653890997,125.95595708639186,74.36459489824495,3.274985883681536,137.82205239130965,9,9.0_-1.0,-1.0
74021352,Belgorod,4,2,50.5955595,36.5873394,3.804888152444076,2.8483643687574984,123.5741507870754,75.48351732049726,18.931234465617234,475.44114031609126,9,9.0_-1.0,-1.0
74021977,Belovo,0,3,54.419323,86.303429,3.305888622435385,2.497911700372583,118.6986410871303,77.28246201254214,3.623767652544631,156.95557473802825,1,1.0_-1.0,-1.0
74220834,Berdsk,1,2,54.75795,83.1068095,4.0363924050632916,2.9011595614108705,123.76898734177215,73.1074142454743,0.0,0.0,9,9.0_1.0,1.0
74321851,Berdsk,1,3,54.75795,83.1068095,3.0681818181818183,2.369342311951218,109.85380835380835,75.20419803291985,3.0098280098280097,171.7449111220315,4,4.0_1.0,1.0
74321831,Beryozovsky,0,3,56.9097871,60.8120254,3.2142422398052344,2.431476332959132,119.95374315276932,75.32720096460932,7.425441265976872,246.08893173734128,1,1.0_-1.0,-1.0
74021243,Biysk,0,3,52.5394905,85.2148673,3.4728457639391745,2.53140101561995,121.5394641564084,74.32013282801432,3.1860970311368573,167.44447997471983,8,8.0_-1.0,-1.0
74021408,Blagoveshchensk,0,3,50.2600417,127.5337378,3.5646174441355165,2.484249095577562,117.18216455565853,74.63115257170683,2.28606734630831,167.90624661522006,2,2.0_-1.0,-1.0
74021435,Blagoveshchensk,0,2,50.2600417,127.5337378,4.234211476001444,2.8807745223795016,117.7473836160231,74.27054921441207,11.927102129195235,430.7235319466709,5,5.0_-1.0,-1.0
74021938,Bratsk,6,3,56.1517085,101.6334907,3.8985458234697328,2.9553261331240837,117.76259722691917,76.36231682847121,23.774095366925938,568.1614227181601,9,9.0_-1.0,-1.0
74220437,Bronnitsy,4,4,55.422,38.2591,3.7144058295964126,3.000419536142839,122.15134529147981,74.60120359396525,17.432735426008968,358.5925841329555,2,2.0_0.0,0.0
74021282,Bryansk,0,0,53.27896405,34.36589361201107,3.5333057509309063,2.470820513420713,123.22714108398841,75.46240539033376,0.0,0.0,2,2.0_-1.0,-1.0
74021462,Bryansk,0,2,53.27896405,34.36589361201107,3.4828416616496085,2.549363372852442,125.89765201685732,74.67895382961711,3.7928958458759783,154.5808650157539,8,8.0_-1.0,-1.0
74021973,Bryansk,0,0,53.27896405,34.36589361201107,3.1264682850430696,2.3271546034476254,120.76115896632733,75.58243958167587,2.4667188723570868,124.6608555074513,4,4.0_-1.0,-1.0
74021516,Bykovo,0,3,55.6311596,38.0761816,3.0570505920344457,2.1878328117816452,127.34553283100108,75.15560068693095,0.0,0.0,4,4.0_0.0,0.0
74021319,Chaykovsky,0,3,56.7787468,54.1500704,3.242016806722689,2.3155382782867275,121.58655462184873,76.23698465033858,9.647058823529411,265.62353170559163,1,1.0_1.0,1.0
74021302,Cheboksary,4,0,56.1307195,47.2449597,3.1047430830039526,2.179604331037471,123.86335403726709,76.95964728100739,9.034443817052512,243.06878392480263,4,4.0_-1.0,-1.0
74021639,Cheboksary,4,3,56.1307195,47.2449597,3.325265161816698,2.3920083021918948,120.87027468044602,76.31832838372303,10.552080500407941,267.9012957500893,1,1.0_-1.0,-1.0
74221272,Chekhov,4,0,55.1426603,37.4545328,3.5422724824986536,2.6725911255596446,122.38449111470113,77.59060843920204,4.73882606354335,204.20986596925616,2,2.0_0.0,0.0
74022011,Chekhov,0,2,55.1426603,37.4545328,3.882716049382716,2.6655004202490353,127.23950617283951,72.80944816882142,12.098765432098766,344.3369007738903,9,9.0_0.0,0.0
74020520,Chelyabinsk,9,0,55.1598408,61.4025547,3.38353765323993,2.418092976678786,122.35639229422067,72.74137773270859,2.7583187390542907,131.80896427004404,8,8.0_-1.0,-1.0
74020652,Chelyabinsk,9,3,55.1598408,61.4025547,2.9993423936869794,2.2470228312799017,121.46339324857519,73.44355218631831,8.965366067514248,361.63388286086746,4,4.0_-1.0,-1.0
74020653,Chelyabinsk,9,0,55.1598408,61.4025547,3.0716123499142367,2.2601162767744234,118.2401372212693,74.15306882463861,8.23327615780446,229.45098997106152,4,4.0_-1.0,-1.0
74021244,Chelyabinsk,9,3,55.1598408,61.4025547,3.2917864476386036,2.3122616648106256,121.04394250513347,73.10777583622011,4.640657084188912,191.12315240673976,1,1.0_-1.0,-1.0
74021567,Chelyabinsk,9,0,55.1598408,61.4025547,2.6942067954045466,1.9970915711437163,119.37619164018578,73.86247718370188,5.499877780493767,207.77447616633606,0,0.0_-1.0,-1.0
74321790,Chelyabinsk,9,4,55.1598408,61.4025547,2.7092146851446635,2.0580238696177915,115.42329200097252,76.58091275635125,0.0,0.0,0,0.0_-1.0,-1.0
74321791,Chelyabinsk,9,2,55.1598408,61.4025547,3.5213475650433623,2.5835478134889724,120.41894596397599,75.355294140346,10.140093395597065,282.0936438090526,8,8.0_-1.0,-1.0
74321792,Chelyabinsk,9,1,55.1598408,61.4025547,3.111669753903149,2.274381187042701,118.55199788303784,76.1161738721677,8.57369674517068,326.8641663219939,4,4.0_-1.0,-1.0
74321819,Chelyabinsk,9,1,55.1598408,61.4025547,2.516843118383061,1.8463409444831675,120.111645813282,72.86876281448228,5.5181264035931985,218.74972086969777,0,0.0_-1.0,-1.0
74321820,Chelyabinsk,9,3,55.1598408,61.4025547,2.8441931430622867,2.1539808933879727,119.20732364028002,73.33142044602127,3.428468856578711,147.72026808229484,7,7.0_-1.0,-1.0
74321827,Chelyabinsk,9,0,55.1598408,61.4025547,3.120741482965932,2.2813726435777792,121.57314629258516,72.96050602936347,1.6032064128256514,101.294230053267,4,4.0_-1.0,-1.0
74020617,Cherepovets,4,3,59.128696,37.916389,3.4489208633093527,2.446027460198873,120.13072970195272,76.3407312536151,3.576567317574512,143.99847499012174,8,8.0_-1.0,-1.0
74021903,Cherepovets,4,4,59.128696,37.916389,3.4406516679596586,2.522496354033225,119.74709076803724,78.34178597675354,6.439100077579519,232.80869363129747,8,8.0_-1.0,-1.0
74020672,Cherkessk,4,3,44.22538305,42.06819662981461,5.090635838150289,3.8926527352398677,123.17317919075144,73.54728649503737,25.341040462427745,504.35261394823647,3,3.0_-1.0,-1.0
74221036,Chernaya Gryaz,0,2,56.2277649,28.4191006,3.676295413936867,2.8333271889198692,128.75044669446098,73.41001124551353,28.37998808814771,977.5839383953877,2,2.0_-1.0,-1.0
74321845,Chernogorsk,6,3,53.828236,91.31321,3.049438202247191,2.3061088529671654,116.74606741573034,76.72052484683518,17.528089887640448,372.5788911676345,4,4.0_-1.0,-1.0
74021878,Chita,6,0,52.033409,113.500893,3.9378765060240966,2.680343282918965,124.61295180722891,73.76842991357535,1.1859939759036144,86.43935474188122,9,9.0_-1.0,-1.0
74021879,Chita,6,0,52.033409,113.500893,3.585643212508884,2.482915498909251,118.87846481876332,74.99991217332222,1.7412935323383085,130.63183615380836,2,2.0_-1.0,-1.0
74220840,Churilkovo,4,2,55.4953336,37.8301044,3.3135734072022163,2.442069096033609,126.11191135734072,74.26397676504321,10.470914127423823,258.3120413592689,1,1.0_0.0,0.0
74022006,Dagestanskie Ogni,4,4,42.1152434,48.1864201,5.982905982905983,4.3046705757215475,130.77350427350427,73.8246512088114,9.401709401709402,287.63699820267,6,6.0_-1.0,-1.0
74022007,Derbent,4,3,42.057858,48.2887648,5.277217741935484,3.9608224008075688,122.66129032258064,74.3681686060226,9.274193548387096,238.55481300789842,3,3.0_-1.0,-1.0
74220713,Dmitrov,4,4,56.3450695,37.5200723,3.852871219843697,2.921898219310221,124.15902140672783,74.3678310542331,8.290859667006456,262.3027911727409,9,9.0_0.0,0.0
74220911,Dmitrov,4,3,56.3450695,37.5200723,3.2361010830324908,2.505621260331959,121.98026474127558,75.47707100758257,6.040914560770156,281.8444533251123,1,1.0_0.0,0.0
74221173,Dolgoprudny,4,3,55.94660765,37.50483582166906,3.10446631339894,2.37502205474141,120.25889477668433,76.46708467198663,4.579863739591219,166.56834823619744,4,4.0_0.0,0.0
74021607,Domodedovo,0,3,55.4368213,37.7680693,3.236673773987207,2.2488027256530847,130.65245202558634,74.1605492965511,33.47547974413646,513.3359036066543,1,1.0_0.0,0.0
74220659,Domodedovo,4,0,55.4368213,37.7680693,3.154389721627409,2.4169071876152146,120.27408993576017,76.5271943328176,3.7687366167023555,192.38761464196713,1,1.0_0.0,0.0
74321662,Domodedovo,4,0,55.4368213,37.7680693,3.47981220657277,2.634421130843969,124.86197183098592,75.08139756972534,6.150234741784038,201.9740901176562,8,8.0_0.0,0.0
74321794,Domodedovo,4,3,55.4368213,37.7680693,3.2496875,2.386367168139756,123.35125,74.65926600437885,8.34375,241.897276860158,1,1.0_0.0,0.0
74321806,Domodedovo,4,2,55.4368213,37.7680693,4.030274802049371,2.928077923347364,129.09361900326036,74.61076438088963,11.92361434559851,445.21623984339885,9,9.0_0.0,0.0
74321849,Dubna,4,3,56.74177675,37.17553296960783,3.5009286282833645,2.6246143559508153,125.15574422923852,75.57486266483915,21.782966304059432,460.86828950624204,8,8.0_0.0,0.0
74321866,Dzerjinsk,0,3,56.2382157,43.4617405,3.4888448190381753,2.5623878307554766,121.88795240456123,77.4162823458388,3.247397124442241,146.7791733764926,8,8.0_-1.0,-1.0
74321867,Dzerjinsk,0,3,56.2382157,43.4617405,3.7238476953907815,2.8038473869410057,123.724248496994,74.97686968363311,12.785571142284569,431.77806060163016,2,2.0_-1.0,-1.0
74221414,Ekaterinburg,0,0,56.839104,60.60825,2.6504032258064516,1.9843985676222402,122.12903225806451,72.43503636788864,2.5403225806451615,126.50704430214358,0,0.0_0.0,0.0
74221439,Ekaterinburg,0,2,56.839104,60.60825,3.369964802502933,2.4944393006096086,123.98592100117325,72.3979166181992,14.939382088384827,356.34716263026684,8,8.0_-1.0,-1.0
74221450,Ekaterinburg,0,3,56.839104,60.60825,2.8999180999181,2.201655889657366,122.47731367731367,73.00825496417201,4.193284193284193,200.6104102106959,7,7.0_0.0,0.0
74213756,Ekaterinburg,9,0,56.839104,60.60825,3.130262112787927,2.391496623838206,123.82525814138205,73.94574831918641,0.0,0.0,4,4.0_-1.0,-1.0
74220426,Ekaterinburg,0,4,56.839104,60.60825,3.4749478079331944,2.613974045262199,123.46880074228717,73.10108005230707,7.840408257944793,290.32458434223395,8,8.0_-1.0,-1.0
74220433,Ekaterinburg,0,3,56.839104,60.60825,2.619980250164582,1.8167729903252383,122.31533903884134,72.62215400785769,13.232389730085583,317.4476699989618,0,0.0_0.0,0.0
74220550,Ekaterinburg,0,0,56.839104,60.60825,2.883000688231246,2.223839831443598,119.99265886671255,74.0522863372072,10.36935076852489,316.79734299254596,7,7.0_0.0,0.0
74220766,Ekaterinburg,0,3,56.839104,60.60825,2.6237430740816747,1.939338269835722,121.36917709829673,71.9725403003878,11.317463574799918,349.6596136750317,0,0.0_0.0,0.0
74220765,Ekaterinburg,9,0,56.839104,60.60825,2.8574797843665767,2.142128342353766,117.10916442048517,74.15298733756126,2.1226415094339623,115.64013796876063,7,7.0_0.0,0.0
74220854,Ekaterinburg,0,2,56.839104,60.60825,2.853215213074691,2.0773295030660646,122.69680769818237,73.26064902303725,19.153810905758363,766.9759314704728,7,7.0_0.0,0.0
74220935,Ekaterinburg,0,3,56.839104,60.60825,2.6479444977489113,2.0046575391562547,119.52704996678722,73.09659764691096,13.36630009594804,604.608407055544,0,0.0_0.0,0.0
74220954,Ekaterinburg,0,3,56.839104,60.60825,2.9310344827586206,2.351951534886274,121.66602092212321,73.92278631939419,3.409531189461449,173.21626501937047,7,7.0_0.0,0.0
74220975,Ekaterinburg,9,0,56.839104,60.60825,3.091867822826342,2.3231638855575683,122.32669322709164,73.67052734033635,0.0,0.0,4,4.0_-1.0,-1.0
74221082,Ekaterinburg,0,0,56.839104,60.60825,2.7793109587821596,2.0712880819980666,121.10780735333392,73.17240892941871,21.312205109943914,664.2958550921816,7,7.0_0.0,0.0
74221041,Ekaterinburg,9,4,56.839104,60.60825,3.017226017226017,2.210717510623661,122.92782892782893,72.55054924588676,8.716958716958716,274.2848645453417,4,4.0_-1.0,-1.0
74221255,Ekaterinburg,0,4,56.839104,60.60825,3.322360248447205,2.3655512750127974,123.2695652173913,74.0018855213719,10.062111801242237,291.6243207117514,1,1.0_-1.0,-1.0
74321681,Ekaterinburg,0,0,56.839104,60.60825,3.232837253960634,2.415046265947017,120.48871819491119,73.22675887971327,8.42534805568891,243.90494196769652,1,1.0_-1.0,-1.0
74321805,Ekaterinburg,0,3,56.839104,60.60825,2.547169811320755,1.8335809685352213,122.48943959448043,72.57833368302248,17.488031540411153,736.5742406259011,0,0.0_0.0,0.0
74321847,Ekaterinburg,0,3,56.839104,60.60825,2.708546214584301,1.9846814925866223,118.75615420343706,74.8690625696704,10.58987459359034,352.24091036644205,0,0.0_0.0,0.0
74321887,Ekaterinburg,0,3,56.839104,60.60825,3.7025641025641027,2.8823697912963415,120.90512820512821,73.76262251865661,9.935897435897436,264.93049479341124,2,2.0_-1.0,-1.0
74020777,Elektrostal,4,0,55.7903785,38.4405711,3.290764471939903,2.5108673595390756,121.14714980114891,76.13134329545242,0.0,0.0,1,1.0_0.0,0.0
74220797,Elektrostal,4,4,55.7903785,38.4405711,3.3950198075834748,2.499181765793545,121.87889077532542,74.83860355009558,34.238822863610636,677.7814014087104,8,8.0_0.0,0.0
74021511,Elektrougli,0,3,55.7184467,38.2228192,3.4721508140531276,2.445783451327247,122.22450728363324,75.05122995377455,7.112253641816624,242.96441144142474,8,8.0_0.0,0.0
74021807,Elets,4,3,52.6219865,38.5003298,3.1026467203682393,2.3642820367773663,120.00276179516686,76.21190284999545,6.490218642117377,216.64026746363535,4,4.0_-1.0,-1.0
74021181,Engels,0,0,51.5013775,46.1233093,3.4164619164619165,2.507452497443301,122.95036855036855,75.32540038781703,8.5995085995086,259.25911852425577,8,8.0_-1.0,-1.0
74021705,Engels,0,3,51.5013775,46.1233093,3.2191011235955056,2.319683495708971,121.36311318169362,75.35679123118639,4.891751164702658,215.1056369310801,1,1.0_2.0,2.0
74221035,Ermolino,0,4,57.0963256,41.2468583,3.9776614310645724,2.943993644603385,125.57766143106457,74.5081567521424,9.389179755671902,290.7545514185311,9,9.0_-1.0,-1.0
74321896,Fryazino,4,0,55.954618,38.0567691,3.4095634095634098,2.6192425221508513,118.3035343035343,76.9328977935061,34.244134244134244,627.821415724315,8,8.0_0.0,0.0
74020542,Gatchina,4,3,59.5706273,30.1305083,3.4664516129032257,2.6793694279893523,123.25075268817204,74.4862631858464,10.559139784946236,282.9915574781444,8,8.0_1.0,1.0
74021893,Georgievsk,4,2,44.1740322,43.44529697488328,4.552207428170988,3.427672438144948,124.51156271899089,74.36880349921435,8.72459705676244,275.1240089597674,5,5.0_-1.0,-1.0
74022010,Glazov,0,2,58.1401196,52.6464388,3.4427480916030535,2.498449433465557,120.67175572519083,73.73834491938625,54.961832061068705,772.7713585007432,8,8.0_-1.0,-1.0
74221043,Golitsyno,4,3,55.6149602,36.9887625,3.4675099206349205,2.6293264213139578,122.26488095238095,75.80665372499378,7.614087301587301,247.32568492411085,8,8.0_0.0,0.0
74021576,Gorki-10,0,3,55.704495,37.0239744,3.44043321299639,2.3625063682487846,117.5956678700361,73.34189339379985,21.299638989169676,501.3339606212633,8,8.0_0.0,0.0
74021624,Gorno-Altaysk,0,0,51.92989145,85.97886806711134,3.076923076923077,2.3029723349459137,123.80301941049605,71.73623239831046,7.404744787922358,291.63543507150376,4,4.0_-1.0,-1.0
74021493,Goryachy Klyuch,5,4,52.27615,104.908379,4.416038751345533,3.227689926019049,123.67168998923573,73.05156913329309,4.897739504843918,211.7102448238982,5,5.0_-1.0,-1.0
74021647,Gubkin,4,0,51.283714,37.53466,3.521210128247287,2.494657577673691,127.73824399868464,77.11276696941047,1.907267346267675,105.1767588792907,8,8.0_-1.0,-1.0
74021715,Gus-Khrustalny,2,3,55.6149968,40.6708665,3.3577749683944376,2.58315216779892,120.44500632111252,73.15307058894197,0.0,0.0,8,8.0_-1.0,-1.0
74020631,Hanty-Mansiysk,0,3,61.8793428,68.6418156,3.186217008797654,2.3250378361700212,127.30205278592375,75.65657566076989,0.0,0.0,1,1.0_-1.0,-1.0
74021391,Irkutsk,6,0,56.6370122,104.719221,3.535652920962199,2.5795228334637703,124.5704467353952,73.38346950695903,20.575601374570446,632.5351541562426,2,2.0_-1.0,-1.0
74021392,Irkutsk,6,0,56.6370122,104.719221,2.968425668761877,2.0973103056521754,121.7845344247917,75.52338083784845,6.066364566583832,237.77054331353798,4,4.0_-1.0,-1.0
74021393,Irkutsk,6,0,56.6370122,104.719221,3.5005839416058393,2.579909849583966,123.02131386861313,73.80565341692635,7.839416058394161,398.96731627605027,8,8.0_-1.0,-1.0
74021394,Irkutsk,6,2,56.6370122,104.719221,4.25386351797187,2.9293774829778925,126.74769925334259,73.3586549459112,10.522660184059733,330.8662010538396,5,5.0_-1.0,-1.0
74021396,Irkutsk,6,0,56.6370122,104.719221,3.1884317233154444,2.285270405528355,123.74836016696482,73.06557243551732,7.0363744782349436,292.21632266392965,1,1.0_-1.0,-1.0
74021397,Irkutsk,6,3,56.6370122,104.719221,3.1782709862180063,2.3098832665153974,119.75514587435117,74.02327006555926,2.4342223017719706,128.64582543774677,1,1.0_-1.0,-1.0
74021398,Irkutsk,6,2,56.6370122,104.719221,4.127190136275146,2.8909658070004607,123.39087172831495,73.66028407623664,7.505948518278174,269.6013466341924,5,5.0_-1.0,-1.0
74021399,Irkutsk,6,0,56.6370122,104.719221,2.9645108568760214,2.200834501098374,120.28391314499183,76.993492208804,7.47139855241653,218.67553593278055,4,4.0_-1.0,-1.0
74021400,Irkutsk,6,0,56.6370122,104.719221,3.0998290598290597,2.3106235074480326,122.61675213675214,75.38472675721279,13.58974358974359,334.25036388766733,4,4.0_-1.0,-1.0
74021401,Irkutsk,6,3,56.6370122,104.719221,2.701481661403935,1.997333071354522,121.69055137235851,76.54986522838611,7.578333738158854,247.74177164877113,0,0.0_-1.0,-1.0
74221426,Istra,4,3,55.9145993,36.8595482,3.5195985608786216,2.7979369276195842,120.85968566559363,74.44284087915197,1.0982768415072903,79.81231534507863,8,8.0_0.0,0.0
74221045,Istra,4,3,55.9145993,36.8595482,3.7744668419515044,2.878195929144152,127.863277826468,74.76154184934298,13.730645632486123,399.02520748132645,9,9.0_0.0,0.0
74021209,Ivanovo,4,0,57.0088004,40.96306331898382,3.291217994735583,2.4886813042037854,121.7133285474994,75.60911511240161,3.7329504666188082,176.13868478779645,1,1.0_-1.0,-1.0
74021424,Ivanovo,4,3,57.0088004,40.96306331898382,3.0083123051803473,2.159933087581891,123.37657711147395,73.99612160812579,8.401365592993914,268.22093637657014,4,4.0_-1.0,-1.0
74021555,Ivanovo,4,3,57.0088004,40.96306331898382,3.5244283995186523,2.6267700095486544,121.80697954271962,75.4723357977844,10.108303249097473,302.2844538045669,2,2.0_-1.0,-1.0
74021740,Ivanovo,4,2,57.0088004,40.96306331898382,3.578189300411523,2.5248574044268506,124.33086419753086,75.2300656449212,6.625514403292181,231.8977937604632,2,2.0_-1.0,-1.0
74021761,Ivanovo,4,0,57.0088004,40.96306331898382,3.1013241220495105,2.3232652904363142,118.43177892918825,77.93652210611643,3.33909038572251,139.16437847808086,4,4.0_-1.0,-1.0
74020449,Izhevsk,0,3,56.86051745,53.197730742455306,3.1692487957297226,2.3536312969479343,120.64991537560213,75.8328373573912,4.322353860174457,192.60971503135184,1,1.0_1.0,1.0
74020581,Izhevsk,0,3,56.86051745,53.197730742455306,3.2540084388185653,2.3013831177986557,123.51392405063291,75.94257022483413,7.341772151898734,206.26761476342546,1,1.0_1.0,1.0
74020642,Izhevsk,0,3,56.86051745,53.197730742455306,2.771954425942156,2.1148772054177485,118.02489044697634,76.92892165921839,0.0,0.0,7,7.0_-1.0,-1.0
74020952,Izhevsk,0,3,56.86051745,53.197730742455306,3.1335986355884025,2.329619678823018,120.48436611711199,75.53789792782229,12.36498010233087,343.14113883598566,4,4.0_-1.0,-1.0
74021062,Izhevsk,0,2,56.86051745,53.197730742455306,3.374964193640791,2.4005832547322554,123.58063592093956,75.05342137741015,13.434545975365225,468.1059561545038,8,8.0_-1.0,-1.0
74021147,Izhevsk,0,3,56.86051745,53.197730742455306,3.245773732119636,2.3945870569895,122.96228868660599,75.01159503971695,9.980494148244473,284.8497529105814,1,1.0_1.0,1.0
74021433,Izhevsk,0,2,56.86051745,53.197730742455306,2.850091407678245,2.0528579605364654,117.52102376599635,75.67195393791228,11.317932524513877,366.5853905114278,7,7.0_-1.0,-1.0
74021458,Izhevsk,0,2,56.86051745,53.197730742455306,3.333150684931507,2.447972677423443,121.47835616438356,74.19043805618577,4.684931506849315,202.24140549822803,8,8.0_-1.0,-1.0
74015252,Izhevsk,0,3,56.86051745,53.197730742455306,2.9786468869408855,2.1402579316514974,122.63969431332883,74.08604914290126,6.113733423241178,208.46179241370015,4,4.0_-1.0,-1.0
74013982,Izhevsk,0,3,56.86051745,53.197730742455306,2.869310248533929,2.0782753107148233,116.8455738620497,76.34045985394053,0.0,0.0,7,7.0_-1.0,-1.0
74019201,Izhevsk,0,0,56.86051745,53.197730742455306,2.8850129198966408,2.1602268025098974,115.43152454780362,76.22836086011402,7.558139534883721,258.2050252567013,7,7.0_-1.0,-1.0
74020385,Izhevsk,0,3,56.86051745,53.197730742455306,3.1190007867820615,2.2768715625900686,120.54681353265146,76.15191318179168,5.44846577498033,199.7731733109977,4,4.0_-1.0,-1.0
74022004,Izhevsk,0,2,56.86051745,53.197730742455306,3.2056354916067145,2.1478727951902727,122.49880095923261,74.91756316316679,15.467625899280575,631.715717867965,1,1.0_1.0,1.0
74021358,Kaliningrad,0,3,54.710128,20.5105838,3.175318619832142,2.409888437634688,124.10444513521915,77.51179677997722,14.827479017718371,486.222726936886,1,1.0_-1.0,-1.0
74022017,Kaliningrad,3,3,54.710128,20.5105838,2.4414893617021276,1.8096595128595911,120.99468085106383,71.90117476824558,0.0,0.0,0,0.0_-1.0,-1.0
74020558,Kaluga,0,3,54.5101087,36.2598115,3.1809184481393507,2.4044043488765747,122.21773555027711,76.50769852282626,0.0,0.0,1,1.0_-1.0,-1.0
74020684,Kaluga,0,0,54.5101087,36.2598115,3.4214060031595577,2.586271981749611,123.37598736176935,75.18245963177012,5.173775671406003,185.25476978169453,8,8.0_0.0,0.0
74021389,Kaluga,0,3,54.5101087,36.2598115,3.001022320667916,2.1444906451516963,120.92963026069177,76.27358993132466,13.562787527687851,459.6537778068168,4,4.0_-1.0,-1.0
74021535,Kaluga,0,4,54.5101087,36.2598115,3.699490662139219,2.8217570625117023,122.76943972835313,74.18818895868777,7.33446519524618,304.86408653824077,2,2.0_0.0,0.0
74013336,Kaluga,0,3,54.5101087,36.2598115,3.253447143795141,2.548323885068645,121.38608010505581,74.69889201870194,13.131976362442547,336.21978457278794,1,1.0_-1.0,-1.0
74021735,Kaluga,0,2,54.5101087,36.2598115,4.376012965964343,3.1979223262959895,124.98865478119936,73.76828455575753,7.13128038897893,250.5100146162116,5,5.0_-1.0,-1.0
74021949,Kamensk-Shakhtinsky,4,2,48.27551875,40.2318349278581,5.03099593495935,3.77756664870966,123.34146341463415,73.5301816529948,12.398373983739837,320.71149270492793,3,3.0_-1.0,-1.0
74321854,Kansk,6,3,56.205997,95.706787,3.6911714187564413,2.734617276944162,123.98625901751976,74.5994284509597,10.37444177258674,283.5384492181623,2,2.0_-1.0,-1.0
74321863,Kashira,4,0,54.837449,38.1505119,3.69239219994507,2.793019126633636,124.31310079648448,76.28468057486968,6.976105465531448,252.48371012689876,2,2.0_0.0,0.0
74020605,Kazan,9,3,55.7823547,49.1242266,2.838873125253344,1.9879478815512543,122.41832184839886,73.6958105191963,20.490474260235104,492.79800210659624,7,7.0_1.0,1.0
74020817,Kazan,9,0,55.7823547,49.1242266,2.9340402969247084,2.0648422998984852,121.43457051961823,72.88161829516031,5.408271474019088,227.6738958664747,7,7.0_1.0,1.0
74020892,Kazan,9,0,55.7823547,49.1242266,2.9165079365079367,2.260225456264822,123.2863492063492,74.39705283991947,18.88888888888889,555.7820186960408,7,7.0_1.0,1.0
74020921,Kazan,9,4,55.7823547,49.1242266,2.6629683902030563,1.9107701397206784,121.86644337450282,74.85908424434116,9.81787732886749,289.70669825185695,0,0.0_-1.0,-1.0
74021030,Kazan,9,1,55.7823547,49.1242266,2.9921739130434784,2.2282562281505904,124.28521739130434,74.78253036838943,20.782608695652176,413.09430711742226,4,4.0_-1.0,-1.0
74021090,Kazan,9,3,55.7823547,49.1242266,2.7758235622557232,2.1326432148763015,124.94584031267448,72.75998170706124,12.451144611948632,353.4900707084242,7,7.0_1.0,1.0
74021374,Kazan,9,4,55.7823547,49.1242266,3.439208633093525,2.5684389863404893,123.46618705035971,75.11304140703157,11.942446043165468,282.4757603062985,8,8.0_-1.0,-1.0
74021595,Kazan,9,3,55.7823547,49.1242266,2.9435975609756095,2.3178298877252184,122.09233449477352,72.77722644926816,8.427700348432056,261.25872279118994,7,7.0_1.0,1.0
74020404,Kazan,9,0,55.7823547,49.1242266,3.045045045045045,2.0949447595811344,121.22031122031122,74.42939149927713,0.0,0.0,4,4.0_-1.0,-1.0
74020443,Kazan,9,3,55.7823547,49.1242266,2.674199253291413,1.8519188566572027,123.2430732953429,73.70954321306569,19.610925525643545,522.6592828504931,0,0.0_-1.0,-1.0
74021780,Kazan,9,0,55.7823547,49.1242266,3.003731343283582,2.173005716516063,122.75373134328358,72.91159136728537,7.106512890094979,338.40223219795394,4,4.0_-1.0,-1.0
74021822,Kazan,9,4,55.7823547,49.1242266,3.5341476957245974,2.461272245169259,123.30483064963909,74.06547271754957,7.107162687395891,301.61512296081486,2,2.0_-1.0,-1.0
74020658,Kemerovo,0,4,55.3550907,86.0871213,3.5355611150822015,2.583923741397588,121.03788420300215,74.69470776982924,16.047176554681915,443.2472109322022,2,2.0_-1.0,-1.0
74020741,Kemerovo,0,3,55.3550907,86.0871213,3.473781779661017,2.6211268188155814,121.45550847457628,75.88958260826466,2.5953389830508473,159.48141595150918,8,8.0_-1.0,-1.0
74020865,Kemerovo,0,3,55.3550907,86.0871213,3.072098679638638,2.3848303911244764,118.29951355107714,73.75425845973167,2.7970813064628213,153.54766011063228,4,4.0_-1.0,-1.0
74021343,Kemerovo,0,0,55.3550907,86.0871213,3.1712756467439784,2.4041036883979223,118.90990187332739,74.44853784361787,5.731489741302409,191.94270833271779,1,1.0_-1.0,-1.0
74021346,Kemerovo,0,3,55.3550907,86.0871213,3.527188194865575,2.5860481831900506,121.6971902162927,73.94362721868859,3.072569233879119,153.6411398945755,2,2.0_-1.0,-1.0
74021964,Kemerovo,0,0,55.3550907,86.0871213,2.9335731414868107,2.1785605595951223,118.31942446043165,76.20779077665524,10.551558752997602,319.1857186759526,7,7.0_-1.0,-1.0
74021206,Khabarovsk,0,3,51.6312684,136.121524,3.5169222968690583,2.583444886957381,118.08695652173913,74.75597246607897,15.147673976422867,390.5871193332204,8,8.0_-1.0,-1.0
74021369,Khabarovsk,0,3,51.6312684,136.121524,3.78829924188242,2.7512172589613066,119.29681018452295,75.02738757826593,13.374338435130882,361.94109878862776,9,9.0_-1.0,-1.0
74021558,Khabarovsk,0,0,51.6312684,136.121524,3.66649668536461,2.5765237196152273,120.01631820499745,75.09469555114808,4.296277409484957,192.44470136092272,2,2.0_-1.0,-1.0
74021601,Khabarovsk,0,4,51.6312684,136.121524,3.9079605352074607,2.8409282569210945,121.22611163670766,74.01638383765666,10.055412893634275,292.54776594772443,9,9.0_-1.0,-1.0
74021836,Khabarovsk,0,3,51.6312684,136.121524,3.120810181036028,2.3131723267700615,119.06793332138376,74.05731848001379,1.3264025811077254,99.07259510175943,4,4.0_-1.0,-1.0
74021920,Khabarovsk,0,3,51.6312684,136.121524,3.56036784336992,2.4394440250647036,121.78285375259567,74.46427575308715,4.939187184811629,206.10959168321648,2,2.0_-1.0,-1.0
74021819,Khasavyurt,4,2,43.246916,46.5855184,6.652593486127865,4.726064397659756,118.45114595898673,75.2480862373313,0.0,0.0,6,6.0_-1.0,-1.0
74021157,Khimki,0,2,55.8917293,37.4396994,3.0073529411764706,2.0437875393418894,124.5,74.42245028894891,0.0,0.0,4,4.0_0.0,0.0
74021533,Khimki,0,3,55.8917293,37.4396994,3.2830655129789865,2.296730887417502,133.5822002472188,74.307285995948,34.11619283065513,563.7770356164374,1,1.0_0.0,0.0
74013324,Khimki,4,3,55.8917293,37.4396994,3.469041560644614,2.5177553655150833,123.67260390161154,74.36803539325803,9.584393553859202,349.04767263335316,8,8.0_0.0,0.0
74020429,Khimki,4,3,55.8917293,37.4396994,3.0451261647994974,2.270354139475983,122.21212438488116,74.8457165190912,7.695529263951419,246.30980759863633,4,4.0_0.0,0.0
74020418,Khimki,0,2,55.8917293,37.4396994,3.263157894736842,2.379667529711458,130.87903970452447,72.51287154483596,25.484764542936286,671.5440967663427,1,1.0_0.0,0.0
74220756,Khimki,4,3,55.8917293,37.4396994,2.993827160493827,2.22944887930802,122.92052469135803,73.4926095688091,11.381172839506172,430.3793853780369,4,4.0_0.0,0.0
74013278,Khimki,0,3,55.8917293,37.4396994,3.141948310139165,2.4307697113323496,121.3009940357853,75.02900830556796,19.204771371769382,442.50247069625783,4,4.0_0.0,0.0
74220992,Khotkovo,4,3,56.2516797,37.9780219,3.3769799366420274,2.6125407298927596,126.04963041182683,74.79170736268243,9.028511087645196,305.8928435240855,8,8.0_0.0,0.0
74021703,Kineshma,2,3,57.441310400000006,42.15796271821253,3.4846960167714887,2.6599575017903203,128.9610062893082,74.63968643378176,0.0,0.0,8,8.0_-1.0,-1.0
74021894,Kineshma,2,3,57.441310400000006,42.15796271821253,3.4332803812549644,2.5302532692785533,124.8085782366958,74.76797040162178,2.3034154090548054,115.58464159445144,8,8.0_-1.0,-1.0
74021333,Kingisepp,9,2,59.3743982,28.5981591,3.5070336391437307,2.529201629552391,124.86972477064221,72.8932190503875,12.477064220183486,293.56873983898646,8,8.0_-1.0,-1.0
74020692,Kirishi,4,4,59.450325,32.010578,4.295172777631232,3.123521356218356,122.36876813505671,74.14755392152485,15.141123714059615,334.81018900952563,5,5.0_-1.0,-1.0
74020698,Kirov,0,3,58.6035661,49.6666241,3.32992700729927,2.3354343202826495,120.53138686131386,74.68164305159613,7.153284671532846,264.7681812095664,1,1.0_-1.0,-1.0
74021168,Kirovsk,2,3,59.8813954,30.9855331,3.6681753215817055,2.6097436705473958,125.10242972844212,74.41075965251942,4.5021438780371605,169.43254848813007,2,2.0_-1.0,-1.0
74220752,Klin,4,2,49.4350714,19.4971363,3.651387589647646,2.6839238208015317,125.78609292173371,74.75389703264413,6.17399438727783,349.6356515976323,2,2.0_-1.0,-1.0
74220969,Klin,4,3,49.4350714,19.4971363,3.3251318101933216,2.5335899440510223,120.94200351493849,74.90659486060315,0.0,0.0,1,1.0_-1.0,-1.0
74020906,Kogalym,0,0,62.26798,74.4889068,3.974835886214442,3.0390703789510845,118.5164113785558,75.39509844461722,0.0,0.0,9,9.0_-1.0,-1.0
74220714,Kolomna,4,3,55.0938743,38.7670121,3.4027617951668585,2.5021506425310163,120.70771001150747,75.25472337932239,1.668584579976985,98.3757620751498,8,8.0_0.0,0.0
74220912,Kolomna,4,0,55.0938743,38.7670121,3.12153292398899,2.3629857897974995,119.50116451408003,77.01494756316163,1.8632225280542027,128.0482653021,4,4.0_0.0,0.0
74221225,Kolomna,4,2,55.0938743,38.7670121,3.482561826252378,2.783856021166959,124.64679771718453,75.53422370499374,6.214331008243501,246.78015293128072,8,8.0_0.0,0.0
74321675,Kopeysk,9,3,55.1131951,61.6216332,2.923667786845895,2.2994865544458154,115.33365338454152,76.12837100390898,4.224675948151704,192.8137659601487,7,7.0_-1.0,-1.0
74021384,Korenovsk,7,3,45.4635863,39.4487565,3.62405137186223,2.776111767400116,120.26853473438412,71.34267863662988,7.880910683012259,269.4288175221877,2,2.0_-1.0,-1.0
74220889,Korolyov,0,3,55.9133755,37.84640767607998,2.966863368134362,2.3004415527051383,122.53593584505977,75.76559376812827,7.383870479648963,265.38030272182806,4,4.0_0.0,0.0
74021371,Kostroma,4,4,57.79648535,40.96933053522937,3.328162034044387,2.461216811747589,121.28592975651799,75.16506773487957,5.257487610428787,208.9029830211907,1,1.0_-1.0,-1.0
74021461,Kostroma,4,0,57.79648535,40.96933053522937,3.0926365795724466,2.422343070950296,124.54631828978623,77.89419859970018,0.0,0.0,4,4.0_-1.0,-1.0
74021366,Kotelniki,0,3,55.65949135,37.8656927982326,3.5079950799507995,2.736709557589346,122.37146371463714,73.38789549397552,15.867158671586715,435.3135937710019,8,8.0_0.0,0.0
74014084,Kotelniki,0,0,55.65949135,37.8656927982326,3.5829451809387316,2.844761783062006,122.8950197061985,73.14125441261982,9.06485130777499,284.1958152123259,2,2.0_0.0,0.0
74021580,Kovrov,4,3,56.374603,41.311676,3.281991443018281,2.5369300516739313,120.98638661999222,76.51033480591701,9.101516919486581,283.32861982321447,1,1.0_-1.0,-1.0
74021101,Krasnodar,4,3,45.0351532,38.9772396,3.0955188679245285,2.207896936864289,124.39716981132075,75.26620079948144,1.3679245283018868,89.07279194092276,4,4.0_-1.0,-1.0
74021102,Krasnodar,4,3,45.0351532,38.9772396,3.3794679966749794,2.5398729418869808,124.78304239401496,74.46189707257302,2.4106400665004157,118.24429113366277,8,8.0_2.0,2.0
74021103,Krasnodar,4,3,45.0351532,38.9772396,3.16219739292365,2.2823480665985776,121.43985102420856,75.01506035154337,4.450651769087523,192.26213587779728,1,1.0_3.0,3.0
74021104,Krasnodar,4,3,45.0351532,38.9772396,3.419722991689751,2.561177208040944,120.26991689750693,76.78631472927148,12.24376731301939,444.72841437975023,8,8.0_2.0,2.0
74021111,Krasnodar,4,3,45.0351532,38.9772396,3.3177683444511827,2.451902543873361,125.35112189205579,73.45713076983878,0.0,0.0,1,1.0_3.0,3.0
74021112,Krasnodar,4,4,45.0351532,38.9772396,3.28747591522158,2.533472370905618,122.70520231213872,74.83290427330198,3.7764932562620426,192.37888114699075,1,1.0_3.0,3.0
74021113,Krasnodar,4,0,45.0351532,38.9772396,4.2905317769131,3.22750092567923,124.1184608733247,72.4202735291809,5.577172503242542,379.3297385964592,5,5.0_-1.0,-1.0
74021114,Krasnodar,4,3,45.0351532,38.9772396,3.3257305773342836,2.4203320471293988,123.9976241387503,74.24090520568879,6.96127346162984,260.8856315419793,1,1.0_3.0,3.0
74021115,Krasnodar,4,0,45.0351532,38.9772396,3.4890173410404626,2.639482134775865,124.65387283236994,74.99548991624471,20.069364161849713,414.27409937753487,8,8.0_2.0,2.0
74021116,Krasnodar,4,3,45.0351532,38.9772396,3.261028293276544,2.4295325978583224,124.16550045634317,74.17734249696653,4.441740188621844,180.04120596963688,1,1.0_3.0,3.0
74021117,Krasnodar,4,0,45.0351532,38.9772396,3.8998745819397995,2.811413073815025,127.32190635451505,74.21165895562129,1.3168896321070234,91.08460178468289,9,9.0_2.0,2.0
74021119,Krasnodar,4,3,45.0351532,38.9772396,3.241319228375856,2.3227581940664797,124.44455507156192,74.76842020769219,6.40945861854387,321.7336798146159,1,1.0_3.0,3.0
74021120,Krasnodar,4,0,45.0351532,38.9772396,3.438876785282014,2.6001171694721665,124.3921568627451,74.29668408042734,8.763011377390463,294.23137400677126,8,8.0_2.0,2.0
74021121,Krasnodar,4,0,45.0351532,38.9772396,3.783204798628963,2.80415613974947,122.93287632105113,74.20092478691271,3.670379891459583,154.08343265561888,9,9.0_2.0,2.0
74021299,Krasnodar,4,3,45.0351532,38.9772396,3.259627727856226,2.4129772986983276,124.66880616174583,74.4941942602106,0.0,0.0,1,1.0_3.0,3.0
74021334,Krasnodar,4,3,45.0351532,38.9772396,3.2366994239240934,2.486579156833564,121.9891562182311,75.62645033881107,5.083022704168078,174.72350118770356,1,1.0_3.0,3.0
74021336,Krasnodar,4,4,45.0351532,38.9772396,3.9055755395683454,2.7723792594311236,129.97302158273382,72.75160749320413,13.08453237410072,463.7799865151568,9,9.0_2.0,2.0
74021345,Krasnodar,4,3,45.0351532,38.9772396,3.5416557161629436,2.615806095083052,126.44099868593955,74.69827144687943,3.0486202365308803,132.9561924379072,2,2.0_-1.0,-1.0
74021383,Krasnodar,4,3,45.0351532,38.9772396,3.203888334995015,2.2206927174038955,124.59421734795613,76.69396934652234,7.7766699900299106,250.74321839314513,1,1.0_3.0,3.0
74021385,Krasnodar,4,4,45.0351532,38.9772396,3.462778094694809,2.466529188212106,127.58414147176269,75.08822876498775,10.73873359954364,419.4632505197303,8,8.0_2.0,2.0
74021637,Krasnodar,4,4,45.0351532,38.9772396,3.3741150442477874,2.4594238220897005,125.2858407079646,74.80806552936885,1.3938053097345133,93.70684847612506,8,8.0_2.0,2.0
74021653,Krasnodar,4,3,45.0351532,38.9772396,3.364844903988183,2.5551440962199297,127.14032496307237,73.75612531755847,2.4126046282619398,153.76451267105506,8,8.0_2.0,2.0
74021917,Krasnodar,4,3,45.0351532,38.9772396,3.0313484111079303,2.3011041107599963,122.0492413398225,74.78433134611863,6.226739192671056,234.12492209817412,4,4.0_-1.0,-1.0
74213275,Krasnogorsk,4,0,55.8217545,37.3400897,2.834538878842676,2.05129177176397,124.81555153707052,75.19543884491092,20.298372513562388,622.6751797685837,7,7.0_2.0,2.0
74321688,Krasnogorsk,4,0,55.8217545,37.3400897,3.5161904761904763,2.7279597477878816,126.9536507936508,74.80069076944224,15.301587301587302,444.62141552373845,8,8.0_0.0,0.0
74221447,Krasnoyarsk,0,2,56.0090968,92.8725147,3.3199341021416804,2.354559384848185,122.66227347611202,74.83066542032657,11.696869851729819,293.26361322629015,1,1.0_-1.0,-1.0
74221474,Krasnoyarsk,0,2,56.0090968,92.8725147,2.871656050955414,2.1974294540055923,119.17834394904459,76.02908542762849,18.662420382165607,436.53855159596327,7,7.0_-1.0,-1.0
74221499,Krasnoyarsk,0,3,56.0090968,92.8725147,3.064665127020785,2.39039532978261,121.10546574287913,76.05977745702408,8.006158583525789,251.84647054489827,4,4.0_-1.0,-1.0
74214878,Krasnoyarsk,0,0,56.0090968,92.8725147,3.5851518560179976,2.405599342343081,123.72013498312711,73.48472267232431,5.15185601799775,202.2888952502872,2,2.0_-1.0,-1.0
74215982,Krasnoyarsk,0,3,56.0090968,92.8725147,3.4631282292155943,2.500925813477741,123.05871301080319,75.29754838484921,12.885548770940973,323.6258911198131,8,8.0_3.0,3.0
74220480,Krasnoyarsk,0,2,56.0090968,92.8725147,3.891216216216216,2.930772077095552,122.94594594594595,73.87017438956596,7.59009009009009,269.4784889290538,9,9.0_-1.0,-1.0
74220544,Krasnoyarsk,0,2,56.0090968,92.8725147,3.8645833333333335,2.7378953019181314,124.4486111111111,75.0109043698417,10.555555555555555,339.7888271688939,9,9.0_-1.0,-1.0
74220613,Krasnoyarsk,6,0,56.0090968,92.8725147,3.2514067071798336,2.291861504400618,126.14629754670268,73.41146904991915,10.195813639432815,283.4660885049797,1,1.0_-1.0,-1.0
74220780,Krasnoyarsk,6,3,56.0090968,92.8725147,3.0041103934233706,2.1437298834882097,127.16147974163242,74.471098743468,20.69876688197299,624.8384782615792,4,4.0_-1.0,-1.0
74220910,Krasnoyarsk,6,3,56.0090968,92.8725147,3.356210142726997,2.487463433399039,129.37868205283937,74.68439220945878,21.43941694503492,488.62093522123746,8,8.0_3.0,3.0
74221020,Krasnoyarsk,0,0,56.0090968,92.8725147,3.0331350892098556,2.2336353425798054,125.20645709430757,75.65029499023034,28.92948173322005,554.7997507261979,4,4.0_-1.0,-1.0
74220887,Krasnoyarsk,0,2,56.0090968,92.8725147,3.7511534912334668,2.6647374339933574,124.12796062749923,74.60381258225952,18.209781605659796,548.3070394556304,2,2.0_-1.0,-1.0
74221185,Krasnoyarsk,6,3,56.0090968,92.8725147,3.4445361959812826,2.539504727909656,126.83402146985962,73.0476975061047,16.790531241398295,458.7547121300308,8,8.0_3.0,3.0
74221254,Krasnoyarsk,0,3,56.0090968,92.8725147,3.3887434554973823,2.4706574444493774,126.96204188481676,73.70319474420376,11.518324607329843,321.28758702402286,8,8.0_3.0,3.0
74221267,Krasnoyarsk,0,3,56.0090968,92.8725147,3.379360465116279,2.438181359953997,122.19040697674419,74.90600489868321,3.561046511627907,186.81074865744068,8,8.0_3.0,3.0
74221339,Krasnoyarsk,0,3,56.0090968,92.8725147,3.4397463002114166,2.5228787179108876,124.78985200845666,73.89445918557311,4.143763213530655,201.51644968240296,8,8.0_3.0,3.0
74221476,Krasnoyarsk,6,3,56.0090968,92.8725147,3.5824876775877064,2.457574012672428,130.50623369092492,71.76666907427254,8.089301246738184,289.8837216357247,2,2.0_-1.0,-1.0
74221501,Krasnoyarsk,0,3,56.0090968,92.8725147,2.767560664112388,2.035715421782132,123.72705710636745,75.61161768840968,8.392629082284255,307.89903166051784,7,7.0_-1.0,-1.0
74321901,Krasnoyarsk,0,3,56.0090968,92.8725147,3.008702329152803,2.0976972794698314,120.33887893524444,74.60741992666084,18.223701049398514,386.127355925052,4,4.0_-1.0,-1.0
74020587,Krasnoznamensk,0,2,55.59225895,37.0560380034087,3.81943645773433,2.83445258054784,125.88614146060955,74.83507549769938,31.282346175963198,466.49430781319336,9,9.0_0.0,0.0
74021443,Kropotkin,7,3,45.4344413,40.5750274,3.9695752009184844,2.8469816169238467,119.38231917336395,74.71768042998592,3.616532721010333,150.92254506968638,9,9.0_-1.0,-1.0
74021105,Krymsk,5,4,44.9295889,37.9880177,4.045774647887324,3.008811325218258,126.65316901408451,73.21107868289067,2.992957746478873,142.66083091043694,9,9.0_2.0,2.0
74021064,Kubinka,0,3,50.1049909,19.696623901004465,3.685834502103787,2.758851795556875,128.19448340345957,73.31533918125815,5.5165965404394575,255.1388625380018,2,2.0_-1.0,-1.0
74321626,Kurgan,9,0,55.41284775,65.38521650075313,3.5284552845528454,2.511042698708465,124.40469738030714,74.03809851792303,2.845528455284553,133.89110974330117,2,2.0_-1.0,-1.0
74321781,Kurgan,9,3,55.41284775,65.38521650075313,3.070094484728631,2.325994522466294,120.91584267194024,75.72580782621337,0.0,0.0,4,4.0_-1.0,-1.0
74321862,Kurgan,9,3,55.41284775,65.38521650075313,2.9265395436073773,2.112363971644471,115.527352297593,77.44763074912949,7.2210065645514225,317.19691365953463,7,7.0_-1.0,-1.0
74021512,Kurovskoye,0,3,55.5771391,38.9225824,3.304138594802695,2.5413086382115018,120.6102021174206,76.49070691558792,8.229066410009624,265.3013865267446,1,1.0_0.0,0.0
74321910,Kursk,0,0,69.6,37.566667,3.0476190476190474,2.2373453657659312,121.42857142857143,80.93606647930734,0.0,0.0,4,4.0_-1.0,-1.0
74321911,Kursk,0,0,69.6,37.566667,2.936856554564173,2.320801597943943,118.24845573095402,77.2111866780438,8.098833218943033,309.137885066725,7,7.0_-1.0,-1.0
74321912,Kursk,0,3,69.6,37.566667,3.0773993808049536,2.2510775763145947,124.87100103199174,75.37817106201184,11.971104231166152,263.3641525533085,4,4.0_-1.0,-1.0
74021932,Kuznetsk,0,4,53.112514,46.600727,3.5826745718050064,2.6148888537479635,120.53754940711462,74.81007852038753,0.0,0.0,2,2.0_-1.0,-1.0
74321809,Langepas,6,3,61.247257,75.189278,3.2494541484716155,2.556088399302935,120.1353711790393,78.44061308033756,7.532751091703057,322.4158263260385,1,1.0_-1.0,-1.0
74021166,Leninsk-Kuznetsky,0,3,54.665443,86.166115,3.650811415780638,2.7327906319343773,121.5982092893117,74.96296776772645,14.493564633463906,359.9447953473484,2,2.0_-1.0,-1.0
74221207,Likino,0,2,55.7043101,38.9569091,4.6625824693685205,3.3019726128302547,124.75777568331762,74.00407146085674,8.765315739868049,285.5125853281652,3,3.0_-1.0,-1.0
74221042,Likino-Dulyovo,4,3,55.7043101,38.9569091,3.3420582986317666,2.3999400387210486,120.86377156454492,75.34432785744819,11.778703152885187,482.9268292682925,8,8.0_0.0,0.0
74021803,Lipetsk,4,3,52.6935178,39.1122664,2.8754457463066734,2.0750316071535786,118.45746306673459,75.9031538435441,7.6923076923076925,253.3986523663218,7,7.0_-1.0,-1.0
74021804,Lipetsk,4,3,52.6935178,39.1122664,3.1972064393939394,2.2308583798741894,120.27367424242425,76.05721457767592,4.119318181818182,154.53391295840387,1,1.0_-1.0,-1.0
74021805,Lipetsk,4,0,52.6935178,39.1122664,3.324474771054049,2.5307261977089404,125.28640689531335,75.4014735692585,2.6216555934638177,141.21911461002148,1,1.0_-1.0,-1.0
74021806,Lipetsk,4,3,52.6935178,39.1122664,3.3823088455772115,2.55043207684392,121.19340329835083,74.9737316925487,3.4857571214392804,180.04871904400017,8,8.0_-1.0,-1.0
74021946,Lipetsk,4,0,52.6935178,39.1122664,3.1821672354948807,2.3469101917001343,121.55119453924915,74.95863094849571,2.474402730375427,119.79789579194384,1,1.0_-1.0,-1.0
74321628,Lobnya,4,4,56.0104473,37.4670831,3.5988323603002503,2.7553624078486023,121.49457881567973,74.12527430639973,11.09257714762302,440.91200351866,2,2.0_0.0,0.0
74014086,Lobnya,0,3,56.0104473,37.4670831,3.0470730235365115,2.3314705849610404,123.34701267350634,75.4469746319389,9.776704888352445,327.6213031995586,4,4.0_0.0,0.0
74021712,Luga,9,3,58.735699,29.8475013,3.705149051490515,2.6050809544194213,123.34742547425475,73.35923078802924,2.6558265582655824,161.32916745276637,2,2.0_-1.0,-1.0
74021137,Lukhovitsy,0,3,54.9655573,39.0277188,3.3706377858002408,2.4568182876971756,123.7496991576414,73.15575015014106,0.0,0.0,8,8.0_0.0,0.0
74321855,Lytkarino,4,0,55.578138,37.90238427164106,3.113995822142644,2.3924292029913476,121.14353924201731,76.6944586482664,10.295434198746642,269.54622316761055,4,4.0_0.0,0.0
74020808,Lyubertsy,0,0,55.6783142,37.89377,3.3164918970448047,2.5041548098250592,124.27645376549094,73.17563893099582,21.782650142993326,529.2198903712439,1,1.0_0.0,0.0
74020506,Lyubertsy,0,3,55.6783142,37.89377,3.275775356244761,2.6135910054810334,121.84409052808047,73.75045357557687,7.87929589270746,241.5930244254606,1,1.0_0.0,0.0
74213276,Lyubertsy,4,3,55.6783142,37.89377,3.224337891639259,2.5010128866554577,121.8348623853211,75.82985772889752,19.07564479833824,534.0643214409232,1,1.0_0.0,0.0
74321814,Lyubertsy,4,0,55.6783142,37.89377,3.238341968911917,2.6667139231584005,120.762233736327,75.36002223173706,18.94070236039148,483.8086053834253,1,1.0_0.0,0.0
74020593,Magnitogorsk,0,3,53.42568665,59.050732193093054,3.4563758389261743,2.495695666524663,122.30872483221476,73.5217889838533,7.9098753595397895,316.9392454122066,8,8.0_4.0,4.0
74020400,Magnitogorsk,9,3,53.42568665,59.050732193093054,3.354,2.266927860309564,118.736,70.64956493887348,0.0,0.0,8,8.0_4.0,4.0
74321713,Magnitogorsk,9,0,53.42568665,59.050732193093054,3.4396460176991153,2.600661800580336,119.52991150442477,73.45966817174529,4.495575221238938,168.93360978956596,8,8.0_4.0,4.0
74321770,Magnitogorsk,9,2,53.42568665,59.050732193093054,3.8076335877862597,2.627705197619772,122.57099236641221,73.91314897581718,14.961832061068701,382.91768593063614,9,9.0_-1.0,-1.0
74321830,Magnitogorsk,9,2,53.42568665,59.050732193093054,3.445161290322581,2.4551613682090996,109.96129032258065,81.05456586568644,0.0,0.0,8,8.0_4.0,4.0
74321856,Magnitogorsk,9,2,53.42568665,59.050732193093054,3.523342939481268,2.5764890109188947,122.41152737752161,73.99113919273255,5.072046109510087,211.2676164576314,8,8.0_4.0,4.0
74020943,Makhachkala,4,3,42.9830241,47.5048717,4.7515279736718385,3.4940534303483592,126.5397273154678,74.29723539868138,2.068641278796427,134.92236009427262,3,3.0_0.0,0.0
74021060,Makhachkala,4,3,42.9830241,47.5048717,4.776185513288171,3.4874488591886164,124.70140698280355,73.46946839781025,12.245961438249088,348.65407836013424,3,3.0_0.0,0.0
74021159,Makhachkala,4,3,42.9830241,47.5048717,4.9659400544959125,3.6682065118776865,125.00544959128065,72.88296354940077,0.0,0.0,3,3.0_0.0,0.0
74021211,Makhachkala,4,2,42.9830241,47.5048717,5.346514047866806,3.9405539531437705,125.86472424557752,73.4899513232873,18.262226847034338,625.4572490167196,3,3.0_0.0,0.0
74021305,Makhachkala,4,2,42.9830241,47.5048717,5.167261904761904,3.6006748924633754,123.4452380952381,72.84767925462174,24.821428571428573,588.9467013669108,3,3.0_0.0,0.0
74021429,Makhachkala,4,3,42.9830241,47.5048717,5.003319108582266,3.5629091266467423,124.85917496443813,72.88126646569117,5.073494547178758,194.61046700240362,3,3.0_0.0,0.0
74021979,Makhachkala,4,2,42.9830241,47.5048717,5.816247582205029,3.856320574419713,130.25918762088975,73.08423075198971,0.0,0.0,6,6.0_-1.0,-1.0
74021643,Marusino,0,3,55.0384524,82.7567523,3.252864782276547,2.3411786670978474,124.62337662337663,75.7606247768018,0.0,0.0,1,1.0_4.0,4.0
74021466,Maykop,7,3,44.6062079,40.104053,3.8386954605553107,3.078215030732929,120.63111502864697,73.49543007952217,7.8007933010136625,266.37421823192585,9,9.0_-1.0,-1.0
74321822,Megion,6,3,61.035404,76.108215,3.3412518853695325,2.592692560416807,119.54600301659126,76.34308143900896,6.070889894419306,221.9833259722324,8,8.0_-1.0,-1.0
74321826,Mezhdurechensk,6,3,53.6863763,88.0703443,3.226457399103139,2.453211003158314,115.79820627802691,78.31063986152795,7.623318385650224,227.68084026202447,1,1.0_-1.0,-1.0
74321888,Miass,5,0,55.09957385,60.02363970676713,3.112320248736883,2.4663000357411224,117.63389040031092,77.04688218693033,4.897007384376215,175.61079556517774,4,4.0_-1.0,-1.0
74021741,Michurinsk,0,3,52.8946613,40.5071721,3.4291338582677167,2.633190710522031,125.08661417322834,78.04336725110007,32.67716535433071,520.7883182646715,8,8.0_-1.0,-1.0
74021950,Mikhaylovsk,4,2,56.444538,59.124191,4.269498838367076,3.195342671544676,124.97444407567208,74.59693158517705,8.861599734483903,247.27827559258603,5,5.0_-1.0,-1.0
74021577,Mikhnevo,0,3,55.1212335,37.9584994,3.6434034416826004,2.6775675392100204,125.02868068833652,73.3685795073586,5.544933078393881,179.3338000899009,2,2.0_0.0,0.0
74021778,Mineralnye Vody,0,2,44.2107377,43.134969,4.814117647058824,3.4983609360173937,126.14588235294117,73.7765736930344,0.0,0.0,3,3.0_-1.0,-1.0
74021648,Mokshino,4,2,54.7100177,50.8029204,3.748735244519393,2.8262069380050114,133.81450252951097,73.63836364033179,0.0,0.0,2,2.0_-1.0,-1.0
74020442,Moscow,0,3,55.625578,37.6063916,3.0100137870981785,2.096278721285298,122.67498730135694,73.19689596040409,5.6019156810100865,270.9532080209115,4,4.0_0.0,0.0
74020460,Moscow,0,4,55.625578,37.6063916,3.5118110236220472,2.403258838196497,123.5275590551181,72.57550275092868,0.0,0.0,8,8.0_0.0,0.0
74020477,Moscow,5,3,55.625578,37.6063916,2.8380851162145926,2.1305220764552595,121.9928838778245,73.0630203325618,6.61244859294857,285.3512087236912,7,7.0_2.0,2.0
74020566,Moscow,0,0,55.625578,37.6063916,2.768444119795471,1.9492082636919554,122.57121986851716,73.56679994494446,6.428049671292914,237.8378378378381,7,7.0_2.0,2.0
74020588,Moscow,0,3,55.625578,37.6063916,2.55608407079646,1.7731000444659508,119.88097345132743,73.07969689592025,3.7942477876106193,184.29302286428532,0,0.0_1.0,1.0
74020592,Moscow,0,3,55.625578,37.6063916,2.9186478454680533,2.180519691727314,122.05646359583953,74.09483612192157,11.757057949479941,422.07034159607235,7,7.0_2.0,2.0
74020611,Moscow,0,0,55.625578,37.6063916,3.189765458422175,2.267637322657374,126.7590618336887,74.33021844830328,24.62686567164179,595.5734252010806,1,1.0_0.0,0.0
74020675,Moscow,0,0,55.625578,37.6063916,3.2204778156996587,2.3971164274033874,125.5055290102389,73.8520716382704,7.385665529010239,259.0340507969299,1,1.0_0.0,0.0
74020676,Moscow,4,0,55.625578,37.6063916,3.0822981366459627,2.2636470954695196,125.43478260869566,76.18860869286608,5.861801242236025,215.91214214743908,4,4.0_0.0,0.0
74020677,Moscow,4,0,55.625578,37.6063916,3.556420233463035,2.7453311977271544,128.49805447470817,76.75529931387567,0.0,0.0,2,2.0_0.0,0.0
74020678,Moscow,0,3,55.625578,37.6063916,3.1091399922869263,2.247905990733513,125.72541457770922,74.9856083785893,2.5260316236020053,129.45766928270444,4,4.0_0.0,0.0
74020660,Moscow,0,0,55.625578,37.6063916,3.247813411078717,2.242542240529544,124.38872691933916,76.6131605590613,63.070942662779395,817.4154341850631,1,1.0_0.0,0.0
74020655,Moscow,4,3,55.625578,37.6063916,2.6982776950882417,2.068522881111823,127.84520518817776,73.50691496821804,8.654050605996172,338.2460892216524,0,0.0_1.0,1.0
74020670,Moscow,4,4,55.625578,37.6063916,3.407945205479452,2.3944744094971395,127.50575342465753,73.8222933068791,7.095890410958904,249.18954213322363,8,8.0_0.0,0.0
74020682,Moscow,0,0,55.625578,37.6063916,3.4307439375256883,2.594198435737795,123.98397040690506,73.85518934965592,3.2881216605014387,145.46011679047834,8,8.0_0.0,0.0
74020681,Moscow,0,0,55.625578,37.6063916,2.8661695447409734,2.0390076108724933,124.0800627943485,75.04213188128064,5.7888540031397175,249.95356931229097,7,7.0_2.0,2.0
74020696,Moscow,4,3,55.625578,37.6063916,3.1958674128282394,2.3021055717272727,125.99052948773138,72.48181865836717,16.013775290572536,411.5914615836619,1,1.0_0.0,0.0
74020701,Moscow,4,0,55.625578,37.6063916,3.2285097192224623,2.3141478322510514,126.61079913606912,74.65038168521522,9.244060475161987,265.5062979571239,1,1.0_0.0,0.0
74020699,Moscow,4,3,55.625578,37.6063916,3.3052270125906142,2.4643889964708325,128.6730255627623,75.28465265094715,15.528424265547502,453.0128122534706,1,1.0_0.0,0.0
74020712,Moscow,4,3,55.625578,37.6063916,3.2,2.2424476423255526,109.6,57.605555287663016,0.0,0.0,1,1.0_0.0,0.0
74020743,Moscow,0,3,55.625578,37.6063916,2.865917507342613,2.0251046795928946,124.31464691610267,74.18392860377855,12.00357553313753,371.47520348892397,7,7.0_2.0,2.0
74020746,Moscow,4,3,55.625578,37.6063916,2.9399798251513114,2.210830336044284,126.12979152656355,75.03379408018677,10.406859448554135,298.39710102051896,7,7.0_2.0,2.0
74020757,Moscow,4,3,55.625578,37.6063916,3.1109028428616057,2.247611891735324,125.41705716963449,74.16017341850038,17.74445485785692,458.43896641349335,4,4.0_0.0,0.0
74020758,Moscow,0,0,55.625578,37.6063916,3.0242510699001426,2.2532590423075667,124.62482168330956,75.2512177401222,5.325725154541132,204.1779456102251,4,4.0_0.0,0.0
74020763,Moscow,4,0,55.625578,37.6063916,2.9776202909362177,2.1115051943147045,127.09138381201045,72.29791860034811,18.46325997762029,548.1774649429769,4,4.0_0.0,0.0
74020776,Moscow,4,3,55.625578,37.6063916,3.2463312368972748,2.391974850060741,123.50943396226415,74.2739274835987,4.227812718378756,160.04067495272733,1,1.0_0.0,0.0
74020764,Moscow,4,3,55.625578,37.6063916,3.0424028268551235,1.9492598759799715,133.24381625441697,76.07410945956192,0.0,0.0,4,4.0_0.0,0.0
74020789,Moscow,4,3,55.625578,37.6063916,3.085135666535588,2.273421828612788,124.2398741643728,74.05083904356262,11.079433739677546,303.8217792782679,4,4.0_0.0,0.0
74020793,Moscow,4,3,55.625578,37.6063916,3.051199086410354,2.164350741902092,126.67605633802818,75.53206744820156,10.925009516558813,509.6242787326528,4,4.0_0.0,0.0
74020795,Moscow,4,3,55.625578,37.6063916,2.796528143082588,2.0323169091003863,123.72477643345607,74.48859313105976,16.054708048395582,405.9648444375111,7,7.0_2.0,2.0
74020799,Moscow,4,4,55.625578,37.6063916,3.3422273781902554,2.425690255062299,126.88863109048724,73.1190468938878,0.0,0.0,8,8.0_0.0,0.0
74020802,Moscow,4,3,55.625578,37.6063916,3.005064893953783,2.1507409920715213,123.76321620766065,74.6068752927705,4.7799936688825575,194.97959661334679,4,4.0_0.0,0.0
74020828,Moscow,0,3,55.625578,37.6063916,3.283132530120482,2.435930865520529,120.18473895582329,73.7781628390376,17.670682730923694,394.3374291544344,1,1.0_0.0,0.0
74020836,Moscow,0,3,55.625578,37.6063916,2.901834862385321,2.015663259304088,126.06605504587156,75.3855790699663,0.0,0.0,7,7.0_2.0,2.0
74020837,Moscow,0,3,55.625578,37.6063916,3.270656543099598,2.293478937482605,123.30861991960697,73.89039096196984,21.795444394819114,438.9321992797761,1,1.0_0.0,0.0
74020852,Moscow,4,3,55.625578,37.6063916,2.8632268632268634,2.1646973681664474,124.35053235053235,74.09776844778935,2.375102375102375,117.36947548487109,7,7.0_2.0,2.0
74020871,Moscow,0,3,55.625578,37.6063916,3.35021919142718,2.4412385012054774,120.51826595226498,73.96366714158101,17.04822211397954,353.0038960089128,8,8.0_0.0,0.0
74020880,Moscow,4,3,55.625578,37.6063916,3.160014129282939,2.414218307265518,124.95231367008124,75.67195465743467,13.210879547862946,446.59129587290215,1,1.0_0.0,0.0
74020897,Moscow,4,3,55.625578,37.6063916,2.8328840970350404,1.9629258457005923,123.21293800539084,74.49567696322828,0.0,0.0,7,7.0_2.0,2.0
74020898,Moscow,4,3,55.625578,37.6063916,2.6443991853360487,1.8945897845795214,122.90346232179226,75.00139667422779,4.725050916496945,165.51171473245958,0,0.0_1.0,1.0
74020918,Moscow,4,3,55.625578,37.6063916,2.8529668411867366,2.0098437465229617,124.75828970331588,76.63132846913032,7.0898778359511345,214.9849813702784,7,7.0_2.0,2.0
74020919,Moscow,4,3,55.625578,37.6063916,3.1742857142857144,2.3226098182257666,120.85285714285715,74.47626835446326,18.321428571428573,415.3898276957793,1,1.0_0.0,0.0
74020973,Moscow,4,3,55.625578,37.6063916,3.0975794251134645,2.1372358881235463,126.62834089762985,74.2633638255042,19.541099344427636,401.3959138395837,4,4.0_0.0,0.0
74020976,Moscow,4,3,55.625578,37.6063916,3.0441105186621424,2.193763716765043,122.16868637905962,75.14572282718045,3.174987881725642,145.13392574488267,4,4.0_0.0,0.0
74020981,Moscow,4,3,55.625578,37.6063916,3.185857805255023,2.380795668539254,125.51004636785163,75.19024894525444,3.400309119010819,172.9818494735653,1,1.0_0.0,0.0
74020983,Moscow,4,0,55.625578,37.6063916,3.058361391694725,2.279521688697135,123.46726524504302,75.4071539849379,6.864945753834642,261.37653039962896,4,4.0_0.0,0.0
74020989,Moscow,0,3,55.625578,37.6063916,2.8715185676392574,2.0903734670998286,123.90053050397879,74.01022609269087,3.133289124668435,140.47482123032648,7,7.0_2.0,2.0
74021003,Moscow,0,3,55.625578,37.6063916,3.1256410256410256,2.5597455236547253,122.0923076923077,77.33432705590987,0.0,0.0,4,4.0_0.0,0.0
74021008,Moscow,0,3,55.625578,37.6063916,2.9049257232212664,2.0572460458717408,121.03362001563721,73.35446752774027,5.5121188428459735,230.18067125650137,7,7.0_2.0,2.0
74021010,Moscow,4,3,55.625578,37.6063916,2.647604551714141,1.8633875607838903,124.6929042545481,74.59100419153009,7.298688120605929,235.73771214260302,0,0.0_1.0,1.0
74021012,Moscow,4,3,55.625578,37.6063916,2.8753876515365095,2.1051534479962855,124.21370171976318,75.4871317992449,5.455314350155061,249.1770974701699,7,7.0_2.0,2.0
74021049,Moscow,0,3,55.625578,37.6063916,2.847058823529412,2.1928060569984824,123.29411764705883,76.51568925886362,0.0,0.0,7,7.0_2.0,2.0
74021053,Moscow,4,4,55.625578,37.6063916,3.4313232830820772,2.811911633040906,122.64321608040201,73.79449733839823,18.34170854271357,372.4236073637197,8,8.0_0.0,0.0
74021054,Moscow,4,4,55.625578,37.6063916,3.8463786943812925,2.7988868762568138,125.21208184475479,74.1684254353862,18.999675219227022,541.800034263472,9,9.0_0.0,0.0
74021069,Moscow,4,3,55.625578,37.6063916,2.8330155271043314,2.005416892497294,123.06456006537728,74.94370533918888,5.5570689185508035,196.06998005252885,7,7.0_2.0,2.0
74021070,Moscow,4,3,55.625578,37.6063916,2.960855451594424,2.2539743088139064,124.32766851250716,75.07685611472019,0.0,0.0,4,4.0_0.0,0.0
74021083,Moscow,4,3,55.625578,37.6063916,2.9085545722713864,2.146182892852531,119.71091445427729,73.69247589339383,0.0,0.0,7,7.0_2.0,2.0
74021095,Moscow,0,3,55.625578,37.6063916,2.5603034134007587,1.8030439307040975,121.01997471554994,74.13633320363334,7.429414243573536,311.6529698450689,0,0.0_1.0,1.0
74021098,Moscow,4,3,55.625578,37.6063916,3.3821068806556256,2.7473307614538647,123.56120880997098,74.62247429365667,7.367252859825849,248.2164168096541,8,8.0_0.0,0.0
74021099,Moscow,0,3,55.625578,37.6063916,3.7673568818514007,2.9812669569184713,127.20341047503045,75.92458356380094,3.5322777101096223,143.1335415569523,9,9.0_0.0,0.0
74021132,Moscow,0,3,55.625578,37.6063916,2.8772820462755053,2.0493506940374497,123.28927072146831,73.96678659718167,10.563311529825247,291.957056828356,7,7.0_2.0,2.0
74021160,Moscow,0,3,55.625578,37.6063916,3.1668260038240916,2.335328301275953,123.32759719566603,73.38547731332461,5.337794773741236,190.18597896174717,1,1.0_0.0,0.0
74021171,Moscow,0,0,55.625578,37.6063916,2.805084745762712,2.2197962275628083,125.52542372881356,72.39005360496722,0.0,0.0,7,7.0_2.0,2.0
74021184,Moscow,0,3,55.625578,37.6063916,3.6763916834339367,2.7213891504516754,123.31388329979879,72.91246201235934,5.575117370892019,224.12537490266644,2,2.0_0.0,0.0
74021208,Moscow,4,3,55.625578,37.6063916,2.4487930422435213,1.628315546529949,126.32836350727725,75.0505034273873,5.848420305289315,248.6645951168727,0,0.0_1.0,1.0
74021219,Moscow,4,3,55.625578,37.6063916,3.388443017656501,2.5884761882385225,122.66666666666667,74.3382703859095,14.660246120920279,405.4092951623184,8,8.0_0.0,0.0
74021221,Moscow,4,3,55.625578,37.6063916,3.3047161818695283,2.475998414140375,123.60124258683987,75.04929633122126,12.228184128777182,310.8946992455644,1,1.0_0.0,0.0
74221226,Moscow,4,2,55.625578,37.6063916,3.894325871941697,2.925956765886248,123.82925559604372,75.09563345826214,10.098906819364915,256.6045120979222,9,9.0_0.0,0.0
74021242,Moscow,4,3,55.625578,37.6063916,2.8355919202250064,2.031857614658547,124.64280235233956,74.77146187742068,4.845308105343902,204.4031240175789,7,7.0_2.0,2.0
74021245,Moscow,0,3,55.625578,37.6063916,2.8621033725803233,2.1237988706101607,118.9543005388146,74.30593356817337,5.028936340051886,177.94192172120256,7,7.0_2.0,2.0
74021251,Moscow,4,0,55.625578,37.6063916,2.8373375344623866,2.096924499563299,121.28712091374557,76.35263491003069,12.682158330051202,320.71361679225646,7,7.0_2.0,2.0
74021253,Moscow,4,3,55.625578,37.6063916,3.1054987212276215,2.324532260684814,117.1150895140665,75.19794005175815,0.0,0.0,4,4.0_0.0,0.0
74021266,Moscow,4,3,55.625578,37.6063916,3.275247524752475,2.4649446339529937,130.24158415841583,73.98230994294654,6.0594059405940595,304.48138020425665,1,1.0_0.0,0.0
74021307,Moscow,4,3,55.625578,37.6063916,3.387221396731055,2.5489529756966034,124.2555720653789,74.8962743057505,12.035661218424963,341.51971847843276,8,8.0_0.0,0.0
74021308,Moscow,4,3,55.625578,37.6063916,2.827937551355793,2.0353891786401825,119.7429745275267,75.23483945013517,6.211996713229253,198.36825580707117,7,7.0_2.0,2.0
74021321,Moscow,4,3,55.625578,37.6063916,3.0577485380116958,2.1387754471954716,123.32456140350877,74.38723669658783,6.907894736842105,209.84841816595744,4,4.0_0.0,0.0
74021327,Moscow,0,3,55.625578,37.6063916,3.0462149135242416,2.159248924656845,124.9549191947831,75.46394193315608,9.129571874113978,281.37799427533196,4,4.0_0.0,0.0
74021329,Moscow,0,3,55.625578,37.6063916,3.2451508620689653,2.3404858571051506,120.70689655172414,74.6192656006016,32.11206896551724,544.9924555919147,1,1.0_0.0,0.0
74021338,Moscow,0,0,55.625578,37.6063916,2.7680115273775217,1.9715325584467407,116.53025936599424,75.63042273788558,0.0,0.0,7,7.0_2.0,2.0
74021347,Moscow,4,3,55.625578,37.6063916,3.16013143483023,2.4159827842042265,124.46089813800657,76.45533124219942,11.697699890470975,279.95216147373156,1,1.0_0.0,0.0
74021350,Moscow,4,3,55.625578,37.6063916,2.9449234559211686,2.161051711254458,125.52525074784445,75.87783017471907,5.877177547070209,292.106557885629,7,7.0_2.0,2.0
74021353,Moscow,0,3,55.625578,37.6063916,2.755947323704333,1.9169470037471033,119.81393372982158,73.55779373247,6.2446898895497025,202.92937333290226,7,7.0_2.0,2.0
74021359,Moscow,4,0,55.625578,37.6063916,3.0486903962390866,2.2848789423448097,123.59838817998657,73.92118216777504,7.35392881128274,233.06529549622067,4,4.0_0.0,0.0
74021363,Moscow,4,3,55.625578,37.6063916,2.6958964753958794,1.9478412868234742,122.21624382768601,73.67679409513373,7.713264089902946,246.92957451719113,0,0.0_1.0,1.0
74021375,Moscow,4,0,55.625578,37.6063916,2.667312750934515,2.5358015981719824,123.07019244081407,75.49991739037195,8.140661774885782,307.8096678486677,0,0.0_1.0,1.0
74021428,Moscow,0,3,55.625578,37.6063916,2.9980178394449952,2.159786704011371,124.93557978196233,73.68625044503648,0.0,0.0,4,4.0_0.0,0.0
74021432,Moscow,0,3,55.625578,37.6063916,2.6894374282433984,1.9122456809396966,122.8564867967853,73.72699812727521,0.0,0.0,0,0.0_1.0,1.0
74221440,Moscow,5,0,55.625578,37.6063916,3.1092173913043477,2.2884453982942716,120.8744347826087,75.19855012924079,8.243478260869566,300.8393369968702,4,4.0_0.0,0.0
74021452,Moscow,4,3,55.625578,37.6063916,2.727613806903452,2.029330307034996,128.15407703851926,75.21406210603132,1.5757878939469734,99.63665857437203,0,0.0_1.0,1.0
74021469,Moscow,4,0,55.625578,37.6063916,2.9913351713272944,2.0816479588286163,125.76289877904686,75.46992069881655,5.75029539188657,209.12595855955036,4,4.0_0.0,0.0
74021468,Moscow,4,0,55.625578,37.6063916,2.9802306425041185,2.2640102480949715,125.59472817133444,71.99166736533795,9.555189456342669,235.31767972120238,4,4.0_0.0,0.0
74021471,Moscow,4,3,55.625578,37.6063916,2.8055555555555554,1.9045030278121737,126.62962962962963,77.18327238855821,0.0,0.0,7,7.0_2.0,2.0
74021491,Moscow,4,3,55.625578,37.6063916,3.224143160448893,2.4106206023007286,123.67121625720353,75.35884138738899,8.401577191386108,248.03675512051763,1,1.0_0.0,0.0
74021503,Moscow,4,3,55.625578,37.6063916,2.876648004334477,2.115468703914093,123.73126241647101,74.90442865282125,15.658298717717175,406.29361159890203,7,7.0_2.0,2.0
74021505,Moscow,4,0,55.625578,37.6063916,3.1588266857449474,2.372508085535589,122.44321230549097,75.3493874059508,11.285995349669111,362.4893690856018,1,1.0_0.0,0.0
74021506,Moscow,4,0,55.625578,37.6063916,3.120792992162287,2.2515218547432068,124.62517289073305,74.87357199311029,18.30336560627017,434.06777383388254,4,4.0_0.0,0.0
74021508,Moscow,4,0,55.625578,37.6063916,2.9373297002724796,2.2330538577051606,126.50136239782016,76.11034367494011,3.3151680290644867,155.56582726347958,7,7.0_2.0,2.0
74021527,Moscow,4,3,55.625578,37.6063916,3.199582898852972,2.42350911413174,123.78602711157455,74.8448033977261,12.992700729927007,434.3501335703654,1,1.0_0.0,0.0
74021543,Moscow,4,3,55.625578,37.6063916,3.267623095997166,2.5004737018688106,120.90825363088912,74.31989181786703,7.917109458023379,330.8351900529406,1,1.0_0.0,0.0
74021541,Moscow,4,3,55.625578,37.6063916,3.16,1.9295940851208409,97.12,74.04971303117927,0.0,0.0,1,1.0_0.0,0.0
74021542,Moscow,4,3,55.625578,37.6063916,2.71875,1.954884288300758,129.75,71.58257131543287,0.0,0.0,0,0.0_1.0,1.0
74021560,Moscow,4,3,55.625578,37.6063916,3.1683991683991684,2.2699851630203773,120.47401247401247,73.99194670643676,0.0,0.0,1,1.0_0.0,0.0
74021571,Moscow,0,3,55.625578,37.6063916,3.3523985239852396,2.4044786934961695,120.72324723247233,75.4679888120572,36.808118081180815,841.3929860969548,8,8.0_0.0,0.0
74021572,Moscow,4,3,55.625578,37.6063916,2.4179986101459345,1.730894885886118,128.93259207783183,72.40945229220233,0.0,0.0,0,0.0_1.0,1.0
74021573,Moscow,4,2,55.625578,37.6063916,3.4044728434504794,2.6315721150552718,128.09456869009585,73.73944071893163,8.05111821086262,225.143540332705,8,8.0_0.0,0.0
74021604,Moscow,0,0,55.625578,37.6063916,3.1054878048780488,2.2073835003973743,124.08536585365853,74.52598408934804,20.365853658536587,504.04056088575226,4,4.0_0.0,0.0
74021605,Moscow,0,3,55.625578,37.6063916,3.3720642768850433,2.535639200335729,122.74412855377008,72.51906572977956,0.0,0.0,8,8.0_0.0,0.0
74021611,Moscow,0,0,55.625578,37.6063916,2.8189910979228485,1.9009331070513198,127.92878338278932,74.89694337685084,0.0,0.0,7,7.0_2.0,2.0
74021634,Moscow,0,3,55.625578,37.6063916,2.4710779082177163,1.5897120042044082,122.66552828175027,70.83741033215186,1.5581643543223052,106.65176879242452,0,0.0_1.0,1.0
74021636,Moscow,4,4,55.625578,37.6063916,3.6930693069306932,2.5169130865305047,129.94059405940595,70.74826100791147,0.0,0.0,2,2.0_0.0,0.0
74011885,Moscow,4,0,55.625578,37.6063916,3.8798818510009845,3.3574544787644056,123.79914670167378,73.70097406232298,8.17197243190023,272.3686367585419,9,9.0_0.0,0.0
74020414,Moscow,4,0,55.625578,37.6063916,3.047169811320755,2.13872612966992,129.06289308176102,73.64183897540777,0.0,0.0,4,4.0_0.0,0.0
74013315,Moscow,4,3,55.625578,37.6063916,3.0366513952519782,2.131754215937281,122.4789670970429,74.37651750457589,7.767596834652228,378.8790262409906,4,4.0_0.0,0.0
74013316,Moscow,4,0,55.625578,37.6063916,2.8670542635658913,2.1756343632763535,123.85271317829458,74.56819480857504,3.798449612403101,192.93731158474858,7,7.0_2.0,2.0
74013317,Moscow,4,0,55.625578,37.6063916,2.77602523659306,2.134780321112116,124.67396548524772,74.16727036618282,10.651326776767489,283.3568968682187,7,7.0_2.0,2.0
74013318,Moscow,4,3,55.625578,37.6063916,2.827694610778443,2.028494297425736,124.86826347305389,75.12968482647524,12.529940119760479,373.72556191660345,7,7.0_2.0,2.0
74013320,Moscow,4,0,55.625578,37.6063916,2.6611078022632517,2.066846293079867,119.44252531268613,74.5178471063244,4.3478260869565215,178.15479346563387,0,0.0_1.0,1.0
74013323,Moscow,4,3,55.625578,37.6063916,2.908555692716741,2.023389799408427,125.64656727756149,74.7177738474494,8.878549045674674,301.880754755201,7,7.0_2.0,2.0
74013325,Moscow,4,0,55.625578,37.6063916,3.5679287305122496,2.672647000998282,124.11284335560505,76.221693392973,19.15367483296214,702.9685702009897,2,2.0_0.0,0.0
74013410,Moscow,4,0,55.625578,37.6063916,2.9558167815160115,2.156506594726819,122.93311714633158,76.24940924698804,6.526145115524929,234.51640381692178,7,7.0_2.0,2.0
74013411,Moscow,4,0,55.625578,37.6063916,3.2468780019212296,2.3490573637789516,127.19308357348703,73.81352526120484,4.707012487992315,214.77598185626965,1,1.0_0.0,0.0
74013415,Moscow,4,0,55.625578,37.6063916,3.1186258722490607,2.454064830399338,121.80032206119162,75.28746063426023,2.49597423510467,152.35668802672706,4,4.0_0.0,0.0
74020424,Moscow,0,3,55.625578,37.6063916,2.401714179243525,1.6994608027380462,115.71082541457052,73.27512016625381,1.825973542016024,133.77047772867164,0,0.0_1.0,1.0
74014085,Moscow,0,0,55.625578,37.6063916,3.003392705682782,2.168933745611655,122.1713316369805,75.27439490156979,22.476675148430875,602.2545452012671,4,4.0_0.0,0.0
74014122,Moscow,4,0,55.625578,37.6063916,2.5455555555555556,1.8101416075305767,120.90777777777778,76.56805260845216,7.194444444444445,253.66645343754067,0,0.0_1.0,1.0
74015477,Moscow,0,0,55.625578,37.6063916,3.193724994735734,2.3487872170716115,122.49821014950516,74.33097452019996,3.706043377553169,190.78098128879486,1,1.0_0.0,0.0
74019904,Moscow,0,0,55.625578,37.6063916,2.9696145124716553,2.168033515170179,123.29886621315192,75.19668335234175,19.22902494331066,830.2526318414792,4,4.0_0.0,0.0
74020415,Moscow,4,2,55.625578,37.6063916,3.3464700193423598,2.536433836146115,122.94100580270793,74.09555842841614,9.550290135396517,303.29618598061467,8,8.0_0.0,0.0
74020432,Moscow,4,4,55.625578,37.6063916,3.2298947368421054,2.4008982341935607,124.04547368421052,74.65337787167056,14.947368421052632,328.9073127742822,1,1.0_0.0,0.0
74020444,Moscow,4,0,55.625578,37.6063916,3.1867798665858094,2.534573526380668,123.1146149181322,75.37089583928346,2.445926824337983,121.73799058337882,1,1.0_0.0,0.0
74020375,Moscow,4,0,55.625578,37.6063916,3.4714548802946594,2.672570713221082,124.61325966850829,73.94472155458256,11.694290976058932,337.89242968823794,8,8.0_0.0,0.0
74020381,Moscow,4,0,55.625578,37.6063916,2.8281740690892776,2.01689349407815,125.04082548227905,73.429802837405,15.118887393449977,394.4182438982345,7,7.0_2.0,2.0
74020391,Moscow,4,0,55.625578,37.6063916,3.167936288088643,2.4681939970959865,123.30470914127424,74.51835381804867,4.189750692520776,159.31889148759373,1,1.0_0.0,0.0
74020463,Moscow,0,3,55.625578,37.6063916,3.5049278674475075,2.612608985794339,123.79602913869448,73.43053153404841,7.584630767033281,244.89859595533804,8,8.0_0.0,0.0
74020473,Moscow,4,2,55.625578,37.6063916,3.7312264019018317,2.8316744198801405,125.07565375471962,74.63564276412309,13.368759614039995,361.42723040530205,2,2.0_0.0,0.0
74020492,Moscow,0,0,55.625578,37.6063916,2.874521805661821,1.9655185257678716,123.17674062739097,72.45522550934689,0.0,0.0,7,7.0_2.0,2.0
74020578,Moscow,0,0,55.625578,37.6063916,2.6390977443609023,1.7335300552614805,108.6015037593985,76.65980929638386,0.0,0.0,0,0.0_1.0,1.0
74020706,Moscow,0,0,55.625578,37.6063916,2.726817042606516,1.7231343866744107,125.84461152882206,72.684367159639,20.17543859649123,404.49974593933837,0,0.0_1.0,1.0
74020876,Moscow,0,0,55.625578,37.6063916,2.6838842975206614,1.8610658995208023,122.71900826446281,74.96930478555134,15.082644628099173,331.6465665070809,0,0.0_1.0,1.0
74021081,Moscow,0,0,55.625578,37.6063916,3.075875486381323,2.308125700810462,120.51673151750973,74.81180171317966,0.0,0.0,4,4.0_0.0,0.0
74021140,Moscow,0,3,55.625578,37.6063916,3.0181548721748794,2.2088566661175815,121.45535383475361,75.52873442585614,4.853649499814746,178.6412567331764,4,4.0_0.0,0.0
74213277,Moscow,4,0,55.625578,37.6063916,3.2093451066961003,2.367107025378259,122.61515820456218,74.70584064338976,6.107431935246505,226.73582388997602,1,1.0_0.0,0.0
74213282,Moscow,4,3,55.625578,37.6063916,3.584055459272097,2.6410667802469248,124.77056392481002,74.30104722502413,14.53139581389148,377.517518861714,2,2.0_0.0,0.0
74213546,Moscow,4,0,55.625578,37.6063916,3.4037066881547138,2.522807464434567,124.56921837228042,73.82205145197813,8.29975825946817,304.84021521128733,8,8.0_0.0,0.0
74220410,Moscow,4,3,55.625578,37.6063916,2.971207307386815,2.31856310413138,121.29944400317713,74.84759548469,13.24463860206513,490.5272648266157,4,4.0_0.0,0.0
74215106,Moscow,4,3,55.625578,37.6063916,2.8383219692592165,1.9884319994262591,123.597827343118,74.2208787301585,19.577025309141337,484.8828508959664,7,7.0_2.0,2.0
74220422,Moscow,4,0,55.625578,37.6063916,3.0047106325706596,2.2470994843597567,127.3485868102288,75.32253739444171,14.300134589502019,366.2109812116445,4,4.0_0.0,0.0
74220465,Moscow,4,3,55.625578,37.6063916,3.383726770467102,2.562637342051981,124.13761928679055,73.9567288040843,4.545454545454546,202.8729395676606,8,8.0_0.0,0.0
74220466,Moscow,4,3,55.625578,37.6063916,3.1463862460357204,2.3008534114699506,125.84677015523285,75.12205242426809,7.511266900350526,303.55764566000573,4,4.0_0.0,0.0
74220512,Moscow,4,0,55.625578,37.6063916,3.0970530451866405,2.3237669983500706,122.48172888015718,74.8132866820784,5.834970530451867,219.87898446205708,4,4.0_0.0,0.0
74220529,Moscow,4,0,55.625578,37.6063916,3.4167167769092,2.5799158646345846,122.5423932651834,75.25847462693997,4.389657245941071,179.00977039080803,8,8.0_0.0,0.0
74220630,Moscow,4,0,55.625578,37.6063916,3.0794621026894866,2.5039312661410515,124.22167889160554,76.30780515699087,22.493887530562347,650.1962253307001,4,4.0_0.0,0.0
74220633,Moscow,4,0,55.625578,37.6063916,3.1847267187202437,2.5363947072601745,123.13387926109313,74.00148889477636,4.2658541230241855,181.69804615017026,1,1.0_0.0,0.0
74220723,Moscow,4,0,55.625578,37.6063916,3.398283261802575,2.624659036899877,121.58283261802575,74.95304343822025,6.9814020028612305,240.71162730314168,8,8.0_0.0,0.0
74220769,Moscow,4,0,55.625578,37.6063916,3.014827018121911,2.4233906046723743,124.57001647446458,76.20792893446965,7.248764415156508,252.56509428932853,4,4.0_0.0,0.0
74220778,Moscow,4,4,55.625578,37.6063916,3.481012658227848,2.7861184307154563,125.38878842676311,73.68933677487757,0.0,0.0,8,8.0_0.0,0.0
74220779,Moscow,4,4,55.625578,37.6063916,3.711504424778761,2.987570242288429,125.88790560471976,75.64051055559001,15.988200589970502,469.17793399198695,2,2.0_0.0,0.0
74220788,Moscow,4,0,55.625578,37.6063916,3.0351302241066023,2.2070660198998504,123.99030890369473,74.92466805696615,4.926307288512013,210.0560536113065,4,4.0_0.0,0.0
74220805,Moscow,4,3,55.625578,37.6063916,3.091736439752457,2.3159790746015227,125.08045140152895,73.46044815845978,8.773207135056426,336.7070765407042,4,4.0_0.0,0.0
74220825,Moscow,4,0,55.625578,37.6063916,3.022020507648344,2.2305769031871403,123.29668851907884,74.58961173656881,7.698772903008909,251.62130501348955,4,4.0_0.0,0.0
74220833,Moscow,4,0,55.625578,37.6063916,2.9947904869762176,2.257489181366638,120.56896942242355,74.02892371958363,6.6138165345413364,233.16291967869304,4,4.0_0.0,0.0
74220907,Moscow,4,0,55.625578,37.6063916,3.431904161412358,2.628150709258808,125.44010088272384,73.84614397927538,6.977721731820092,267.6709706057902,8,8.0_0.0,0.0
74220922,Moscow,4,3,55.625578,37.6063916,3.1151986546142525,2.3463225318169454,120.28337187302922,74.96504654345405,8.787050662182047,249.757115522386,4,4.0_0.0,0.0
74220929,Moscow,4,3,55.625578,37.6063916,2.951921449128153,2.226975952173669,122.09785000846453,74.69696250653828,4.113763331640427,187.38131385337152,7,7.0_2.0,2.0
74220930,Moscow,4,3,55.625578,37.6063916,2.865548607163161,2.1396453678744796,121.5099488345651,75.22934590456292,2.856736782262649,171.97898236517912,7,7.0_2.0,2.0
74220933,Moscow,4,0,55.625578,37.6063916,3.2747281888093345,2.530628380273047,121.84354282683638,75.04000646563695,3.1291434632723414,192.15590770677218,1,1.0_0.0,0.0
74221007,Moscow,4,0,55.625578,37.6063916,3.5078878177037685,2.82193887952773,124.47239263803681,75.57569469213671,12.883435582822086,371.71601108469787,8,8.0_0.0,0.0
74221097,Moscow,4,3,55.625578,37.6063916,2.693556029376925,1.941638394505258,123.10163468372424,75.62119069796553,13.231461738924425,480.5458391098752,0,0.0_1.0,1.0
74220904,Moscow,4,4,55.625578,37.6063916,2.9924199355694525,2.3145261362309566,122.560545764639,75.86564116269845,4.055334470342998,175.8943441061695,4,4.0_0.0,0.0
74221048,Moscow,4,0,55.625578,37.6063916,3.0394373273046975,2.2878754237669234,121.98040693293143,76.36203520097779,5.249937201708113,196.489464415404,4,4.0_0.0,0.0
74221047,Moscow,4,0,55.625578,37.6063916,3.127008416220352,2.3034137634972742,124.92425401683244,75.01835214245179,16.449885233358838,388.5032929386486,4,4.0_0.0,0.0
74221080,Moscow,4,4,55.625578,37.6063916,3.249486230990547,2.2975209982887197,130.05014385532266,74.15967249141268,24.290998766954377,1086.908944411993,1,1.0_0.0,0.0
74221295,Moscow,4,0,55.625578,37.6063916,3.4967423287095416,2.6003132317117608,123.55737704918033,74.54980008567847,5.128205128205129,210.96822651782907,8,8.0_0.0,0.0
74221441,Moscow,4,4,55.625578,37.6063916,3.4544179523141656,2.6744653417826076,124.67321178120618,74.60785927913305,0.0,0.0,8,8.0_0.0,0.0
74221477,Moscow,4,3,55.625578,37.6063916,3.1006216006216007,2.3054103845444396,124.35198135198135,74.47160176572795,5.672105672105672,215.93520178200902,4,4.0_0.0,0.0
74021515,Moscow,0,3,55.625578,37.6063916,3.4106666666666667,2.804610610487221,126.11733333333333,72.47740474442271,18.4,503.90475290475297,8,8.0_0.0,0.0
74013266,Moscow,0,3,55.625578,37.6063916,2.903408535989843,2.0668518197545303,125.67594491649575,72.40569159364908,11.68082820587948,313.40796565309046,7,7.0_2.0,2.0
74013416,Moscow,0,0,55.625578,37.6063916,2.863617111393477,2.1348683829820114,122.31088521812791,75.17401228474668,14.273612875900042,361.3352000555545,7,7.0_2.0,2.0
74013283,Moscow,0,0,55.625578,37.6063916,3.244195356285028,2.435468485498556,126.52041633306645,73.99732393692713,6.645316253002402,234.85341151433138,1,1.0_0.0,0.0
74013922,Moscow,0,0,55.625578,37.6063916,2.950547509713882,2.1341143470809936,126.20981985164254,74.68189161596382,2.0487460261391734,109.00792150851761,7,7.0_2.0,2.0
74014316,Moscow,0,0,55.625578,37.6063916,3.205018686599039,2.545869037932719,123.32941804591565,74.02259757279502,3.363587827015483,145.5699258438968,1,1.0_0.0,0.0
74015171,Moscow,0,0,55.625578,37.6063916,2.845336481700118,2.120168751494273,123.4521841794569,74.1250693693838,11.776859504132231,420.78423812373967,7,7.0_2.0,2.0
74013270,Moscow,0,3,55.625578,37.6063916,2.8437012649454165,2.232539357511743,125.42228383295789,72.5829351662509,20.637671114191647,520.4937086626672,7,7.0_2.0,2.0
74021649,Moscow,4,2,55.625578,37.6063916,3.2002612102742707,2.488464662745387,125.61602089682194,73.09537863206818,14.018284719198956,348.5963711502347,1,1.0_0.0,0.0
74021651,Moscow,4,0,55.625578,37.6063916,2.7263556116015133,2.0179325881369126,125.25094577553594,74.919530566366,10.939470365699874,355.0910980508399,0,0.0_1.0,1.0
74021654,Moscow,4,0,55.625578,37.6063916,2.826935179358087,1.9915476373965564,126.10320956576463,76.76861913321451,0.0,0.0,7,7.0_2.0,2.0
74021661,Moscow,4,3,55.625578,37.6063916,2.738539898132428,1.824136720029684,122.86285606489342,75.86758237822548,5.640445199019053,239.49685887905457,0,0.0_1.0,1.0
74321666,Moscow,4,0,55.625578,37.6063916,2.9420212765957445,2.1679017552955053,124.82893617021277,73.34821125714667,12.76595744680851,330.77560331036034,7,7.0_2.0,2.0
74321669,Moscow,4,3,55.625578,37.6063916,3.12375,2.203667392097487,123.986,74.37412642626745,21.25,443.9850427430466,4,4.0_0.0,0.0
74321670,Moscow,4,3,55.625578,37.6063916,2.8147000221385876,1.9174773964013672,125.18042948859863,73.52498022235757,16.51538631835289,394.6806587079802,7,7.0_2.0,2.0
74021671,Moscow,4,0,55.625578,37.6063916,3.0136747553291325,2.151994751985062,123.84716449926263,74.99171829445788,7.883094248558788,291.39727605748686,4,4.0_0.0,0.0
74321673,Moscow,4,3,55.625578,37.6063916,2.936211824883406,2.10279587659104,124.3279675041372,74.6633542353256,11.238152550022567,314.33561335287004,7,7.0_2.0,2.0
74021676,Moscow,4,3,55.625578,37.6063916,3.132002575660013,2.333079503374356,121.67675466838378,75.51009410079239,11.654861558274307,339.34352083486147,4,4.0_0.0,0.0
74021678,Moscow,0,3,55.625578,37.6063916,3.2771573604060915,2.4629938060997265,124.45301748448956,73.6894681233006,10.874224478285392,299.64474391969156,1,1.0_0.0,0.0
74321689,Moscow,4,0,55.625578,37.6063916,2.921265920494018,2.135554709686007,124.91084523350058,73.02858805865891,14.434581242763413,531.7633471745401,7,7.0_2.0,2.0
74021693,Moscow,4,3,55.625578,37.6063916,3.407195319307855,2.49833271371615,126.10083405950455,74.19159466996777,8.290800448151376,313.0280066614667,8,8.0_0.0,0.0
74021694,Moscow,4,0,55.625578,37.6063916,3.368234250221828,2.57617115989799,126.49899169153828,73.3549353087838,5.848189078002743,213.28989370952226,8,8.0_0.0,0.0
74021696,Moscow,0,0,55.625578,37.6063916,2.871983519717481,2.11998861583173,121.70570924072985,77.05149635626212,17.510300176574457,494.8091270010334,7,7.0_2.0,2.0
74321698,Moscow,4,3,55.625578,37.6063916,2.6716037954177274,1.949602601395258,123.94538301319139,75.03844034434405,8.852117565378384,267.77139043112163,0,0.0_1.0,1.0
74321708,Moscow,4,0,55.625578,37.6063916,3.0095858895705523,2.2224540523637253,122.0138036809816,75.7722940517444,17.753067484662576,377.0700609046451,4,4.0_0.0,0.0
74321715,Moscow,4,3,55.625578,37.6063916,2.83968347010551,1.985679222688575,124.28604923798359,75.28979060871637,19.695193434935522,401.71009520135556,7,7.0_2.0,2.0
74321709,Moscow,4,0,55.625578,37.6063916,2.9827357237715804,2.2380794894111364,119.95826218933789,76.04290062723133,4.667046101309049,258.6144627704762,4,4.0_0.0,0.0
74321718,Moscow,4,3,55.625578,37.6063916,3.016861761426979,2.3001578411789305,123.76923076923077,73.43505400187547,4.319955406911928,164.3341888597961,4,4.0_0.0,0.0
74321717,Moscow,4,0,55.625578,37.6063916,2.5772357723577235,1.7360949964309202,125.37127371273712,74.58404042699118,10.02710027100271,406.5638997985973,0,0.0_1.0,1.0
74321716,Moscow,4,3,55.625578,37.6063916,2.8223190932868354,2.1099008863621886,123.3590235396687,74.50761961223219,4.306887532693985,163.93722366425968,7,7.0_2.0,2.0
74321714,Moscow,4,3,55.625578,37.6063916,2.895814880425155,2.170634840025925,125.24047829937999,74.2514691067042,9.499557130203721,278.59148275169986,7,7.0_2.0,2.0
74321742,Moscow,4,0,55.625578,37.6063916,3.090844821491693,2.2817501224374914,121.21173559561683,75.22997783594906,10.851891127606928,292.51436874146935,4,4.0_0.0,0.0
74021744,Moscow,4,3,55.625578,37.6063916,3.350128723795513,2.4031403797271227,124.01912467819051,73.27225784364627,10.003677822728944,269.007318563044,8,8.0_0.0,0.0
74021745,Moscow,4,3,55.625578,37.6063916,2.956901461932789,2.138803623604881,125.383709891779,74.46976706212565,15.169925954053541,438.65145753712426,7,7.0_2.0,2.0
74021747,Moscow,4,3,55.625578,37.6063916,3.2985436893203883,2.2830589066694285,126.0,75.0168188765375,14.077669902912621,285.7454906676449,1,1.0_0.0,0.0
74021748,Moscow,4,3,55.625578,37.6063916,3.1761030847325262,2.322745673630541,124.17024599765716,73.63008729438346,13.666536509176103,326.751094598264,1,1.0_0.0,0.0
74021749,Moscow,4,0,55.625578,37.6063916,3.055468505170793,2.266090641289682,123.95487308053902,74.78626913208781,5.0454403008461295,206.21135975930014,4,4.0_0.0,0.0
74021751,Moscow,4,3,55.625578,37.6063916,2.982788798133022,2.2465134370035402,120.50291715285881,75.7371264193312,11.493582263710618,297.848914778388,4,4.0_0.0,0.0
74021752,Moscow,4,0,55.625578,37.6063916,2.8315958299919806,1.9422067891972787,121.30125634856991,75.43536647000504,6.789628441593157,249.08793168394146,7,7.0_2.0,2.0
74021753,Moscow,4,0,55.625578,37.6063916,3.0634271099744246,2.2469825750179853,122.31713554987212,75.19188849300227,7.851662404092072,251.15183820503242,4,4.0_0.0,0.0
74021754,Moscow,4,0,55.625578,37.6063916,3.566323768272875,3.0933144749867947,125.22144017325392,74.33727577280726,21.115322144017327,424.00639217440835,2,2.0_0.0,0.0
74021755,Moscow,4,0,55.625578,37.6063916,2.8930924548352817,2.174431346453225,121.28799149840596,75.88796730958653,11.370882040382572,429.57265433328536,7,7.0_2.0,2.0
74021758,Moscow,4,3,55.625578,37.6063916,3.329090909090909,2.3800964008119876,121.50129870129871,74.7382276638448,9.220779220779221,260.6637919899421,1,1.0_0.0,0.0
74021762,Moscow,4,3,55.625578,37.6063916,2.935637663885578,2.0096795698737155,126.3408820023838,74.42298727878355,14.064362336114423,407.381241058238,7,7.0_2.0,2.0
74021771,Moscow,4,2,55.625578,37.6063916,3.282246549262256,2.548167202808764,121.95906711089957,74.88938026236887,23.322227510709187,487.73392963785915,1,1.0_0.0,0.0
74321796,Moscow,4,3,55.625578,37.6063916,2.987389135254989,2.359858706181456,126.41019955654102,75.65383634339823,21.36917960088692,719.2978859406701,4,4.0_0.0,0.0
74021786,Moscow,0,3,55.625578,37.6063916,2.183083038869258,1.4848639291790402,120.33568904593639,66.97361041050567,8.8339222614841,392.74586401095524,0,0.0_1.0,1.0
74321802,Moscow,4,0,55.625578,37.6063916,2.841342486651411,2.1214550946458,123.31807780320366,74.8657216449413,10.831426392067124,349.80366624457776,7,7.0_2.0,2.0
74321803,Moscow,4,0,55.625578,37.6063916,3.3614416865011902,2.5329654777176223,121.77762665759946,74.65053860642449,2.4821489289357364,134.60938741867477,8,8.0_0.0,0.0
74321804,Moscow,4,0,55.625578,37.6063916,3.1788129226145756,2.406357888809536,122.50638617580766,76.96181406286983,20.36063110443276,544.8171569518303,1,1.0_0.0,0.0
74021813,Moscow,4,0,55.625578,37.6063916,3.0236245954692555,2.2305796836252854,122.37411003236247,75.1180349456939,14.239482200647249,369.8640799157231,4,4.0_0.0,0.0
74021814,Moscow,4,3,55.625578,37.6063916,2.8035516093229744,2.0178567392695483,121.81753607103218,74.49912979847842,6.770255271920089,203.29409089332103,7,7.0_2.0,2.0
74021816,Moscow,4,3,55.625578,37.6063916,3.128107559614409,2.329183675750057,127.47336377473364,77.46222643673497,4.794520547945205,173.7531312291581,4,4.0_0.0,0.0
74021830,Moscow,4,3,55.625578,37.6063916,2.926029411764706,2.225545070214365,122.57058823529412,75.78872534546728,13.044117647058824,386.4244676658942,7,7.0_2.0,2.0
74021831,Moscow,4,3,55.625578,37.6063916,3.09035149799481,2.3385274352515615,122.22316584100024,75.85228324392281,6.06275064873791,198.00454951866988,4,4.0_0.0,0.0
74321813,Moscow,4,0,55.625578,37.6063916,3.0127817019845273,2.245941029677813,123.20484359233097,74.86010337605636,12.108980827447024,296.8906138149266,4,4.0_0.0,0.0
74021845,Moscow,4,3,55.625578,37.6063916,2.9729119638826185,2.3450143793700224,120.37784337558604,75.44420476611651,11.703420732766105,332.3297589399371,4,4.0_0.0,0.0
74321817,Moscow,4,0,55.625578,37.6063916,3.1357940305308727,2.397823893701521,122.29573934837093,73.75480475105621,13.465481886534517,502.4811252437125,4,4.0_0.0,0.0
74021856,Moscow,4,0,55.625578,37.6063916,2.915024630541872,2.108972289472995,126.4384236453202,76.3028872694221,0.0,0.0,7,7.0_2.0,2.0
74021857,Moscow,4,4,55.625578,37.6063916,2.931874689209349,2.1230395501622383,122.04475385380408,74.97706439405863,3.13276976628543,140.48647453615675,7,7.0_2.0,2.0
74021919,Moscow,4,3,55.625578,37.6063916,2.900258339885432,2.1427234292380364,124.20217904077278,74.56856820057028,22.47557003257329,492.05466979996106,7,7.0_2.0,2.0
74021915,Moscow,0,0,55.625578,37.6063916,3.5362694300518136,2.9387255341143255,122.6839378238342,73.06876457945718,0.0,0.0,2,2.0_0.0,0.0
74021914,Moscow,4,3,55.625578,37.6063916,2.670962545308095,1.7895047685003187,125.77849375755135,74.24198237279558,7.813129279097866,225.73046017201656,0,0.0_1.0,1.0
74021927,Moscow,4,0,55.625578,37.6063916,2.872138910812944,2.0251597852889534,123.08681925808997,75.85264791477712,10.832675611681136,276.13993461830995,7,7.0_2.0,2.0
74021939,Moscow,0,0,55.625578,37.6063916,3.0835827768823396,2.2356899178029064,121.88256965231407,74.87902743455342,17.453373244301176,352.1392915863958,4,4.0_0.0,0.0
74021955,Moscow,4,0,55.625578,37.6063916,2.905688622754491,2.0621414549824686,123.26497005988024,75.52797414714047,0.0,0.0,7,7.0_2.0,2.0
74021956,Moscow,4,3,55.625578,37.6063916,2.800078554595444,2.023845277932982,123.62372348782404,75.52546371690062,16.849960722702278,375.7515283178417,7,7.0_2.0,2.0
74021957,Moscow,4,0,55.625578,37.6063916,3.0145107794361525,2.1670340428104624,121.48839137645108,74.21628868169479,5.4311774461028195,189.7856660447753,4,4.0_0.0,0.0
74321846,Moscow,4,0,55.625578,37.6063916,3.8422703041705866,2.8944015295463417,127.04546879899655,74.8595472970935,7.808090310442145,255.4153618594595,9,9.0_0.0,0.0
74021963,Moscow,0,3,55.625578,37.6063916,3.0194658216387507,2.239322791013017,129.48664554096877,72.55971383959178,12.947034857401539,309.0349304302538,4,4.0_0.0,0.0
74021962,Moscow,0,3,55.625578,37.6063916,2.20136698212408,1.4454624254111115,121.46792849631966,74.77823268823595,8.201892744479496,257.50395212891925,0,0.0_1.0,1.0
74321859,Moscow,4,0,55.625578,37.6063916,3.7474214439913647,2.758559997223705,125.60614056128568,72.98620357561026,9.834492684096906,292.4583019804727,2,2.0_0.0,0.0
74321861,Moscow,4,3,55.625578,37.6063916,3.5750645518258946,2.6223897135026775,127.40981187753596,74.81030302536468,2.1394319439321285,111.39436823648813,2,2.0_0.0,0.0
74021984,Moscow,5,3,55.625578,37.6063916,2.5654041390082,1.87106819103272,119.19042040869452,73.296269985738,7.041520239489783,243.0896152037808,0,0.0_1.0,1.0
74021985,Moscow,0,3,55.625578,37.6063916,2.372262773722628,1.6685382974851906,124.44228169775614,71.85333796693226,2.0005406866720734,178.23830625088937,0,0.0_1.0,1.0
74321878,Moscow,4,0,55.625578,37.6063916,3.5222513089005236,2.545620872991384,123.41361256544502,76.11752277660369,11.518324607329843,336.27770734183747,8,8.0_0.0,0.0
74321881,Moscow,4,3,55.625578,37.6063916,3.1842930444697832,2.3122195183411867,127.08893956670468,74.26140619936517,8.63740022805017,290.4899328302457,1,1.0_0.0,0.0
74221348,Moscow Region,4,2,43.67132235,40.30728971005127,4.068908030008336,2.963503722003296,128.05668241178105,73.91542354547266,18.866351764378994,406.65290546602205,9,9.0_-1.0,-1.0
74020419,Moscow Region,0,2,43.67132235,40.30728971005127,3.7442922374429224,2.6683233405623032,131.29028049575996,74.3201555809325,9.523809523809524,269.10177491372724,2,2.0_-1.0,-1.0
74221478,Moscow Region,0,4,43.67132235,40.30728971005127,2.8999525841631106,2.2493821621953574,128.36794689426267,74.92742368658068,7.633949739212897,248.91328650337695,7,7.0_-1.0,-1.0
74221479,Moscow Region,0,4,43.67132235,40.30728971005127,3.3495042492917846,2.65930878985456,127.6685552407932,74.2123447306198,12.464589235127479,332.8838165223535,8,8.0_-1.0,-1.0
74021248,Murmansk,5,0,68.970665,33.07497,3.306613226452906,2.4985416377157494,125.20080160320641,73.19623401816845,2.164328657314629,152.8880292861348,1,1.0_-1.0,-1.0
74021495,Murmansk,5,0,68.970665,33.07497,3.353909465020576,2.463834855074616,128.29263831732968,73.68736880775508,3.1092821216278006,145.40673446257236,8,8.0_-1.0,-1.0
74020494,Naberejnye Tchelny,0,3,55.7419774,52.399207,3.5284657446124155,2.4943134026380345,127.43390157606947,75.12185653375336,9.295593438404632,304.56699507382206,2,2.0_-1.0,-1.0
74020721,Naberejnye Tchelny,0,4,55.7419774,52.399207,4.321656050955414,2.9667725806101606,127.74734607218684,73.5697380997948,6.210191082802548,234.06172313849564,5,5.0_-1.0,-1.0
74021180,Naberejnye Tchelny,0,0,55.7419774,52.399207,3.255404323458767,2.5060065696115843,124.16653322658127,74.61180176360145,10.488390712570055,263.7145317044618,1,1.0_-1.0,-1.0
74021737,Naberejnye Tchelny,0,3,55.7419774,52.399207,3.295256806062307,2.4176144408299254,124.30536065113668,75.18339129537624,3.817008139208532,161.52008885659131,1,1.0_-1.0,-1.0
74021757,Naberejnye Tchelny,0,3,55.7419774,52.399207,3.2140251317389543,2.446921923149445,121.89541953790028,76.26134531484374,15.687069314957439,431.1957903055817,1,1.0_-1.0,-1.0
74021880,Nadym,0,3,65.532,72.52,3.351219512195122,2.8324916178594246,122.33365853658536,71.64835112905386,93.46341463414635,1290.5478960314565,8,8.0_-1.0,-1.0
74021526,Nahabino,0,3,55.8394789,37.1770987,3.543363679923335,2.4183528053143273,124.79731672256828,75.68847081346877,6.276952563488261,204.0432293994758,2,2.0_0.0,0.0
74021239,Nakhodka,0,4,42.8246489,132.8926,3.8092783505154637,2.8985213896101287,117.0446735395189,74.81864174888483,10.56701030927835,377.00843557212573,9,9.0_-1.0,-1.0
74221293,Naro-Fominsk,4,0,55.3842784,36.723507,3.4872271249419415,2.7595642019244093,122.64375290292615,75.79803358401091,15.188109614491408,366.78634828202456,8,8.0_0.0,0.0
74021215,Neftekamsk,0,3,56.0884031,54.2478094,3.2059342988343342,2.436494902171256,115.71505946073236,77.16417404159937,2.8965030024726244,194.2741197062243,1,1.0_1.0,1.0
74020735,Nefteyugansk,0,3,61.0962043,72.6111908351568,3.450165328294757,2.5848541367708586,121.76854038734058,75.81283098874654,36.37222484648087,670.5876364856292,8,8.0_-1.0,-1.0
74321810,Nefteyugansk,5,3,61.0962043,72.6111908351568,3.566694056422898,2.8655970712212935,121.23582580115037,75.7145757017404,5.751848808545604,202.59901092066787,2,2.0_-1.0,-1.0
74021304,Nevinnomyssk,4,2,44.6245814,41.9475941,4.553614251455978,3.3515394644732415,125.90339157245631,74.24221874847332,11.647824597464885,288.16260709904486,5,5.0_-1.0,-1.0
74021784,Nizhnekamsk,0,3,55.6412879,51.8160376,3.3942459690167563,2.5174517549686217,121.71988618400253,76.85629784469916,5.97533986721467,193.96089943911414,8,8.0_-1.0,-1.0
74021896,Nizhnekamsk,0,2,55.6412879,51.8160376,3.5563230605738574,2.8179316596915123,119.12646121147715,76.4691996254128,17.906482465462275,402.3499231775435,2,2.0_-1.0,-1.0
74020608,Nizhnevartovsk,0,0,60.9339411,76.5814274,3.2794076557697682,2.514718681264369,123.05783738474435,74.37191266856227,16.149762503492596,557.4202296193131,1,1.0_-1.0,-1.0
74020609,Nizhnevartovsk,0,3,60.9339411,76.5814274,4.17816091954023,3.168472035129066,121.08812260536398,71.30812201682576,26.436781609195403,604.0095911547234,5,5.0_-1.0,-1.0
74020610,Nizhnevartovsk,0,3,60.9339411,76.5814274,3.237942122186495,2.589084160261171,121.36977491961414,74.06487289783715,52.41157556270097,974.8622947774901,1,1.0_-1.0,-1.0
74020811,Nizhnevartovsk,0,0,60.9339411,76.5814274,3.194233687405159,2.4072894896435995,123.6722306525038,77.8972240222087,0.0,0.0,1,1.0_-1.0,-1.0
74021412,Nizhnevartovsk,0,2,60.9339411,76.5814274,3.989350372736954,3.1541625005945737,126.71352502662407,73.09005792246572,44.83493077742279,1001.6993815249888,9,9.0_-1.0,-1.0
74321811,Nizhnevartovsk,5,0,60.9339411,76.5814274,3.434095278786584,2.701215237498874,123.79320657979065,74.20722864316802,7.8829309976500745,330.78484752441307,8,8.0_-1.0,-1.0
74022009,Nizhnevartovsk,0,4,60.9339411,76.5814274,3.3019994031632347,2.5792731015805526,122.03282602208296,76.23540993593978,20.501342882721577,457.52140729426475,1,1.0_-1.0,-1.0
74020461,Nizhny Novgorod,4,3,56.3264816,44.0051395,2.679093349239487,1.9445485430239295,122.16403220996123,75.63897488192535,5.025350432448554,207.5892827658222,0,0.0_-1.0,-1.0
74020541,Nizhny Novgorod,4,0,56.3264816,44.0051395,3.1469767441860466,2.2636335665495166,118.57674418604651,76.13007420109214,9.488372093023257,255.26237854977018,4,4.0_-1.0,-1.0
74020651,Nizhny Novgorod,4,0,56.3264816,44.0051395,3.2414486921529173,2.226065286668513,122.72837022132796,74.72766888334533,2.3340040241448694,116.34957387133046,1,1.0_-1.0,-1.0
74020669,Nizhny Novgorod,4,0,56.3264816,44.0051395,3.4241497898356896,2.462966819820372,126.53267099732518,75.01893098649788,9.017959495605655,326.1460481255505,8,8.0_-1.0,-1.0
74020719,Nizhny Novgorod,4,0,56.3264816,44.0051395,3.8986700443318556,2.864900940827767,125.49841671944269,76.81086672326852,9.246358454718177,263.31504616331864,9,9.0_-1.0,-1.0
74020810,Nizhny Novgorod,4,2,56.3264816,44.0051395,3.5510138397167688,2.5342892732563986,125.68393949147087,76.228258970919,17.31573865465079,449.9439806515102,2,2.0_-1.0,-1.0
74020950,Nizhny Novgorod,4,0,56.3264816,44.0051395,3.095197070859358,2.2243764717808037,124.01292267930218,73.5989095591054,2.6060736592720226,125.65936950881037,4,4.0_-1.0,-1.0
74021091,Nizhny Novgorod,4,0,56.3264816,44.0051395,2.9643209146461658,2.132654246141777,122.98048492016558,76.07437506676945,5.696826335501676,253.87585522399442,4,4.0_-1.0,-1.0
74021382,Nizhny Novgorod,4,3,56.3264816,44.0051395,2.8797783933518004,2.19335107950762,122.26349030470914,75.30953958901206,1.6177285318559558,108.6651260282818,7,7.0_-1.0,-1.0
74021463,Nizhny Novgorod,4,3,56.3264816,44.0051395,3.447680690399137,2.437060436260417,123.02481121898597,75.97536571596852,3.5329018338727076,153.0939075651892,8,8.0_-1.0,-1.0
74020402,Nizhny Novgorod,4,0,56.3264816,44.0051395,3.2895761741122564,2.4552818034129915,122.4971363115693,75.7701146169514,7.2623138602520045,244.1711811113171,1,1.0_-1.0,-1.0
74220773,Nizhny Tagil,9,2,57.905149,59.9508466,4.273085585585585,2.9491660029917717,124.98648648648648,73.51060772720734,15.45608108108108,416.41936340037074,5,5.0_-1.0,-1.0
74321570,Nizhny Tagil,9,3,57.905149,59.9508466,3.12,1.8586806819760675,138.48,79.01801396271767,196.0,1385.929291125633,4,4.0_-1.0,-1.0
74220739,Noginsk,4,3,55.8553511,38.4411898,3.48572125945814,2.6063050191696315,123.60263607517696,76.0307957811301,15.889675372223579,852.8295593826207,8,8.0_0.0,0.0
74021902,Novocherkassk,4,4,47.41066,40.101986,3.824349442379182,2.9413612165524086,123.85315985130111,73.69017275982502,41.96096654275093,600.0158547111764,9,9.0_3.0,3.0
74020430,Novoivanovskoye,0,0,46.55389,39.771671,3.0852797392721345,2.2296923019505,122.60076045627376,75.41195398455883,7.115697990222705,217.24158106007837,4,4.0_-1.0,-1.0
74220556,Novokuznetsk,5,2,53.7575903,87.1358494,3.385379929464572,2.494423687941461,120.24623276691247,73.82081815637925,4.504648925937801,287.2981565872781,8,8.0_-1.0,-1.0
74220598,Novokuznetsk,5,2,53.7575903,87.1358494,3.335985312117503,2.382281300703713,120.65850673194615,75.10273525528939,10.954712362301102,316.02821981598146,8,8.0_-1.0,-1.0
74220640,Novokuznetsk,5,3,53.7575903,87.1358494,3.3775538762944306,2.490051865427558,123.91939546599497,74.14789703254495,18.1360201511335,369.6964592403639,8,8.0_-1.0,-1.0
74220707,Novokuznetsk,5,0,53.7575903,87.1358494,3.77846688166708,2.8239129059830854,119.94542297196725,73.54035369173293,7.417514264450508,284.39488515199906,9,9.0_-1.0,-1.0
74220990,Novokuznetsk,5,2,53.7575903,87.1358494,4.334038054968287,3.2094921312392284,121.62579281183932,74.33333197049235,13.689217758985201,349.82465144462174,5,5.0_-1.0,-1.0
74221142,Novokuznetsk,5,2,53.7575903,87.1358494,4.356968215158925,3.0810681200373344,125.27628361858191,75.07766325663137,0.0,0.0,5,5.0_-1.0,-1.0
74321574,Novokuznetsk,5,3,53.7575903,87.1358494,3.3032191069574246,2.320597585056004,122.52544132917964,73.62833967344824,4.534440983039114,172.4342971978358,1,1.0_-1.0,-1.0
74021911,Novomoskovsk,0,0,48.6358512,35.2595541,3.659553831231814,2.71968235581333,123.17879081797608,76.21786139796532,7.727125767862916,262.0852058785654,2,2.0_-1.0,-1.0
74220747,Novorossiysk,0,0,44.7239578,37.7690711,2.926580557443916,2.0404199081314798,119.93473827328349,74.82337358478516,0.0,0.0,7,7.0_-1.0,-1.0
74220781,Novorossiysk,0,0,44.7239578,37.7690711,3.261485119907541,2.399202418440021,116.96503900606761,73.45389960356788,7.483386304536261,258.7074252453619,1,1.0_-1.0,-1.0
74220827,Novorossiysk,0,3,44.7239578,37.7690711,3.42578922569499,2.6564962375864822,122.87231035024344,73.35436734763556,1.9789539814669388,111.64878703425099,8,8.0_-1.0,-1.0
74220936,Novorossiysk,0,2,44.7239578,37.7690711,4.184555984555985,3.1381004994643034,122.31042471042471,73.17164090982371,34.9034749034749,746.8027486490461,5,5.0_-1.0,-1.0
74221038,Novorossiysk,0,3,44.7239578,37.7690711,3.1248025276461298,2.316395993683095,119.82306477093206,73.01514684308553,7.898894154818326,230.07911143244598,4,4.0_-1.0,-1.0
74321884,Novorossiysk,0,0,44.7239578,37.7690711,3.131666666666667,2.3438206104364845,118.24933333333334,73.83813280530788,21.333333333333332,423.7350658421253,4,4.0_-1.0,-1.0
74221311,Novosibirsk,1,2,55.0288307,82.9226887,3.3887640449438203,2.6193835289420457,116.73408239700375,76.2455882882509,10.561797752808989,279.673682693012,8,8.0_5.0,5.0
74221563,Novosibirsk,1,3,55.0288307,82.9226887,3.282793867120954,2.535425648163741,110.11697898921068,75.42678306615076,2.782509937535491,165.13206044813896,1,1.0_4.0,4.0
74213284,Novosibirsk,1,3,55.0288307,82.9226887,2.8584349193865513,2.0415553655382834,117.82304364923318,74.18889593206018,11.875737318128195,314.6493329095782,7,7.0_-1.0,-1.0
74213285,Novosibirsk,1,3,55.0288307,82.9226887,3.2157287157287158,2.3441296390385196,119.16594516594516,75.18558426525777,24.53102453102453,417.8904777371145,1,1.0_4.0,4.0
74213286,Novosibirsk,1,3,55.0288307,82.9226887,3.1453799500535142,2.2371654097537865,119.2008562254727,73.61813839525716,7.4027827327863,264.8422971804938,4,4.0_1.0,1.0
74214083,Novosibirsk,1,3,55.0288307,82.9226887,2.640971805638872,1.8616658361318883,112.25674865026994,74.34403348743498,7.3635272945410915,233.16849968212537,0,0.0_-1.0,-1.0
74214453,Novosibirsk,1,3,55.0288307,82.9226887,3.2954406551766287,2.3568274627242265,122.29898545410097,74.03000175008269,5.378315609338712,234.27653662468924,1,1.0_4.0,4.0
74214452,Novosibirsk,1,0,55.0288307,82.9226887,3.4394150417827296,2.456739111026712,120.84679665738162,73.53503685441952,8.286908077994429,288.9153142880922,8,8.0_5.0,5.0
74214455,Novosibirsk,1,0,55.0288307,82.9226887,3.1222366710013003,2.3567462868364766,117.08088426527958,74.82241870274581,5.825747724317295,213.5434552903466,4,4.0_1.0,1.0
74215253,Novosibirsk,1,0,55.0288307,82.9226887,3.352216748768473,2.5337500167520925,121.47980295566502,74.90870742346803,1.4285714285714286,91.02589898328002,8,8.0_5.0,5.0
74220417,Novosibirsk,1,0,55.0288307,82.9226887,3.1031375703942077,2.3012880629885855,117.70040225261464,73.25862119351646,5.341914722445696,234.21614211678107,4,4.0_1.0,1.0
74220458,Novosibirsk,1,3,55.0288307,82.9226887,3.109049773755656,2.323515946996562,120.43137254901961,74.06505222951267,9.306184012066366,311.0029829438586,4,4.0_1.0,1.0
74220479,Novosibirsk,1,3,55.0288307,82.9226887,2.9688191065900043,2.191788756902383,116.8031844316674,74.58358754814269,0.0,0.0,4,4.0_1.0,1.0
74220517,Novosibirsk,1,0,55.0288307,82.9226887,3.402106567534077,2.496111985987089,114.58612143742255,74.67793686344365,4.275092936802974,242.89150361402338,8,8.0_5.0,5.0
74220770,Novosibirsk,1,2,55.0288307,82.9226887,3.833104866346813,2.876602983977655,118.0726525017135,75.80855802087612,30.603152844413984,538.493288493126,9,9.0_1.0,1.0
74220891,Novosibirsk,1,4,55.0288307,82.9226887,3.540113985094257,2.4743047552978203,122.67426567295045,75.00771591711796,8.241999123191583,393.63635949439663,2,2.0_-1.0,-1.0
74220924,Novosibirsk,1,3,55.0288307,82.9226887,3.2309133489461357,2.340949960532736,116.60983606557377,74.26094676415741,5.878220140515222,278.0240390431955,1,1.0_4.0,4.0
74221077,Novosibirsk,1,3,55.0288307,82.9226887,3.843194647710642,2.7181252605795336,118.66861802216182,74.39234073203497,15.931423792598787,388.2814028853845,9,9.0_1.0,1.0
74221067,Novosibirsk,1,3,55.0288307,82.9226887,3.827155676941085,2.7983511067800086,121.97268825595006,72.23911333741529,15.216543113538822,369.6668937589126,9,9.0_1.0,1.0
74221286,Novosibirsk,1,3,55.0288307,82.9226887,3.295982071394269,2.4034920010747345,116.71970545862014,73.57925341332513,2.433167920601889,139.73753807236912,1,1.0_4.0,4.0
74221416,Novosibirsk,1,3,55.0288307,82.9226887,2.817351598173516,2.0314394620552068,114.06392694063926,72.96214199750594,22.374429223744293,468.2621129161467,7,7.0_-1.0,-1.0
74221417,Novosibirsk,1,3,55.0288307,82.9226887,3.560316888728844,2.5076358115807613,122.37234425639178,74.26761281133334,29.672308246308965,682.6838780179725,2,2.0_-1.0,-1.0
74221420,Novosibirsk,1,3,55.0288307,82.9226887,3.1375984568397364,2.2991056460841746,117.19530622086481,73.53143530467004,3.8096769008198037,150.30500109207225,4,4.0_1.0,1.0
74221444,Novosibirsk,1,4,55.0288307,82.9226887,3.486896551724138,2.7227856673879614,123.47586206896551,74.96281873479396,19.379310344827587,595.8132285358818,8,8.0_5.0,5.0
74221446,Novosibirsk,1,3,55.0288307,82.9226887,3.2717330342120023,2.350953415252379,117.93157599551319,74.77406324544374,3.2529444756029164,137.33821627833277,1,1.0_4.0,4.0
74321683,Novosibirsk,1,4,55.0288307,82.9226887,3.955288985823337,2.8643202719920287,123.46346782988005,75.75051000860421,0.0,0.0,9,9.0_1.0,1.0
74321787,Novosibirsk,1,4,55.0288307,82.9226887,3.425460636515913,2.373340686802631,118.72026800670017,75.2483040804639,31.32328308207705,711.3900947446931,8,8.0_5.0,5.0
74321808,Novosibirsk,1,4,55.0288307,82.9226887,3.0124280084874204,2.134109657495577,114.43710215216733,75.19503990482104,7.850863898150955,282.6961624470549,4,4.0_1.0,1.0
74321818,Novosibirsk,1,4,55.0288307,82.9226887,3.3474341192787795,2.4073444546003246,117.02635228848821,75.01773636326973,10.714285714285714,384.59718446911586,8,8.0_5.0,5.0
74321824,Novosibirsk,1,4,55.0288307,82.9226887,3.550780006367399,2.5817309275908533,118.37503979624323,75.4607634223261,17.382999044890163,399.0158626909815,2,2.0_-1.0,-1.0
74321852,Novosibirsk,1,4,55.0288307,82.9226887,3.0160175879396984,2.2365725359254234,115.98366834170854,74.65044975328352,26.853015075376884,545.1220488424281,4,4.0_1.0,1.0
74321865,Novosibirsk,1,4,55.0288307,82.9226887,3.1493912471207635,2.2796706082738147,117.94800921355709,75.39551141825133,18.624547548535702,410.7371665070194,1,1.0_4.0,4.0
74020694,Novy Urengoy,0,0,66.085196,76.6799167,4.421052631578948,3.56043420516702,101.75438596491227,68.70648771138053,0.0,0.0,5,5.0_-1.0,-1.0
74021961,Novy Urengoy,0,3,66.085196,76.6799167,3.7430939226519335,2.934703869220601,116.9060773480663,74.3808945219721,27.07182320441989,515.0765646030842,2,2.0_-1.0,-1.0
74021223,Noyabrsk,0,4,63.2002917,75.4475807,3.7491705374917053,3.1497788095755057,118.90643662906437,74.84985328129603,0.0,0.0,2,2.0_-1.0,-1.0
74021154,Nyagan,0,0,62.1445646,65.4349289,3.009132420091324,2.2784283612652345,120.73059360730593,76.47204107988263,0.0,0.0,4,4.0_-1.0,-1.0
74021958,Obninsk,0,3,55.09992175,36.60927334723832,3.5952219968447148,2.7614430625529156,123.97565922920893,75.4698617899396,7.820599504169484,285.0492440004549,2,2.0_0.0,0.0
74221294,Obukhovo,0,2,55.8314658,38.2726971,3.870114006514658,2.934003636558651,127.98534201954398,75.36464910655565,20.64332247557003,538.2567409379733,9,9.0_0.0,0.0
74213274,Odintsovo,4,3,55.678223,37.2668096,3.705979517674265,2.925831437179422,125.65576478361415,74.3070845041165,6.640237859266601,272.6575777535553,2,2.0_0.0,0.0
74220643,Odintsovo,4,0,55.678223,37.2668096,3.034900284900285,2.3428954018247556,123.4017094017094,74.25629095839405,0.0,0.0,4,4.0_0.0,0.0
74021994,Oktyabrsky,0,2,54.4809722,53.4660062,3.6605663648622615,2.8627539032167846,119.52379117703718,75.9977370261781,41.05182045848584,586.6501120442424,2,2.0_-1.0,-1.0
74221565,Omsk,9,3,54.9830067,73.37452243916528,3.295499021526419,2.4604490774737786,123.12937595129375,73.27039131783616,13.35072841922157,422.1571669574497,1,1.0_-1.0,-1.0
74321627,Omsk,9,3,54.9830067,73.37452243916528,2.6858339680121857,2.3557862429668583,116.987052551409,74.13812932930136,8.492003046458493,283.53579235503315,0,0.0_-1.0,-1.0
74213287,Omsk,9,3,54.9830067,73.37452243916528,3.549043549043549,2.6446617560520598,122.92877492877493,74.28702713129056,5.901505901505901,247.38356328224776,2,2.0_1.0,1.0
74213288,Omsk,9,3,54.9830067,73.37452243916528,3.683902957322472,2.5855112382726704,122.95165574641402,73.98760296012496,11.138657694350982,329.98389231478626,2,2.0_1.0,1.0
74213289,Omsk,9,0,54.9830067,73.37452243916528,4.378272251308901,3.2251628793583844,126.12303664921465,73.90512719168645,27.356020942408378,569.6633953235745,5,5.0_-1.0,-1.0
74213291,Omsk,9,0,54.9830067,73.37452243916528,3.6868300153139355,2.8962802774269916,118.3062787136294,74.19463627851783,0.0,0.0,2,2.0_1.0,1.0
74215706,Omsk,9,3,54.9830067,73.37452243916528,3.372703412073491,2.4270852602030333,122.88013998250219,72.28745993897374,19.772528433945755,476.62813495899996,8,8.0_-1.0,-1.0
74216264,Omsk,9,3,54.9830067,73.37452243916528,3.108426749130267,2.302058374848418,121.60726710475454,73.31504404096711,34.42211055276382,568.2901431987559,4,4.0_-1.0,-1.0
74216848,Omsk,9,3,54.9830067,73.37452243916528,3.544382684857672,2.69597618586803,124.27219134242884,74.16442918996867,31.800572679804617,647.6028849612896,2,2.0_1.0,1.0
74220425,Omsk,9,2,54.9830067,73.37452243916528,3.901979565772669,2.9144573892482817,120.9514687100894,74.81620324530924,4.980842911877395,197.07401237298282,9,9.0_-1.0,-1.0
74220434,Omsk,9,4,54.9830067,73.37452243916528,3.1449403446752098,2.263763020507017,122.09898365002209,74.36980860615405,29.2311091471498,708.5496390491267,4,4.0_-1.0,-1.0
74220484,Omsk,9,4,54.9830067,73.37452243916528,3.3795493934142113,2.582694301430157,122.578856152513,73.02434460698998,9.300982091276719,279.9465826299768,8,8.0_-1.0,-1.0
74220576,Omsk,9,3,54.9830067,73.37452243916528,4.175595238095238,2.9540028570822052,124.11458333333333,74.29877801127347,0.0,0.0,5,5.0_-1.0,-1.0
74220858,Omsk,9,2,54.9830067,73.37452243916528,3.6346001583531273,2.4631731885710018,122.92319873317498,74.45108195439401,0.0,0.0,2,2.0_1.0,1.0
74221076,Omsk,9,3,54.9830067,73.37452243916528,3.3796223446105427,2.5217405298839433,124.6498819826908,73.68186930989084,16.286388670338315,423.7748243291034,8,8.0_-1.0,-1.0
74321785,Omsk,9,3,54.9830067,73.37452243916528,3.1611328125,2.3027112725704355,121.6748046875,74.31841674253349,12.6953125,374.69396344125494,1,1.0_-1.0,-1.0
74321821,Omsk,9,3,54.9830067,73.37452243916528,3.612466725820763,2.6080374211561113,120.17657497781721,74.6731112271425,15.150842945874002,431.8820679004292,2,2.0_1.0,1.0
74321829,Omsk,9,4,54.9830067,73.37452243916528,3.6314683477804044,2.8019187785893873,121.63383241397426,75.39917518164776,11.846598371421067,338.4750345762364,2,2.0_1.0,1.0
74321875,Omsk,9,3,54.9830067,73.37452243916528,3.545190913484775,2.6564668950161496,121.06041565973901,74.83418604835124,1.5466408893185113,99.49121414295068,2,2.0_1.0,1.0
74321892,Omsk,9,3,54.9830067,73.37452243916528,3.4524617996604414,2.583606304725671,121.07130730050933,73.71046825024438,32.76740237691002,515.9084319979497,8,8.0_-1.0,-1.0
74020798,Orehovo-Zuevo,0,3,55.8083278,38.9790038,3.090563647878404,2.328032118219403,124.11399620012666,75.65459864597659,8.169727675744141,459.1067131225579,4,4.0_0.0,0.0
74220768,Orehovo-Zuevo,4,0,55.8083278,38.9790038,3.106037544393709,2.3934103640791267,118.85946220192795,76.25849837551658,6.392694063926941,201.55378681595167,4,4.0_0.0,0.0
74321828,Orehovo-Zuevo,4,0,55.8083278,38.9790038,3.2245762711864407,2.504659300124642,119.78617992177314,76.61570763247576,6.8122555410691,221.61309783446302,1,1.0_0.0,0.0
74020551,Orenburg,4,3,51.7671248,55.0978517,3.4425377015080603,2.4805511799952034,120.16120644825793,75.34793166877631,12.480499219968799,355.15923864539104,8,8.0_-1.0,-1.0
74020851,Orenburg,4,3,51.7671248,55.0978517,3.270332480818414,2.428528621264012,120.73350383631714,75.32088037243477,5.601023017902813,204.96917850640352,1,1.0_-1.0,-1.0
74021026,Orenburg,4,3,51.7671248,55.0978517,3.226809651474531,2.447524843313281,122.37426273458445,76.09678515179058,4.664879356568365,164.44387789778818,1,1.0_-1.0,-1.0
74021484,Orenburg,4,3,51.7671248,55.0978517,3.346121998343914,2.390389083550119,122.41236544300304,75.1606193329783,11.233784156776153,385.3518851238835,8,8.0_-1.0,-1.0
74021928,Orenburg,4,0,51.7671248,55.0978517,3.4732317311449785,2.702322602618951,124.27823368503321,75.79717054348964,2.4618991793669402,124.5390092702352,8,8.0_-1.0,-1.0
74021978,Orenburg,4,4,51.7671248,55.0978517,3.560552407932011,2.6337172808859215,123.38243626062322,75.38989919113214,17.457507082152976,408.4345171941063,2,2.0_-1.0,-1.0
74021952,Orsk,4,3,51.2305015,58.4738015,4.138610662358643,2.997603871032714,121.38546042003232,77.16491281944619,48.49757673667205,1106.110797739171,5,5.0_-1.0,-1.0
74021204,Oryol,0,0,52.9687747,36.0694937,3.272508038585209,2.437909249290494,128.02250803858522,74.80752070897671,2.532154340836013,126.30349301292841,1,1.0_-1.0,-1.0
74021261,Oryol,0,3,52.9687747,36.0694937,3.050947499223361,2.2076512953373446,126.07766387076732,78.98320695403176,1.95712954333644,111.04015545296937,4,4.0_-1.0,-1.0
74021351,Oryol,0,3,52.9687747,36.0694937,3.1360351058337637,2.0814371127247986,121.52194114610222,75.40052385031736,3.7687145069695407,165.84484454676786,4,4.0_-1.0,-1.0
74221421,Ostrovtsy,4,2,55.5875047,38.0055483,3.3767406849830635,2.5051064245191528,121.9209634926609,76.10183462181627,2.182913059841927,112.52064587036072,8,8.0_0.0,0.0
74220409,Otradnoe,4,0,59.772663,30.802027,3.3586036671368125,2.579275705349322,123.89703808180536,74.8500816391183,6.205923836389281,246.86448219944,8,8.0_1.0,1.0
74221323,Pavlovsky Posad,4,3,55.7813357,38.6507838,3.130479950135051,2.4020313251440424,118.8132142115105,75.79015342721239,7.729067109910659,319.97521682381046,4,4.0_0.0,0.0
74020498,Penza,0,3,53.1937836,45.006741250609664,3.0246913580246915,2.3919075697154684,120.10699588477367,74.30262670459818,8.367626886145406,292.4862699537632,4,4.0_-1.0,-1.0
74020470,Penza,0,3,53.1937836,45.006741250609664,2.95016835016835,2.2548308499415977,121.47771043771044,74.15991661877564,9.696969696969697,273.4433356967954,7,7.0_-1.0,-1.0
74020717,Penza,0,4,53.1937836,45.006741250609664,3.318840579710145,2.4835793449875725,122.09498327759198,74.64438967633455,9.632107023411372,323.8042894721978,1,1.0_-1.0,-1.0
74021025,Penza,0,4,53.1937836,45.006741250609664,3.374822862541332,2.5759503081147397,123.1421823334908,74.02709294905418,12.30514879546528,510.9638714227306,8,8.0_-1.0,-1.0
74021427,Penza,0,3,53.1937836,45.006741250609664,3.830998248686515,2.7613464253897764,122.25043782837128,74.39945315058037,11.668126094570928,346.5770209640179,9,9.0_-1.0,-1.0
74021457,Penza,0,0,53.1937836,45.006741250609664,3.467338491992082,2.647496404068684,123.52420370703616,73.96771958864876,4.606802231419831,276.7580969940675,8,8.0_-1.0,-1.0
74021812,Penza,0,3,53.1937836,45.006741250609664,3.050761421319797,2.1737476719651694,123.85593425187334,73.60108993261179,7.372492144065748,212.98805541149616,4,4.0_-1.0,-1.0
74021912,Penza,0,3,53.1937836,45.006741250609664,2.9023490345590948,2.1184036649689766,122.35100233673595,74.24474191654748,8.10478415938999,268.483027177507,7,7.0_-1.0,-1.0
74021975,Penza,0,3,53.1937836,45.006741250609664,3.201675457648154,2.374007744796817,121.6009928637915,76.2523068548742,14.458578963698418,312.1312126704402,1,1.0_-1.0,-1.0
74021066,Perm,0,2,58.014965,56.246723,3.066006600660066,2.2277379474089285,122.41364136413641,75.0387769737257,9.460946094609461,274.234949411505,4,4.0_-1.0,-1.0
74021262,Perm,0,3,58.014965,56.246723,2.9625,2.210950370079525,124.4525641025641,74.1367612688135,8.621794871794872,280.3481516885057,4,4.0_-1.0,-1.0
74021341,Perm,0,3,58.014965,56.246723,2.910998834045861,2.133074608033119,122.99261562378547,75.92567388427346,10.532452390205986,380.8420371837199,7,7.0_3.0,3.0
74021460,Perm,0,3,58.014965,56.246723,2.6560448049439938,1.9755319882466886,121.37891077636154,75.16347077929467,8.787176516029355,287.5130262918985,0,0.0_-1.0,-1.0
74021540,Perm,0,0,58.014965,56.246723,2.863080684596577,2.0771929329250853,121.48121804845522,75.44274116811299,7.001555901311402,210.72270304531946,7,7.0_3.0,3.0
74021582,Perm,0,3,58.014965,56.246723,2.8837086092715234,1.9897690145288665,120.73854304635762,74.93551536598335,7.0198675496688745,315.11304383473066,7,7.0_3.0,3.0
74021583,Perm,0,3,58.014965,56.246723,2.9277194231796333,2.085283449932356,123.09631475876803,76.23337810247652,11.32277016200819,332.54711547857755,7,7.0_3.0,3.0
74021588,Perm,0,2,58.014965,56.246723,3.813978494623656,2.726322249208683,129.15483870967742,72.77296892500738,19.032258064516128,525.5936258451547,9,9.0_-1.0,-1.0
74021058,Perm,0,3,58.014965,56.246723,3.135211666430695,2.276107940026765,126.07503893529662,74.60180352647677,8.452498938128274,246.04069131025807,4,4.0_-1.0,-1.0
74021785,Perm,0,3,58.014965,56.246723,3.079937029910792,2.181514229779963,122.03043554311702,75.19772711850125,1.0145181039006472,76.70857189795512,4,4.0_-1.0,-1.0
74021832,Perm,0,0,58.014965,56.246723,3.226731363034848,2.2426643493415743,123.98411998235554,75.18066901046404,16.960741067490076,431.3354098944247,1,1.0_-1.0,-1.0
74021943,Perm,0,0,58.014965,56.246723,2.7696422601136743,2.0335164793447604,120.42460715479773,74.80192592456562,5.600133734536944,195.65690480338304,7,7.0_3.0,3.0
74021990,Perm,0,4,58.014965,56.246723,3.636986301369863,2.6019419739222327,128.08008429926238,73.1319235567724,18.01896733403583,399.0260621431453,2,2.0_-1.0,-1.0
74321682,Pervouralsk,9,4,56.9051246,59.9431941,3.3469708890637295,2.452056416546904,119.45869394177812,74.43837064452656,9.04799370574351,371.66772139260485,8,8.0_-1.0,-1.0
74020634,Petrozavodsk,5,0,61.7900426,34.390007,3.3094609875612515,2.3961800709846033,121.40067847719563,74.22698433291902,7.764794572182435,298.63947732630277,1,1.0_-1.0,-1.0
74020662,Petrozavodsk,5,4,61.7900426,34.390007,2.896836705614135,2.1358277622900332,123.4015388999715,75.03949403266168,16.414933029353094,374.9703522516211,7,7.0_-1.0,-1.0
74020667,Petrozavodsk,5,4,61.7900426,34.390007,3.8059483178937104,2.6671229982997318,124.83276450511946,73.58674866864334,15.943442223305704,388.23468476965616,9,9.0_-1.0,-1.0
74021617,Petushki,0,2,55.9310313,39.4599489,3.8448398576512455,2.8973628702371808,126.37437722419929,74.44250098359373,21.06761565836299,563.2731461402706,9,9.0_-1.0,-1.0
74220821,Podol’sk,4,4,55.4308841,37.5453056,3.8972033257747545,2.972211520904023,125.6281179138322,74.33396786182026,6.840513983371126,260.003043967132,9,9.0_0.0,0.0
74321722,Podol’sk,4,0,55.4308841,37.5453056,3.259929906542056,2.6061119673045168,123.04439252336448,75.78591005782037,1.7133956386292835,122.79202588090861,1,1.0_0.0,0.0
74321760,Podol’sk,4,0,55.4308841,37.5453056,3.400208986415883,2.579952182970448,121.29710902124695,75.11329785256012,8.916753744339951,385.02080630875366,8,8.0_0.0,0.0
74321876,Podol’sk,4,2,55.4308841,37.5453056,3.7245983254129893,2.936163897697021,122.18601493550577,74.51391157695147,9.142339895904051,417.97834419119397,2,2.0_0.0,0.0
74021514,Povarovo,0,3,56.0758541,37.0542886,3.5517241379310347,2.6345275695265817,125.81353767560664,72.66614947423993,0.0,0.0,2,2.0_0.0,0.0
74321575,Prokopyevsk,6,3,53.8879117,86.7492072,3.854964539007092,2.624797868631417,122.6113475177305,75.06098746999947,7.127659574468085,285.6300231506891,9,9.0_-1.0,-1.0
74020668,Pskov,4,2,57.8173923,28.3343465,4.039404132628544,2.939352432372554,127.70783277270543,74.22931712166654,9.322441134070159,246.5523277291323,9,9.0_-1.0,-1.0
74020693,Pskov,4,3,57.8173923,28.3343465,3.602425578831312,2.6798013162429504,123.42756339581037,74.90795109246767,6.4829106945975745,286.60332347251585,2,2.0_-1.0,-1.0
74021608,Purshevo,0,3,56.769699,28.677,3.4563492063492065,2.4194464704945995,128.45502645502646,74.37356461656341,34.92063492063492,574.7422056577755,8,8.0_-1.0,-1.0
74021520,Pushchino,0,3,54.8347213,37.6139685,3.2898785425101216,2.312012089976792,125.59028340080971,74.04005160050548,57.24696356275304,1542.9461598674416,1,1.0_0.0,0.0
74221164,Pushkino,4,0,56.0104274,37.8461892,3.4971418363701323,2.6552712285885964,123.20757413361915,75.22040367936583,16.112897463379777,464.88381181374297,8,8.0_0.0,0.0
74021536,Pushkino,4,3,56.0104274,37.8461892,3.2040191387559807,2.4443466824643942,122.28363636363636,75.42183520487774,6.258373205741627,235.53291989560748,1,1.0_0.0,0.0
74021538,Pushkino,4,3,56.0104274,37.8461892,3.106198347107438,2.403707503765004,120.22534435261709,75.34935060462938,11.694214876033058,336.86912099199697,4,4.0_0.0,0.0
74020860,Pushkino,0,2,56.0104274,37.8461892,4.242518703241895,2.966296457749668,124.82044887780549,73.84396343164639,3.9276807980049875,157.30349337326086,5,5.0_-1.0,-1.0
74221322,Pushkino,4,0,56.0104274,37.8461892,3.8945816439366014,3.0354256910962816,127.01363803907114,73.41489287161853,4.4600073719130116,164.37513968140124,9,9.0_0.0,0.0
74020782,Pyatigorsk,4,3,44.039775,43.0706669,3.7392429634422517,2.9176302520284523,126.02005823358137,74.34647036537444,14.849563248139761,476.498965129229,2,2.0_-1.0,-1.0
74220905,Ramenskoye,4,3,55.5709361,38.2282099,3.4357262103505843,2.655261047408484,123.08180300500835,74.1389569059506,5.550918196994991,326.8829216465177,8,8.0_0.0,0.0
74021529,Rastunovo,0,3,55.2689235,37.8333619,3.6823617339312404,3.012812795396571,121.31838565022422,75.91639285653525,45.51569506726457,981.8845670670413,2,2.0_0.0,0.0
74220491,Reutov,4,3,55.7622453,37.856555,3.2236573759347382,2.3839849779137396,125.22773623385451,73.87110597590788,5.472467709041468,210.7626839986118,1,1.0_0.0,0.0
74221065,Reutov,4,3,55.7622453,37.856555,3.111645813282002,2.2574490327385184,122.96823869104908,75.18628258966352,0.0,0.0,4,4.0_0.0,0.0
74321706,Reutov,4,0,55.7622453,37.856555,3.2856122813280972,2.497392223824791,125.2981078186362,74.41374700179352,0.0,0.0,1,1.0_0.0,0.0
74321719,Reutov,4,0,55.7622453,37.856555,2.8377708978328173,2.176694027125797,120.75046439628483,77.50818271531149,4.984520123839009,204.96300282212212,7,7.0_2.0,2.0
74321858,Revda,0,3,56.8000651,59.9086688,3.2070828331332533,2.3842216785882697,115.5906362545018,76.00749229895202,14.225690276110445,337.6173877848233,1,1.0_-1.0,-1.0
74021970,Roslavl,0,3,53.9448028,32.84788573198853,3.1035031847133756,2.481572658086071,118.77707006369427,75.32157661704883,0.0,0.0,4,4.0_-1.0,-1.0
74021930,Rostov,9,4,47.2216548,39.7096061,2.7777777777777777,1.6414763002993509,89.77777777777777,47.459924614820494,0.0,0.0,7,7.0_-1.0,-1.0
74020481,Rostov-na-Donu,4,3,47.2216548,39.7096061,4.185,3.1699109481614935,126.07,73.83393130373533,12.25,346.4823227814083,5,5.0_-1.0,-1.0
74020511,Rostov-na-Donu,4,3,47.2216548,39.7096061,3.7060120240480963,2.717460216068074,123.97194388777555,74.18247975833427,5.030060120240481,257.1891733610954,2,2.0_-1.0,-1.0
74020575,Rostov-na-Donu,4,3,47.2216548,39.7096061,4.16282722513089,3.4262690202541912,128.0523560209424,73.10545768705862,0.0,0.0,5,5.0_-1.0,-1.0
74020671,Rostov-na-Donu,4,3,47.2216548,39.7096061,3.309418760790332,2.459101671751647,126.50757721081911,75.6768853276185,6.368693650489162,238.24978966150977,1,1.0_-1.0,-1.0
74021162,Rostov-na-Donu,4,3,47.2216548,39.7096061,3.79782711384034,2.818842722350373,127.65989607935758,75.00274451555985,5.573925366084081,256.46114582874367,9,9.0_3.0,3.0
74021205,Rostov-na-Donu,4,0,47.2216548,39.7096061,4.1890391115403185,3.0007236660650816,126.30130371801063,73.72119622272176,8.932882665379044,265.84965753384455,5,5.0_-1.0,-1.0
74017259,Rostov-na-Donu,4,3,47.2216548,39.7096061,3.0564773101856937,2.1843844070228267,124.86891550379079,73.81518398266829,14.097351939347325,346.8827128232592,4,4.0_-1.0,-1.0
74021642,Rostov-na-Donu,4,0,47.2216548,39.7096061,3.665045170257123,2.6870305841703788,122.50729673384295,75.40035781903178,0.0,0.0,2,2.0_-1.0,-1.0
74021733,Rostov-na-Donu,4,4,47.2216548,39.7096061,4.7518796992481205,3.824713805936245,124.95607439651761,73.85563512267505,12.030075187969924,351.6471172313515,3,3.0_-1.0,-1.0
74021900,Rostov-na-Donu,4,2,47.2216548,39.7096061,4.037651821862348,2.9965214327396152,126.95060728744939,74.9081899897274,14.777327935222672,330.9415777411941,9,9.0_3.0,3.0
74021901,Rostov-na-Donu,4,2,47.2216548,39.7096061,3.537614248886806,2.561421426953054,124.92430278884463,74.35019731032709,20.67026013592688,535.3287397483584,2,2.0_-1.0,-1.0
74021999,Rostov-na-Donu,4,2,47.2216548,39.7096061,4.072743601257296,2.858219875432938,124.73372249663224,74.34350477477167,27.503367759317467,534.7902740322845,9,9.0_3.0,3.0
74220958,Ruza,0,4,55.6998907,36.1946992,4.274706867671692,3.1394499894241967,125.44723618090453,74.68795662294035,6.063651591289783,244.7986040338656,5,5.0_-1.0,-1.0
74021237,Ryazan,0,0,54.6295687,39.7425039,3.175250524353298,2.3200861854865176,124.87065951992543,74.54388925759675,3.4024702866464693,159.0548452811671,1,1.0_-1.0,-1.0
74021316,Ryazan,0,0,54.6295687,39.7425039,3.7220630372492836,2.8432035763742443,126.76561604584528,75.32516741859628,7.507163323782235,222.13644644042265,2,2.0_-1.0,-1.0
74021554,Ryazan,0,3,54.6295687,39.7425039,2.5243076923076924,1.9501069912223405,118.38276923076923,75.32928552123785,5.846153846153846,213.90997518054812,0,0.0_-1.0,-1.0
74021802,Ryazan,0,3,54.6295687,39.7425039,3.239476588365127,2.2977384251543924,122.48652057386094,74.96626235557976,5.360239634242472,194.13415948343706,1,1.0_-1.0,-1.0
74021865,Ryazan,0,2,54.6295687,39.7425039,3.3554948391013966,2.52522744002843,126.65938069216757,74.25087730243433,5.88949605343048,196.0014376272469,8,8.0_0.0,0.0
74021890,Ryazan,0,3,54.6295687,39.7425039,2.8898809523809526,2.1561415617275475,120.8430735930736,75.10907232789522,6.466450216450217,234.75890720235694,7,7.0_-1.0,-1.0
74021873,Rybinsk,4,0,58.050373,38.834637,2.8885209713024285,2.132999282553141,118.88300220750551,76.30081996815146,22.29580573951435,653.4617706684012,7,7.0_-1.0,-1.0
74021889,Rybinsk,4,3,58.050373,38.834637,3.128813559322034,2.2437745615759908,123.71212516297263,75.02963800791201,3.6766623207301175,163.4894012294545,4,4.0_-1.0,-1.0
74220601,Rzhavki,0,0,56.0129462,37.2243412,3.56390977443609,2.8691541921730725,121.78067811037026,73.64788851323054,9.802808909065115,344.43702645973224,2,2.0_0.0,0.0
74021887,Safonovo,0,2,55.1084278,33.2376513,4.265755839576906,3.007834363985272,123.4834728955487,73.99819647878978,7.095636844424857,244.53079305231836,5,5.0_-1.0,-1.0
74020450,Saint Petersburg,4,0,59.9606739,30.1586551,2.926845415425356,2.183231764916572,124.58126448195962,75.2095247674891,1.9198940748096656,105.52433669014964,7,7.0_4.0,4.0
74020451,Saint Petersburg,4,1,59.9606739,30.1586551,2.9971573907839617,2.2050011168357435,124.92100538599641,74.79517273766854,5.580490724117295,186.87353729992975,4,4.0_2.0,2.0
74020474,Saint Petersburg,4,0,59.9606739,30.1586551,2.8396543446951514,2.035276473767483,122.46375420067211,74.72844158983388,12.842054728756601,394.12338336339377,7,7.0_4.0,4.0
74020478,Saint Petersburg,4,2,59.9606739,30.1586551,3.5677102980007542,2.655153130106761,125.93360995850622,74.6090010853595,9.43040362127499,332.00882289949084,2,2.0_-1.0,-1.0
74020521,Saint Petersburg,4,3,59.9606739,30.1586551,2.7426992896606155,1.84629840925268,122.41831097079717,75.17381632255814,10.812943962115233,334.29330408768243,7,7.0_4.0,4.0
74020522,Saint Petersburg,4,4,59.9606739,30.1586551,3.5991605456453306,2.525287583783439,127.15215110178384,75.38190296898087,7.345225603357817,231.830465278784,2,2.0_-1.0,-1.0
74020523,Saint Petersburg,4,0,59.9606739,30.1586551,3.0043754101947058,2.2336158874254375,124.85320498796762,74.7249259052292,10.391599212426165,327.6320449848653,4,4.0_2.0,2.0
74020524,Saint Petersburg,4,2,59.9606739,30.1586551,3.0851036100612537,2.256419048318587,123.99895738303141,74.9851288625225,8.158477779225857,303.60393480618666,4,4.0_2.0,2.0
74020543,Saint Petersburg,4,0,59.9606739,30.1586551,3.335385612443292,2.5782958886016707,124.80751782242385,72.91069039095531,16.26701231367466,530.2650314321672,8,8.0_1.0,1.0
74020606,Saint Petersburg,4,3,59.9606739,30.1586551,3.023682336182336,2.1691535479868698,124.3454415954416,75.08398840581906,5.235042735042735,257.5541128744012,4,4.0_2.0,2.0
74020619,Saint Petersburg,4,0,59.9606739,30.1586551,3.0692947756104214,2.279058176924165,121.34879279770836,74.86467931983101,4.324103123721184,187.52823377458756,4,4.0_2.0,2.0
74020618,Saint Petersburg,4,0,59.9606739,30.1586551,3.0914463452566094,2.2655886574318935,125.84012441679627,75.06557561342571,7.122861586314152,238.49173867886668,4,4.0_2.0,2.0
74020615,Saint Petersburg,4,4,59.9606739,30.1586551,2.936680901192755,2.1545161933984223,122.50036813429539,74.52922225818116,12.81107347960536,366.02498699629314,7,7.0_4.0,4.0
74020647,Saint Petersburg,4,0,59.9606739,30.1586551,2.8378588052754075,2.0748718331555214,122.75872769588828,76.13568532552347,2.2498060512024827,114.23167291506468,7,7.0_4.0,4.0
74020648,Saint Petersburg,4,0,59.9606739,30.1586551,2.7578108618158943,1.9335257217673685,126.23443069825959,74.32004682170486,2.0549381421681696,141.9098086576403,7,7.0_4.0,4.0
74020663,Saint Petersburg,4,3,59.9606739,30.1586551,3.3219004779308405,2.326814878386668,124.77930840596008,76.10584024448508,5.594602192859151,193.073730806811,1,1.0_5.0,5.0
74020665,Saint Petersburg,4,2,59.9606739,30.1586551,3.1962931760741364,2.3759729860985557,124.65711878685762,76.29895629247247,16.090985678180285,402.58718764252563,1,1.0_5.0,5.0
74020666,Saint Petersburg,4,2,59.9606739,30.1586551,3.026419336706015,2.103315489121875,126.82405845980888,73.10926815497686,0.0,0.0,4,4.0_2.0,2.0
74020784,Saint Petersburg,4,3,59.9606739,30.1586551,2.7569079698561314,1.8992391650186728,124.41333637816854,76.32496930193624,10.070792418360357,324.21086036887175,7,7.0_4.0,4.0
74020815,Saint Petersburg,4,0,59.9606739,30.1586551,3.0728813559322035,2.2213735196260447,130.61129943502826,73.05485548261231,7.966101694915254,240.58147273182732,4,4.0_2.0,2.0
74020816,Saint Petersburg,0,3,59.9606739,30.1586551,2.500792097660982,1.7431731643768806,124.22029633771317,75.14637547117343,10.455689124965055,350.7503435659994,0,0.0_2.0,2.0
74020861,Saint Petersburg,4,4,59.9606739,30.1586551,3.4442501942501944,2.58385685807423,121.34188034188034,75.71463082960115,4.642579642579642,203.17044211681048,8,8.0_1.0,1.0
74020877,Saint Petersburg,0,3,59.9606739,30.1586551,2.7605777054515865,2.0069665017201377,124.70056956875509,75.56604064094917,11.655817737998373,349.80655070815243,7,7.0_4.0,4.0
74020879,Saint Petersburg,4,4,59.9606739,30.1586551,3.278568752341701,2.3989711220244536,125.18621206444361,74.81326563674892,9.179467965530161,309.2024973804401,1,1.0_5.0,5.0
74020881,Saint Petersburg,4,3,59.9606739,30.1586551,3.0716382853787434,2.274968832522301,127.15325895478567,75.00131765621887,11.509101585437463,346.0321949566333,4,4.0_2.0,2.0
74020882,Saint Petersburg,4,3,59.9606739,30.1586551,2.6798004129387474,1.9097296625463664,122.41500344115623,76.12024720378841,10.082587749483826,313.93088459485654,0,0.0_2.0,2.0
74020883,Saint Petersburg,4,4,59.9606739,30.1586551,3.3132935026138908,2.360184200983611,124.58999253174011,74.47442496940582,9.970126960418222,260.4870281280712,1,1.0_5.0,5.0
74020920,Saint Petersburg,4,3,59.9606739,30.1586551,2.6932017840248683,1.8966814137339008,123.8205162859846,75.19073848583615,2.4192458440329774,120.22254275445428,0,0.0_2.0,2.0
74020987,Saint Petersburg,4,3,59.9606739,30.1586551,3.025943396226415,2.191613327724049,122.22506738544475,76.12469515870146,4.076819407008086,157.1578012095367,4,4.0_2.0,2.0
74021005,Saint Petersburg,0,3,59.9606739,30.1586551,2.594572918059083,1.8284494051889932,125.00147039165887,75.44829389266262,5.587488303702713,200.8692483807335,0,0.0_2.0,2.0
74021028,Saint Petersburg,4,3,59.9606739,30.1586551,2.693482885321988,1.8684580457454465,125.55250435118933,74.7668257911984,8.257590408044866,298.4996009670376,0,0.0_2.0,2.0
74021029,Saint Petersburg,4,4,59.9606739,30.1586551,3.253346554288547,2.41036071686371,127.86812097174021,74.6150079737058,8.973723351512147,292.706257093862,1,1.0_5.0,5.0
74021051,Saint Petersburg,4,3,59.9606739,30.1586551,3.2514329384791747,2.305139611028046,127.15475735575086,73.20024670353436,4.432556362246848,160.30907450238968,1,1.0_5.0,5.0
74021052,Saint Petersburg,4,0,59.9606739,30.1586551,3.1592432593475346,2.341099371820046,123.89334127811709,74.63631691206588,2.249366900044689,133.76372673026026,1,1.0_5.0,5.0
74021063,Saint Petersburg,4,4,59.9606739,30.1586551,3.068893528183716,2.1243022024398863,127.60751565762004,76.07408534830641,0.0,0.0,4,4.0_2.0,2.0
74021089,Saint Petersburg,4,3,59.9606739,30.1586551,2.8060831930752586,2.023672937280013,123.9028612647271,74.97270034345784,6.143303678768935,221.81606321230205,7,7.0_4.0,4.0
74021130,Saint Petersburg,4,4,59.9606739,30.1586551,3.2016528925619836,2.297759696565844,126.52396694214876,75.3219014793356,2.603305785123967,128.06571143862462,1,1.0_5.0,5.0
74021148,Saint Petersburg,4,3,59.9606739,30.1586551,2.8805297651556527,2.0783001129165117,123.42763517203714,75.7381813088144,13.967777170944839,399.70648393873245,7,7.0_4.0,4.0
74021150,Saint Petersburg,4,2,59.9606739,30.1586551,3.2803643724696356,2.3438775853613913,129.65317139001348,73.1626500213516,17.105263157894736,545.2655005911912,1,1.0_5.0,5.0
74021151,Saint Petersburg,4,4,59.9606739,30.1586551,3.0261845386533666,2.248164773720578,131.09725685785537,77.05984844361988,0.0,0.0,4,4.0_2.0,2.0
74021182,Saint Petersburg,4,0,59.9606739,30.1586551,3.1232109520846296,2.2916245875416603,126.00871188550093,75.43196850417148,7.809583074051027,320.4484386377123,4,4.0_2.0,2.0
74021183,Saint Petersburg,4,2,59.9606739,30.1586551,3.149039476461896,2.256034425279082,127.56681443951868,74.53938383888516,13.53177116318345,368.3138778829002,4,4.0_2.0,2.0
74021247,Saint Petersburg,4,3,59.9606739,30.1586551,2.6337104654152736,1.875357447081158,123.64669580869118,74.60185789922741,7.919773720750836,289.45554233092054,0,0.0_2.0,2.0
74021269,Saint Petersburg,4,4,59.9606739,30.1586551,2.947019867549669,2.2342996296327726,129.38767193071828,74.5693308799273,10.137544574630667,259.84024620699495,7,7.0_4.0,4.0
74021274,Saint Petersburg,4,3,59.9606739,30.1586551,2.76193724420191,1.9123793486060228,124.12169167803548,74.547058592162,9.18144611186903,333.05461577318744,7,7.0_4.0,4.0
74021275,Saint Petersburg,4,4,59.9606739,30.1586551,2.936487854251012,2.026901105371725,126.08957489878543,75.18521445303384,5.592105263157895,262.46305788928623,7,7.0_4.0,4.0
74021325,Saint Petersburg,4,3,59.9606739,30.1586551,2.857507443641004,2.116804553120423,123.29817099106764,75.267922449161,5.253083794130157,181.04159200760668,7,7.0_4.0,4.0
74021377,Saint Petersburg,4,3,59.9606739,30.1586551,2.9946257197696737,2.11639830318443,124.23646833013436,75.44518245696109,4.587332053742802,201.9583345471375,4,4.0_2.0,2.0
74021378,Saint Petersburg,4,3,59.9606739,30.1586551,3.03125,2.1964155289573974,126.81802721088435,75.53207709069584,16.87925170068027,455.9199720630775,4,4.0_2.0,2.0
74021379,Saint Petersburg,4,2,59.9606739,30.1586551,3.7874892887746356,2.8816187858445,126.28449014567266,75.18295187824256,2.4850042844901457,120.05425794216045,9,9.0_-1.0,-1.0
74021380,Saint Petersburg,4,3,59.9606739,30.1586551,2.6292662116040955,1.993678117890948,125.48293515358361,74.70297150971662,1.2372013651877134,84.70990448636287,0,0.0_2.0,2.0
74021381,Saint Petersburg,4,3,59.9606739,30.1586551,2.635015546519971,1.9936529909422869,120.64673523080603,76.07306622478532,7.187275771346568,257.4097567846818,0,0.0_2.0,2.0
74021492,Saint Petersburg,4,0,59.9606739,30.1586551,2.8121493047084654,2.01176110993622,124.32007806782141,73.3093288792496,15.198828982678702,434.7752915721349,7,7.0_4.0,4.0
74021494,Saint Petersburg,0,3,59.9606739,30.1586551,2.7980647875473283,1.911844431328771,124.03982611134484,75.16873649741424,10.082737343991026,318.86568135633513,7,7.0_4.0,4.0
74021545,Saint Petersburg,4,3,59.9606739,30.1586551,3.1080687445383046,2.195228621177193,125.73492572094378,75.11505313181091,1.689484415962715,98.98994702788607,4,4.0_2.0,2.0
74021591,Saint Petersburg,4,3,59.9606739,30.1586551,2.8159331834243493,1.9540529163028153,127.49759074847414,74.29256446480237,7.067137809187279,253.77124883794565,7,7.0_4.0,4.0
74021593,Saint Petersburg,4,3,59.9606739,30.1586551,2.760392156862745,2.0020189464318743,123.58039215686274,76.2185085085354,8.333333333333334,288.09000131773627,7,7.0_4.0,4.0
74021638,Saint Petersburg,4,3,59.9606739,30.1586551,3.1775244299674266,2.295178835852087,126.39739413680782,74.68852646804875,5.465074194715888,206.7174847671915,1,1.0_5.0,5.0
74021640,Saint Petersburg,4,3,59.9606739,30.1586551,2.9160664819944597,2.0106771475070135,122.18725761772853,76.3137301111474,9.265927977839334,288.54717010399185,7,7.0_4.0,4.0
74009310,Saint Petersburg,0,3,59.9606739,30.1586551,2.7929717341482045,2.0343991117600386,124.04354469060351,74.91941753403283,3.991596638655462,174.64458396877652,7,7.0_4.0,4.0
74011239,Saint Petersburg,4,3,59.9606739,30.1586551,2.7642857142857142,1.9955862714285482,125.34044265593562,75.47855436104135,14.084507042253522,422.4112303327494,7,7.0_4.0,4.0
74012019,Saint Petersburg,4,0,59.9606739,30.1586551,2.8641319541515236,1.9890618207222273,123.92284036902433,75.08961593033611,6.3181436958344985,283.4141926101076,7,7.0_4.0,4.0
74012022,Saint Petersburg,4,0,59.9606739,30.1586551,2.7884876869617767,1.9432832442969223,123.43737724731832,75.61142012260395,5.967668832149871,227.3310387757525,7,7.0_4.0,4.0
74012107,Saint Petersburg,4,3,59.9606739,30.1586551,2.669703553157194,1.8595617176505446,125.19812180250894,75.57336619098363,7.127338986614339,270.7553563049761,0,0.0_2.0,2.0
74012184,Saint Petersburg,4,0,59.9606739,30.1586551,2.8811380400421496,2.102604276056566,122.85353003161222,75.32276137943819,2.065331928345627,142.2682427591877,7,7.0_4.0,4.0
74012185,Saint Petersburg,4,0,59.9606739,30.1586551,2.8865950226244346,2.0683774884223842,124.38178733031674,77.28638488369319,5.260180995475113,238.81108467375637,7,7.0_4.0,4.0
74012833,Saint Petersburg,4,0,59.9606739,30.1586551,2.757244655581948,1.908696634108209,124.58527315914489,74.9575470044142,7.292161520190024,248.34263201292717,7,7.0_4.0,4.0
74012966,Saint Petersburg,4,2,59.9606739,30.1586551,3.229072031148605,2.3695024609353186,128.07008436080469,74.6837111120404,15.92039800995025,485.5346432655506,1,1.0_5.0,5.0
74013222,Saint Petersburg,4,0,59.9606739,30.1586551,3.172323759791123,2.476118507207434,124.19773716275022,74.28736570771855,10.496083550913838,342.8683200833266,1,1.0_5.0,5.0
74013406,Saint Petersburg,4,0,59.9606739,30.1586551,2.920427950518221,2.1914291737325358,120.36242059511869,75.82477409514802,1.9391507856904044,106.05222561080141,7,7.0_4.0,4.0
74013755,Saint Petersburg,4,0,59.9606739,30.1586551,2.9408268035666034,2.1686987672883724,120.05512023777358,75.30183723301818,19.454201567144015,543.7853554798697,7,7.0_4.0,4.0
74013948,Saint Petersburg,4,0,59.9606739,30.1586551,3.129702414373947,2.3022203050988757,122.72768107804605,75.01091907906194,10.331274564851206,252.56883480453865,4,4.0_2.0,2.0
74014706,Saint Petersburg,4,3,59.9606739,30.1586551,3.0331116652812415,2.2804324633796402,124.38293155998892,74.80912997274073,5.99889165973954,216.70893211151102,4,4.0_2.0,2.0
74014946,Saint Petersburg,4,2,59.9606739,30.1586551,3.4302030456852792,2.4810940800092998,127.60812182741117,73.92364637790752,12.944162436548224,385.45523993629666,8,8.0_1.0,1.0
74014994,Saint Petersburg,4,0,59.9606739,30.1586551,2.721897135817678,1.928151301389099,125.74437942716354,75.94811244539693,0.0,0.0,0,0.0_2.0,2.0
74015266,Saint Petersburg,4,0,59.9606739,30.1586551,2.8407699037620295,2.0648183801714417,122.22922134733159,74.36438727920067,2.537182852143482,121.30812232671043,7,7.0_4.0,4.0
74015748,Saint Petersburg,4,0,59.9606739,30.1586551,3.035479632063075,2.207261696380539,125.51004317627182,74.52452009580954,6.664163694387085,229.12813828307907,4,4.0_2.0,2.0
74015749,Saint Petersburg,4,0,59.9606739,30.1586551,2.836744882675986,1.9738064435098714,127.20319520718921,74.0062107565627,0.0,0.0,7,7.0_4.0,4.0
74016068,Saint Petersburg,4,3,59.9606739,30.1586551,2.8879372913340107,2.0253004676967397,123.64174771374655,75.66052520653861,1.9741617070692408,116.16772649732064,7,7.0_4.0,4.0
74016847,Saint Petersburg,4,3,59.9606739,30.1586551,2.6327724945135333,1.8805676129835265,124.39627965304629,76.19180252567035,9.008255826105131,323.75363796650953,0,0.0_2.0,2.0
74020322,Saint Petersburg,0,0,59.9606739,30.1586551,2.873797726610318,2.0742002969232565,125.6289128533955,73.8315177932748,4.966482075196736,242.1240266653267,7,7.0_4.0,4.0
74020379,Saint Petersburg,4,0,59.9606739,30.1586551,3.1060507482108,2.337710338727372,124.96291476903058,74.80853457758302,4.207330297115593,165.6764074100034,4,4.0_2.0,2.0
74020392,Saint Petersburg,4,0,59.9606739,30.1586551,3.467893929432391,2.8153788869735714,124.00613631382862,73.9250894998362,2.586017970633355,174.68546606250186,8,8.0_1.0,1.0
74020431,Saint Petersburg,4,0,59.9606739,30.1586551,2.778538812785388,2.0222762564456365,124.71885192433137,75.24519061955506,4.92498369210698,197.91377886596933,7,7.0_4.0,4.0
74020377,Saint Petersburg,4,0,59.9606739,30.1586551,2.615461512829057,1.7548259729295808,128.82772409196934,75.6049555989454,2.4325224925024993,133.2569480187365,0,0.0_2.0,2.0
74020376,Saint Petersburg,4,4,59.9606739,30.1586551,3.7225336322869955,2.668662080879542,125.63004484304933,74.14768610667593,11.350896860986547,332.3043925818082,2,2.0_-1.0,-1.0
74020398,Saint Petersburg,4,2,59.9606739,30.1586551,3.0485308682733576,2.3283805526886354,126.11158798283262,74.45161533624564,9.310003301419611,257.83460766508523,4,4.0_2.0,2.0
74021685,Saint Petersburg,4,3,59.9606739,30.1586551,2.8111044055522028,2.1402493964453093,125.25648762824382,75.38035154994674,2.202776101388051,126.80798689409428,7,7.0_4.0,4.0
74021686,Saint Petersburg,4,3,59.9606739,30.1586551,2.7885679164105714,2.0256943876385205,121.35279655808236,76.3890557648735,4.5636140135218195,186.60147575001167,7,7.0_4.0,4.0
74021713,Saint Petersburg,4,3,59.9606739,30.1586551,2.922893101800223,2.0217381514840698,124.67739365939143,75.71751504423692,4.2854866974669426,197.68204267174946,7,7.0_4.0,4.0
74021824,Saint Petersburg,4,3,59.9606739,30.1586551,2.9690721649484537,2.1498909637486756,120.2162433995474,75.17933962404126,11.390495348252452,307.2620419359816,4,4.0_2.0,2.0
74021846,Saint Petersburg,4,3,59.9606739,30.1586551,3.031242094611687,2.2156159937660402,122.89754616746775,76.3697313400124,7.854793827472806,297.81880845510176,4,4.0_2.0,2.0
74021862,Saint Petersburg,4,3,59.9606739,30.1586551,3.1163147792706334,2.3220922359848637,122.65950095969289,75.51043931482491,3.3397312859884836,139.15101207388741,4,4.0_2.0,2.0
74021863,Saint Petersburg,4,3,59.9606739,30.1586551,2.9665220086794792,2.190407718438617,125.51270923744575,75.84870089662121,24.11655300681959,596.5325083793604,4,4.0_2.0,2.0
74021913,Saint Petersburg,4,3,59.9606739,30.1586551,3.374183827222501,2.442940094617358,124.76142641888498,74.83996217574418,8.588648920140633,273.7999252135902,8,8.0_1.0,1.0
74021916,Saint Petersburg,4,3,59.9606739,30.1586551,2.7859838274932613,1.9482940028817701,125.58562443845463,75.11351635808037,4.564240790655885,204.243298536597,7,7.0_4.0,4.0
74021953,Saint Petersburg,4,0,59.9606739,30.1586551,3.086675887505763,2.110209500887058,124.6055017673275,74.90399873158744,11.510680805286615,370.71309263372245,4,4.0_2.0,2.0
74022005,Saint Petersburg,0,3,59.9606739,30.1586551,2.8210296260320544,2.1584714471569413,129.63963088878097,73.49824512195204,10.879067508499272,299.5229863919025,7,7.0_4.0,4.0
74021485,Salavat,0,3,53.361687,55.924641,3.72813839073163,4.249506060247827,120.69004919853991,76.09840711897458,17.886049833359785,525.5071990179084,2,2.0_-1.0,-1.0
74021937,Salekhard,0,3,66.5375387,66.6157469,3.7463054187192117,2.7166016616299418,121.54679802955665,73.31266730417693,26.600985221674875,535.9950003443023,2,2.0_-1.0,-1.0
74220384,Samara,4,0,53.198627,50.113987,3.596451876019576,2.714070657797544,122.73001631321371,75.2389660166898,12.969004893964112,384.9226466042278,2,2.0_-1.0,-1.0
74213461,Samara,4,0,53.198627,50.113987,2.858863495985176,2.0845949680761486,123.86534898085237,74.62066626922235,2.872143298332304,163.43479640055375,7,7.0_-1.0,-1.0
74214957,Samara,4,0,53.198627,50.113987,3.145398080180689,2.2690746352481828,123.45511010728401,75.46759196385251,8.907396950875212,295.9007295380102,4,4.0_-1.0,-1.0
74215951,Samara,4,3,53.198627,50.113987,3.162997042392376,2.28266688491086,124.48241866579033,74.30966279705396,0.0,0.0,1,1.0_6.0,6.0
74216325,Samara,4,3,53.198627,50.113987,2.8681672025723475,1.8767111185693677,122.14147909967846,74.20713003404225,0.0,0.0,7,7.0_-1.0,-1.0
74220488,Samara,4,3,53.198627,50.113987,3.142053911030263,2.200388490434456,126.26294030097569,75.14422556180264,4.878452125020671,169.69650754964613,4,4.0_-1.0,-1.0
74220489,Samara,4,0,53.198627,50.113987,3.9230937773882557,2.8575657070062754,123.50832602979843,74.29993630903908,6.507449605609115,232.19725717285263,9,9.0_-1.0,-1.0
74220516,Samara,4,0,53.198627,50.113987,3.250704225352113,2.340284322140859,122.75399061032864,74.98073663887037,6.948356807511737,338.4543991235737,1,1.0_6.0,6.0
74220628,Samara,4,0,53.198627,50.113987,3.1963730569948186,2.293740664395366,124.09948186528497,75.38471391286305,4.041450777202073,183.27090115489102,1,1.0_6.0,6.0
74220822,Samara,4,0,53.198627,50.113987,3.61587666065278,2.697706786521614,123.53419714613744,75.25769063678985,5.445300967689027,222.71706213281266,2,2.0_-1.0,-1.0
74221002,Samara,4,0,53.198627,50.113987,3.158974358974359,2.3399721739660633,121.36324786324786,74.88854221296855,7.585470085470085,237.79491911014088,1,1.0_6.0,6.0
74221158,Samara,4,0,53.198627,50.113987,3.9678030303030303,3.0324545730905617,126.30909090909091,74.9970506001321,1.0984848484848484,79.81987297166127,9,9.0_-1.0,-1.0
74221258,Samara,4,0,53.198627,50.113987,3.220996651565885,2.353846078798682,123.21449675004924,75.80667238847064,7.090801654520386,230.9080010584408,1,1.0_6.0,6.0
74221445,Samara,4,3,53.198627,50.113987,3.0880361173814896,2.103094232178566,126.26335590669676,74.12343666205422,2.0817657386506143,131.44830022027713,4,4.0_-1.0,-1.0
74321823,Samara,4,0,53.198627,50.113987,3.153135313531353,2.298674400499531,121.98151815181518,77.40592638651475,0.0,0.0,1,1.0_6.0,6.0
74321833,Samara,4,3,53.198627,50.113987,3.6116123970184386,2.626060096403881,125.47038054138878,75.06717298958255,10.160847391133778,298.15420797261595,2,2.0_-1.0,-1.0
74321848,Samara,4,3,53.198627,50.113987,2.7208087233075875,1.8805425643951648,124.12630622444344,75.44979833347139,8.405270331667424,260.73367766705155,0,0.0_-1.0,-1.0
74021650,Saransk,4,2,54.18671,45.18383,3.3717076058005326,2.5676827001255695,123.00207161882214,77.75843289047681,1.8644569399230542,108.37932792518714,8,8.0_-1.0,-1.0
74021017,Sarapul,0,3,56.477334,53.8192957,3.527420871200251,2.603069725928792,120.3961140708242,75.3519543585113,9.056722030711375,295.3709005334071,2,2.0_-1.0,-1.0
74020624,Saratov,0,2,51.530018,46.034683,3.4470023980815347,2.623666039754641,121.75795363709032,74.18189291611263,6.394884092725819,234.2049689537302,8,8.0_-1.0,-1.0
74020849,Saratov,0,0,51.530018,46.034683,3.293016194331984,2.3484980381804665,122.42914979757084,74.15964639787443,14.321862348178138,441.49042667162433,1,1.0_2.0,2.0
74021152,Saratov,0,2,51.530018,46.034683,2.9961765174446393,2.2147280719822997,122.61908555042217,75.11549449556209,8.539111040305878,262.1558120609974,4,4.0_-1.0,-1.0
74021264,Saratov,0,3,51.530018,46.034683,3.2513,2.308436959962268,124.0764,74.49884006316516,6.21,243.06448513592778,1,1.0_2.0,2.0
74021265,Saratov,0,2,51.530018,46.034683,3.318622174381055,2.533515190582473,121.97631862217438,75.18019896157428,11.0010764262648,310.40936163460015,1,1.0_2.0,2.0
74021483,Saratov,0,3,51.530018,46.034683,3.306168764184031,2.3736605604079335,123.05343511450381,76.05688017488438,11.017123994223232,276.40448596855026,1,1.0_2.0,2.0
74021487,Saratov,0,3,51.530018,46.034683,2.8187805796010537,2.009317918517774,122.6496048174633,75.18249027783051,7.997741814076026,273.94205444760524,7,7.0_-1.0,-1.0
74015796,Saratov,0,3,51.530018,46.034683,2.82437403583719,2.065681328564394,120.93034294529488,74.77946221748198,14.489142043431826,416.2126315181162,7,7.0_-1.0,-1.0
74020323,Saratov,0,0,51.530018,46.034683,3.0086996336996337,2.189764846756573,124.17399267399267,74.49088755790027,2.731990231990232,127.75499932554877,4,4.0_-1.0,-1.0
74020387,Saratov,0,0,51.530018,46.034683,3.933228417266187,2.8649683007058684,123.56654676258992,75.32334063714843,0.0,0.0,9,9.0_-1.0,-1.0
74021779,Saratov,0,2,51.530018,46.034683,3.441955193482688,2.482708945723089,125.01832993890021,75.0249475865263,10.749038243946595,348.0006337324439,8,8.0_-1.0,-1.0
74021944,Saratov,0,3,51.530018,46.034683,3.409665636414723,2.402611675188111,124.25400393368923,73.95666351111598,6.631076144984546,291.73720656812264,8,8.0_-1.0,-1.0
74021995,Saratov,0,3,51.530018,46.034683,2.968349358974359,2.17373067071232,121.34615384615384,75.452065543505,4.6875,191.95934361547089,4,4.0_-1.0,-1.0
74321690,Selyatino,4,2,55.51537,36.98217,3.8657394266250353,3.091611571535837,125.46352540448481,76.21242255187146,14.81691739994323,478.8800573085354,9,9.0_0.0,0.0
74021169,Sergiev-Posad,0,3,56.3153284,38.1359898,2.924563206577595,2.331461852622326,121.37471736896197,75.71074126281584,2.014388489208633,140.5026946156002,7,7.0_2.0,2.0
74220533,Sergiev-Posad,4,2,56.3153284,38.1359898,3.1152048885693744,2.2889881551635574,121.36304816678648,75.50263311893148,3.3069734004313442,142.4971509089033,4,4.0_0.0,0.0
74220579,Sergiev-Posad,4,0,56.3153284,38.1359898,3.506548536209553,2.6806153978747997,123.31895223420648,73.78104332132916,2.2342064714946073,113.83495743693433,8,8.0_0.0,0.0
74221488,Serpukhov,4,0,54.9155247,37.4195533,3.371309119414685,2.536887802661186,119.71047818134309,75.64339676109155,7.682257643062451,285.51644389559556,8,8.0_0.0,0.0
74021335,Severodvinsk,5,4,64.563385,39.823769,3.090955414012739,2.1541350675373288,123.17656050955414,74.6300058869539,15.031847133757962,339.07633763943113,4,4.0_-1.0,-1.0
74020908,Shakhovskaya,0,3,56.031464,35.5102036,4.027890761185358,3.0151421389865694,126.83556072051132,74.14963839584668,4.2417199302730975,175.9674841866919,9,9.0_-1.0,-1.0
74321812,Shatura,4,3,55.578403,39.5437584,3.434348477284074,2.6685084738307503,122.21667498751872,74.97893797852387,2.8956565152271594,129.59478302893777,8,8.0_0.0,0.0
74220439,Shcherbinka,0,2,55.5069136,37.5673544,3.921509757666738,3.010679994741916,127.47844735149046,74.62590181555183,32.08235041818572,904.3581596384491,9,9.0_0.0,0.0
74321629,Shchyolkovo,4,4,55.9206499,37.9915576,3.483924154987634,2.694807213462483,124.85869744435284,75.56343320645811,20.115416323165704,524.7574385014724,8,8.0_0.0,0.0
74220705,Shchyolkovo,4,3,55.9206499,37.9915576,3.2983404091084525,2.530003957431183,121.3724430721729,75.69122295616923,2.238517946738711,113.94474139285451,1,1.0_0.0,0.0
74221073,Shchyolkovo,4,3,55.9206499,37.9915576,3.600198085176626,2.810202672845254,123.34763948497854,75.98419614158895,7.890392868933642,264.83801510332313,2,2.0_0.0,0.0
74021518,Shchyolkovo,0,3,55.9206499,37.9915576,3.2232854864433813,2.3559929809646114,120.00637958532695,73.27221745388681,9.250398724082935,231.62968851095275,1,1.0_0.0,0.0
74021236,Sheremetyevo airport,10,3,55.97608755,37.4238008194297,2.868640850417616,1.947921709862039,132.69552012148824,74.33221934776344,0.0,0.0,7,7.0_2.0,2.0
74021532,Skolkovo,0,3,53.3193964,50.7457846,2.6885245901639343,1.6703257483808633,132.22446406052964,72.47930234653228,8.701134930643127,346.51935305675926,0,0.0_-1.0,-1.0
74021108,Slavyansk-na-Kubani,7,3,45.2590875,38.1244609,4.006521739130434,2.990146156285713,118.30326086956522,73.35023528067029,18.967391304347824,502.1010696289905,9,9.0_2.0,2.0
74021235,Smolensk,0,3,54.7814057,32.0461261,3.60026525198939,2.7253611606091694,123.23076923076923,74.09205483552466,10.39787798408488,321.780501605249,2,2.0_-1.0,-1.0
74021252,Smolensk,0,3,54.7814057,32.0461261,2.9879117028731605,2.203592567734115,122.15837421163279,75.81738320850533,6.429572529782761,243.06539052303782,4,4.0_-1.0,-1.0
74021453,Smolensk,0,3,54.7814057,32.0461261,2.7464743589743588,1.9611110302928565,117.5474358974359,77.12603569553147,13.91025641025641,339.0332062575549,7,7.0_-1.0,-1.0
74021531,Snegiri,0,3,55.8852215,37.0391707,3.7058823529411766,2.719271851560552,134.61624649859945,73.33124190976797,36.41456582633053,571.0319161067132,2,2.0_0.0,0.0
74220497,Sochi,7,3,43.5854823,39.723109,4.144115292233787,3.226723026183618,123.71977582065652,73.44410105928358,9.407526020816654,276.0416781304635,5,5.0_-1.0,-1.0
74220715,Sochi,7,3,43.5854823,39.723109,3.1923591212989493,2.4483699772386576,118.53447946513849,73.91023654279127,2.254059216809933,163.08862240621593,1,1.0_-1.0,-1.0
74220718,Sochi,7,0,43.5854823,39.723109,3.034544018949862,2.489660942463288,115.89577575996842,75.07944718664461,5.11251480457955,213.85272578362452,4,4.0_-1.0,-1.0
74220971,Sochi,7,0,43.5854823,39.723109,3.1867426942266572,2.681243751641229,121.0263720598717,72.99155767841108,17.89023521026372,529.231776492873,1,1.0_-1.0,-1.0
74221289,Sochi,7,3,43.5854823,39.723109,2.8290766208251474,2.2377993374108853,115.7696463654224,74.16632639607727,6.630648330058939,397.1966645710057,7,7.0_-1.0,-1.0
74221291,Sochi,7,4,43.5854823,39.723109,3.5455840455840457,2.7845965802582087,119.83855650522317,75.19870465987695,10.018993352326685,266.05109008786917,2,2.0_-1.0,-1.0
74221298,Sochi,7,3,43.5854823,39.723109,3.010354745925216,2.3748950991451436,116.5150527325024,74.74500207885244,6.327900287631831,264.01503169784434,4,4.0_-1.0,-1.0
74220890,Solnechnogorsk,4,3,56.1853501,36.9781536,3.370842092246816,2.6931184591551673,122.79263014714975,75.54771498706701,4.8843823420304195,204.16667220500054,8,8.0_0.0,0.0
74020646,Sosnovy Bor,9,3,59.8968655,29.0765628,2.993755090958458,2.276205732922882,121.84740700515884,74.55218879836504,1.7105620418137388,103.81011927276927,4,4.0_-1.0,-1.0
74221176,Staraya Kupavna,4,3,55.8070323,38.1774172,3.520249221183801,2.761189041646171,124.52109883885585,75.76555679994577,1.642594165958652,97.60658872514774,8,8.0_0.0,0.0
74021621,Stary Oskol,4,0,51.298038,37.833202,3.5966958211856173,2.72163306698769,123.5814706835115,77.04898085283901,6.41399416909621,356.3665031229857,2,2.0_-1.0,-1.0
74021061,Stavropol,4,0,44.8632577,43.4406913,3.858695652173913,2.8403090793836294,129.6304347826087,78.1851127488324,0.0,0.0,9,9.0_-1.0,-1.0
74021126,Stavropol,4,3,44.8632577,43.4406913,3.627710843373494,2.5429039563078746,125.13253012048193,74.99247664736122,0.0,0.0,2,2.0_-1.0,-1.0
74015174,Stavropol,4,3,44.8632577,43.4406913,3.571636212624585,2.7096721304134666,121.90116279069767,74.13193166592214,1.308139534883721,90.78149078841705,2,2.0_-1.0,-1.0
74021851,Stavropol,4,3,44.8632577,43.4406913,3.96831955922865,2.8788826296529124,122.8870523415978,74.34278867242672,5.3295189658826025,221.40943733734187,9,9.0_-1.0,-1.0
74021948,Stavropol,4,2,44.8632577,43.4406913,4.339622641509434,3.2983890724169322,134.0566037735849,73.59835025307943,0.0,0.0,5,5.0_-1.0,-1.0
74020504,Sterlitamak,0,3,53.632374,55.952259,3.4084605932947167,2.565247985286965,119.19185536247147,76.29044251442306,18.588730911005793,756.1895176617965,8,8.0_-1.0,-1.0
74021125,Sterlitamak,0,3,53.632374,55.952259,3.5987152034261243,2.7010699787366197,120.4882226980728,75.3819926597781,7.794432548179872,327.74738960559944,2,2.0_-1.0,-1.0
74021866,Sterlitamak,0,0,53.632374,55.952259,3.193050193050193,2.439759293026069,117.6010296010296,77.2407470215139,13.063063063063064,320.1635696317478,1,1.0_-1.0,-1.0
74020657,Stupino,0,0,54.886598,38.0772589,3.1676234213547647,2.4493788598132573,117.31251435132032,75.80998183538532,11.29735935706085,447.42004516119124,1,1.0_0.0,0.0
74221448,Stupino,4,4,54.886598,38.0772589,3.75,2.7728467763803724,124.22625698324022,75.47973146580834,4.050279329608938,153.26976254868998,2,2.0_0.0,0.0
74020487,Surgut,0,3,61.254032,73.3964,3.1783505154639173,2.344909811390398,122.58969072164949,76.8353868591475,0.0,0.0,1,1.0_-1.0,-1.0
74020597,Surgut,0,2,61.254032,73.3964,3.6408504176157934,2.86022293457999,125.50037965072134,72.90653533046967,17.691723614274867,439.4587898576245,2,2.0_-1.0,-1.0
74020704,Surgut,0,2,61.254032,73.3964,3.8702990820254666,2.9525869750707736,122.65442700621854,74.7441721251989,49.74829730530056,826.8169504584283,9,9.0_-1.0,-1.0
74020411,Surgut,0,0,61.254032,73.3964,3.7851108764519537,3.057631465770179,123.9376979936642,72.99555476720116,24.947201689545935,630.7691201847949,9,9.0_-1.0,-1.0
74013352,Surgut,0,3,61.254032,73.3964,3.49198250728863,2.621723072418353,123.20991253644316,74.93514777941621,32.21574344023323,599.6572505893904,8,8.0_-1.0,-1.0
74020416,Surgut,0,0,61.254032,73.3964,3.9836108908273857,2.9854655795028697,124.49484536082474,74.77223948314891,22.918318794607455,536.4904910636534,9,9.0_-1.0,-1.0
74321844,Surgut,5,3,61.254032,73.3964,3.565042139978014,2.58014533196756,125.12861854159033,74.24168904702853,20.703554415536825,528.9563429505548,2,2.0_-1.0,-1.0
74321877,Surgut,5,2,61.254032,73.3964,4.225065274151436,2.982883675111723,126.37075718015666,73.30389630419536,17.33681462140992,385.19113967334056,5,5.0_-1.0,-1.0
74021859,Suzdal,5,3,56.4193908,40.4487893,3.3324275362318843,2.6439240581818924,118.90942028985508,74.08716169664935,10.929951690821255,332.23310934579195,8,8.0_-1.0,-1.0
74021521,Sverdlovskiy,0,3,55.9016773,38.1397082,3.4314830875975715,2.5129317882901017,122.69557675628795,76.39717060689344,10.060711188204683,241.40459507874718,8,8.0_0.0,0.0
74021481,Syktyvkar,5,0,61.6685237,50.8352024,2.957124842370744,2.1751457739754243,104.63656998738966,77.848635276851,2.1185372005044134,133.40057152889966,7,7.0_-1.0,-1.0
74321839,Syzran,4,3,53.15538,48.474121,3.0678970152654363,2.345293716867864,121.42082478924584,73.28025233370013,0.0,0.0,4,4.0_-1.0,-1.0
74321840,Syzran,4,4,53.15538,48.474121,3.6714542190305206,2.77786679520183,124.08617594254937,76.12968603774846,3.770197486535009,154.1176309354989,2,2.0_-1.0,-1.0
74021163,Taganrog,4,3,47.2153657,38.9285216,3.8190476190476192,2.7937227705998438,120.6,72.34010101456269,0.0,0.0,9,9.0_3.0,3.0
74021513,Taldom,0,3,56.730941,37.528016,4.382955771305286,3.1855930243909367,125.51887810140238,72.94535825657849,46.601941747572816,802.6325449953061,5,5.0_-1.0,-1.0
74021738,Taman,7,2,45.2158646,36.7191326,4.425682031984948,3.1248346976367656,122.2859830667921,73.14337289684723,8.278457196613358,269.8446604586464,5,5.0_-1.0,-1.0
74021823,Taman,7,2,45.2158646,36.7191326,4.209236031927024,3.0480287717148964,122.9144811858609,73.12082059934393,5.017103762827822,210.12023489632037,5,5.0_-1.0,-1.0
74021556,Tambov,0,0,52.7311185,41.4341991460869,3.2535211267605635,2.379156053807221,126.66777133388567,73.63502942978374,5.219552609776305,181.33720368857257,1,1.0_-1.0,-1.0
74021618,Tambov,0,3,52.7311185,41.4341991460869,3.13413715146948,2.344584841860543,119.32579753830696,75.46737196500703,6.882692790756091,259.8469854232507,4,4.0_-1.0,-1.0
74021714,Tambov,0,3,52.7311185,41.4341991460869,3.0164660056657224,2.292551851101721,118.31090651558074,76.32578859489314,2.673512747875354,143.99596508075257,4,4.0_-1.0,-1.0
74021107,Temryuk,7,3,45.2751663,37.3905481,3.6875,2.752882185935152,121.0409090909091,73.80952519811957,0.0,0.0,2,2.0_-1.0,-1.0
74021847,Tikhoretsk,7,2,45.854679,40.128124,4.448398576512456,3.163404327668138,122.25266903914591,72.97617587106397,28.380782918149468,559.5110818093577,5,5.0_-1.0,-1.0
74021594,Tikhvin,4,3,59.644323,33.5418624,3.5592958616429895,2.6479172803470004,125.90611488573194,75.69118326225843,3.736874613959234,150.46502299210027,2,2.0_-1.0,-1.0
74221033,Tobolsk,9,0,58.1998048,68.2512924,3.1004424778761064,2.415843341688628,120.31327433628319,72.91859724788554,0.0,0.0,4,4.0_-1.0,-1.0
74221144,Tobolsk,9,3,58.1998048,68.2512924,3.15943661971831,2.2360527808351915,123.64169014084507,74.69965459250731,7.211267605633803,303.81610449762644,1,1.0_-1.0,-1.0
74216249,Tolyatti,4,0,53.5149884,49.4073316,3.4850562105840415,2.5796651717037187,122.32410200164519,76.2951167952467,3.180696462846175,135.80493246611428,8,8.0_-1.0,-1.0
74220540,Tolyatti,4,4,53.5149884,49.4073316,3.3175257731958765,2.377266353750146,124.4041237113402,74.59890397455935,7.525773195876289,234.3888741597963,1,1.0_6.0,6.0
74221123,Tolyatti,4,2,53.5149884,49.4073316,3.901840490797546,2.785943352956655,125.09274630097438,74.53275674648891,9.779862865391555,366.98840995104,9,9.0_-1.0,-1.0
74321864,Tolyatti,4,1,53.5149884,49.4073316,2.976467477525119,2.185820574908092,119.97250132205183,76.59828876598458,3.860391327340032,171.35800168430413,4,4.0_-1.0,-1.0
74220534,Tomsk,9,0,58.6124279,82.0475315,3.434213137527287,2.439987995104594,124.36832704901767,73.96608289088266,7.283191109347093,234.99964393403647,8,8.0_-1.0,-1.0
74220537,Tomsk,9,1,58.6124279,82.0475315,2.9006261911244215,2.0341354162635916,120.6163898720392,72.62965823147516,9.17506125782739,268.1610726937587,7,7.0_-1.0,-1.0
74220650,Tomsk,9,3,58.6124279,82.0475315,2.893649193548387,2.127823526952987,119.375,73.82022938666795,1.965725806451613,123.82512382518571,7,7.0_-1.0,-1.0
74220903,Tomsk,9,3,58.6124279,82.0475315,3.369491525423729,2.266857597080053,121.1924670433145,74.98500546873554,10.188323917137476,286.1724508553733,8,8.0_-1.0,-1.0
74221564,Tomsk,9,0,58.6124279,82.0475315,3.4473580441640377,2.4744780716414674,120.09148264984228,73.16033716668086,5.027602523659306,219.5178543359142,8,8.0_-1.0,-1.0
74321815,Tomsk,9,0,58.6124279,82.0475315,3.171356783919598,2.415925648510268,123.18994974874371,72.99302022887811,8.982412060301508,305.691654373197,1,1.0_-1.0,-1.0
74321879,Tomsk,9,3,58.6124279,82.0475315,2.956705648171187,2.0231651706695377,123.22965911918388,73.39006946329329,11.246578750933068,329.9138063522292,7,7.0_-1.0,-1.0
74221227,Troitsk,4,3,54.0847722,61.5514047,4.146228597871356,3.018292361452131,125.10134197130958,73.30470023744712,14.437760296159185,337.4122258144414,5,5.0_-1.0,-1.0
74321782,Troitsk (Chelyabinsk),5,3,54.0847722,61.5514047,3.0991316931982635,2.4382966586845702,116.2315484804631,77.82273306062406,3.545586107091172,186.4047849425905,4,4.0_-1.0,-1.0
74220873,Tuapse,4,0,44.0984747,39.0718875,3.787554691298007,2.8665318020269237,123.05687894992708,75.2737492583826,12.20223626640739,400.5247797058514,9,9.0_2.0,2.0
74021517,Tuchkovo,0,3,55.6014428,36.4662973,3.784217016029593,2.5998239341053324,129.10974106041922,73.47002673158835,0.0,0.0,9,9.0_0.0,0.0
74020814,Tula,0,3,54.1930321,37.61754,3.1772350436925834,2.292525177598626,125.00470535514228,76.37219089547969,5.131077750392113,202.43502995663727,1,1.0_0.0,0.0
74020968,Tula,0,3,54.1930321,37.61754,3.131584605461191,2.298081023748148,125.63405719200172,74.3963884620908,2.816598580950333,136.69926379566672,4,4.0_-1.0,-1.0
74020967,Tula,0,3,54.1930321,37.61754,3.200128562245554,2.318835818861599,120.98907220912793,77.1597982839094,16.284551103492607,399.16929764957536,1,1.0_0.0,0.0
74021246,Tula,0,0,54.1930321,37.61754,3.5609128897460622,2.565427263474423,125.2831886853102,74.04317309895714,3.8894246223079394,153.50454601401174,2,2.0_0.0,0.0
74020695,Tver,0,3,56.858675,35.9208284,2.7690850815850814,1.9928840278366164,124.8974358974359,74.48710809371983,4.472610722610723,189.58480938387615,7,7.0_-1.0,-1.0
74020733,Tver,0,0,56.858675,35.9208284,3.274787535410765,2.43716478702361,118.19490084985836,74.67084645147982,1.7847025495750708,106.0359658904607,1,1.0_-1.0,-1.0
74020734,Tver,0,0,56.858675,35.9208284,3.6063694267515922,2.585285380880431,120.7368152866242,76.09634487216148,7.439490445859873,237.82417485295824,2,2.0_-1.0,-1.0
74021218,Tver,0,3,56.858675,35.9208284,2.953068592057762,2.1437541457545706,124.17328519855596,78.17713587570735,9.97937080969572,362.9486180469467,7,7.0_-1.0,-1.0
74321569,Tyumen,9,0,57.153534,65.542274,3.1696180925965436,2.350532018872025,121.19138041391082,74.41348319615697,4.800512054619159,194.12079417537586,1,1.0_-1.0,-1.0
74216833,Tyumen,9,3,57.153534,65.542274,2.8962800073300348,2.1212898646601706,121.41029869891882,73.2249105556447,14.916620853949055,359.7627178728742,7,7.0_-1.0,-1.0
74220486,Tyumen,9,3,57.153534,65.542274,3.1714031971580816,2.492468524436899,119.97087033747779,72.73728235385016,7.939609236234459,282.4074546027361,1,1.0_-1.0,-1.0
74220635,Tyumen,9,3,57.153534,65.542274,2.8740419008686766,2.0154592065382007,123.14154317833419,73.55366390136109,4.113438937148697,186.19886213931608,7,7.0_-1.0,-1.0
74221145,Tyumen,9,3,57.153534,65.542274,3.2770413573700954,2.3309734504302115,124.18239660657476,73.63683941188621,6.2036055143160125,223.79933075952837,1,1.0_-1.0,-1.0
74221072,Tyumen,9,0,57.153534,65.542274,3.1066666666666665,2.2801944019295504,122.0,70.7770535155839,0.0,0.0,4,4.0_-1.0,-1.0
74221328,Tyumen,9,0,57.153534,65.542274,3.3385771307818737,2.483282374628407,122.18642873914064,73.99118931143944,5.729044376614229,226.5182642291918,8,8.0_-1.0,-1.0
74221413,Tyumen,9,4,57.153534,65.542274,3.2082708377973,2.3765517973056443,123.86372401971288,73.46029676723911,7.563745446753804,235.3021968212741,1,1.0_-1.0,-1.0
74221482,Tyumen,9,3,57.153534,65.542274,3.5352083333333333,2.741485513309285,122.99333333333334,74.7798432784913,2.9375,144.704815006768,2,2.0_-1.0,-1.0
74221502,Tyumen,9,3,57.153534,65.542274,2.81989627534182,2.129081417142336,123.14945780292315,72.27488731189709,6.600660066006601,248.38795590195096,7,7.0_-1.0,-1.0
74321658,Tyumen,9,0,57.153534,65.542274,3.519676293240241,2.585440788170931,121.74357346874008,73.57072071572729,2.0311012377023165,114.00431968928831,8,8.0_-1.0,-1.0
74321721,Tyumen,9,3,57.153534,65.542274,3.1187746020879685,2.508512396767564,121.20622967653603,73.5328231866514,6.794454903303098,236.08855450882896,4,4.0_-1.0,-1.0
74321836,Tyumen,9,0,57.153534,65.542274,2.9994659546061415,2.18581277617666,121.89479305740988,74.3646495858756,10.89452603471295,302.8159786357765,4,4.0_-1.0,-1.0
74020468,Ufa,0,3,54.7261409,55.947499,2.9918235405970717,2.2363506964417326,121.01312036508843,75.5708616731564,7.948279140521012,238.74742950544928,4,4.0_3.0,3.0
74020469,Ufa,0,3,54.7261409,55.947499,3.824408259190868,2.746642465868324,122.77723686419338,74.29566000957949,9.400705052878966,389.9926728051166,9,9.0_-1.0,-1.0
74020503,Ufa,0,3,54.7261409,55.947499,3.1456953642384105,2.367634136020393,116.77846613971374,75.5816579824316,1.5594958342234566,106.69732700415304,4,4.0_3.0,3.0
74020555,Ufa,0,3,54.7261409,55.947499,3.3032739804709936,2.4218677292288393,121.87708213670304,75.20281273619503,5.054566341183228,210.90325697440628,1,1.0_-1.0,-1.0
74020702,Ufa,0,3,54.7261409,55.947499,3.2328284607256075,2.517936389087161,117.25396266290947,76.80698522735199,14.054244452271927,324.6977894080696,1,1.0_-1.0,-1.0
74020896,Ufa,0,2,54.7261409,55.947499,3.569750719079578,2.6806669311154794,121.47459252157239,75.69685580719651,26.821668264621284,532.7825688972342,2,2.0_-1.0,-1.0
74021127,Ufa,0,3,54.7261409,55.947499,2.653296907984602,1.8444882033040444,116.91940891593195,76.91934270851952,5.625232832484788,214.54650035317806,0,0.0_-1.0,-1.0
74021214,Ufa,0,0,54.7261409,55.947499,2.7556727388942153,2.0014148590515903,118.31064237775647,75.40271096396748,9.092361776925536,264.92605576944356,7,7.0_-1.0,-1.0
74021216,Ufa,0,3,54.7261409,55.947499,3.0135248187395427,2.1926999513475542,121.79810373675404,77.00042075399402,5.228667038482989,204.14541049082553,4,4.0_3.0,3.0
74021276,Ufa,0,4,54.7261409,55.947499,3.0108527131782945,2.162255274993135,119.9937984496124,75.16656426790641,0.0,0.0,4,4.0_3.0,3.0
74015173,Ufa,0,3,54.7261409,55.947499,2.5721897559298728,1.975184726087081,117.6947404606394,76.10686398920241,2.939154348573393,160.19571817353474,0,0.0_-1.0,-1.0
74015705,Ufa,0,0,54.7261409,55.947499,2.983135135135135,2.167643294580326,118.59891891891891,76.61029234570695,0.0,0.0,4,4.0_3.0,3.0
74020378,Ufa,0,0,54.7261409,55.947499,3.6072449952335557,2.6200436816446304,124.7461074038767,74.30046699783172,14.823641563393709,393.03222424275117,2,2.0_-1.0,-1.0
74020395,Ufa,0,3,54.7261409,55.947499,2.892713212068402,2.08755317764282,121.72443088988128,74.56505312192385,5.402461605489598,204.02059945131953,7,7.0_-1.0,-1.0
74021787,Ufa,0,2,54.7261409,55.947499,2.97620920173024,2.269290573648912,123.47856861974046,75.5600279889517,24.832874557609124,485.7767772084206,4,4.0_3.0,3.0
74021788,Ufa,0,3,54.7261409,55.947499,3.0008422234699608,2.280338379815935,119.70466030320046,75.7948303326153,31.948343627175745,602.2060629335994,4,4.0_3.0,3.0
74021789,Ufa,0,3,54.7261409,55.947499,3.1625320786997433,2.455848388021157,121.65839749073282,75.03081466266333,12.83147989734816,347.6440893161528,1,1.0_-1.0,-1.0
74021480,Ukhta,5,3,63.5623797,53.6842376,3.551257253384913,2.56012507573338,117.00027631942525,78.54539060805652,1.8789720917380492,113.03543791138556,2,2.0_-1.0,-1.0
74021641,Ulan-Ude,6,0,51.8357841,107.5839105,3.373964840912393,2.4828799012075318,121.41566177538864,74.18039013568907,0.0,0.0,8,8.0_-1.0,-1.0
74021810,Ulan-Ude,6,0,51.8357841,107.5839105,3.451557517782683,2.5378239100981514,122.25852342408633,75.13348852683296,1.5452538631346577,98.66660700433735,8,8.0_-1.0,-1.0
74021833,Ulan-Ude,6,3,51.8357841,107.5839105,3.542837676716062,2.6532412861836896,120.8489184125362,76.10571974313385,2.571963890308295,141.2352196939055,2,2.0_-1.0,-1.0
74021842,Ulan-Ude,6,3,51.8357841,107.5839105,3.16163755073231,2.4707944621486564,116.23080995235574,76.59149193074659,5.9996470795835535,204.08639152665307,1,1.0_-1.0,-1.0
74021360,Ulyanovsk,0,0,54.3150278,48.403373,3.315486275838699,2.488977890906578,123.66113181972213,75.54370860032897,3.9308708912233143,150.9679524838748,1,1.0_-1.0,-1.0
74021361,Ulyanovsk,0,3,54.3150278,48.403373,3.3718866304036643,2.577655286791018,126.69224162610936,74.11358222216664,2.0898940738620095,123.51609910935765,8,8.0_-1.0,-1.0
74021619,Ulyanovsk,0,3,54.3150278,48.403373,2.9907881269191403,2.221424632780005,124.00272944387581,76.05530585607809,6.004776526782668,242.83192401718276,4,4.0_-1.0,-1.0
74021620,Ulyanovsk,0,3,54.3150278,48.403373,3.470059880239521,2.5641255208895055,123.25748502994011,77.79399533573805,18.41317365269461,503.20518058288997,8,8.0_-1.0,-1.0
74021695,Ussuriysk,0,0,43.7972447,131.9520752,4.017214043035108,2.7794920101214977,119.27519818799547,75.23944052528358,3.669309173272933,173.02222893677904,9,9.0_-1.0,-1.0
74021854,Ussuriysk,0,2,43.7972447,131.9520752,3.907303370786517,2.8926829165238734,117.12484394506866,75.38276158253662,8.11485642946317,266.8188973588117,9,9.0_-1.0,-1.0
74021820,Ust-Dzheguta,0,3,44.0858961,41.9722557,5.837927232635061,4.506455426524859,125.7728776185226,70.9100510097451,0.0,0.0,6,6.0_-1.0,-1.0
74020616,Velikiy Novgorod,9,3,58.5209862,31.2757862,3.3147310206133738,2.4699326819581726,123.01860231271996,74.11474128941217,3.1925590749120163,142.36892166695887,1,1.0_-1.0,-1.0
74020664,Velikiy Novgorod,9,2,58.5209862,31.2757862,3.6743102830526695,2.7253586819475695,125.1293443210319,73.06592571513308,7.022572554639914,262.2909528267066,2,2.0_-1.0,-1.0
74221297,Vidnoye,4,0,55.5571496,37.7087142,3.27089072543618,2.571903458726084,120.94398530762167,76.60699497742101,0.0,0.0,1,1.0_0.0,0.0
74321677,Vidnoye,4,0,55.5571496,37.7087142,3.351815181518152,2.4154777374875067,127.08382838283828,73.96479023192343,0.0,0.0,8,8.0_0.0,0.0
74021234,Vladimir,4,3,56.1288899,40.4075203,2.869322278298486,2.2100879326102736,116.96971881759193,75.35207059858428,4.722422494592646,177.992466935192,7,7.0_-1.0,-1.0
74021410,Vladimir,4,3,56.1288899,40.4075203,3.164643237486688,2.48247932858158,119.25367412140575,76.74957322781812,1.34185303514377,91.9438639682157,1,1.0_-1.0,-1.0
74021553,Vladimir,4,3,56.1288899,40.4075203,3.0600359888761655,2.2935348609494612,120.918043513823,75.52630338656606,11.614591853427122,289.95942236717116,4,4.0_-1.0,-1.0
74021826,Vladimir,4,2,56.1288899,40.4075203,3.5028248587570623,2.7197431359802002,123.37198929527207,73.30891350946365,24.264049955396967,581.951437635056,8,8.0_-1.0,-1.0
74021888,Vladimir,4,3,56.1288899,40.4075203,2.835294117647059,2.04857769779657,121.09117647058824,75.4718329504869,13.394607843137255,389.7079477193087,7,7.0_-1.0,-1.0
74020960,Vladivostok,0,3,43.1150678,131.8855768,3.291095264216493,2.422484303572417,117.40793563722801,75.38583380501413,3.455842018650576,147.5257311975466,1,1.0_-1.0,-1.0
74020961,Vladivostok,0,3,43.1150678,131.8855768,4.164357381748686,3.1983101612435276,118.77878643096034,74.53072620228346,9.937888198757763,454.6515968674932,5,5.0_-1.0,-1.0
74021238,Vladivostok,0,3,43.1150678,131.8855768,3.1000558191459673,2.316519153344498,114.99413898967346,75.10903704916771,11.415015350265142,347.9069610659991,4,4.0_-1.0,-1.0
74021241,Vladivostok,0,3,43.1150678,131.8855768,3.1298070939639078,2.2246164830177455,116.42663347853143,75.68159910882478,4.965774735532047,275.99411047192996,4,4.0_-1.0,-1.0
74021368,Vladivostok,0,0,43.1150678,131.8855768,3.2962077212162626,2.337681904707886,117.79751736704247,75.08234809936191,2.6648445507345406,146.7016414318721,1,1.0_-1.0,-1.0
74021559,Vladivostok,0,3,43.1150678,131.8855768,2.6936427650500843,1.8299743278502918,117.97758603590201,75.3537757710666,17.266686502033124,397.6877063618031,0,0.0_-1.0,-1.0
74021756,Vladivostok,0,2,43.1150678,131.8855768,3.574679113185531,2.674507917930061,116.41423570595099,75.72370173026266,16.29229871645274,493.5603027624157,2,2.0_-1.0,-1.0
74021815,Vladivostok,0,3,43.1150678,131.8855768,3.1080161598979377,2.1211262282409833,121.59557729109079,74.6380843702017,9.759727833297895,418.9579212641436,4,4.0_-1.0,-1.0
74021897,Vladivostok,0,3,43.1150678,131.8855768,3.1099726775956285,2.2754861484380395,113.41165755919855,77.1205548932914,13.797814207650273,364.26703076375003,4,4.0_-1.0,-1.0
74021922,Vladivostok,0,0,43.1150678,131.8855768,2.78213356461405,1.8895765692047113,117.6457935819601,74.75888690415024,9.76582827406765,419.3821220646562,7,7.0_-1.0,-1.0
74021921,Vladivostok,0,0,43.1150678,131.8855768,3.3442571785268416,2.3860404416311245,116.09737827715355,74.31394958356874,9.675405742821473,331.0076303255577,8,8.0_-1.0,-1.0
74021960,Vladivostok,0,3,43.1150678,131.8855768,3.2305223227312516,2.3437691343475686,117.93872191421067,75.52807500726436,0.0,0.0,1,1.0_-1.0,-1.0
74220438,Volgograd,4,0,48.6484138,44.38497559012991,3.6996891996891996,2.8393205281452016,125.11421911421911,74.06895984228697,2.253302253302253,114.32039655788934,2,2.0_-1.0,-1.0
74220447,Volgograd,4,2,48.6484138,44.38497559012991,4.02340862422998,2.8392762473993964,121.70677618069816,74.98038811836093,7.84394250513347,281.13821119773246,9,9.0_-1.0,-1.0
74220530,Volgograd,4,0,48.6484138,44.38497559012991,3.1760644418872266,2.4141583545194396,122.08055235903338,76.74309307432296,2.2247794399693133,113.59454543164486,1,1.0_-1.0,-1.0
74220536,Volgograd,4,2,48.6484138,44.38497559012991,3.688997005988024,2.780942560448467,120.6437125748503,75.0054055567815,2.1706586826347305,112.20436871744954,2,2.0_-1.0,-1.0
74220553,Volgograd,4,3,48.6484138,44.38497559012991,3.8235565819861432,2.7876641563128195,124.81478060046189,75.92374666884612,6.97459584295612,235.50853813710555,9,9.0_-1.0,-1.0
74221288,Volgograd,4,0,48.6484138,44.38497559012991,3.5814307458143073,2.690872913869687,124.4855403348554,75.62841777654478,6.69710806697108,256.445002231283,2,2.0_-1.0,-1.0
74321712,Volgograd,4,2,48.6484138,44.38497559012991,3.893905191873589,2.807984396442097,126.37020316027088,73.677374071883,0.0,0.0,9,9.0_-1.0,-1.0
74321843,Volgograd,4,3,48.6484138,44.38497559012991,3.375,2.4301528244893764,121.41633466135458,77.9732938330966,0.0,0.0,8,8.0_-1.0,-1.0
74020644,Vologda,4,4,60.0391461,43.1215213,3.8952954675846243,2.686422786451575,121.47102696500286,76.20467902827892,15.49053356282272,439.7284642731194,9,9.0_-1.0,-1.0
74321902,Voronezh,0,0,51.67993115,39.18375597402426,3.688013698630137,2.854876313697885,125.96301369863014,73.70311640696394,1.9863013698630136,107.3338154786525,2,2.0_-1.0,-1.0
74321903,Voronezh,0,3,51.67993115,39.18375597402426,3.014479068303431,2.156892031993189,122.14416115832546,75.10637706616029,3.6512433112999685,145.5010079617344,4,4.0_4.0,4.0
74321904,Voronezh,0,3,51.67993115,39.18375597402426,3.06401766004415,2.1923226832943485,124.91390728476821,74.88349427173684,11.092715231788079,356.25171396178985,4,4.0_4.0,4.0
74321905,Voronezh,0,3,51.67993115,39.18375597402426,3.1788807461692206,2.329915058189087,124.36242504996669,74.54187456385871,3.2644903397734844,178.86309102154124,1,1.0_-1.0,-1.0
74321906,Voronezh,0,0,51.67993115,39.18375597402426,2.8945028294260307,2.128263317039495,122.16006467259498,76.05393359026891,3.556992724333064,176.92240099583478,7,7.0_-1.0,-1.0
74321907,Voronezh,0,2,51.67993115,39.18375597402426,4.221927263074064,3.032680416175919,125.89965489779665,73.0210651874713,10.67162198035572,342.715329893053,5,5.0_-1.0,-1.0
74321908,Voronezh,0,3,51.67993115,39.18375597402426,2.986863711001642,2.316985398431341,124.69885057471264,74.01647907125448,18.555008210180624,551.0716003249186,4,4.0_4.0,4.0
74321909,Voronezh,0,2,51.67993115,39.18375597402426,3.102212855637513,2.253319958593524,125.25100105374078,73.9420464605165,4.615384615384615,186.08242831021687,4,4.0_4.0,4.0
74321914,Voronezh,0,3,51.67993115,39.18375597402426,3.0552754435107374,2.160260090523283,125.36844070961718,75.54176888935773,2.9131652661064424,155.6041611064795,4,4.0_4.0,4.0
74321915,Voronezh,0,0,51.67993115,39.18375597402426,3.261467889908257,2.3887747843243257,123.74635725849973,76.04184084388397,8.823529411764707,274.2780835125919,1,1.0_-1.0,-1.0
74220603,Voskresensk,4,4,55.322518,38.6816824,3.7156731413261888,2.880513081098666,124.8881446751507,76.19049704066562,4.8894842598794375,192.84401793383742,2,2.0_0.0,0.0
74321793,Voskresensk,4,3,55.322518,38.6816824,2.950663026521061,2.3063805014139502,116.11622464898596,76.45160947808996,8.560842433697347,287.4645792809378,7,7.0_2.0,2.0
74021736,Votkinsk,0,2,57.052505,53.990612,3.5467353020861556,2.722220526759671,117.52045516120293,76.1304742348177,4.849634245461934,170.1929333597149,2,2.0_-1.0,-1.0
74021465,Vyborg,9,3,60.709217,28.744051,2.9854267869535045,2.2312663200481935,122.21235253296322,72.87126226089345,2.3317140874392783,197.92118802437466,4,4.0_-1.0,-1.0
74021437,Yakutsk,8,0,62.0274078,129.7319787,3.145673857573649,2.117243141240152,122.46996056599397,72.12935637463663,18.00046392948272,453.4690119284533,4,4.0_-1.0,-1.0
74021635,Yakutsk,8,2,62.0274078,129.7319787,4.046575342465753,2.7494279128788826,123.88383561643836,73.5816925782533,17.534246575342465,497.20451968806543,9,9.0_-1.0,-1.0
74021809,Yakutsk,8,3,62.0274078,129.7319787,3.6395525218050815,2.4121896863360086,122.6962457337884,71.87744192461709,13.613955252180508,408.30151907439,2,2.0_-1.0,-1.0
74021910,Yakutsk,8,0,62.0274078,129.7319787,3.4208062418725618,2.3899903724488274,117.12561768530558,71.64967147983347,20.85825747724317,671.457476311703,8,8.0_-1.0,-1.0
74021790,Yaroslavl,4,3,57.6263877,39.8933705,2.816387816387816,2.0507834919559915,120.15787215787216,76.05038445232782,6.370656370656371,219.96508056324296,7,7.0_-1.0,-1.0
74021791,Yaroslavl,4,0,57.6263877,39.8933705,2.7645833333333334,2.0388982977209484,121.43958333333333,76.61519656263124,8.940972222222221,317.34856680747555,7,7.0_-1.0,-1.0
74021793,Yaroslavl,4,0,57.6263877,39.8933705,3.1190198366394397,2.3321655557347225,123.4434072345391,75.87001081646673,16.715285880980165,448.75479051831496,4,4.0_-1.0,-1.0
74021794,Yaroslavl,4,0,57.6263877,39.8933705,3.1868131868131866,2.5686264505542087,121.29839391377853,77.00200037088399,9.636517328825022,290.4581922014844,1,1.0_-1.0,-1.0
74021795,Yaroslavl,4,3,57.6263877,39.8933705,3.1540990343127184,2.2928087565909925,125.48921306759812,76.13545776601639,17.813848366550236,444.90205892520413,1,1.0_-1.0,-1.0
74021825,Yaroslavl,4,4,57.6263877,39.8933705,3.5293166194904972,2.5776080631664215,124.25879498584715,74.90065256954351,11.403154063890012,287.08615286147995,2,2.0_-1.0,-1.0
74021844,Yaroslavl,4,3,57.6263877,39.8933705,2.7620041753653446,2.1143290415327916,114.77745302713987,78.03171791534503,6.555323590814196,277.81256453707925,7,7.0_-1.0,-1.0
74021926,Yaroslavl,4,4,57.6263877,39.8933705,2.6762445095168377,1.9160619840908433,125.00878477306003,76.29522461692271,5.069546120058565,192.70494441443603,0,0.0_-1.0,-1.0
74021945,Yaroslavl,4,3,57.6263877,39.8933705,3.341695326724661,2.34990018443408,122.94315193202509,75.4650052845737,8.861015577584462,266.44681800067224,8,8.0_-1.0,-1.0
74321834,Yegoryevsk,4,3,55.3829765,39.0356223,3.301558535701341,2.935560233798124,120.7901413555636,75.05628898540029,8.952519028633564,235.1375268974998,1,1.0_0.0,0.0
74021592,Yoshkar-Ola,4,3,56.6326996,47.8975847,3.4012291483757684,2.442483261778502,121.46678372841674,77.28882326307883,0.0,0.0,8,8.0_-1.0,-1.0
74021568,Yudino,0,3,55.6685791,95.5043234,3.4325358851674643,2.7066849590119078,127.13492822966508,74.73428008515492,5.55023923444976,179.41958521802636,8,8.0_-1.0,-1.0
74021942,Yurga,0,3,55.7136,84.934799,3.5525801952580194,2.7179719039060015,122.35090655509066,77.02222139851047,12.97071129707113,351.91078459434476,2,2.0_-1.0,-1.0
74021875,Zarechniy,0,3,51.1423214,94.5103893,2.9411357340720223,2.129509057028599,118.89196675900277,78.94132877559476,4.085872576177286,219.5752636316119,7,7.0_-1.0,-1.0
74020661,Zelenodolsk,9,3,55.8586627,48.55746590061055,3.1371908539430704,2.2052939263786695,118.95660289314046,75.26819248548644,17.848810079328043,399.7970798095641,4,4.0_-1.0,-1.0
74022000,Zelenokumsk,4,2,44.403175,43.884163,5.4,3.900486264999309,125.28648648648648,72.36126839765498,0.0,0.0,3,3.0_-1.0,-1.0
74321795,Zhukovsky,4,0,55.5691727,38.116801910954834,3.411558669001751,2.6198014919513017,120.16112084063047,73.69032720695799,5.604203152364273,207.0422250298044,8,8.0_0.0,0.0
74321853,Zhukovsky,4,3,55.5691727,38.116801910954834,3.6634591660498397,2.8078017763060883,125.06883789785344,74.92837282928048,6.7604243770046875,257.52963216733417,2,2.0_0.0,0.0
74321894,Zlatoust,0,4,55.03463945,59.529269431190286,3.2964824120603016,2.356111955295805,118.75125628140704,75.73454873079118,27.261306532663315,667.7150636463817,1,1.0_-1.0,-1.0
